id,symbol,company,isin,sector,industry,series,listing_date,market_cap,revenue_growth,pat_growth,roce,ai_score
8416,ARROWHEAD, Arrowhead Seperation Engineering Limited,INE0PP401015,Unknown,Unknown,EQ,,Unknown,0.0,0.0,0.0,0.0
9300,MAXIND-RE, Max India Limited,INE0CG620016,Unknown,Unknown,EQ,,Unknown,0.0,0.0,0.0,0.0
12,20MICRONS,20 Microns Limited,INE144J01027,Unknown,Unknown,EQ,2008-10-06,Unknown,0.0,0.0,0.0,0.0
13,21STCENMGM,21st Century Management Services Limited,INE253B01015,Unknown,Unknown,EQ,1995-05-03,Unknown,0.0,0.0,0.0,0.0
8764,MSCI360,360 ONE Mutual Fund,INF579M01BP5,Unknown,Unknown,EQ,,Unknown,0.0,0.0,0.0,0.0
14,360ONE,360 ONE WAM LIMITED,INE466L01038,Unknown,Unknown,EQ,2019-09-19,Unknown,0.0,0.0,0.0,0.0
15,3BBLACKBIO,3B Blackbio Dx Limited,INE994E01018,Unknown,Unknown,EQ,2026-04-20,Unknown,0.0,0.0,0.0,0.0
8569,3BFILMS,3B FILMS LIMITED,INE0TE101010,Unknown,Unknown,EQ,,Unknown,0.0,0.0,0.0,0.0
8472,3CIT,3C IT Solutions and Telecoms (India) Limited,INE0R7D01018,Unknown,Unknown,EQ,,Unknown,0.0,0.0,0.0,0.0
9364,3IINFO-RE,3i Infotech limited,INE748C20012,Unknown,Unknown,EQ,,Unknown,0.0,0.0,0.0,0.0
16,3IINFOLTD,3i Infotech Limited,INE748C01038,Unknown,Unknown,BE,2021-10-22,Unknown,0.0,0.0,0.0,0.0
17,3MINDIA,3M India Limited,INE470A01017,Unknown,Unknown,EQ,2004-08-13,Unknown,0.0,0.0,0.0,0.0
18,3PLAND,3P Land Holdings Limited,INE105C01023,Unknown,Unknown,EQ,1995-07-19,Unknown,0.0,0.0,0.0,0.0
9427,5PAISA-RE,5paisa Capital Limited,INE618L20018,Unknown,Unknown,EQ,,Unknown,0.0,0.0,0.0,0.0
19,5PAISA,5Paisa Capital Limited,INE618L01018,Unknown,Unknown,EQ,2017-11-16,Unknown,0.0,0.0,0.0,0.0
20,63MOONS,63 moons technologies limited,INE111B01023,Unknown,Unknown,EQ,2005-06-20,Unknown,0.0,0.0,0.0,0.0
7838,7NR,7NR Retail Limited,INE413X01035,Unknown,Unknown,EQ,,Unknown,0.0,0.0,0.0,0.0
9052,7NR-RE,7NR Retail Limited,INE413X20019,Unknown,Unknown,EQ,,Unknown,0.0,0.0,0.0,0.0
9325,7NR-RE1,7NR Retail Limited,INE413X20027,Unknown,Unknown,EQ,,Unknown,0.0,0.0,0.0,0.0
7936,7SEASL,7SEAS ENTERTAINMENT LIMITED,INE454F01010,Unknown,Unknown,EQ,,Unknown,0.0,0.0,0.0,0.0
8891,7SEAS,7SEAS TECHNOLOGIES LIMITED,INF454F01010,Unknown,Unknown,EQ,,Unknown,0.0,0.0,0.0,0.0
8055,A1L,A-1 LIMITED,INE911Z01025,Unknown,Unknown,EQ,,Unknown,0.0,0.0,0.0,0.0
7870,AMFL,A & M Febcon Limited,INE319X01018,Unknown,Unknown,EQ,,Unknown,0.0,0.0,0.0,0.0
41,ABCOTS,A B Cotspin India Limited,INE08PH01015,Unknown,Unknown,EQ,2025-09-24,Unknown,0.0,0.0,0.0,0.0
44,ABINFRA,A B Infrabuild Limited,INE00YB01025,Unknown,Unknown,BE,2024-11-08,Unknown,0.0,0.0,0.0,0.0
9287,ABIN-RE1,A B INFRABUILD LIMITED,INE00YB20025,Unknown,Unknown,EQ,,Unknown,0.0,0.0,0.0,0.0
9098,AFEL-RE,A.F. Enterprises Limited,INE663P20015,Unknown,Unknown,EQ,,Unknown,0.0,0.0,0.0,0.0
9212,AFEL-RE1,A.F. Enterprises Limited,INE663P20023,Unknown,Unknown,EQ,,Unknown,0.0,0.0,0.0,0.0
7222,AFEL,A.F. Enterprises Limited,INE663P01015,Unknown,Unknown,EQ,,Unknown,0.0,0.0,0.0,0.0
9613,AFELPP,A.F. Enterprises Limited,IN9663P01013,Unknown,Unknown,EQ,,Unknown,0.0,0.0,0.0,0.0
3856,AJBRO,A.J.Brothers Ltd.,INE939C01017,Unknown,Unknown,EQ,,Unknown,0.0,0.0,0.0,0.0
21,A2ZINFRA,A2Z Infra Engineering Limited,INE619I01012,Unknown,Unknown,EQ,2010-12-23,Unknown,0.0,0.0,0.0,0.0
9171,ATRADE-RE,AA Plus Tradelink Limited,INE0C5920014,Unknown,Unknown,EQ,,Unknown,0.0,0.0,0.0,0.0
8231,AAPLUSTRAD,AA Plus Tradelink Limited,INE0C5901022,Unknown,Unknown,EQ,,Unknown,0.0,0.0,0.0,0.0
22,AAATECH,AAA Technologies Limited,INE0D0U01013,Unknown,Unknown,EQ,2022-11-28,Unknown,0.0,0.0,0.0,0.0
6336,AADHAARVEN,Aadhaar Ventures India Limited,INE063D01030,Unknown,Unknown,EQ,,Unknown,0.0,0.0,0.0,0.0
23,AADHARHFC,Aadhar Housing Finance Limited,INE883F01010,Unknown,Unknown,EQ,2024-05-15,Unknown,0.0,0.0,0.0,0.0
5082,AADIIND,Aadi Industries Ltd,INE563D01013,Unknown,Unknown,EQ,,Unknown,0.0,0.0,0.0,0.0
6486,AAGAMCAP,Aagam Capital Limited,INE817D01013,Unknown,Unknown,EQ,,Unknown,0.0,0.0,0.0,0.0
4560,AAKARENG,Aakar Engineering &Manufacturing Co,INE814B01014,Unknown,Unknown,EQ,,Unknown,0.0,0.0,0.0,0.0
24,AAKASH,Aakash Exploration Services Limited,INE087Z01024,Unknown,Unknown,EQ,2020-09-29,Unknown,0.0,0.0,0.0,0.0
7446,AANANDALAK,Aananda Lakshmi Spinning Mills Limited,INE197R01010,Unknown,Unknown,EQ,,Unknown,0.0,0.0,0.0,0.0
7344,AANCHALISP,Aanchal Ispat Limited,INE322R01022,Unknown,Unknown,EQ,,Unknown,0.0,0.0,0.0,0.0
7626,AARCOM,AAR COMMERCIAL COMPANY LIMITED,INE184K01013,Unknown,Unknown,EQ,,Unknown,0.0,0.0,0.0,0.0
8081,AARSHYAM,Aar Shyam India Investment Company Limited,INE512R01010,Unknown,Unknown,EQ,,Unknown,0.0,0.0,0.0,0.0
6581,AARCON,AARCON FACILITIES LIMITED,INE056J01015,Unknown,Unknown,EQ,,Unknown,0.0,0.0,0.0,0.0
25,AAREYDRUGS,Aarey Drugs & Pharmaceuticals Limited,INE198H01019,Unknown,Unknown,EQ,2021-08-06,Unknown,0.0,0.0,0.0,0.0
26,AARNAV,Aarnav Fashions Limited,INE750R01016,Unknown,Unknown,BE,2026-02-25,Unknown,0.0,0.0,0.0,0.0
27,AARON,Aaron Industries Limited,INE721Z01010,Unknown,Unknown,EQ,2020-11-06,Unknown,0.0,0.0,0.0,0.0
28,AARTECH,Aartech Solonics Limited,INE01C001026,Unknown,Unknown,BE,2023-07-10,Unknown,0.0,0.0,0.0,0.0
29,AARTIDRUGS,Aarti Drugs Limited,INE767A01016,Unknown,Unknown,EQ,2003-09-19,Unknown,0.0,0.0,0.0,0.0
30,AARTIIND,Aarti Industries Limited,INE769A01020,Unknown,Unknown,EQ,1995-02-08,Unknown,0.0,0.0,0.0,0.0
31,AARTIPHARM,Aarti Pharmalabs Limited,INE0LRU01027,Unknown,Unknown,EQ,2023-01-30,Unknown,0.0,0.0,0.0,0.0
32,AARTISURF,Aarti Surfactants Limited,INE09EO01013,Unknown,Unknown,BE,2020-07-14,Unknown,0.0,0.0,0.0,0.0
9080,AARTI-RE,Aarti Surfactants Limited,INE09EO20013,Unknown,Unknown,EQ,,Unknown,0.0,0.0,0.0,0.0
9585,AARTIPP,Aarti Surfactants Limited,IN909EO01012,Unknown,Unknown,EQ,,Unknown,0.0,0.0,0.0,0.0
33,AARVI,Aarvi Encon Limited,INE754X01016,Unknown,Unknown,EQ,2020-06-24,Unknown,0.0,0.0,0.0,0.0
6410,AARYAGLOBL,Aarya Global Shares and Securities Ltd.,INE233H01030,Unknown,Unknown,EQ,,Unknown,0.0,0.0,0.0,0.0
6275,AASHEESH,Aasheesh Securities Ltd.,INE174C01011,Unknown,Unknown,EQ,,Unknown,0.0,0.0,0.0,0.0
8235,AASHKA,Aashka Hospitals Limited,INE0EAX01014,Unknown,Unknown,EQ,,Unknown,0.0,0.0,0.0,0.0
3885,AASTAFIN,Aastamangalam Finance Limited,INE819K01014,Unknown,Unknown,EQ,,Unknown,0.0,0.0,0.0,0.0
9262,AASTA-RE,Aastamangalam Finance Limited,INE819K20014,Unknown,Unknown,EQ,,Unknown,0.0,0.0,0.0,0.0
34,AASTHA,Aastha Spintex Limited,INE2FMX01012,Unknown,Unknown,EQ,2026-07-06,Unknown,0.0,0.0,0.0,0.0
35,AAVAS,Aavas Financiers Limited,INE216P01012,Unknown,Unknown,EQ,2018-10-08,Unknown,0.0,0.0,0.0,0.0
7879,AAYUSHBULL,AAYUSH ART AND BULLION LIMITED,INE777X01017,Unknown,Unknown,EQ,,Unknown,0.0,0.0,0.0,0.0
7602,AAYUSH,AAYUSH WELLNESS LIMITED,INE430R01023,Unknown,Unknown,EQ,,Unknown,0.0,0.0,0.0,0.0
3671,ABACUS,Abacus Computers Ltd,INE192D01011,Unknown,Unknown,EQ,,Unknown,0.0,0.0,0.0,0.0
9505,ABANOFFSHPP,Aban  Offshore Ltd.,IN9421A01026,Unknown,Unknown,EQ,,Unknown,0.0,0.0,0.0,0.0
36,ABAN,Aban Offshore Limited,INE421A01028,Unknown,Unknown,BE,1995-03-29,Unknown,0.0,0.0,0.0,0.0
37,ABANSENT,Abans Enterprises Limited,INE365O01028,Unknown,Unknown,EQ,2026-04-20,Unknown,0.0,0.0,0.0,0.0
91,AFSL,Abans Financial Services Limited,INE00ZE01026,Unknown,Unknown,EQ,2022-12-23,Unknown,0.0,0.0,0.0,0.0
6363,ABATEAS,ABATE AS INDUSTRIES LIMITED,INE454E01013,Unknown,Unknown,EQ,,Unknown,0.0,0.0,0.0,0.0
38,ABB,ABB India Limited,INE117A01022,Unknown,Unknown,EQ,1995-02-08,Unknown,0.0,0.0,0.0,0.0
39,ABBOTINDIA,Abbott India Limited,INE358A01014,Unknown,Unknown,EQ,2010-01-08,Unknown,0.0,0.0,0.0,0.0
3442,ABCBEARS,ABC Bearings Ltd.,INE779A01011,Unknown,Unknown,EQ,,Unknown,0.0,0.0,0.0,0.0
4466,ABCINDQ,ABC India Ltd.,INE125D01011,Unknown,Unknown,EQ,,Unknown,0.0,0.0,0.0,0.0
5328,ABEEINF,Abee Info-Consumables Ltd.,INE097B01016,Unknown,Unknown,EQ,,Unknown,0.0,0.0,0.0,0.0
6832,ABGSHIP,ABG Shipyard Ltd.,INE067H01016,Unknown,Unknown,EQ,,Unknown,0.0,0.0,0.0,0.0
6602,ABHICAP,Abhinav Capital Services Limited,INE516F01016,Unknown,Unknown,EQ,,Unknown,0.0,0.0,0.0,0.0
7396,ALFL,Abhinav Leasing & Finance Limited,INE211D01027,Unknown,Unknown,EQ,,Unknown,0.0,0.0,0.0,0.0
6887,ABHISHEK,Abhishek Corporation Ltd,INE004I01017,Unknown,Unknown,EQ,,Unknown,0.0,0.0,0.0,0.0
7389,ABHIFIN,Abhishek Finlease limited,INE723C01015,Unknown,Unknown,EQ,,Unknown,0.0,0.0,0.0,0.0
7604,ABHIINFRA,Abhishek Infraventures Limited,INE281P01016,Unknown,Unknown,EQ,,Unknown,0.0,0.0,0.0,0.0
3882,ABIRAFN,Abirami Financial Services (India),INE195I01013,Unknown,Unknown,EQ,,Unknown,0.0,0.0,0.0,0.0
5065,ABLBIO,ABL Bio-Technologies Ltd.,INE707D01016,Unknown,Unknown,EQ,,Unknown,0.0,0.0,0.0,0.0
46,ABMINTLLTD,ABM International Limited,INE251C01025,Unknown,Unknown,BE,2021-09-09,Unknown,0.0,0.0,0.0,0.0
47,ABMKNO,ABM Knowledgeware Limited,INE850B01026,Unknown,Unknown,EQ,2026-04-20,Unknown,0.0,0.0,0.0,0.0
8572,ABRFL,Abram Food Limited,INE0ZDY01011,Unknown,Unknown,EQ,,Unknown,0.0,0.0,0.0,0.0
8610,ABRIL,ABRIL PAPER TECH LIMITED,INE15MX01014,Unknown,Unknown,EQ,,Unknown,0.0,0.0,0.0,0.0
50,ACC,ACC Limited,INE012A01025,Unknown,Unknown,EQ,1996-11-20,Unknown,0.0,0.0,0.0,0.0
6290,ACCEDERE,ACCEDERE LIMITED,INE578B01015,Unknown,Unknown,EQ,,Unknown,0.0,0.0,0.0,0.0
4340,ACCEL,ACCEL LIMITED,INE258C01038,Unknown,Unknown,EQ,,Unknown,0.0,0.0,0.0,0.0
8386,ACCELERATE,ACCELERATEBS INDIA LIMITED,INE0POP01017,Unknown,Unknown,EQ,,Unknown,0.0,0.0,0.0,0.0
51,ACCELYA,Accelya Solutions India Limited,INE793A01012,Unknown,Unknown,EQ,1999-12-01,Unknown,0.0,0.0,0.0,0.0
6506,ACCENTECH,Accentia Technologies Ltd.,INE122B01012,Unknown,Unknown,EQ,,Unknown,0.0,0.0,0.0,0.0
4915,ACCLAIM,Acclaim Industries Limited,INE051E01017,Unknown,Unknown,EQ,,Unknown,0.0,0.0,0.0,0.0
8740,ACCORDTS,ACCORD TRANSFORMER & SWITCHGEAR LIMITED,INE132201018,Unknown,Unknown,EQ,,Unknown,0.0,0.0,0.0,0.0
8729,ANL,Accretion Nutraveda Limited,INE1KVQ01019,Unknown,Unknown,EQ,,Unknown,0.0,0.0,0.0,0.0
52,ACCURACY,Accuracy Shipping Limited,INE648Z01023,Unknown,Unknown,BE,2020-12-11,Unknown,0.0,0.0,0.0,0.0
6513,ACCUEXPO,Accurate Exports Ltd.,INE062B01010,Unknown,Unknown,EQ,,Unknown,0.0,0.0,0.0,0.0
5232,ACCURATE,Accurate Transformers Ltd.,INE243C01014,Unknown,Unknown,EQ,,Unknown,0.0,0.0,0.0,0.0
8577,ACEALPHA,Ace Alpha Tech Limited,INE0S9X01011,Unknown,Unknown,EQ,,Unknown,0.0,0.0,0.0,0.0
5103,ACEEDU,ACE EDUTREND LIMITED,INE715F01014,Unknown,Unknown,EQ,,Unknown,0.0,0.0,0.0,0.0
5273,ACEENGITEC,ACE ENGITECH LIMITED,INE035401020,Unknown,Unknown,EQ,,Unknown,0.0,0.0,0.0,0.0
54,ACEINTEG,Ace Integrated Solutions Limited,INE543V01017,Unknown,Unknown,EQ,2022-11-04,Unknown,0.0,0.0,0.0,0.0
7629,ACEMEN,ACE MEN ENGG WORKS LIMITED,INE023R01018,Unknown,Unknown,EQ,,Unknown,0.0,0.0,0.0,0.0
6284,ACESOFT,Ace Software Exports ltd.,INE849B01010,Unknown,Unknown,EQ,,Unknown,0.0,0.0,0.0,0.0
9384,ACES-RE1,Ace Software Exports ltd.,INE849B20028,Unknown,Unknown,EQ,,Unknown,0.0,0.0,0.0,0.0
9259,ACES-RE,Ace Software Exports ltd.,INE849B20010,Unknown,Unknown,EQ,,Unknown,0.0,0.0,0.0,0.0
9635,ACESEPP,Ace Software Exports ltd.,IN9849B01026,Unknown,Unknown,EQ,,Unknown,0.0,0.0,0.0,0.0
9615,ASEPP,Ace Software Exports ltd.,IN9849B01018,Unknown,Unknown,EQ,,Unknown,0.0,0.0,0.0,0.0
7126,ATWL,Ace Tours Worldwide Limited,INE926O01019,Unknown,Unknown,EQ,,Unknown,0.0,0.0,0.0,0.0
7609,ACEWIN,ACEWIN AGRITECK LIMITED,INE742R01013,Unknown,Unknown,EQ,,Unknown,0.0,0.0,0.0,0.0
7267,ACHAL,Achal Investments Limited,INE860P01025,Unknown,Unknown,EQ,,Unknown,0.0,0.0,0.0,0.0
8277,ACHYUT,Achyut Healthcare Limited,INE0K1401020,Unknown,Unknown,EQ,,Unknown,0.0,0.0,0.0,0.0
4310,ACIIN,ACI Infocom Ltd.,INE167B01025,Unknown,Unknown,EQ,,Unknown,0.0,0.0,0.0,0.0
5347,ACIL,ACIL Cotton Industries Limited,INE066C01035,Unknown,Unknown,EQ,,Unknown,0.0,0.0,0.0,0.0
5087,ACKNIT,Acknit Industries Ltd,INE326C01017,Unknown,Unknown,EQ,,Unknown,0.0,0.0,0.0,0.0
7549,ACME,Acme Resources Limited,INE636B01011,Unknown,Unknown,EQ,,Unknown,0.0,0.0,0.0,0.0
58,ACMESOLAR,Acme Solar Holdings Limited,INE622W01025,Unknown,Unknown,EQ,2024-11-13,Unknown,0.0,0.0,0.0,0.0
7032,ACROPETAL,Acropetal Technologies Limited,INE055L01013,Unknown,Unknown,EQ,,Unknown,0.0,0.0,0.0,0.0
4049,ACROW,Acrow (India) Ltd.,INE950D01012,Unknown,Unknown,EQ,,Unknown,0.0,0.0,0.0,0.0
59,ACSTECH,ACS Technologies Limited,INE366C01021,Unknown,Unknown,BE,2026-04-20,Unknown,0.0,0.0,0.0,0.0
53,ACE,Action Construction Equipment Limited,INE731H01025,Unknown,Unknown,EQ,2006-09-26,Unknown,0.0,0.0,0.0,0.0
3868,ACTIONFI,Action Financial Services (India) L,INE357A01032,Unknown,Unknown,EQ,,Unknown,0.0,0.0,0.0,0.0
7976,ACTIVE,Active Clothing Co  Limited,INE380Z01015,Unknown,Unknown,EQ,,Unknown,0.0,0.0,0.0,0.0
60,ACUTAAS,Acutaas Chemicals Limited,INE00FF01025,Unknown,Unknown,EQ,2021-09-14,Unknown,0.0,0.0,0.0,0.0
3790,ADMANUM,AD-Manum Finance Ltd,INE556D01017,Unknown,Unknown,EQ,,Unknown,0.0,0.0,0.0,0.0
4890,ADAMCO,Adam Comsof Ltd.,INE272A01017,Unknown,Unknown,EQ,,Unknown,0.0,0.0,0.0,0.0
61,ADANIENSOL,Adani Energy Solutions Limited,INE931S01010,Unknown,Unknown,EQ,2015-07-31,Unknown,0.0,0.0,0.0,0.0
62,ADANIENT,Adani Enterprises Limited,INE423A01024,Unknown,Unknown,EQ,1997-06-04,Unknown,0.0,0.0,0.0,0.0
9382,ADANI-RE,Adani Enterprises Ltd.,INE423A20016,Unknown,Unknown,EQ,,Unknown,0.0,0.0,0.0,0.0
9632,ADANIENPP,Adani Enterprises Ltd.,IN9423A01048,Unknown,Unknown,EQ,,Unknown,0.0,0.0,0.0,0.0
63,ADANIGREEN,Adani Green Energy Limited,INE364U01010,Unknown,Unknown,EQ,2018-06-18,Unknown,0.0,0.0,0.0,0.0
64,ADANIPORTS,Adani Ports and Special Economic Zone Limited,INE742F01042,Unknown,Unknown,EQ,2007-11-27,Unknown,0.0,0.0,0.0,0.0
65,ADANIPOWER,Adani Power Limited,INE814H01029,Unknown,Unknown,EQ,2009-08-20,Unknown,0.0,0.0,0.0,0.0
241,ATGL,Adani Total Gas Limited,INE399L01023,Unknown,Unknown,EQ,2018-11-05,Unknown,0.0,0.0,0.0,0.0
5009,ADARSHPL,Adarsh Plant Project Ltd.,INE627D01016,Unknown,Unknown,EQ,,Unknown,0.0,0.0,0.0,0.0
4639,ADCINDIA,ADC India Communications Limited,INE833A01016,Unknown,Unknown,EQ,,Unknown,0.0,0.0,0.0,0.0
9584,ADCONPP,Adcon Capital Services Limited,IN9805Q01018,Unknown,Unknown,EQ,,Unknown,0.0,0.0,0.0,0.0
7592,ADCON,Adcon Capital Services Limited,INE805Q01028,Unknown,Unknown,EQ,,Unknown,0.0,0.0,0.0,0.0
9067,ADCON-RE,Adcon Capital Services Limited,INE805Q20010,Unknown,Unknown,EQ,,Unknown,0.0,0.0,0.0,0.0
8580,ADCOUNTY,ADCOUNTY MEDIA INDIA LIMITED,INE0W1601012,Unknown,Unknown,EQ,,Unknown,0.0,0.0,0.0,0.0
4818,ADDLP,Add-life Pharma Ltd.,INE124C01016,Unknown,Unknown,EQ,,Unknown,0.0,0.0,0.0,0.0
8039,ASRL,Add-Shop E-Retail Limited,INE01B501018,Unknown,Unknown,EQ,,Unknown,0.0,0.0,0.0,0.0
9049,ASRL-RE,Add-Shop E-Retail Limited,INE01B520018,Unknown,Unknown,EQ,,Unknown,0.0,0.0,0.0,0.0
66,ADDIND,Addi Industries Limited,INE757C01021,Unknown,Unknown,EQ,2026-08-17,Unknown,0.0,0.0,0.0,0.0
8229,ADESHWAR,Adeshwar Meditex Limited,INE0H8J01015,Unknown,Unknown,EQ,,Unknown,0.0,0.0,0.0,0.0
67,ADFFOODS,ADF Foods Limited,INE982B01027,Unknown,Unknown,EQ,2010-09-15,Unknown,0.0,0.0,0.0,0.0
7589,ADHARSHILA,ADHARSHILA CAPITAL SERVICES LIMITED,INE269F01012,Unknown,Unknown,EQ,,Unknown,0.0,0.0,0.0,0.0
5509,ADHHATA,ADHATA GLOBAL LIMITED,INE586D01014,Unknown,Unknown,EQ,,Unknown,0.0,0.0,0.0,0.0
7487,ADHBHUTIN,Adhbhut Infrastructure Ltd.,INE578L01014,Unknown,Unknown,EQ,,Unknown,0.0,0.0,0.0,0.0
9474,ADHIRAJ,Adhiraj Distributors Limited,INE067R01015,Unknown,Unknown,EQ,,Unknown,0.0,0.0,0.0,0.0
6849,ADHUNIK,Adhunik Metaliks Ltd.,INE400H01019,Unknown,Unknown,EQ,,Unknown,0.0,0.0,0.0,0.0
8874,ADINATHBI,Adinath Bio-Labs Ltd.,INE129D01039,Unknown,Unknown,EQ,,Unknown,0.0,0.0,0.0,0.0
4150,ADINATH,Adinath Textiles Ltd.,INE207C01019,Unknown,Unknown,EQ,,Unknown,0.0,0.0,0.0,0.0
8248,ADISHAKTI,Adishakti Loha and Ispat Limited,INE0CWK01019,Unknown,Unknown,EQ,,Unknown,0.0,0.0,0.0,0.0
7077,ADITRI,ADITRI INDUSTRIES LIMITED,INE636N01016,Unknown,Unknown,EQ,,Unknown,0.0,0.0,0.0,0.0
40,ABCAPITAL,Aditya Birla Capital Limited,INE674K01013,Unknown,Unknown,EQ,2017-09-01,Unknown,0.0,0.0,0.0,0.0
9509,BIHCCPPRI,Aditya Birla Chemicals (India) Limited,IN9605B01014,Unknown,Unknown,EQ,,Unknown,0.0,0.0,0.0,0.0
3009,ABCIL,Aditya Birla Chemicals (India) Limited,INE605B01016,Unknown,Unknown,EQ,,Unknown,0.0,0.0,0.0,0.0
8959,ABFRL-RE,Aditya Birla Fashion and Retail Limited,INE647O20011,Unknown,Unknown,EQ,,Unknown,0.0,0.0,0.0,0.0
9553,ABFRLPP,Aditya Birla Fashion and Retail Limited,IN9647O01027,Unknown,Unknown,EQ,,Unknown,0.0,0.0,0.0,0.0
43,ABFRL,Aditya Birla Fashion and Retail Limited,INE647O01011,Unknown,Unknown,EQ,2013-07-17,Unknown,0.0,0.0,0.0,0.0
45,ABLBL,Aditya Birla Lifestyle Brands Limited,INE14LE01019,Unknown,Unknown,EQ,2025-06-23,Unknown,0.0,0.0,0.0,0.0
368,BIRLAMONEY,Aditya Birla Money Limited,INE865C01022,Unknown,Unknown,EQ,2008-02-07,Unknown,0.0,0.0,0.0,0.0
3108,ABIRLANUVO,ADITYA BIRLA NUVO LTD.,INE069A01017,Unknown,Unknown,EQ,,Unknown,0.0,0.0,0.0,0.0
48,ABREL,Aditya Birla Real Estate Limited,INE055A01016,Unknown,Unknown,EQ,2003-06-27,Unknown,0.0,0.0,0.0,0.0
49,ABSLAMC,Aditya Birla Sun Life AMC Limited,INE404A01024,Unknown,Unknown,EQ,2021-10-11,Unknown,0.0,0.0,0.0,0.0
7205,BSLFEFS2RN,Aditya Birla Sun Life Mutual Fund,INF209KA1DG2,Unknown,Unknown,EQ,,Unknown,0.0,0.0,0.0,0.0
7204,BSLFEFS2RG,Aditya Birla Sun Life Mutual Fund,INF209KA1DF4,Unknown,Unknown,EQ,,Unknown,0.0,0.0,0.0,0.0
7841,BSLRIFS4RD,Aditya Birla Sun Life Mutual Fund,INF209KB1HS7,Unknown,Unknown,EQ,,Unknown,0.0,0.0,0.0,0.0
7842,BSLRIFS4DG,Aditya Birla Sun Life Mutual Fund,INF209KB1HT5,Unknown,Unknown,EQ,,Unknown,0.0,0.0,0.0,0.0
7843,BSLRIFS4DD,Aditya Birla Sun Life Mutual Fund,INF209KB1HU3,Unknown,Unknown,EQ,,Unknown,0.0,0.0,0.0,0.0
7175,BSLFEFS1DN,Aditya Birla Sun Life Mutual Fund,INF209KA1805,Unknown,Unknown,EQ,,Unknown,0.0,0.0,0.0,0.0
7174,BSLFEFS1DG,Aditya Birla Sun Life Mutual Fund,INF209KA1797,Unknown,Unknown,EQ,,Unknown,0.0,0.0,0.0,0.0
7173,BSLFEFS1RN,Aditya Birla Sun Life Mutual Fund,INF209KA1789,Unknown,Unknown,EQ,,Unknown,0.0,0.0,0.0,0.0
7172,BSLFEFS1RG,Aditya Birla Sun Life Mutual Fund,INF209KA1771,Unknown,Unknown,EQ,,Unknown,0.0,0.0,0.0,0.0
7206,BSLFEFS2DG,Aditya Birla Sun Life Mutual Fund,INF209KA1DH0,Unknown,Unknown,EQ,,Unknown,0.0,0.0,0.0,0.0
7207,BSLFEFS2DN,Aditya Birla Sun Life Mutual Fund,INF209KA1DI8,Unknown,Unknown,EQ,,Unknown,0.0,0.0,0.0,0.0
7886,ABSLRIF5RG,Aditya Birla Sun Life Mutual Fund,INF209KB1IZ0,Unknown,Unknown,EQ,,Unknown,0.0,0.0,0.0,0.0
7887,ABSLRIF5RD,Aditya Birla Sun Life Mutual Fund,INF209KB1JA1,Unknown,Unknown,EQ,,Unknown,0.0,0.0,0.0,0.0
7888,ABSLRIF5DG,Aditya Birla Sun Life Mutual Fund,INF209KB1JB9,Unknown,Unknown,EQ,,Unknown,0.0,0.0,0.0,0.0
7840,BSLRIFS4RG,Aditya Birla Sun Life Mutual Fund,INF209KB1HR9,Unknown,Unknown,EQ,,Unknown,0.0,0.0,0.0,0.0
7889,ABSLRIF5DD,Aditya Birla Sun Life Mutual Fund,INF209KB1JC7,Unknown,Unknown,EQ,,Unknown,0.0,0.0,0.0,0.0
7322,BSLFEFS3RG,Aditya Birla Sun Life Mutual Fund,INF209KA1RR9,Unknown,Unknown,EQ,,Unknown,0.0,0.0,0.0,0.0
7970,ABSLRIF6RG,Aditya Birla Sun Life Mutual Fund,INF209KB1LL4,Unknown,Unknown,EQ,,Unknown,0.0,0.0,0.0,0.0
7323,BSLFEFS3RN,Aditya Birla Sun Life Mutual Fund,INF209KA1RS7,Unknown,Unknown,EQ,,Unknown,0.0,0.0,0.0,0.0
7971,ABSLRIF6RD,Aditya Birla Sun Life Mutual Fund,INF209KB1LM2,Unknown,Unknown,EQ,,Unknown,0.0,0.0,0.0,0.0
7324,BSLFEFS3DG,Aditya Birla Sun Life Mutual Fund,INF209KA1RT5,Unknown,Unknown,EQ,,Unknown,0.0,0.0,0.0,0.0
7325,BSLFEFS3DN,Aditya Birla Sun Life Mutual Fund,INF209KA1RU3,Unknown,Unknown,EQ,,Unknown,0.0,0.0,0.0,0.0
7354,BSLFEFS4RG,Aditya Birla Sun Life Mutual Fund,INF209KA1UL6,Unknown,Unknown,EQ,,Unknown,0.0,0.0,0.0,0.0
7355,BSLFEFS4RN,Aditya Birla Sun Life Mutual Fund,INF209KA1UM4,Unknown,Unknown,EQ,,Unknown,0.0,0.0,0.0,0.0
7356,BSLFEFS4DG,Aditya Birla Sun Life Mutual Fund,INF209KA1UN2,Unknown,Unknown,EQ,,Unknown,0.0,0.0,0.0,0.0
7357,BSLFEFS4DN,Aditya Birla Sun Life Mutual Fund,INF209KA1UO0,Unknown,Unknown,EQ,,Unknown,0.0,0.0,0.0,0.0
7430,BSLFEFS5RG,Aditya Birla Sun Life Mutual Fund,INF209KA1B55,Unknown,Unknown,EQ,,Unknown,0.0,0.0,0.0,0.0
7431,BSLFEFS5RN,Aditya Birla Sun Life Mutual Fund,INF209KA1B63,Unknown,Unknown,EQ,,Unknown,0.0,0.0,0.0,0.0
8486,ABSLPSE,Aditya Birla Sun Life Mutual Fund,INF209KB19Z4,Unknown,Unknown,EQ,,Unknown,0.0,0.0,0.0,0.0
7432,BSLFEFS5DG,Aditya Birla Sun Life Mutual Fund,INF209KA1B71,Unknown,Unknown,EQ,,Unknown,0.0,0.0,0.0,0.0
7433,BSLFEFS5DN,Aditya Birla Sun Life Mutual Fund,INF209KA1B89,Unknown,Unknown,EQ,,Unknown,0.0,0.0,0.0,0.0
7791,BSLRIFS3DD,Aditya Birla Sun Life Mutual Fund,INF209KB1DO5,Unknown,Unknown,EQ,,Unknown,0.0,0.0,0.0,0.0
7565,BSLFEFS6RG,Aditya Birla Sun Life Mutual Fund,INF209KA18K0,Unknown,Unknown,EQ,,Unknown,0.0,0.0,0.0,0.0
7566,BSLFEFS6RN,Aditya Birla Sun Life Mutual Fund,INF209KA19K8,Unknown,Unknown,EQ,,Unknown,0.0,0.0,0.0,0.0
7972,ABSLRIF6DG,Aditya Birla Sun Life Mutual Fund,INF209KB1LN0,Unknown,Unknown,EQ,,Unknown,0.0,0.0,0.0,0.0
7973,ABSLRIF6DD,Aditya Birla Sun Life Mutual Fund,INF209KB1LO8,Unknown,Unknown,EQ,,Unknown,0.0,0.0,0.0,0.0
7982,ABSLRIF7RG,Aditya Birla Sun Life Mutual Fund,INF209KB1NP1,Unknown,Unknown,EQ,,Unknown,0.0,0.0,0.0,0.0
7983,ABSLRIF7RD,Aditya Birla Sun Life Mutual Fund,INF209KB1NQ9,Unknown,Unknown,EQ,,Unknown,0.0,0.0,0.0,0.0
7984,ABSLRIF7DG,Aditya Birla Sun Life Mutual Fund,INF209KB1NR7,Unknown,Unknown,EQ,,Unknown,0.0,0.0,0.0,0.0
7567,BSLFEFS6DG,Aditya Birla Sun Life Mutual Fund,INF209KA10L5,Unknown,Unknown,EQ,,Unknown,0.0,0.0,0.0,0.0
7568,BSLFEFS6DN,Aditya Birla Sun Life Mutual Fund,INF209KA11L3,Unknown,Unknown,EQ,,Unknown,0.0,0.0,0.0,0.0
7985,ABSLRIF7DD,Aditya Birla Sun Life Mutual Fund,INF209KB1NS5,Unknown,Unknown,EQ,,Unknown,0.0,0.0,0.0,0.0
7790,BSLRIFS3DG,Aditya Birla Sun Life Mutual Fund,INF209KB1DN7,Unknown,Unknown,EQ,,Unknown,0.0,0.0,0.0,0.0
7789,BSLRIFS3RD,Aditya Birla Sun Life Mutual Fund,INF209KB1DM9,Unknown,Unknown,EQ,,Unknown,0.0,0.0,0.0,0.0
8304,MOMENTUM,Aditya Birla Sun Life Mutual Fund,INF209KB14K7,Unknown,Unknown,EQ,,Unknown,0.0,0.0,0.0,0.0
8303,NIFTYQLITY,Aditya Birla Sun Life Mutual Fund,INF209KB15K4,Unknown,Unknown,EQ,,Unknown,0.0,0.0,0.0,0.0
7788,BSLRIFS3RG,Aditya Birla Sun Life Mutual Fund,INF209KB1DL1,Unknown,Unknown,EQ,,Unknown,0.0,0.0,0.0,0.0
7750,BSLRIFS2DN,Aditya Birla Sun Life Mutual Fund,INF209KB1986,Unknown,Unknown,EQ,,Unknown,0.0,0.0,0.0,0.0
8737,ABSLMSCIN,Aditya Birla Sun Life Mutual Fund,INF209KC1662,Unknown,Unknown,EQ,,Unknown,0.0,0.0,0.0,0.0
8273,BSLNIFTY,Aditya Birla Sun Life Mutual Fund,INF209KB19D1,Unknown,Unknown,EQ,,Unknown,0.0,0.0,0.0,0.0
7749,BSLRIFS2DG,Aditya Birla Sun Life Mutual Fund,INF209KB1978,Unknown,Unknown,EQ,,Unknown,0.0,0.0,0.0,0.0
7748,BSLRIFS2RN,Aditya Birla Sun Life Mutual Fund,INF209KB1960,Unknown,Unknown,EQ,,Unknown,0.0,0.0,0.0,0.0
8073,ABSLNN50ET,Aditya Birla Sun Life Mutual Fund,INF209KB16D7,Unknown,Unknown,EQ,,Unknown,0.0,0.0,0.0,0.0
7747,BSLRIFS2RG,Aditya Birla Sun Life Mutual Fund,INF209KB1952,Unknown,Unknown,EQ,,Unknown,0.0,0.0,0.0,0.0
7700,BSLSENETFG,Aditya Birla Sun Life Mutual Fund,INF209KB10E8,Unknown,Unknown,EQ,,Unknown,0.0,0.0,0.0,0.0
8742,ABSL10BANK,Aditya Birla Sun Life Mutual Fund,INF209KC1670,Unknown,Unknown,EQ,,Unknown,0.0,0.0,0.0,0.0
8152,ABSLBANETF,Aditya Birla Sun Life Mutual Fund,INF209KB17D5,Unknown,Unknown,EQ,,Unknown,0.0,0.0,0.0,0.0
7717,BSLRIFS1RG,Aditya Birla Sun Life Mutual Fund,INF209KB1499,Unknown,Unknown,EQ,,Unknown,0.0,0.0,0.0,0.0
8272,HEALTHY,Aditya Birla Sun Life Mutual Fund,INF209KB10C2,Unknown,Unknown,EQ,,Unknown,0.0,0.0,0.0,0.0
7718,BSLRIFS1RD,Aditya Birla Sun Life Mutual Fund,INF209KB1507,Unknown,Unknown,EQ,,Unknown,0.0,0.0,0.0,0.0
8271,TECH,Aditya Birla Sun Life Mutual Fund,INF209KB11D8,Unknown,Unknown,EQ,,Unknown,0.0,0.0,0.0,0.0
7719,BSLRIFS1RS,Aditya Birla Sun Life Mutual Fund,INF209KB1192,Unknown,Unknown,EQ,,Unknown,0.0,0.0,0.0,0.0
7720,BSLRIFS1DG,Aditya Birla Sun Life Mutual Fund,INF209KB1515,Unknown,Unknown,EQ,,Unknown,0.0,0.0,0.0,0.0
7721,BSLRIFS1DD,Aditya Birla Sun Life Mutual Fund,INF209KB1523,Unknown,Unknown,EQ,,Unknown,0.0,0.0,0.0,0.0
7722,BSLRIFS1DS,Aditya Birla Sun Life Mutual Fund,INF209KB1259,Unknown,Unknown,EQ,,Unknown,0.0,0.0,0.0,0.0
7729,ACML,ADITYA CONSUMER MARKETING LIMITED,INE427V01013,Unknown,Unknown,EQ,,Unknown,0.0,0.0,0.0,0.0
4550,ADTYFRG,Aditya Forge Ltd,INE281H01013,Unknown,Unknown,EQ,,Unknown,0.0,0.0,0.0,0.0
5277,ADITYAINF,Aditya Info-soft Limited.,INE524F01010,Unknown,Unknown,EQ,,Unknown,0.0,0.0,0.0,0.0
521,CPPLUS,Aditya Infotech Limited,INE819V01029,Unknown,Unknown,EQ,2025-08-05,Unknown,0.0,0.0,0.0,0.0
6321,ADITYAIN,Aditya International Ltd.,INE908B01014,Unknown,Unknown,EQ,,Unknown,0.0,0.0,0.0,0.0
4103,ADITYA,Aditya Ispat Ltd.,INE570B01012,Unknown,Unknown,EQ,,Unknown,0.0,0.0,0.0,0.0
4504,ADITYASP,Aditya Spinners Ltd.,INE122D01026,Unknown,Unknown,EQ,,Unknown,0.0,0.0,0.0,0.0
265,AVL,Aditya Vision Limited,INE679V01027,Unknown,Unknown,EQ,2024-11-06,Unknown,0.0,0.0,0.0,0.0
8219,ADJIA,Adjia Technologies Limited,INE0G0V01018,Unknown,Unknown,EQ,,Unknown,0.0,0.0,0.0,0.0
4804,ADLINE,ADLINE CHEM LAB LIMITED,INE276T01018,Unknown,Unknown,EQ,,Unknown,0.0,0.0,0.0,0.0
8708,ADMACH,ADMACH SYSTEMS LIMITED,INE0XLO01010,Unknown,Unknown,EQ,,Unknown,0.0,0.0,0.0,0.0
8794,ADON,ADON AGRO COMMODITIES LIMITED,INE1SME01017,Unknown,Unknown,EQ,,Unknown,0.0,0.0,0.0,0.0
5207,ADORFO,Ador Fontech Ltd,INE853A01022,Unknown,Unknown,EQ,,Unknown,0.0,0.0,0.0,0.0
4255,ADORTECH,Ador Technopak Ltd,INE708D01014,Unknown,Unknown,EQ,,Unknown,0.0,0.0,0.0,0.0
69,ADOR,Ador Welding Limited,INE045A01017,Unknown,Unknown,EQ,1995-05-10,Unknown,0.0,0.0,0.0,0.0
9149,ADRO-RE,Adroit Infotech Limited,INE737B20017,Unknown,Unknown,EQ,,Unknown,0.0,0.0,0.0,0.0
9525,COLORCHIPPP,Adroit Infotech Limited,IN9737B01015,Unknown,Unknown,EQ,,Unknown,0.0,0.0,0.0,0.0
9601,ADROITPP,Adroit Infotech Limited,IN9737B01031,Unknown,Unknown,EQ,,Unknown,0.0,0.0,0.0,0.0
70,ADROITINFO,Adroit Infotech Limited,INE737B01033,Unknown,Unknown,EQ,1997-08-13,Unknown,0.0,0.0,0.0,0.0
8468,ADTECH,ADTECH SYSTEMS LIMITED,INE257C01014,Unknown,Unknown,EQ,,Unknown,0.0,0.0,0.0,0.0
72,ADVAIT,Advait Energy Transitions Limited,INE0ALI01010,Unknown,Unknown,EQ,2026-01-20,Unknown,0.0,0.0,0.0,0.0
73,ADVANCE,Advance Agrolife Limited,INE1B0W01010,Unknown,Unknown,EQ,2025-10-08,Unknown,0.0,0.0,0.0,0.0
4485,ADVLIFE,Advance Lifestyles Ltd.,INE900E01015,Unknown,Unknown,EQ,,Unknown,0.0,0.0,0.0,0.0
7071,AMTL,ADVANCE METERING TECHNOLOGY LIMITED,INE436N01029,Unknown,Unknown,EQ,,Unknown,0.0,0.0,0.0,0.0
4912,ADVMULT,Advance Multitech Ltd.,INE875S01019,Unknown,Unknown,EQ,,Unknown,0.0,0.0,0.0,0.0
3549,ADVPETR-B,Advance Petrochemicals Ltd.,INE334N01018,Unknown,Unknown,EQ,,Unknown,0.0,0.0,0.0,0.0
5392,ADVPOWER,Advance PowerInfra Tech Limited,INE009D01017,Unknown,Unknown,EQ,,Unknown,0.0,0.0,0.0,0.0
7696,ASYL,Advance Syntex Limited,INE184U01012,Unknown,Unknown,EQ,,Unknown,0.0,0.0,0.0,0.0
8814,ADVANCETL,ADVANCE TECHNOFORGE LIMITED,INE13ZJ01010,Unknown,Unknown,EQ,,Unknown,0.0,0.0,0.0,0.0
76,ADVENZYMES,Advanced Enzyme Technologies Limited,INE837H01020,Unknown,Unknown,EQ,2016-08-01,Unknown,0.0,0.0,0.0,0.0
4352,ADVNCMIC,Advanced Micronic Devices Ltd.,INE903C01013,Unknown,Unknown,EQ,,Unknown,0.0,0.0,0.0,0.0
74,ADVANIHOTR,Advani Hotels & Resorts (India) Limited,INE199C01026,Unknown,Unknown,EQ,2007-06-25,Unknown,0.0,0.0,0.0,0.0
6891,ADVANTA,ADVANTA LIMITED,INE517H01028,Unknown,Unknown,EQ,,Unknown,0.0,0.0,0.0,0.0
6232,ADVENT,Advent Computer Services ltd.,INE101C01022,Unknown,Unknown,EQ,,Unknown,0.0,0.0,0.0,0.0
75,ADVENTHTL,Advent Hotels International Limited,INE28GN01010,Unknown,Unknown,EQ,2025-11-13,Unknown,0.0,0.0,0.0,0.0
77,ADVIKCA,Advik Capital Limited,INE178T01024,Unknown,Unknown,EQ,2026-08-17,Unknown,0.0,0.0,0.0,0.0
9024,ADVIKCA-RE,Advik Capital Limited,INE178T20016,Unknown,Unknown,EQ,,Unknown,0.0,0.0,0.0,0.0
9130,ADVIK-RE,Advik Capital Limited,INE178T20024,Unknown,Unknown,EQ,,Unknown,0.0,0.0,0.0,0.0
9229,ADVCAP-RE,Advik Capital Limited,INE178T20032,Unknown,Unknown,EQ,,Unknown,0.0,0.0,0.0,0.0
6385,ADVIKLA,Advik Laboratories Ltd.,INE537C01019,Unknown,Unknown,EQ,,Unknown,0.0,0.0,0.0,0.0
1827,RAMBHAJO,Advit Jewels Limited,INE1SJO01012,Unknown,Unknown,EQ,2026-07-01,Unknown,0.0,0.0,0.0,0.0
8825,AEGEUS,AEGEUS TECHNOLOGIES LIMITED,INE0WR901013,Unknown,Unknown,EQ,,Unknown,0.0,0.0,0.0,0.0
78,AEGISLOG,Aegis Logistics Limited,INE208C01025,Unknown,Unknown,EQ,1996-04-03,Unknown,0.0,0.0,0.0,0.0
79,AEGISVOPAK,Aegis Vopak Terminals Limited,INE0INX01018,Unknown,Unknown,EQ,2025-06-02,Unknown,0.0,0.0,0.0,0.0
8482,ACLD,AELEA COMMODITIES LIMITED,INE0T3401029,Unknown,Unknown,EQ,,Unknown,0.0,0.0,0.0,0.0
3291,AEONIA,Aeonian Investments Co. Ltd.,INE421F01027,Unknown,Unknown,EQ,,Unknown,0.0,0.0,0.0,0.0
4800,AEONXDIGI,Aeonx Digital Technology Limited,INE994D01010,Unknown,Unknown,EQ,,Unknown,0.0,0.0,0.0,0.0
81,AEQUS,Aequs Limited,INE947N01017,Unknown,Unknown,EQ,2025-12-10,Unknown,0.0,0.0,0.0,0.0
82,AEROENTER,Aeroflex Enterprises Limited,INE065D01027,Unknown,Unknown,EQ,2022-11-21,Unknown,0.0,0.0,0.0,0.0
83,AEROFLEX,Aeroflex Industries Limited,INE024001021,Unknown,Unknown,EQ,2023-08-31,Unknown,0.0,0.0,0.0,0.0
84,AERONEU,Aeroflex Neu Limited,INE035801013,Unknown,Unknown,EQ,2023-01-12,Unknown,0.0,0.0,0.0,0.0
7082,AERPACE,Aerpace Industries Limited,INE175N01023,Unknown,Unknown,EQ,,Unknown,0.0,0.0,0.0,0.0
9135,AERPACE-RE,Aerpace Industries Limited,INE175N20015,Unknown,Unknown,EQ,,Unknown,0.0,0.0,0.0,0.0
6441,AESCURE,Aesculapius Remedies Ltd.,INE965E01018,Unknown,Unknown,EQ,,Unknown,0.0,0.0,0.0,0.0
86,AETHER,Aether Industries Limited,INE0BWX01014,Unknown,Unknown,EQ,2022-06-03,Unknown,0.0,0.0,0.0,0.0
8490,AFCOM,Afcom Holdings Limited,INE0OXY01013,Unknown,Unknown,EQ,,Unknown,0.0,0.0,0.0,0.0
87,AFCONS,Afcons Infrastructure Limited,INE101I01011,Unknown,Unknown,EQ,2024-11-04,Unknown,0.0,0.0,0.0,0.0
88,AFFLE,Affle 3i Limited,INE00WC01027,Unknown,Unknown,EQ,2019-08-08,Unknown,0.0,0.0,0.0,0.0
89,AFFORDABLE,Affordable Robotic & Automation Limited,INE692Z01013,Unknown,Unknown,EQ,2024-10-23,Unknown,0.0,0.0,0.0,0.0
9154,AFFORD-RE,Affordable Robotic & Automation Limited,INE692Z20013,Unknown,Unknown,EQ,,Unknown,0.0,0.0,0.0,0.0
5283,AFTEK,Aftek  Ltd.,INE796A01023,Unknown,Unknown,EQ,,Unknown,0.0,0.0,0.0,0.0
3518,AGVENTURES,AG VENTURES LIMITED,INE321D01016,Unknown,Unknown,EQ,,Unknown,0.0,0.0,0.0,0.0
5304,AGARWAL,AGARWAL FORTUNE INDIA LIMITED,INE510B01018,Unknown,Unknown,EQ,,Unknown,0.0,0.0,0.0,0.0
92,AGARIND,Agarwal Industrial Corporation Limited,INE204E01012,Unknown,Unknown,EQ,2014-05-26,Unknown,0.0,0.0,0.0,0.0
94,AGI,AGI Greenpac Limited,INE415A01038,Unknown,Unknown,EQ,2000-05-31,Unknown,0.0,0.0,0.0,0.0
95,AGIIL,Agi Infra Limited,INE976R01033,Unknown,Unknown,EQ,2024-07-15,Unknown,0.0,0.0,0.0,0.0
4249,AGIOPAPER,Agio Paper & Industries Limited,INE112C01011,Unknown,Unknown,EQ,,Unknown,0.0,0.0,0.0,0.0
97,AGRITECH,Agri-Tech (India) Limited,INE449G01018,Unknown,Unknown,EQ,2014-01-28,Unknown,0.0,0.0,0.0,0.0
7605,AGRIBIO,AGRIBIO SPIRITS LIMITED,INE679E01015,Unknown,Unknown,EQ,,Unknown,0.0,0.0,0.0,0.0
7167,AGRIMONY,Agrimony Commodities Limited,INE567P01018,Unknown,Unknown,EQ,,Unknown,0.0,0.0,0.0,0.0
4396,AGRODUTCH,Agro Dutch Industries Ltd.,INE135B01014,Unknown,Unknown,EQ,,Unknown,0.0,0.0,0.0,0.0
98,AGROPHOS,Agro Phos India Limited,INE740V01019,Unknown,Unknown,EQ,2019-03-08,Unknown,0.0,0.0,0.0,0.0
7027,AGSINFO,AGS INFOTECH LIMITED,INE966E01016,Unknown,Unknown,EQ,,Unknown,0.0,0.0,0.0,0.0
99,AGSTRA,AGS Transact Technologies Limited,INE583L01014,Unknown,Unknown,BZ,2022-01-31,Unknown,0.0,0.0,0.0,0.0
8388,AHASOLAR,AHASOLAR TECHNOLOGIES LIMITED,INE0NEV01011,Unknown,Unknown,EQ,,Unknown,0.0,0.0,0.0,0.0
101,AHLADA,Ahlada Engineers Limited,INE00PV01013,Unknown,Unknown,EQ,2021-01-28,Unknown,0.0,0.0,0.0,0.0
4770,AHLCONQ,Ahlcon Parenterals (India) Ltd.,INE027C01011,Unknown,Unknown,EQ,,Unknown,0.0,0.0,0.0,0.0
103,AHLUCONT,Ahluwalia Contracts (India) Limited,INE758C01029,Unknown,Unknown,EQ,2009-12-14,Unknown,0.0,0.0,0.0,0.0
4573,AHMDSTE,Ahmedabad Steelcraft Ltd.,INE868C01018,Unknown,Unknown,EQ,,Unknown,0.0,0.0,0.0,0.0
6876,AICHAMP,AI CHAMPDANY INDUSTRIES LIMITED,INE768E01024,Unknown,Unknown,EQ,,Unknown,0.0,0.0,0.0,0.0
105,AIAENG,AIA Engineering Limited,INE212H01026,Unknown,Unknown,EQ,2005-12-14,Unknown,0.0,0.0,0.0,0.0
8424,AIKPIPES,AIK Pipes and Polymers Limited,INE0QFT01015,Unknown,Unknown,EQ,,Unknown,0.0,0.0,0.0,0.0
3531,AIPCL,AIKYAM INTELLECTUAL PROPERTY CONSULTANCY LIMITED,INE739N01026,Unknown,Unknown,EQ,,Unknown,0.0,0.0,0.0,0.0
4749,AIMCOPEST,Aimco Pesticides Ltd.,INE008B01013,Unknown,Unknown,EQ,,Unknown,0.0,0.0,0.0,0.0
850,GOLDTECH,AION-TECH SOLUTIONS LIMITED,INE805A01014,Unknown,Unknown,BE,2001-04-11,Unknown,0.0,0.0,0.0,0.0
107,AIRAN,Airan Limited,INE645W01026,Unknown,Unknown,EQ,2019-05-03,Unknown,0.0,0.0,0.0,0.0
8622,AIRFLOA,AIRFLOA RAIL TECHNOLOGY LIMITED,INE0XBS01012,Unknown,Unknown,EQ,,Unknown,0.0,0.0,0.0,0.0
108,AIROLAM,Airo Lam limited,INE801L01010,Unknown,Unknown,EQ,2021-10-13,Unknown,0.0,0.0,0.0,0.0
109,AJANTPHARM,Ajanta Pharma Limited,INE031B01049,Unknown,Unknown,EQ,2000-05-29,Unknown,0.0,0.0,0.0,0.0
4384,AJANTSOY,Ajanta Soya Limited,INE601B01023,Unknown,Unknown,EQ,,Unknown,0.0,0.0,0.0,0.0
110,AJAXENGG,Ajax Engineering Limited,INE274Y01021,Unknown,Unknown,EQ,2025-02-17,Unknown,0.0,0.0,0.0,0.0
8573,AJCJEWEL,AJC Jewel Manufacturers Limited,INE0XRR01010,Unknown,Unknown,EQ,,Unknown,0.0,0.0,0.0,0.0
3863,AJCON,Ajcon Global Services Ltd.,INE759C01027,Unknown,Unknown,EQ,,Unknown,0.0,0.0,0.0,0.0
5286,AJEL,AJEL Limited,INE229B01015,Unknown,Unknown,EQ,,Unknown,0.0,0.0,0.0,0.0
111,AJMERA,Ajmera Realty & Infra India Limited,INE298G01035,Unknown,Unknown,EQ,2009-06-16,Unknown,0.0,0.0,0.0,0.0
112,AJOONI,Ajooni Biotech Limited,INE820Y01021,Unknown,Unknown,EQ,2021-05-07,Unknown,0.0,0.0,0.0,0.0
6934,AJRINFRA,AJR INFRA AND TOLLING LIMITED,INE181G01025,Unknown,Unknown,EQ,,Unknown,0.0,0.0,0.0,0.0
4989,AJWAFUN,Ajwa Fun World & Resorts Ltd,INE863E01015,Unknown,Unknown,EQ,,Unknown,0.0,0.0,0.0,0.0
114,AKCAPIT,AK Capital Services Limited,INE701G01012,Unknown,Unknown,EQ,2026-04-20,Unknown,0.0,0.0,0.0,0.0
5261,AAIL,Akar Auto Industries Limited,INE864E01021,Unknown,Unknown,EQ,,Unknown,0.0,0.0,0.0,0.0
2986,AKARLAMIN,Akar Laminators Ltd.,INE984C01013,Unknown,Unknown,EQ,,Unknown,0.0,0.0,0.0,0.0
113,AKASH,Akash Infra-Projects Limited,INE737W01013,Unknown,Unknown,EQ,2019-10-11,Unknown,0.0,0.0,0.0,0.0
115,AKG,Akg Exim Limited,INE00Y801016,Unknown,Unknown,EQ,2021-02-16,Unknown,0.0,0.0,0.0,0.0
116,AKI,AKI India Limited,INE642Z01026,Unknown,Unknown,EQ,2023-04-06,Unknown,0.0,0.0,0.0,0.0
90,AFIL,Akme Fintrade (India) Limited,INE916Y01027,Unknown,Unknown,EQ,2024-06-26,Unknown,0.0,0.0,0.0,0.0
5076,AKSCRE,AKS Credits Ltd.,INE971C01010,Unknown,Unknown,EQ,,Unknown,0.0,0.0,0.0,0.0
119,AKSHOPTFBR,Aksh Optifibre Limited,INE523B01011,Unknown,Unknown,BE,2000-08-18,Unknown,0.0,0.0,0.0,0.0
117,AKSHAR,Akshar Spintex Limited,INE256Z01025,Unknown,Unknown,EQ,2022-05-23,Unknown,0.0,0.0,0.0,0.0
9219,AKSH-RE,Akshar Spintex Limited,INE256Z20017,Unknown,Unknown,EQ,,Unknown,0.0,0.0,0.0,0.0
118,AKSHARCHEM,AksharChem India Limited,INE542B01011,Unknown,Unknown,BE,2017-03-28,Unknown,0.0,0.0,0.0,0.0
120,AKUMS,Akums Drugs and Pharmaceuticals Limited,INE09XN01023,Unknown,Unknown,EQ,2024-08-06,Unknown,0.0,0.0,0.0,0.0
4312,ALACRIEL,Alacrity Electronics Ltd.,INE023C01010,Unknown,Unknown,EQ,,Unknown,0.0,0.0,0.0,0.0
4684,ALACRIHS,Alacrity Housing Limited,INE781D01011,Unknown,Unknown,EQ,,Unknown,0.0,0.0,0.0,0.0
7120,ALSL,Alacrity Securities Limited,INE030P01017,Unknown,Unknown,EQ,,Unknown,0.0,0.0,0.0,0.0
7455,ALANSCOTT,ALAN SCOTT ENTERPRISES LIMITED,INE273F01022,Unknown,Unknown,EQ,,Unknown,0.0,0.0,0.0,0.0
9593,ALANPP,ALAN SCOTT ENTERPRISES LIMITED,IN9273F01020,Unknown,Unknown,EQ,,Unknown,0.0,0.0,0.0,0.0
9118,ALAN-RE,ALAN SCOTT ENTERPRISES LIMITED,INE273F20014,Unknown,Unknown,EQ,,Unknown,0.0,0.0,0.0,0.0
9456,ALAN-RE2,ALAN SCOTT ENTERPRISES LIMITED,INE273F20030,Unknown,Unknown,EQ,,Unknown,0.0,0.0,0.0,0.0
9303,ALAN-RE1,ALAN SCOTT ENTERPRISES LIMITED,INE273F20022,Unknown,Unknown,EQ,,Unknown,0.0,0.0,0.0,0.0
6277,ALANGIND,Alang Industrial Gases Ltd.,INE848C01010,Unknown,Unknown,EQ,,Unknown,0.0,0.0,0.0,0.0
4470,ALANGMR-B,Alang Marine Ltd.,INE0D6901011,Unknown,Unknown,EQ,,Unknown,0.0,0.0,0.0,0.0
121,ALANKIT,Alankit Limited,INE914E01040,Unknown,Unknown,EQ,2015-06-30,Unknown,0.0,0.0,0.0,0.0
122,ALBERTDAVD,Albert David Limited,INE155C01010,Unknown,Unknown,EQ,2016-06-14,Unknown,0.0,0.0,0.0,0.0
4801,ALCORDM,Alchemie Organics Ltd.,INE768A01014,Unknown,Unknown,EQ,,Unknown,0.0,0.0,0.0,0.0
6221,ALCHCORP,Alchemist Corporation Ltd,INE057D01016,Unknown,Unknown,EQ,,Unknown,0.0,0.0,0.0,0.0
5007,ALCHEM,Alchemist Limited,INE964B01033,Unknown,Unknown,EQ,,Unknown,0.0,0.0,0.0,0.0
6629,AREALTY,Alchemist Realty Ltd,INE646D01024,Unknown,Unknown,EQ,,Unknown,0.0,0.0,0.0,0.0
9514,ALEMBICPP,Alembic  Ltd,IN9426A01017,Unknown,Unknown,EQ,,Unknown,0.0,0.0,0.0,0.0
123,ALEMBICLTD,Alembic Limited,INE426A01027,Unknown,Unknown,EQ,1999-09-22,Unknown,0.0,0.0,0.0,0.0
177,APLLTD,Alembic Pharmaceuticals Limited,INE901L01018,Unknown,Unknown,EQ,2011-09-20,Unknown,0.0,0.0,0.0,0.0
3814,ALEXANDER,Alexander Stamps And Coin Limited,INE191N01012,Unknown,Unknown,EQ,,Unknown,0.0,0.0,0.0,0.0
3624,ALEXCON,Alexcon Foamcast Ltd.,INE225A01015,Unknown,Unknown,EQ,,Unknown,0.0,0.0,0.0,0.0
5368,ALFAICA,Alfa Ica (India) Ltd,INE042C01010,Unknown,Unknown,EQ,,Unknown,0.0,0.0,0.0,0.0
3462,ALFALAVAL,Alfa Laval (India) Ltd.,INE427A01017,Unknown,Unknown,EQ,,Unknown,0.0,0.0,0.0,0.0
4350,ALFATRAN,Alfa Transformers ltd.,INE209C01015,Unknown,Unknown,EQ,,Unknown,0.0,0.0,0.0,0.0
5435,ALFAVIO,Alfavision Overseas (India) Ltd.,INE883B01027,Unknown,Unknown,EQ,,Unknown,0.0,0.0,0.0,0.0
124,ALFREDHE,Alfred Herbert India Limited,INE782D01027,Unknown,Unknown,EQ,2026-08-17,Unknown,0.0,0.0,0.0,0.0
125,ALGOQUANT,Algoquant Fintech Limited,INE598D01035,Unknown,Unknown,EQ,2026-01-06,Unknown,0.0,0.0,0.0,0.0
126,ALICON,Alicon Castalloy Limited,INE062D01024,Unknown,Unknown,EQ,2006-09-29,Unknown,0.0,0.0,0.0,0.0
127,ALIVUS,Alivus Life Sciences Limited,INE03Q201024,Unknown,Unknown,EQ,2021-08-06,Unknown,0.0,0.0,0.0,0.0
6316,ALKADIA,Alka Diamond Industries Ltd.,INE963D01015,Unknown,Unknown,EQ,,Unknown,0.0,0.0,0.0,0.0
6652,ALKASEC,Alka Securities Ltd.,INE921C01031,Unknown,Unknown,EQ,,Unknown,0.0,0.0,0.0,0.0
128,ALKALI,Alkali Metals Limited,INE773I01017,Unknown,Unknown,BE,2008-11-06,Unknown,0.0,0.0,0.0,0.0
129,ALKEM,Alkem Laboratories Limited,INE540L01014,Unknown,Unknown,EQ,2015-12-23,Unknown,0.0,0.0,0.0,0.0
8265,ALKOSIGN,ALKOSIGN LIMITED,INE0KA601012,Unknown,Unknown,EQ,,Unknown,0.0,0.0,0.0,0.0
130,ALKYLAMINE,Alkyl Amines Chemicals Limited,INE150B01039,Unknown,Unknown,EQ,2007-11-26,Unknown,0.0,0.0,0.0,0.0
133,ALLTIME,All Time Plastics Limited,INE0GV601021,Unknown,Unknown,EQ,2025-08-14,Unknown,0.0,0.0,0.0,0.0
6778,ALBK,Allahabad Bank,INE428A01015,Unknown,Unknown,EQ,,Unknown,0.0,0.0,0.0,0.0
6720,ACLGATI,ALLCARGO GATI LIMITED,INE152B01027,Unknown,Unknown,EQ,,Unknown,0.0,0.0,0.0,0.0
96,AGL,Allcargo Global Limited,INE1YPB01014,Unknown,Unknown,EQ,2026-07-03,Unknown,0.0,0.0,0.0,0.0
131,ALLCARGO,Allcargo Logistics Limited,INE418H01029,Unknown,Unknown,EQ,2006-06-23,Unknown,0.0,0.0,0.0,0.0
243,ATL,Allcargo Terminals Limited,INE0NN701020,Unknown,Unknown,EQ,2023-08-10,Unknown,0.0,0.0,0.0,0.0
9380,ATL-RE,Allcargo Terminals Limited,INE0NN720012,Unknown,Unknown,EQ,,Unknown,0.0,0.0,0.0,0.0
9633,ATLPP,Allcargo Terminals Limited,IN90NN701011,Unknown,Unknown,EQ,,Unknown,0.0,0.0,0.0,0.0
132,ALLDIGI,Alldigi Tech Limited,INE835G01018,Unknown,Unknown,EQ,2005-05-09,Unknown,0.0,0.0,0.0,0.0
7060,AIML,Alliance Integrated Metaliks Limited,INE123D01024,Unknown,Unknown,EQ,,Unknown,0.0,0.0,0.0,0.0
42,ABDL,Allied Blenders and Distillers Limited,INE552Z01027,Unknown,Unknown,EQ,2024-07-02,Unknown,0.0,0.0,0.0,0.0
6923,ACIASIA,Allied Computers International (Asia) Limited,INE335I01056,Unknown,Unknown,EQ,,Unknown,0.0,0.0,0.0,0.0
71,ADSL,Allied Digital Services Limited,INE102I01027,Unknown,Unknown,EQ,2007-07-25,Unknown,0.0,0.0,0.0,0.0
6710,ALLSOFT,Allsoft Corporation Ltd.,INE347B01015,Unknown,Unknown,EQ,,Unknown,0.0,0.0,0.0,0.0
134,ALMONDZ,Almondz Global Securities Limited,INE326B01035,Unknown,Unknown,EQ,2008-06-16,Unknown,0.0,0.0,0.0,0.0
3482,ALNATRD,Alna Trading & Exports Ltd.,INE07I701011,Unknown,Unknown,EQ,,Unknown,0.0,0.0,0.0,0.0
135,ALOKINDS,Alok Industries Limited,INE270A01029,Unknown,Unknown,EQ,2020-02-19,Unknown,0.0,0.0,0.0,0.0
8937,ALOKCRPS,Alok Industries Ltd.,INE270A04023,Unknown,Unknown,EQ,,Unknown,0.0,0.0,0.0,0.0
9534,ALOKINDPP,Alok Industries Ltd.,IN9270A01019,Unknown,Unknown,EQ,,Unknown,0.0,0.0,0.0,0.0
7640,ALORA,Alora Trading Company Limited,INE527R01018,Unknown,Unknown,EQ,,Unknown,0.0,0.0,0.0,0.0
136,ALPA,Alpa Laboratories Limited,INE385I01010,Unknown,Unknown,EQ,2007-08-06,Unknown,0.0,0.0,0.0,0.0
2987,ALPHADR,Alpha Drugs India Ltd,INE256B01026,Unknown,Unknown,EQ,,Unknown,0.0,0.0,0.0,0.0
6404,ALPGRAPH,Alpha Graphic India Ltd.,INE952B01020,Unknown,Unknown,EQ,,Unknown,0.0,0.0,0.0,0.0
5484,ALPHA,Alpha Hi-Tech Fuel Ltd.,INE506B01016,Unknown,Unknown,EQ,,Unknown,0.0,0.0,0.0,0.0
137,ALPHAGEO,Alphageo (India) Limited,INE137C01018,Unknown,Unknown,BE,2007-05-11,Unknown,0.0,0.0,0.0,0.0
8385,ALPHAIND,ALPHALOGIC INDUSTRIES LIMITED,INE0NZF01019,Unknown,Unknown,EQ,,Unknown,0.0,0.0,0.0,0.0
8115,ALPHALOGIC,Alphalogic Techsys Limited,INE08E401029,Unknown,Unknown,EQ,,Unknown,0.0,0.0,0.0,0.0
3786,ALPICFIN,Alpic Finance Ltd.,INE429A01013,Unknown,Unknown,EQ,,Unknown,0.0,0.0,0.0,0.0
3864,ALPINFN,Alpine Capital Services Ltd.,INE118F01011,Unknown,Unknown,EQ,,Unknown,0.0,0.0,0.0,0.0
4959,ALPINEHOU,Alpine Housing Development Corporat,INE840D01015,Unknown,Unknown,EQ,,Unknown,0.0,0.0,0.0,0.0
138,ALPINETEX,Alpine Texworld Limited,INE1JCQ01037,Unknown,Unknown,EQ,2026-07-21,Unknown,0.0,0.0,0.0,0.0
5287,ALPSINDUS,Alps Industries Ltd.,INE093B01015,Unknown,Unknown,EQ,,Unknown,0.0,0.0,0.0,0.0
6525,ALPSINFO,Alps Infosys Ltd,INE098B01014,Unknown,Unknown,EQ,,Unknown,0.0,0.0,0.0,0.0
7234,ALPSMOTOR,Alps Motor Finance Limited,INE729P01022,Unknown,Unknown,EQ,,Unknown,0.0,0.0,0.0,0.0
7521,ALSTONE,Alstone Textiles (India) Limited,INE184S01024,Unknown,Unknown,EQ,,Unknown,0.0,0.0,0.0,0.0
9020,ALTIUS-RE,Altius Telecom Infrastructure Trust,INE0BWS20014,Unknown,Unknown,EQ,,Unknown,0.0,0.0,0.0,0.0
139,ALUFLUOR,Alufluoride Limited,INE058F01019,Unknown,Unknown,EQ,2026-08-17,Unknown,0.0,0.0,0.0,0.0
140,AMAGI,Amagi Media Labs Limited,INE121R01077,Unknown,Unknown,EQ,2026-01-21,Unknown,0.0,0.0,0.0,0.0
141,AMAL,Amal Limited,INE841D01013,Unknown,Unknown,EQ,2026-08-17,Unknown,0.0,0.0,0.0,0.0
9094,AMAL-RE,Amal Ltd,INE841D20013,Unknown,Unknown,EQ,,Unknown,0.0,0.0,0.0,0.0
3226,AMALGAM,Amalgamated Electricity Co. Ltd.,INE492N01022,Unknown,Unknown,EQ,,Unknown,0.0,0.0,0.0,0.0
8356,AMANAYA,AMANAYA VENTURES LIMITED,INE0G1V01016,Unknown,Unknown,EQ,,Unknown,0.0,0.0,0.0,0.0
142,AMANTA,Amanta Healthcare Limited,INE084K01015,Unknown,Unknown,BE,2025-09-09,Unknown,0.0,0.0,0.0,0.0
6822,AMAR,Amar Remedies Ltd.,INE787G01011,Unknown,Unknown,EQ,,Unknown,0.0,0.0,0.0,0.0
4011,AMARVAN,Amar Vanijya Ltd.,INE499F01015,Unknown,Unknown,EQ,,Unknown,0.0,0.0,0.0,0.0
191,ARE&M,Amara Raja Energy & Mobility Limited,INE885A01032,Unknown,Unknown,EQ,2003-09-05,Unknown,0.0,0.0,0.0,0.0
143,AMARJOTHI,Amarjothi Spinning Mills Limited,INE484D01012,Unknown,Unknown,EQ,2026-08-17,Unknown,0.0,0.0,0.0,0.0
7241,AMARSEC,Amarnath Securities Ltd.,INE745P01010,Unknown,Unknown,EQ,,Unknown,0.0,0.0,0.0,0.0
7489,AEL,Amba Enterprises Ltd.,INE829P01020,Unknown,Unknown,EQ,,Unknown,0.0,0.0,0.0,0.0
144,AMBALALSA,Ambalal Sarabhai Enterprises Limited,INE432A01017,Unknown,Unknown,BE,2026-04-20,Unknown,0.0,0.0,0.0,0.0
4426,AMBARPIL,Ambar Protein Industries Limited,INE072V01017,Unknown,Unknown,EQ,,Unknown,0.0,0.0,0.0,0.0
8087,AIHL,AMBASSADOR INTRA HOLDINGS LIMITED,INE342U01016,Unknown,Unknown,EQ,,Unknown,0.0,0.0,0.0,0.0
145,AMBER,Amber Enterprises India Limited,INE371P01015,Unknown,Unknown,EQ,2018-01-30,Unknown,0.0,0.0,0.0,0.0
146,AMBICAAGAR,Ambica Agarbathies & Aroma industries Limited,INE792B01012,Unknown,Unknown,EQ,2004-06-29,Unknown,0.0,0.0,0.0,0.0
147,AMBIKCO,Ambika Cotton Mills Limited,INE540G01014,Unknown,Unknown,EQ,2008-01-29,Unknown,0.0,0.0,0.0,0.0
7505,AMBITION,Ambition Mica Limited,INE563S01011,Unknown,Unknown,EQ,,Unknown,0.0,0.0,0.0,0.0
4932,AMBIT,Ambitious Plastomac Ltd.,INE267C01013,Unknown,Unknown,EQ,,Unknown,0.0,0.0,0.0,0.0
8335,AMBOAGRI,AMBO AGRITEC LIMITED,INE0N6V01016,Unknown,Unknown,EQ,,Unknown,0.0,0.0,0.0,0.0
6664,AMBCEMES,Ambuja Cement Eastern Ltd.,INE073B01017,Unknown,Unknown,EQ,,Unknown,0.0,0.0,0.0,0.0
3037,AMBUJACEMR,Ambuja Cement Rajasthan Ltd,INE125A01017,Unknown,Unknown,EQ,,Unknown,0.0,0.0,0.0,0.0
148,AMBUJACEM,Ambuja Cements Limited,INE079A01024,Unknown,Unknown,EQ,1998-02-18,Unknown,0.0,0.0,0.0,0.0
5113,AMCOIND,Amco India Ltd.,INE924B01011,Unknown,Unknown,EQ,,Unknown,0.0,0.0,0.0,0.0
149,AMDIND,AMD Industries Limited,INE005I01014,Unknown,Unknown,EQ,2007-03-19,Unknown,0.0,0.0,0.0,0.0
8641,AMEENJI,AMEENJI RUBBER LIMITED ,INE14QA01016,Unknown,Unknown,EQ,,Unknown,0.0,0.0,0.0,0.0
6291,AMEREDM,American Remidies Ltd.,INE315A01014,Unknown,Unknown,EQ,,Unknown,0.0,0.0,0.0,0.0
6381,AMERISE,AMERISE BIOSCIENCES LIMITED,INE673C01020,Unknown,Unknown,EQ,,Unknown,0.0,0.0,0.0,0.0
4045,AMFORG,Amforge Industries Ltd.,INE991A01020,Unknown,Unknown,EQ,,Unknown,0.0,0.0,0.0,0.0
5030,AMICOMP,Ami Computers (i) Ltd.,INE079B01014,Unknown,Unknown,EQ,,Unknown,0.0,0.0,0.0,0.0
8419,AMIC,Amic Forging Limited,INE0P9J01013,Unknown,Unknown,EQ,,Unknown,0.0,0.0,0.0,0.0
8032,AMINTAN,AMIN TANNERY LIMITED,INE572Z01017,Unknown,Unknown,EQ,,Unknown,0.0,0.0,0.0,0.0
151,AMNPLST,Amines & Plasticizers Limited,INE275D01022,Unknown,Unknown,EQ,2023-11-10,Unknown,0.0,0.0,0.0,0.0
85,AEROPLANE,Amir Chand Jagdish Kumar (Exports) Limited,INE05TO01019,Unknown,Unknown,EQ,2026-04-02,Unknown,0.0,0.0,0.0,0.0
5517,AMITINT,Amit International Ltd.,INE053D01015,Unknown,Unknown,EQ,,Unknown,0.0,0.0,0.0,0.0
6305,AMITSEC,Amit Securities Ltd.,INE137E01014,Unknown,Unknown,EQ,,Unknown,0.0,0.0,0.0,0.0
4490,ASIL,Amit Spinning Industries Ltd.,INE988A01026,Unknown,Unknown,EQ,,Unknown,0.0,0.0,0.0,0.0
150,AMJLAND,Amj Land Holdings Limited,INE606A01024,Unknown,Unknown,EQ,1995-02-08,Unknown,0.0,0.0,0.0,0.0
8459,AMKAY,Amkay Products Limited,INE0QSB01016,Unknown,Unknown,EQ,,Unknown,0.0,0.0,0.0,0.0
9125,AMPL-RE,AMPL Capital Limited,INE727C20016,Unknown,Unknown,EQ,,Unknown,0.0,0.0,0.0,0.0
7617,AMPL,AMPL Capital Limited,INE727C01024,Unknown,Unknown,EQ,,Unknown,0.0,0.0,0.0,0.0
9146,AMPVOLTSRE,AMPVOLTS LIMITED,INE989J20017,Unknown,Unknown,EQ,,Unknown,0.0,0.0,0.0,0.0
7117,AMPVOLTS,AMPVOLTS LIMITED,INE989J01017,Unknown,Unknown,EQ,,Unknown,0.0,0.0,0.0,0.0
9599,AMPVOLTSPP,AMPVOLTS LIMITED,IN9989J01023,Unknown,Unknown,EQ,,Unknown,0.0,0.0,0.0,0.0
7137,ACFSL,Amrapali Capital and Finance Services Limited,INE218P01018,Unknown,Unknown,EQ,,Unknown,0.0,0.0,0.0,0.0
4494,AMRAPALI,Amrapali Developers (India) Ltd.,INE761C01015,Unknown,Unknown,EQ,,Unknown,0.0,0.0,0.0,0.0
7516,AMRAFIN,Amrapali Fincap Limited,INE990S01016,Unknown,Unknown,EQ,,Unknown,0.0,0.0,0.0,0.0
4902,AMRAPLIN,Amrapali Industries Ltd,INE762C01021,Unknown,Unknown,EQ,,Unknown,0.0,0.0,0.0,0.0
6566,AMRAAGRI,Amraworld Agrico Ltd.,INE735C01027,Unknown,Unknown,EQ,,Unknown,0.0,0.0,0.0,0.0
6408,AMRITBANA,AMRIT BANASPATI COMPANY LTD,INE221G01029,Unknown,Unknown,EQ,,Unknown,0.0,0.0,0.0,0.0
8948,AMRITBNPS,AMRIT BANASPATI COMPANY LTD,INE221G04015,Unknown,Unknown,EQ,,Unknown,0.0,0.0,0.0,0.0
3589,AMRITCORP,Amrit Corp Limited,INE866E01026,Unknown,Unknown,EQ,,Unknown,0.0,0.0,0.0,0.0
152,AMRUTANJAN,Amrutanjan Health Care Limited,INE098F01031,Unknown,Unknown,EQ,2015-01-02,Unknown,0.0,0.0,0.0,0.0
7708,AMS,AMS POLYMERS LIMITED,INE345U01019,Unknown,Unknown,EQ,,Unknown,0.0,0.0,0.0,0.0
7365,AMSONS,Amsons Apparels Limited,INE812P01018,Unknown,Unknown,EQ,,Unknown,0.0,0.0,0.0,0.0
4459,AMTEKAUTO,Amtek Auto Ltd,INE130C01021,Unknown,Unknown,EQ,,Unknown,0.0,0.0,0.0,0.0
8539,AMWILL,Amwill Health Care Limited,INE0U2L01017,Unknown,Unknown,EQ,,Unknown,0.0,0.0,0.0,0.0
3698,AMZLAUT,Amzel Automotive Ltd.,INE644G01014,Unknown,Unknown,EQ,,Unknown,0.0,0.0,0.0,0.0
3887,ANGFNDM,"Anagram Finance Limited,",INE033A01013,Unknown,Unknown,EQ,,Unknown,0.0,0.0,0.0,0.0
6379,ANANDCR,Anand Credit Ltd.,INE703J01012,Unknown,Unknown,EQ,,Unknown,0.0,0.0,0.0,0.0
3227,ANANDPROJ,Anand Projects Ltd,INE134R01013,Unknown,Unknown,EQ,,Unknown,0.0,0.0,0.0,0.0
204,ARSSBL,Anand Rathi Share and Stock Brokers Limited,INE549H01021,Unknown,Unknown,EQ,2025-09-30,Unknown,0.0,0.0,0.0,0.0
153,ANANDRATHI,Anand Rathi Wealth Limited,INE463V01026,Unknown,Unknown,EQ,2021-12-14,Unknown,0.0,0.0,0.0,0.0
8106,ARL,Anand Rayons Limited,INE02GA01012,Unknown,Unknown,EQ,,Unknown,0.0,0.0,0.0,0.0
154,ANANTRAJ,Anant Raj Limited,INE242C01024,Unknown,Unknown,EQ,2006-09-27,Unknown,0.0,0.0,0.0,0.0
4331,ANCO,Anco Communications Ltd.,INE541B01013,Unknown,Unknown,EQ,,Unknown,0.0,0.0,0.0,0.0
6759,ANDHRABANK,Andhra Bank,INE434A01013,Unknown,Unknown,EQ,,Unknown,0.0,0.0,0.0,0.0
57,ACL,Andhra Cements Limited,INE666E01020,Unknown,Unknown,EQ,2023-05-10,Unknown,0.0,0.0,0.0,0.0
155,ANDHRAPAP,ANDHRA PAPER LIMITED,INE435A01051,Unknown,Unknown,EQ,2004-05-13,Unknown,0.0,0.0,0.0,0.0
2989,ANDHRAPET,Andhra Petrochemicals Ltd.,INE714B01016,Unknown,Unknown,EQ,,Unknown,0.0,0.0,0.0,0.0
3700,APTANN,Andhra Pradesh Tanneries Ltd.,INE628Y01010,Unknown,Unknown,EQ,,Unknown,0.0,0.0,0.0,0.0
3011,ANVALDM,Andhra Valley Power Supply Company,INE247A01019,Unknown,Unknown,EQ,,Unknown,0.0,0.0,0.0,0.0
157,ANDREWYU,Andrew Yule & Company Limited,INE449C01025,Unknown,Unknown,EQ,2026-08-17,Unknown,0.0,0.0,0.0,0.0
5487,ANERI,ANERI FINCAP LIMITED,INE720D01019,Unknown,Unknown,EQ,,Unknown,0.0,0.0,0.0,0.0
5290,ANGIND,ANG Industries Limited,INE017D01010,Unknown,Unknown,EQ,,Unknown,0.0,0.0,0.0,0.0
7867,ANG,ANG Lifesciences India Limited,INE236W01016,Unknown,Unknown,EQ,,Unknown,0.0,0.0,0.0,0.0
7959,ANGEL,Angel Fibers Limited,INE339Z01011,Unknown,Unknown,EQ,,Unknown,0.0,0.0,0.0,0.0
158,ANGELONE,Angel One Limited,INE732I01021,Unknown,Unknown,EQ,2020-10-05,Unknown,0.0,0.0,0.0,0.0
159,ANIKINDS,Anik Industries Limited,INE087B01017,Unknown,Unknown,EQ,2008-05-21,Unknown,0.0,0.0,0.0,0.0
6916,ANILLTD,Anil Limited,INE125E01019,Unknown,Unknown,EQ,,Unknown,0.0,0.0,0.0,0.0
3372,ANILSPL,Anil Special Steel Industries Ltd,INE904B01013,Unknown,Unknown,EQ,,Unknown,0.0,0.0,0.0,0.0
5282,ANIRIT,ANIRIT VENTURES LIMITED,INE161F01011,Unknown,Unknown,EQ,,Unknown,0.0,0.0,0.0,0.0
9393,ANIRIT-RE,ANIRIT VENTURES LIMITED,INE161F20011,Unknown,Unknown,EQ,,Unknown,0.0,0.0,0.0,0.0
9636,ANIRITPP,ANIRIT VENTURES LIMITED,IN9161F01019,Unknown,Unknown,EQ,,Unknown,0.0,0.0,0.0,0.0
6492,ANJANIFIN,Anjani Finance Ltd,INE283D01018,Unknown,Unknown,EQ,,Unknown,0.0,0.0,0.0,0.0
3767,ANJANIFOODS,Anjani Foods Limited,INE096I01021,Unknown,Unknown,EQ,,Unknown,0.0,0.0,0.0,0.0
173,APCL,Anjani Portland Cement Limited,INE071F01012,Unknown,Unknown,EQ,2017-04-10,Unknown,0.0,0.0,0.0,0.0
9071,APCL-RE,Anjani Portland Cement Ltd.,INE071F20012,Unknown,Unknown,EQ,,Unknown,0.0,0.0,0.0,0.0
5473,ANJANI,Anjani Synthetics Limited,INE364D01032,Unknown,Unknown,EQ,,Unknown,0.0,0.0,0.0,0.0
6374,ANKIN,Anka India Ltd.,INE067C01025,Unknown,Unknown,EQ,,Unknown,0.0,0.0,0.0,0.0
160,ANKITMETAL,Ankit Metal & Power Limited,INE106I01010,Unknown,Unknown,BZ,2013-03-14,Unknown,0.0,0.0,0.0,0.0
6383,ANKURDRUGS,Ankur Drugs & Pharma Ltd,INE238D01012,Unknown,Unknown,EQ,,Unknown,0.0,0.0,0.0,0.0
6279,ANKUSHFI,Ankush Finstock ltd.,INE784D01015,Unknown,Unknown,EQ,,Unknown,0.0,0.0,0.0,0.0
100,AHCL,Anlon Healthcare Limited,INE0Y8W01025,Unknown,Unknown,EQ,2025-09-03,Unknown,0.0,0.0,0.0,0.0
161,ANMOL,Anmol India Limited,INE02AR01019,Unknown,Unknown,EQ,2021-06-04,Unknown,0.0,0.0,0.0,0.0
5318,ANNAINFRA,Anna Infrastructures Ltd,INE336D01014,Unknown,Unknown,EQ,,Unknown,0.0,0.0,0.0,0.0
4053,ANNFODM,Annapurna Foils Ltd.,INE566C01018,Unknown,Unknown,EQ,,Unknown,0.0,0.0,0.0,0.0
162,ANNAPURNA,Annapurna Swadisht Limited,INE0MGM01017,Unknown,Unknown,EQ,2026-08-12,Unknown,0.0,0.0,0.0,0.0
163,ANNU,Annu Projects Limited,INE103001017,Unknown,Unknown,BE,2026-09-02,Unknown,0.0,0.0,0.0,0.0
9293,ANVRDH-RE,ANNVRRIDHHI VENTURES LIMITED,INE075K20013,Unknown,Unknown,EQ,,Unknown,0.0,0.0,0.0,0.0
9379,ANVRDHI-RE,ANNVRRIDHHI VENTURES LIMITED,INE075K20021,Unknown,Unknown,EQ,,Unknown,0.0,0.0,0.0,0.0
7252,ANVRDHI,ANNVRRIDHHI VENTURES LIMITED,INE075K01013,Unknown,Unknown,EQ,,Unknown,0.0,0.0,0.0,0.0
9634,ANNVRPP,ANNVRRIDHHI VENTURES LIMITED,IN9075K01029,Unknown,Unknown,EQ,,Unknown,0.0,0.0,0.0,0.0
6220,ANSINDUS,ANS Limited,INE234J01018,Unknown,Unknown,EQ,,Unknown,0.0,0.0,0.0,0.0
165,ANSALBU,Ansal Buildwell Limited,INE030C01015,Unknown,Unknown,EQ,2026-08-17,Unknown,0.0,0.0,0.0,0.0
3613,ANSALHSG,ANSAL HOUSING LIMITED,INE880B01015,Unknown,Unknown,EQ,,Unknown,0.0,0.0,0.0,0.0
164,ANSALAPI,Ansal Properties & Infrastructure Limited,INE436A01026,Unknown,Unknown,BZ,2006-01-27,Unknown,0.0,0.0,0.0,0.0
167,ANTGRAPHIC,Antarctica Limited,INE414B01021,Unknown,Unknown,EQ,1997-12-31,Unknown,0.0,0.0,0.0,0.0
3211,ANTARIKSH,ANTARIKSH INDUSTRIES LIMITED,INE825M01017,Unknown,Unknown,EQ,,Unknown,0.0,0.0,0.0,0.0
166,ANTELOPUS,Antelopus Selan Energy Limited,INE818A01017,Unknown,Unknown,EQ,2006-09-26,Unknown,0.0,0.0,0.0,0.0
168,ANTHEM,Anthem Biosciences Limited,INE0CZ201020,Unknown,Unknown,EQ,2025-07-21,Unknown,0.0,0.0,0.0,0.0
270,AWHCL,Antony Waste Handling Cell Limited,INE01BK01022,Unknown,Unknown,EQ,2021-01-01,Unknown,0.0,0.0,0.0,0.0
6944,ANULABS,Anu's Laboratories Ltd,INE450H01022,Unknown,Unknown,EQ,,Unknown,0.0,0.0,0.0,0.0
8790,ANUBHAV,ANUBHAV PLAST LIMITED,INE1O7201010,Unknown,Unknown,EQ,,Unknown,0.0,0.0,0.0,0.0
169,ANUHPHR,Anuh Pharma Limited,INE489G01022,Unknown,Unknown,EQ,2024-12-20,Unknown,0.0,0.0,0.0,0.0
3974,ZANUKCOM,Anukaran Commercial  Enterprises Lt,INE090G01028,Unknown,Unknown,EQ,,Unknown,0.0,0.0,0.0,0.0
3474,ANUPMAL,Anup Malleable Ltd.,INE188O01016,Unknown,Unknown,EQ,,Unknown,0.0,0.0,0.0,0.0
9267,ANUFIN-RE,ANUPAM FINSERV LIMITED,INE069B20015,Unknown,Unknown,EQ,,Unknown,0.0,0.0,0.0,0.0
5105,ANUPAM,ANUPAM FINSERV LIMITED,INE069B01023,Unknown,Unknown,EQ,,Unknown,0.0,0.0,0.0,0.0
171,ANURAS,Anupam Rasayan India Limited,INE930P01018,Unknown,Unknown,EQ,2021-03-24,Unknown,0.0,0.0,0.0,0.0
9002,ANUROOP-RE,Anuroop Packaging Limited,INE490Z20012,Unknown,Unknown,EQ,,Unknown,0.0,0.0,0.0,0.0
8154,ANUROOP,Anuroop Packaging Limited,INE490Z01012,Unknown,Unknown,EQ,,Unknown,0.0,0.0,0.0,0.0
172,APARINDS,Apar Industries Limited,INE372A01015,Unknown,Unknown,EQ,2004-07-12,Unknown,0.0,0.0,0.0,0.0
8920,APARI,Apar Industries Ltd,INE372A04019,Unknown,Unknown,EQ,,Unknown,0.0,0.0,0.0,0.0
174,APCOTEXIND,Apcotex Industries Limited,INE116A01032,Unknown,Unknown,EQ,1995-09-06,Unknown,0.0,0.0,0.0,0.0
1680,PARKHOTELS,Apeejay Surrendra Park Hotels Limited,INE988S01028,Unknown,Unknown,EQ,2024-02-12,Unknown,0.0,0.0,0.0,0.0
7975,ACFL,APEX CAPITAL AND FINANCE LIMITED,INE758W01019,Unknown,Unknown,EQ,,Unknown,0.0,0.0,0.0,0.0
175,APEX,Apex Frozen Foods Limited,INE346W01013,Unknown,Unknown,EQ,2017-09-04,Unknown,0.0,0.0,0.0,0.0
3491,APIS,Apis India Ltd,INE070K01014,Unknown,Unknown,EQ,,Unknown,0.0,0.0,0.0,0.0
176,APLAPOLLO,APL Apollo Tubes Limited,INE702C01027,Unknown,Unknown,EQ,2011-12-14,Unknown,0.0,0.0,0.0,0.0
4272,APLAB,Aplab Ltd.,INE273A01015,Unknown,Unknown,EQ,,Unknown,0.0,0.0,0.0,0.0
8986,APLAB-RE,Aplab Ltd.,INE273A20015,Unknown,Unknown,EQ,,Unknown,0.0,0.0,0.0,0.0
9314,APLAB-RE1,Aplab Ltd.,INE273A20023,Unknown,Unknown,EQ,,Unknown,0.0,0.0,0.0,0.0
9622,APLABPP,Aplab Ltd.,IN9273A01047,Unknown,Unknown,EQ,,Unknown,0.0,0.0,0.0,0.0
3749,APLAYA,Aplaya Creations Limited,INE099M01027,Unknown,Unknown,EQ,,Unknown,0.0,0.0,0.0,0.0
4653,APMIN,APM Industries Ltd.,INE170D01025,Unknown,Unknown,EQ,,Unknown,0.0,0.0,0.0,0.0
3994,APOLLOFI,Apollo Finvest (India) Ltd.,INE412D01013,Unknown,Unknown,EQ,,Unknown,0.0,0.0,0.0,0.0
179,APOLLOHOSP,Apollo Hospitals Enterprise Limited,INE437A01024,Unknown,Unknown,EQ,1996-01-10,Unknown,0.0,0.0,0.0,0.0
9333,APOLLOI-RE,Apollo Ingredients Limited,INE314N20010,Unknown,Unknown,EQ,,Unknown,0.0,0.0,0.0,0.0
3289,APOLLOIN,Apollo Ingredients Limited,INE314N01028,Unknown,Unknown,EQ,,Unknown,0.0,0.0,0.0,0.0
178,APOLLO,Apollo Micro Systems Limited,INE713T01028,Unknown,Unknown,EQ,2018-01-22,Unknown,0.0,0.0,0.0,0.0
180,APOLLOPIPE,Apollo Pipes Limited,INE126J01016,Unknown,Unknown,EQ,2019-11-11,Unknown,0.0,0.0,0.0,0.0
182,APOLSINHOT,Apollo Sindoori Hotels Limited,INE451F01024,Unknown,Unknown,EQ,2015-01-28,Unknown,0.0,0.0,0.0,0.0
8710,ATIL,APOLLO TECHNO INDUSTRIES LIMITED,INE0X4A01013,Unknown,Unknown,EQ,,Unknown,0.0,0.0,0.0,0.0
7264,APOLLOTRI,APOLLO TRICOAT TUBES LIMITED,INE919P01029,Unknown,Unknown,EQ,,Unknown,0.0,0.0,0.0,0.0
181,APOLLOTYRE,Apollo Tyres Limited,INE438A01022,Unknown,Unknown,EQ,1995-05-31,Unknown,0.0,0.0,0.0,0.0
183,APOORVA,Apoorva Leasing Finance and Investment Company Limited,INE217S01014,Unknown,Unknown,EQ,2026-08-17,Unknown,0.0,0.0,0.0,0.0
5450,APAMUSE,Apple Amusement Industries Ltd.,INE212D01017,Unknown,Unknown,EQ,,Unknown,0.0,0.0,0.0,0.0
3787,APPLECREDT,Apple Credit Corporation Ltd,INE212A01013,Unknown,Unknown,EQ,,Unknown,0.0,0.0,0.0,0.0
3305,APR,APR Ltd.,INE193A01015,Unknown,Unknown,EQ,,Unknown,0.0,0.0,0.0,0.0
3553,APTPACK,Apt Packaging Ltd,INE046E01025,Unknown,Unknown,EQ,,Unknown,0.0,0.0,0.0,0.0
184,APTECHT,Aptech Limited,INE266F01018,Unknown,Unknown,BE,2002-09-27,Unknown,0.0,0.0,0.0,0.0
8626,APPL,Aptus Pharma Limited,INE15XJ01010,Unknown,Unknown,EQ,,Unknown,0.0,0.0,0.0,0.0
185,APTUS,Aptus Value Housing Finance India Limited,INE852O01025,Unknown,Unknown,EQ,2021-08-24,Unknown,0.0,0.0,0.0,0.0
6991,AQUA,Aqua Logistics Limited,INE544K01026,Unknown,Unknown,EQ,,Unknown,0.0,0.0,0.0,0.0
186,AQYLON,Aqylon Nexus Limited,INE416A01051,Unknown,Unknown,EQ,2024-04-01,Unknown,0.0,0.0,0.0,0.0
7559,ARAMBHAN,Arambhan Hospitality Services Limited,INE800S01017,Unknown,Unknown,EQ,,Unknown,0.0,0.0,0.0,0.0
6605,ARAMUSK,Aramusk Infrastructure Investments Ltd,INE126F01014,Unknown,Unknown,EQ,,Unknown,0.0,0.0,0.0,0.0
3971,ARAVALIS,Aravali Securities & Finance Ltd.,INE068C01015,Unknown,Unknown,EQ,,Unknown,0.0,0.0,0.0,0.0
7726,ARCFIN,ARC Finance Limited,INE202R01026,Unknown,Unknown,EQ,,Unknown,0.0,0.0,0.0,0.0
9235,ARCFIN-RE,ARC Finance Limited,INE202R20018,Unknown,Unknown,EQ,,Unknown,0.0,0.0,0.0,0.0
4465,ARCEEIN,Arcee Indusrtries ltd.,INE276D01012,Unknown,Unknown,EQ,,Unknown,0.0,0.0,0.0,0.0
56,ACI,Archean Chemical Industries Limited,INE128X01021,Unknown,Unknown,EQ,2022-11-21,Unknown,0.0,0.0,0.0,0.0
68,ADL,Archidply Decor Limited,INE0CHO01012,Unknown,Unknown,EQ,2020-10-01,Unknown,0.0,0.0,0.0,0.0
187,ARCHIDPLY,Archidply Industries Limited,INE877I01016,Unknown,Unknown,EQ,2008-07-04,Unknown,0.0,0.0,0.0,0.0
188,ARCHIES,Archies Limited,INE731A01020,Unknown,Unknown,EQ,1998-09-02,Unknown,0.0,0.0,0.0,0.0
4812,ARCHITORG,Archit Organosys Limited,INE078I01011,Unknown,Unknown,EQ,,Unknown,0.0,0.0,0.0,0.0
9547,ARCHITORGPP,Archit Organosys Limited,IN9078I01019,Unknown,Unknown,EQ,,Unknown,0.0,0.0,0.0,0.0
189,ARCL,ARCL Organics Limited,INE372M01010,Unknown,Unknown,EQ,2026-08-17,Unknown,0.0,0.0,0.0,0.0
3745,ZARCOLEA,Arco Leasing Ltd.,INE955S01019,Unknown,Unknown,EQ,,Unknown,0.0,0.0,0.0,0.0
6920,ARCOTECH,Arcotech Limited (Formerly SKS Ltd),INE574I01035,Unknown,Unknown,EQ,,Unknown,0.0,0.0,0.0,0.0
5158,ARCUTTIP,Arcuttipore Tea Co. Ltd.,INE674C01010,Unknown,Unknown,EQ,,Unknown,0.0,0.0,0.0,0.0
190,ARDEE,Ardee Industries Limited,INE0XNF01022,Unknown,Unknown,EQ,2026-08-12,Unknown,0.0,0.0,0.0,0.0
3359,ARDIALL,Ardi Alliances Limited,INE0LKP01014,Unknown,Unknown,EQ,,Unknown,0.0,0.0,0.0,0.0
5040,AREXMIS,Arex Industries Ltd.,INE480H01011,Unknown,Unknown,EQ,,Unknown,0.0,0.0,0.0,0.0
193,ARFIN,Arfin India Limited,INE784R01023,Unknown,Unknown,EQ,2025-07-22,Unknown,0.0,0.0,0.0,0.0
3692,ARICONS,ARI Consolidated Investments Ltd.,INE233I01012,Unknown,Unknown,EQ,,Unknown,0.0,0.0,0.0,0.0
194,ARIES,Aries Agro Limited,INE298I01015,Unknown,Unknown,EQ,2008-01-11,Unknown,0.0,0.0,0.0,0.0
5161,ARIGATO,ARIGATO UNIVERSE LIMITED,INE021N01011,Unknown,Unknown,EQ,,Unknown,0.0,0.0,0.0,0.0
196,ARIHANTCAP,Arihant Capital Markets Limited,INE420B01036,Unknown,Unknown,EQ,2021-06-15,Unknown,0.0,0.0,0.0,0.0
6274,ARIHCLAF,Arihant Classic Finance Ltd.,INE763C01011,Unknown,Unknown,EQ,,Unknown,0.0,0.0,0.0,0.0
4154,ARIHANTCOT,Arihant Cotsyn Ltd.,INE925B01018,Unknown,Unknown,EQ,,Unknown,0.0,0.0,0.0,0.0
4037,ARIHENT,Arihant Enterprise Ltd.,INE154D01011,Unknown,Unknown,EQ,,Unknown,0.0,0.0,0.0,0.0
195,ARIHANT,Arihant Foundations & Housing Limited,INE413D01011,Unknown,Unknown,EQ,2026-04-20,Unknown,0.0,0.0,0.0,0.0
3321,ARIHANTIND,Arihant Industries  Ltd.,INE332C01015,Unknown,Unknown,EQ,,Unknown,0.0,0.0,0.0,0.0
8001,ARIHANTINS,Arihant Institute Limited,INE997Z01016,Unknown,Unknown,EQ,,Unknown,0.0,0.0,0.0,0.0
197,ARIHANTSUP,Arihant Superstructures Limited,INE643K01018,Unknown,Unknown,EQ,2017-03-28,Unknown,0.0,0.0,0.0,0.0
4224,ARIHANTRED,Arihant Threads Ltd.,INE747A01018,Unknown,Unknown,EQ,,Unknown,0.0,0.0,0.0,0.0
5384,ARISE,Arihants Securities ltd.,INE190D01015,Unknown,Unknown,EQ,,Unknown,0.0,0.0,0.0,0.0
6378,ARISINT,Aris International Limited,INE588E01026,Unknown,Unknown,EQ,,Unknown,0.0,0.0,0.0,0.0
198,ARIS,Arisinfra Solutions Limited,INE0H9P01028,Unknown,Unknown,EQ,2025-06-25,Unknown,0.0,0.0,0.0,0.0
8719,ARITAS,Aritas Vinyl Limited,INE1D8001016,Unknown,Unknown,EQ,,Unknown,0.0,0.0,0.0,0.0
199,ARKADE,Arkade Developers Limited,INE0QRL01017,Unknown,Unknown,EQ,2024-09-24,Unknown,0.0,0.0,0.0,0.0
200,ARMANFIN,Arman Financial Services Limited,INE109C01017,Unknown,Unknown,EQ,2016-06-14,Unknown,0.0,0.0,0.0,0.0
7259,ARMAN,Arman Holdings Limited,INE510P01018,Unknown,Unknown,EQ,,Unknown,0.0,0.0,0.0,0.0
6251,ARNAVCORP,Arnav Corporation Limited,INE647D01014,Unknown,Unknown,EQ,,Unknown,0.0,0.0,0.0,0.0
7153,ARNOLD,Arnold Holdings Ltd,INE185K01036,Unknown,Unknown,EQ,,Unknown,0.0,0.0,0.0,0.0
201,AROGRANITE,Aro Granite Industries Limited,INE210C01013,Unknown,Unknown,EQ,2007-04-24,Unknown,0.0,0.0,0.0,0.0
6306,AROMAENT,Aroma Enterprises (India) Ltd.,INE371M01012,Unknown,Unknown,EQ,,Unknown,0.0,0.0,0.0,0.0
3954,ARONICOMM,Aroni Commercials Limited,INE484B01016,Unknown,Unknown,EQ,,Unknown,0.0,0.0,0.0,0.0
4509,ARORAFIB,Arora Fibres Ltd.,INE487D01023,Unknown,Unknown,EQ,,Unknown,0.0,0.0,0.0,0.0
4598,ARPLC,Arpan Leasing Limited,INE080E01016,Unknown,Unknown,EQ,,Unknown,0.0,0.0,0.0,0.0
202,ARROWGREEN,Arrow Greentech Limited,INE570D01018,Unknown,Unknown,BE,2015-05-21,Unknown,0.0,0.0,0.0,0.0
6972,ARROWTEX,Arrow Textiles Limited,INE933J01015,Unknown,Unknown,EQ,,Unknown,0.0,0.0,0.0,0.0
8935,ARROWPS,Arrow Webtex Ltd.,INE397A04016,Unknown,Unknown,EQ,,Unknown,0.0,0.0,0.0,0.0
203,ARSHIYA,Arshiya Limited,INE968D01022,Unknown,Unknown,BZ,2009-12-14,Unknown,0.0,0.0,0.0,0.0
6992,ARSSINFRA,ARSS Infrastructure Projects Limited,INE267I01010,Unknown,Unknown,EQ,,Unknown,0.0,0.0,0.0,0.0
206,ARTNIRMAN,Art Nirman Limited,INE738V01013,Unknown,Unknown,EQ,2021-10-18,Unknown,0.0,0.0,0.0,0.0
4337,APTL,Artech Power & Trading Limited,INE421N01021,Unknown,Unknown,EQ,,Unknown,0.0,0.0,0.0,0.0
5515,ARTEFACT,Artefact Projects Ltd,INE885B01014,Unknown,Unknown,EQ,,Unknown,0.0,0.0,0.0,0.0
8223,ARTEMISADR,Artemis ADR Marketplace Limited,INE0D9X01018,Unknown,Unknown,EQ,,Unknown,0.0,0.0,0.0,0.0
80,AEPL,Artemis Electricals and Projects Limited,INE757T01025,Unknown,Unknown,EQ,2026-03-12,Unknown,0.0,0.0,0.0,0.0
7839,ARTEMIS,Artemis Global Life Sciences Limited,INE517U01013,Unknown,Unknown,EQ,,Unknown,0.0,0.0,0.0,0.0
205,ARTEMISMED,Artemis Medicare Services Limited,INE025R01021,Unknown,Unknown,EQ,2020-01-23,Unknown,0.0,0.0,0.0,0.0
4934,AEIM,Artificial Electronics Intelligent Material Limited,INE072B01027,Unknown,Unknown,EQ,,Unknown,0.0,0.0,0.0,0.0
4036,ARTIBIOIN,Artillegence Bio-Innovations Ltd,INE576F01010,Unknown,Unknown,EQ,,Unknown,0.0,0.0,0.0,0.0
4546,ARTSON,ARTSON LIMITED,INE133D01023,Unknown,Unknown,EQ,,Unknown,0.0,0.0,0.0,0.0
2992,ARUNAHTEL,Aruna Hotels Ltd.,INE957C01019,Unknown,Unknown,EQ,,Unknown,0.0,0.0,0.0,0.0
8995,ARUNA-RE,Aruna Hotels Ltd.,INE957C20019,Unknown,Unknown,EQ,,Unknown,0.0,0.0,0.0,0.0
5339,ABVL,Arunjyoti Bio Ventures Limited ,INE485K01022,Unknown,Unknown,EQ,,Unknown,0.0,0.0,0.0,0.0
9161,ABVL-RE,Arunjyoti Bio Ventures Limited ,INE485K20014,Unknown,Unknown,EQ,,Unknown,0.0,0.0,0.0,0.0
3266,ARUNODAY,Arunoday Mills Ltd.,INE469E01011,Unknown,Unknown,EQ,,Unknown,0.0,0.0,0.0,0.0
4104,ARUR,ARUR FOOTWEAR LIMITED,INE329C01011,Unknown,Unknown,EQ,,Unknown,0.0,0.0,0.0,0.0
4830,ARVAYA,Arvaya Healthcare Limited,INE491D01017,Unknown,Unknown,EQ,,Unknown,0.0,0.0,0.0,0.0
207,ARVEE,Arvee Laboratories (India) Limited,INE006Z01016,Unknown,Unknown,EQ,2021-03-22,Unknown,0.0,0.0,0.0,0.0
209,ARVINDFASN,Arvind Fashions Limited,INE955V01021,Unknown,Unknown,EQ,2019-03-08,Unknown,0.0,0.0,0.0,0.0
8978,AFL-RE,Arvind Fashions Limited,INE955V20021,Unknown,Unknown,EQ,,Unknown,0.0,0.0,0.0,0.0
8958,ARVINDF-RE,Arvind Fashions Limited,INE955V20013,Unknown,Unknown,EQ,,Unknown,0.0,0.0,0.0,0.0
9558,AFLPP,Arvind Fashions Limited,IN9955V01011,Unknown,Unknown,EQ,,Unknown,0.0,0.0,0.0,0.0
4839,ARVINDIN,Arvind International ltd.,INE512C01012,Unknown,Unknown,EQ,,Unknown,0.0,0.0,0.0,0.0
208,ARVIND,Arvind Limited,INE034A01011,Unknown,Unknown,EQ,1995-02-08,Unknown,0.0,0.0,0.0,0.0
9503,ARVMIPP,Arvind Ltd.,IN9034A01019,Unknown,Unknown,EQ,,Unknown,0.0,0.0,0.0,0.0
2993,ARPOLDM,Arvind Polycot Limited,INE035A01018,Unknown,Unknown,EQ,,Unknown,0.0,0.0,0.0,0.0
6780,ARVINPRO,Arvind Products Ltd,INE764A01013,Unknown,Unknown,EQ,,Unknown,0.0,0.0,0.0,0.0
6461,ARVINDREM,Arvind Remedies ltd.,INE211C01037,Unknown,Unknown,EQ,,Unknown,0.0,0.0,0.0,0.0
210,ARVSMART,Arvind SmartSpaces Limited,INE034S01021,Unknown,Unknown,EQ,2015-08-26,Unknown,0.0,0.0,0.0,0.0
7311,ARYACAPM,Aryaman Capital Markets Limited,INE229R01011,Unknown,Unknown,EQ,,Unknown,0.0,0.0,0.0,0.0
211,ARYAMAN,Aryaman Financial Services Limited,INE032E01017,Unknown,Unknown,EQ,2026-08-17,Unknown,0.0,0.0,0.0,0.0
8071,ARYAN,Aryan Share & Stock Brokers Ltd.,INE016X01010,Unknown,Unknown,EQ,,Unknown,0.0,0.0,0.0,0.0
212,ASAHIINDIA,Asahi India Glass Limited,INE439A01020,Unknown,Unknown,EQ,1998-03-18,Unknown,0.0,0.0,0.0,0.0
8936,ASAHIPS,Asahi India Glass Ltd.,INE439A04016,Unknown,Unknown,EQ,,Unknown,0.0,0.0,0.0,0.0
4225,ASAHIIND,Asahi Industries Limited,INE745I01015,Unknown,Unknown,EQ,,Unknown,0.0,0.0,0.0,0.0
4018,ASAHINFRA,Asahi Infrastructure & Projects Ltd,INE933C01036,Unknown,Unknown,EQ,,Unknown,0.0,0.0,0.0,0.0
213,ASAHISONG,Asahi Songwon Colors Limited,INE228I01012,Unknown,Unknown,BE,2011-08-29,Unknown,0.0,0.0,0.0,0.0
8389,ASARFI,ASARFI HOSPITAL LIMITED,INE0DN001027,Unknown,Unknown,EQ,,Unknown,0.0,0.0,0.0,0.0
8262,ASCENSIVE,Ascensive Educare Limited,INE0E4I01027,Unknown,Unknown,EQ,,Unknown,0.0,0.0,0.0,0.0
3881,ASCENTEX,Ascent Exim (India) Ltd.,INE138E01012,Unknown,Unknown,EQ,,Unknown,0.0,0.0,0.0,0.0
7069,ASEEMG,ASEEM GLOBAL LIMITED,INE439C01018,Unknown,Unknown,EQ,,Unknown,0.0,0.0,0.0,0.0
3894,ASGARD,ASGARD ALCOBEV LIMITED,INE767M01029,Unknown,Unknown,EQ,,Unknown,0.0,0.0,0.0,0.0
7104,AIFL,ASHAPURA INTIMATES FASHION LIMITED,INE428O01016,Unknown,Unknown,EQ,,Unknown,0.0,0.0,0.0,0.0
216,ASHAPURMIN,Ashapura Minechem Limited,INE348A01023,Unknown,Unknown,EQ,1995-09-20,Unknown,0.0,0.0,0.0,0.0
8089,AGOL,Ashapuri Gold Ornament Limited,INE05FR01029,Unknown,Unknown,EQ,,Unknown,0.0,0.0,0.0,0.0
9182,AGOL-RE,Ashapuri Gold Ornament Limited,INE05FR20011,Unknown,Unknown,EQ,,Unknown,0.0,0.0,0.0,0.0
7702,ASHARI,ASHARI AGENCIES LIMITED,INE361S01010,Unknown,Unknown,EQ,,Unknown,0.0,0.0,0.0,0.0
4355,ASHCONIUL,Ashco Niulab Industries Limited,INE714F01033,Unknown,Unknown,EQ,,Unknown,0.0,0.0,0.0,0.0
4379,ASHAI,Ashiana Agro Industries Ltd,INE709D01012,Unknown,Unknown,EQ,,Unknown,0.0,0.0,0.0,0.0
217,ASHIANA,Ashiana Housing Limited,INE365D01021,Unknown,Unknown,EQ,2011-06-29,Unknown,0.0,0.0,0.0,0.0
4082,ASHIS,Ashiana Ispat Limited,INE587D01012,Unknown,Unknown,EQ,,Unknown,0.0,0.0,0.0,0.0
8893,ASHIKACR,Ashika Credit Capital Limited,IND094B01013,Unknown,Unknown,EQ,,Unknown,0.0,0.0,0.0,0.0
218,ASHIKAG,Ashika Global Securities Limited,INE094B01013,Unknown,Unknown,BE,2026-04-20,Unknown,0.0,0.0,0.0,0.0
6859,ASHIM,Ashim Investment Company Limited,INE511H01021,Unknown,Unknown,EQ,,Unknown,0.0,0.0,0.0,0.0
219,ASHIMASYN,Ashima Limited,INE440A01010,Unknown,Unknown,EQ,1995-07-27,Unknown,0.0,0.0,0.0,0.0
3947,ASHCAP,Ashirwad Capital Ltd.,INE894A01026,Unknown,Unknown,EQ,,Unknown,0.0,0.0,0.0,0.0
5039,ASHSI,Ashirwad Steels & Industries  Ltd.,INE338C01012,Unknown,Unknown,EQ,,Unknown,0.0,0.0,0.0,0.0
5206,ASHISHPO,Ashish Polyplast Ltd.,INE831C01016,Unknown,Unknown,EQ,,Unknown,0.0,0.0,0.0,0.0
9367,ASHNI-RE,Ashnisha Industries Limited,INE694W20016,Unknown,Unknown,EQ,,Unknown,0.0,0.0,0.0,0.0
8020,ASHNI,Ashnisha Industries Limited,INE694W01024,Unknown,Unknown,EQ,,Unknown,0.0,0.0,0.0,0.0
9181,ASHNOOR-RE,Ashnoor Textiles Mills Ltd.,INE372I20018,Unknown,Unknown,EQ,,Unknown,0.0,0.0,0.0,0.0
3616,ASHNOOR,Ashnoor Textiles Mills Ltd.,INE372I01018,Unknown,Unknown,EQ,,Unknown,0.0,0.0,0.0,0.0
8930,ASHOKLEFCRP,Ashok Leyland Finance Ltd.,INE251A04023,Unknown,Unknown,EQ,,Unknown,0.0,0.0,0.0,0.0
3012,ASHOKLEYFIN,Ashok Leyland Finance Ltd.,INE251A01011,Unknown,Unknown,EQ,,Unknown,0.0,0.0,0.0,0.0
6786,ASLEYF,Ashok Leyland Finance Ltd.,IN9251A01019,Unknown,Unknown,EQ,,Unknown,0.0,0.0,0.0,0.0
8949,ASLEFDM,Ashok Leyland Finance Ltd.,INE251A04015,Unknown,Unknown,EQ,,Unknown,0.0,0.0,0.0,0.0
222,ASHOKLEY,Ashok Leyland Limited,INE208A01029,Unknown,Unknown,EQ,1995-05-25,Unknown,0.0,0.0,0.0,0.0
220,ASHOKA,Ashoka Buildcon Limited,INE442H01029,Unknown,Unknown,EQ,2010-10-14,Unknown,0.0,0.0,0.0,0.0
221,ASHOKAMET,Ashoka Metcast Limited,INE760Y01011,Unknown,Unknown,EQ,2023-06-27,Unknown,0.0,0.0,0.0,0.0
5075,ASHOKRE,Ashoka Refineries Ltd.,INE760M01016,Unknown,Unknown,EQ,,Unknown,0.0,0.0,0.0,0.0
4893,ASHRAM,Ashram Online.com Ltd,INE293C01019,Unknown,Unknown,EQ,,Unknown,0.0,0.0,0.0,0.0
6309,ASHUTPM,Ashutosh Paper Mills Ltd.,INE723K01018,Unknown,Unknown,EQ,,Unknown,0.0,0.0,0.0,0.0
3235,ASIIL,ASI INDUSTRIES LIMITED,INE443A01030,Unknown,Unknown,EQ,,Unknown,0.0,0.0,0.0,0.0
7332,ASIACAP,ASIA CAPITAL LIMITED,INE131Q01011,Unknown,Unknown,EQ,,Unknown,0.0,0.0,0.0,0.0
5346,ASIAPAK,Asia Pack Ltd.,INE784M01016,Unknown,Unknown,EQ,,Unknown,0.0,0.0,0.0,0.0
3443,ASIANBRG,Asian Bearings Ltd.,INE046C01011,Unknown,Unknown,EQ,,Unknown,0.0,0.0,0.0,0.0
3323,ASIANELEC,Asian Electronics Ltd.,INE441A01026,Unknown,Unknown,EQ,,Unknown,0.0,0.0,0.0,0.0
223,ASIANENE,Asian Energy Services Limited,INE276G01015,Unknown,Unknown,EQ,2021-12-09,Unknown,0.0,0.0,0.0,0.0
4823,ASIANFR,Asian Fertilisers Ltd.,INE01OY01018,Unknown,Unknown,EQ,,Unknown,0.0,0.0,0.0,0.0
6597,ASIANFILMS,Asian Films Production & Distribution Ltd,INE581B01035,Unknown,Unknown,EQ,,Unknown,0.0,0.0,0.0,0.0
226,ASIANTILES,Asian Granito India Limited,INE022I01019,Unknown,Unknown,EQ,2007-08-23,Unknown,0.0,0.0,0.0,0.0
9032,ASIAN-RE1,ASIAN GRANITO INDIA LIMITED,INE022I20027,Unknown,Unknown,EQ,,Unknown,0.0,0.0,0.0,0.0
8992,ASIAN-RE,ASIAN GRANITO INDIA LIMITED,INE022I20019,Unknown,Unknown,EQ,,Unknown,0.0,0.0,0.0,0.0
102,AHLEAST,Asian Hotels (East) Limited,INE926K01017,Unknown,Unknown,EQ,2010-08-11,Unknown,0.0,0.0,0.0,0.0
224,ASIANHOTNR,Asian Hotels (North) Limited,INE363A01022,Unknown,Unknown,EQ,2010-04-07,Unknown,0.0,0.0,0.0,0.0
104,AHLWEST,Asian Hotels (West) Limited,INE915K01010,Unknown,Unknown,BE,2010-08-05,Unknown,0.0,0.0,0.0,0.0
225,ASIANPAINT,Asian Paints Limited,INE021A01026,Unknown,Unknown,EQ,1995-05-31,Unknown,0.0,0.0,0.0,0.0
9246,ASIANP-RE,Asian Petroproducts & Exports Ltd.,INE810M20019,Unknown,Unknown,EQ,,Unknown,0.0,0.0,0.0,0.0
4766,ASINPET,Asian Petroproducts & Exports Ltd.,INE810M01019,Unknown,Unknown,EQ,,Unknown,0.0,0.0,0.0,0.0
232,ASTAR,Asian Star Company Limited,INE194D01017,Unknown,Unknown,EQ,2026-04-20,Unknown,0.0,0.0,0.0,0.0
227,ASIANTNE,Asian Tea & Exports Limited,INE822B01017,Unknown,Unknown,EQ,2026-08-17,Unknown,0.0,0.0,0.0,0.0
9001,ASIAT-RE,Asian Tea & Exports Ltd.,INE822B20017,Unknown,Unknown,EQ,,Unknown,0.0,0.0,0.0,0.0
5201,ASIANVE,Asian Vegpro Industries Ltd.,INE01OU01016,Unknown,Unknown,EQ,,Unknown,0.0,0.0,0.0,0.0
8380,ASIAN,Asian Warehousing Limited,INE04Z101016,Unknown,Unknown,EQ,,Unknown,0.0,0.0,0.0,0.0
5425,ASIFE,Asiatic Food (Exports) Ltd.,INE764C01019,Unknown,Unknown,EQ,,Unknown,0.0,0.0,0.0,0.0
3488,ASISL,ASIS LOGISTICS LIMITED,INE888E01020,Unknown,Unknown,EQ,,Unknown,0.0,0.0,0.0,0.0
9137,ASITC-RE,Asit C Mehta Financial Services Limited,INE041B20014,Unknown,Unknown,EQ,,Unknown,0.0,0.0,0.0,0.0
5291,ASITCFIN,Asit C Mehta Financial Services Limited,INE041B01014,Unknown,Unknown,EQ,,Unknown,0.0,0.0,0.0,0.0
228,ASKAUTOLTD,ASK Automotive Limited,INE491J01022,Unknown,Unknown,EQ,2023-11-15,Unknown,0.0,0.0,0.0,0.0
4929,ASMTEC,ASM Technologies Ltd.,INE867C01010,Unknown,Unknown,EQ,,Unknown,0.0,0.0,0.0,0.0
9026,ASMTEC-RE,ASM Technologies Ltd.,INE867C20028,Unknown,Unknown,EQ,,Unknown,0.0,0.0,0.0,0.0
9572,ASMTECPP,ASM Technologies Ltd.,IN9867C01018,Unknown,Unknown,EQ,,Unknown,0.0,0.0,0.0,0.0
230,ASPINWALL,Aspinwall and Company Limited,INE991I01015,Unknown,Unknown,EQ,2016-06-14,Unknown,0.0,0.0,0.0,0.0
7907,ASPIRA,Aspira Pathlab & Diagnostics Limited,INE500C01017,Unknown,Unknown,EQ,,Unknown,0.0,0.0,0.0,0.0
2995,ASSAMCO,Assam Company (India) Limited,INE442A01024,Unknown,Unknown,EQ,,Unknown,0.0,0.0,0.0,0.0
231,ASSAMENT,Assam Entrade Limited,INE165G01010,Unknown,Unknown,EQ,2026-08-17,Unknown,0.0,0.0,0.0,0.0
3501,ASSAPET,Assam Petro-Chemicals Ltd.,INE277D01010,Unknown,Unknown,EQ,,Unknown,0.0,0.0,0.0,0.0
2996,ASSAMBR,Assambrook Limited,INE353C01011,Unknown,Unknown,EQ,,Unknown,0.0,0.0,0.0,0.0
215,ASALCBR,Associated Alcohols & Breweries Ltd.,INE073G01016,Unknown,Unknown,EQ,2020-02-12,Unknown,0.0,0.0,0.0,0.0
5442,ASSOCER,Associated Ceramics Ltd.,INE771E01010,Unknown,Unknown,EQ,,Unknown,0.0,0.0,0.0,0.0
8467,ASSOCIATED,Associated Coaters Limited,INE0RIQ01013,Unknown,Unknown,EQ,,Unknown,0.0,0.0,0.0,0.0
8588,APL,ASSTON PHARMACEUTICALS LIMITED,INE0SJX01015,Unknown,Unknown,EQ,,Unknown,0.0,0.0,0.0,0.0
4027,ASTALLTD,ASTAL LABORATORIES LIMITED,INE307N01014,Unknown,Unknown,EQ,,Unknown,0.0,0.0,0.0,0.0
233,ASTEC,Astec LifeSciences Limited,INE563J01010,Unknown,Unknown,EQ,2009-11-25,Unknown,0.0,0.0,0.0,0.0
9331,ASTEC-RE,ASTEC LIFESCIENCES LIMITED,INE563J20010,Unknown,Unknown,EQ,,Unknown,0.0,0.0,0.0,0.0
234,ASTERDM,Aster DM Quality Care Limited,INE914M01019,Unknown,Unknown,EQ,2018-02-26,Unknown,0.0,0.0,0.0,0.0
8568,ASTONEALAB,ASTONEA LABS LIMITED,INE0TG901011,Unknown,Unknown,EQ,,Unknown,0.0,0.0,0.0,0.0
236,ASTRAMICRO,Astra Microwave Products Limited,INE386C01029,Unknown,Unknown,EQ,2004-11-01,Unknown,0.0,0.0,0.0,0.0
235,ASTRAL,Astral Limited,INE006I01046,Unknown,Unknown,EQ,2007-03-20,Unknown,0.0,0.0,0.0,0.0
237,ASTRAZEN,AstraZeneca Pharma India Limited,INE203A01020,Unknown,Unknown,EQ,2001-05-04,Unknown,0.0,0.0,0.0,0.0
8680,ASTRONMULT,Astron Multigrain Limited,INE0RUY01012,Unknown,Unknown,EQ,,Unknown,0.0,0.0,0.0,0.0
238,ASTRON,Astron Paper & Board Mill Limited,INE646X01014,Unknown,Unknown,BZ,2017-12-29,Unknown,0.0,0.0,0.0,0.0
3993,ASUTENT,Asutosh Enterprise Ltd.,INE508W01018,Unknown,Unknown,EQ,,Unknown,0.0,0.0,0.0,0.0
239,ATALREAL,Atal Realtech Limited,INE0ALR01029,Unknown,Unknown,EQ,2023-05-12,Unknown,0.0,0.0,0.0,0.0
9216,ATAL-RE,Atal Realtech Limited,INE0ALR20011,Unknown,Unknown,EQ,,Unknown,0.0,0.0,0.0,0.0
240,ATAM,Atam Valves Limited,INE09KD01013,Unknown,Unknown,EQ,2023-05-10,Unknown,0.0,0.0,0.0,0.0
5079,ATCOM,Atcom Technologies Ltd.,INE834A01014,Unknown,Unknown,EQ,,Unknown,0.0,0.0,0.0,0.0
8571,ATENPAPERS,Aten Papers & Foam Limited,INE0XCV01014,Unknown,Unknown,EQ,,Unknown,0.0,0.0,0.0,0.0
5134,ATHARVENT,Atharv Enterprises Limited,INE354E01031,Unknown,Unknown,EQ,,Unknown,0.0,0.0,0.0,0.0
8797,ATHARVA,Atharva Poly-Plast Limited,INE226801012,Unknown,Unknown,EQ,,Unknown,0.0,0.0,0.0,0.0
7449,ATHCON,Athena Constructions Limited,INE291R01011,Unknown,Unknown,EQ,,Unknown,0.0,0.0,0.0,0.0
3872,ATHENA,Athena Financial Services Ltd.,INE139C01014,Unknown,Unknown,EQ,,Unknown,0.0,0.0,0.0,0.0
4326,ATHENAGLO,Athena Global Technologies Limited,INE576B01019,Unknown,Unknown,EQ,,Unknown,0.0,0.0,0.0,0.0
242,ATHERENERG,Ather Energy Limited,INE0LEZ01016,Unknown,Unknown,EQ,2025-05-06,Unknown,0.0,0.0,0.0,0.0
7309,ATISHAY,Atishay Limited,INE011R01013,Unknown,Unknown,EQ,,Unknown,0.0,0.0,0.0,0.0
5038,ATLANTADEV,Atlanta Devcon Limited,INE590F01029,Unknown,Unknown,EQ,,Unknown,0.0,0.0,0.0,0.0
245,ATLANTAELE,Atlanta Electricals Limited,INE0Z4F01028,Unknown,Unknown,EQ,2025-09-29,Unknown,0.0,0.0,0.0,0.0
5222,ATLINFRA,Atlanta Infrastructure and Finance Ltd.,INE433D01027,Unknown,Unknown,EQ,,Unknown,0.0,0.0,0.0,0.0
244,ATLANTAA,ATLANTAA LIMITED,INE285H01022,Unknown,Unknown,EQ,2006-09-25,Unknown,0.0,0.0,0.0,0.0
4516,ATLANTSP,Atlantic Spinning & Weaving Mills L,INE504C01019,Unknown,Unknown,EQ,,Unknown,0.0,0.0,0.0,0.0
5077,ATLASCOPCO,Atlas Copco (India) Ltd.,INE445A01019,Unknown,Unknown,EQ,,Unknown,0.0,0.0,0.0,0.0
246,ATLASCYCLE,Atlas Cycles (Haryana) Limited,INE446A01025,Unknown,Unknown,EQ,1996-10-23,Unknown,0.0,0.0,0.0,0.0
4208,AJIL,Atlas Jewellery India Limited,INE022N01019,Unknown,Unknown,EQ,,Unknown,0.0,0.0,0.0,0.0
7513,ATMAIND,ATMA INDUSTRIES LIMITED,INE805R01018,Unknown,Unknown,EQ,,Unknown,0.0,0.0,0.0,0.0
3807,ATNINTER,ATN International Ltd.,INE803A01027,Unknown,Unknown,EQ,,Unknown,0.0,0.0,0.0,0.0
248,ATULAUTO,Atul Auto Limited,INE951D01028,Unknown,Unknown,EQ,2013-06-26,Unknown,0.0,0.0,0.0,0.0
247,ATUL,Atul Limited,INE100A01010,Unknown,Unknown,EQ,1998-05-06,Unknown,0.0,0.0,0.0,0.0
2997,ATVPR,ATV Projects India Ltd,INE447A01015,Unknown,Unknown,EQ,,Unknown,0.0,0.0,0.0,0.0
6617,ATVOENT,Atvo Enterprises Limited,INE219M01021,Unknown,Unknown,EQ,,Unknown,0.0,0.0,0.0,0.0
249,AUBANK,AU Small Finance Bank Limited,INE949L01017,Unknown,Unknown,EQ,2017-07-10,Unknown,0.0,0.0,0.0,0.0
5343,AUDROC,AUDROC Limited,INE061B01038,Unknown,Unknown,EQ,,Unknown,0.0,0.0,0.0,0.0
250,AUGMONT,Augmont Enterprises Limited,INE16W401027,Unknown,Unknown,EQ,2026-08-31,Unknown,0.0,0.0,0.0,0.0
3249,AURANPAP,Aurangabad Paper Mills Ltd.,INE525C01014,Unknown,Unknown,EQ,,Unknown,0.0,0.0,0.0,0.0
8770,AUREATE,AUREATE TRADDE LIMITED,INE1KVL01010,Unknown,Unknown,EQ,,Unknown,0.0,0.0,0.0,0.0
251,AURIONPRO,Aurionpro Solutions Limited,INE132H01018,Unknown,Unknown,EQ,2005-10-25,Unknown,0.0,0.0,0.0,0.0
4288,AURIQUE,AURIQUE LIMITED,INE766A01026,Unknown,Unknown,EQ,,Unknown,0.0,0.0,0.0,0.0
5149,AUROLAB,Auro Laboratories Ltd.,INE292C01011,Unknown,Unknown,EQ,,Unknown,0.0,0.0,0.0,0.0
252,AUROPHARMA,Aurobindo Pharma Limited,INE406A01037,Unknown,Unknown,EQ,2000-07-19,Unknown,0.0,0.0,0.0,0.0
5535,AUROCOK,Auroma Coke ltd.,INE662I01012,Unknown,Unknown,EQ,,Unknown,0.0,0.0,0.0,0.0
253,AURUM,Aurum PropTech Limited,INE898S01029,Unknown,Unknown,EQ,2015-08-19,Unknown,0.0,0.0,0.0,0.0
9033,AURUM-RE,AURUM PROPTECH LIMITED,INE898S20011,Unknown,Unknown,EQ,,Unknown,0.0,0.0,0.0,0.0
9573,AURUMPP,AURUM PROPTECH LIMITED,IN9898S01027,Unknown,Unknown,EQ,,Unknown,0.0,0.0,0.0,0.0
254,AURUS,AURUS GEM CORPORATION LIMITED,INE142K01011,Unknown,Unknown,EQ,2013-11-05,Unknown,0.0,0.0,0.0,0.0
255,AUSOMENT,Ausom Enterprise Limited,INE218C01016,Unknown,Unknown,EQ,1996-04-17,Unknown,0.0,0.0,0.0,0.0
8614,AUSTERE,AUSTERE SYSTEMS LIMITED,INE104201012,Unknown,Unknown,EQ,,Unknown,0.0,0.0,0.0,0.0
256,AUSTENG,Austin Engineering Company  Limited,INE759F01012,Unknown,Unknown,EQ,2026-08-17,Unknown,0.0,0.0,0.0,0.0
6964,AUSTRAL,Austral Coke & Projects Limited,INE455J01027,Unknown,Unknown,EQ,,Unknown,0.0,0.0,0.0,0.0
106,AIIL,Authum Investment & Infrastructure Limited,INE206F01022,Unknown,Unknown,EQ,2024-04-23,Unknown,0.0,0.0,0.0,0.0
8977,AIIL-RE,Authum Investment & Infrastructure Limited,INE206F20014,Unknown,Unknown,EQ,,Unknown,0.0,0.0,0.0,0.0
6567,AUTOPINS,Auto Pins (India) Ltd.,INE706C01028,Unknown,Unknown,EQ,,Unknown,0.0,0.0,0.0,0.0
8765,AFLTD,Autofurnish Limited,INE18HI01019,Unknown,Unknown,EQ,,Unknown,0.0,0.0,0.0,0.0
258,AUTOIND,Autoline Industries Limited,INE718H01014,Unknown,Unknown,EQ,2007-01-31,Unknown,0.0,0.0,0.0,0.0
2998,AUTOLITIND,Autolite (India) Ltd.,INE448A01013,Unknown,Unknown,EQ,,Unknown,0.0,0.0,0.0,0.0
55,ACGL,Automobile Corporation of Goa Limited,INE451C01013,Unknown,Unknown,EQ,2026-08-17,Unknown,0.0,0.0,0.0,0.0
3402,AUTOPRD,Automobile Products of India Ltd.,INE0NY101012,Unknown,Unknown,EQ,,Unknown,0.0,0.0,0.0,0.0
9432,AUTOPRD-RE,Automobile Products of India Ltd.,INE0NY120012,Unknown,Unknown,EQ,,Unknown,0.0,0.0,0.0,0.0
257,AUTOAXLES,Automotive Axles Limited,INE449A01011,Unknown,Unknown,EQ,2003-05-29,Unknown,0.0,0.0,0.0,0.0
214,ASAL,Automotive Stampings and Assemblies Limited,INE900C01027,Unknown,Unknown,EQ,2002-03-12,Unknown,0.0,0.0,0.0,0.0
2999,AUTORIDFIN,Autoriders Finance Ltd.,INE450A01019,Unknown,Unknown,EQ,,Unknown,0.0,0.0,0.0,0.0
3955,AUTOINT,Autoriders International Ltd,INE340U01010,Unknown,Unknown,EQ,,Unknown,0.0,0.0,0.0,0.0
9462,AUTUMN,Autumn Builders Limited,INE733P01016,Unknown,Unknown,EQ,,Unknown,0.0,0.0,0.0,0.0
259,AVADHSUGAR,Avadh Sugar & Energy Limited,INE349W01017,Unknown,Unknown,EQ,2017-07-28,Unknown,0.0,0.0,0.0,0.0
5521,AVAILFC,Available Finance Ltd.,INE325G01010,Unknown,Unknown,EQ,,Unknown,0.0,0.0,0.0,0.0
260,AVALON,Avalon Technologies Limited,INE0LCL01028,Unknown,Unknown,EQ,2023-04-18,Unknown,0.0,0.0,0.0,0.0
261,AVANCE,Avance Technologies Limited,INE758A01072,Unknown,Unknown,EQ,2026-08-17,Unknown,0.0,0.0,0.0,0.0
262,AVANTEL,Avantel Limited,INE005B01027,Unknown,Unknown,EQ,2024-07-31,Unknown,0.0,0.0,0.0,0.0
9305,AVANTEL-RE,Avantel Limited,INE005B20019,Unknown,Unknown,EQ,,Unknown,0.0,0.0,0.0,0.0
263,AVANTIFEED,Avanti Feeds Limited,INE871C01038,Unknown,Unknown,EQ,2015-04-15,Unknown,0.0,0.0,0.0,0.0
8530,AVAX,Avax Apparels and Ornaments Limited,INE0NQ401024,Unknown,Unknown,EQ,,Unknown,0.0,0.0,0.0,0.0
8340,AVEER,Aveer Foods Limited,INE09BN01011,Unknown,Unknown,EQ,,Unknown,0.0,0.0,0.0,0.0
5280,AVENIQUE,AVENIQUE LIMITED,INE089E01025,Unknown,Unknown,EQ,,Unknown,0.0,0.0,0.0,0.0
618,DMART,Avenue Supermarts Limited,INE192R01011,Unknown,Unknown,EQ,2017-03-21,Unknown,0.0,0.0,0.0,0.0
441,CCAVENUE,AvenuesAI Limited,INE483S01020,Unknown,Unknown,EQ,2016-04-04,Unknown,0.0,0.0,0.0,0.0
9624,CCAVENUEPP,AvenuesAI Limited,IN9483S01010,Unknown,Unknown,EQ,,Unknown,0.0,0.0,0.0,0.0
9328,CCAVENUERE,AvenuesAI Limited,INE483S20012,Unknown,Unknown,EQ,,Unknown,0.0,0.0,0.0,0.0
9442,AVG-RE,AVG Logistics Limited,INE680Z20018,Unknown,Unknown,EQ,,Unknown,0.0,0.0,0.0,0.0
264,AVG,AVG Logistics Limited,INE680Z01018,Unknown,Unknown,BE,2023-05-12,Unknown,0.0,0.0,0.0,0.0
9411,AVI-RE,Avi Polymers Ltd.,INE897N20014,Unknown,Unknown,EQ,,Unknown,0.0,0.0,0.0,0.0
7525,AVI,Avi Polymers Ltd.,INE897N01014,Unknown,Unknown,EQ,,Unknown,0.0,0.0,0.0,0.0
4715,APIL,AVI PRODUCTS INDIA LIMITED,INE316O01021,Unknown,Unknown,EQ,,Unknown,0.0,0.0,0.0,0.0
6349,AVINF,Avinash Information Technologies Ltd.,INE452C01011,Unknown,Unknown,EQ,,Unknown,0.0,0.0,0.0,0.0
229,ASMS,Avio Smart Market Stack Limited,INE855F01042,Unknown,Unknown,BE,2023-02-09,Unknown,0.0,0.0,0.0,0.0
3659,AIRLTD,AVISHKAR INFRA REALTY LIMITED,INE433O01024,Unknown,Unknown,EQ,,Unknown,0.0,0.0,0.0,0.0
3915,AVIVA,Aviva Industries Limited,INE461H01011,Unknown,Unknown,EQ,,Unknown,0.0,0.0,0.0,0.0
6952,AVONCORP,Avon Corporation Limited,INE207I01016,Unknown,Unknown,EQ,,Unknown,0.0,0.0,0.0,0.0
3952,AVONMERC,Avon Mercantile Ltd.,INE471D01019,Unknown,Unknown,EQ,,Unknown,0.0,0.0,0.0,0.0
266,AVONMORE,Avonmore Capital & Management Services Limited,INE323B01024,Unknown,Unknown,EQ,2023-01-04,Unknown,0.0,0.0,0.0,0.0
9261,AVON-RE,Avonmore Capital & Management Services Limited,INE323B20016,Unknown,Unknown,EQ,,Unknown,0.0,0.0,0.0,0.0
267,AVROIND,AVRO INDIA LIMITED,INE652Z01025,Unknown,Unknown,EQ,2022-04-07,Unknown,0.0,0.0,0.0,0.0
268,AVTNPL,AVT Natural Products Limited,INE488D01021,Unknown,Unknown,EQ,2007-01-10,Unknown,0.0,0.0,0.0,0.0
3365,AVTIL,AVTIL Enterprise Limited,INE292N01018,Unknown,Unknown,EQ,,Unknown,0.0,0.0,0.0,0.0
269,AWFIS,Awfis Space Solutions Limited,INE108V01019,Unknown,Unknown,EQ,2024-05-30,Unknown,0.0,0.0,0.0,0.0
271,AWL,AWL Agri Business Limited,INE699H01024,Unknown,Unknown,EQ,2022-02-08,Unknown,0.0,0.0,0.0,0.0
4129,AXELPOLY,Axel Polymers Ltd.,INE197C01012,Unknown,Unknown,EQ,,Unknown,0.0,0.0,0.0,0.0
3845,AXENTRA,AXENTRA CORP LIMITED,INE919M01026,Unknown,Unknown,EQ,,Unknown,0.0,0.0,0.0,0.0
272,AXISBANK,Axis Bank Limited,INE238A01034,Unknown,Unknown,EQ,1998-11-16,Unknown,0.0,0.0,0.0,0.0
8554,VALUEAXIS,Axis Mutual Fund,INF846KA1119,Unknown,Unknown,EQ,,Unknown,0.0,0.0,0.0,0.0
7757,AXISE1D1D,Axis Mutual Fund,INF846K01YK5,Unknown,Unknown,EQ,,Unknown,0.0,0.0,0.0,0.0
7758,AXISE1DGG,Axis Mutual Fund,INF846K01YJ7,Unknown,Unknown,EQ,,Unknown,0.0,0.0,0.0,0.0
7759,AXISE1DPD,Axis Mutual Fund,INF846K01YM1,Unknown,Unknown,EQ,,Unknown,0.0,0.0,0.0,0.0
7760,AXISE1GPG,Axis Mutual Fund,INF846K01YL3,Unknown,Unknown,EQ,,Unknown,0.0,0.0,0.0,0.0
7780,AXISE2D1D,Axis Mutual Fund,INF846K01YY6,Unknown,Unknown,EQ,,Unknown,0.0,0.0,0.0,0.0
7781,AXISE2DGG,Axis Mutual Fund,INF846K01YX8,Unknown,Unknown,EQ,,Unknown,0.0,0.0,0.0,0.0
7782,AXISE2DPD,Axis Mutual Fund,INF846K01ZA3,Unknown,Unknown,EQ,,Unknown,0.0,0.0,0.0,0.0
7783,AXISE2GPG,Axis Mutual Fund,INF846K01YZ3,Unknown,Unknown,EQ,,Unknown,0.0,0.0,0.0,0.0
7822,AXISAEDGG,Axis Mutual Fund,INF846K01ZJ4,Unknown,Unknown,EQ,,Unknown,0.0,0.0,0.0,0.0
7823,AXISAEGPG,Axis Mutual Fund,INF846K01ZK2,Unknown,Unknown,EQ,,Unknown,0.0,0.0,0.0,0.0
7858,AXISAHDGG,Axis Mutual Fund,INF846K01A86,Unknown,Unknown,EQ,,Unknown,0.0,0.0,0.0,0.0
7859,AXISAHGPG,Axis Mutual Fund,INF846K01A94,Unknown,Unknown,EQ,,Unknown,0.0,0.0,0.0,0.0
8838,ENERGYAXIS,Axis Mutual Fund,INF846KA1598,Unknown,Unknown,EQ,,Unknown,0.0,0.0,0.0,0.0
8366,SENSEXAXIS,Axis Mutual Fund,INF846K010Q0,Unknown,Unknown,EQ,,Unknown,0.0,0.0,0.0,0.0
8074,AXISCCDID,Axis Mutual Fund,INF846K01K76,Unknown,Unknown,EQ,,Unknown,0.0,0.0,0.0,0.0
8075,AXISCCDGG,Axis Mutual Fund,INF846K01K68,Unknown,Unknown,EQ,,Unknown,0.0,0.0,0.0,0.0
8076,AXISCCDPD,Axis Mutual Fund,INF846K01K92,Unknown,Unknown,EQ,,Unknown,0.0,0.0,0.0,0.0
8077,AXISCCGPG,Axis Mutual Fund,INF846K01K84,Unknown,Unknown,EQ,,Unknown,0.0,0.0,0.0,0.0
7961,AXISCBD1D,Axis Mutual Fund,INF846K01B77,Unknown,Unknown,EQ,,Unknown,0.0,0.0,0.0,0.0
7962,AXISCBDGG,Axis Mutual Fund,INF846K01B69,Unknown,Unknown,EQ,,Unknown,0.0,0.0,0.0,0.0
8240,CONSUMAXIS,Axis Mutual Fund,INF846K016C7,Unknown,Unknown,EQ,,Unknown,0.0,0.0,0.0,0.0
8237,HEALTHAXIS,Axis Mutual Fund,INF846K01Z12,Unknown,Unknown,EQ,,Unknown,0.0,0.0,0.0,0.0
7963,AXISCBDPD,Axis Mutual Fund,INF846K01B93,Unknown,Unknown,EQ,,Unknown,0.0,0.0,0.0,0.0
7964,AXISCBGPG,Axis Mutual Fund,INF846K01B85,Unknown,Unknown,EQ,,Unknown,0.0,0.0,0.0,0.0
8236,ITAXIS,Axis Mutual Fund,INF846K01Y96,Unknown,Unknown,EQ,,Unknown,0.0,0.0,0.0,0.0
3764,AXISOL,AXIS SOLUTIONS LIMITED,INE520G01024,Unknown,Unknown,EQ,,Unknown,0.0,0.0,0.0,0.0
273,AXISCADES,AXISCADES Technologies Limited,INE555B01013,Unknown,Unknown,EQ,2000-12-21,Unknown,0.0,0.0,0.0,0.0
274,AXITA,Axita Cotton Limited,INE02EZ01022,Unknown,Unknown,EQ,2022-06-21,Unknown,0.0,0.0,0.0,0.0
3425,AXONVL,Axon Ventures Limited,INE663D01011,Unknown,Unknown,EQ,,Unknown,0.0,0.0,0.0,0.0
275,AXTEL,Axtel Industries Limited,INE767C01012,Unknown,Unknown,EQ,2026-08-17,Unknown,0.0,0.0,0.0,0.0
276,AYE,Aye Finance Limited,INE501X01029,Unknown,Unknown,EQ,2026-02-16,Unknown,0.0,0.0,0.0,0.0
4602,AYPLAMI,Ayepee Lamitubes Limited,INE257X01010,Unknown,Unknown,EQ,,Unknown,0.0,0.0,0.0,0.0
277,AYMSYNTEX,AYM Syntex Limited,INE193B01039,Unknown,Unknown,EQ,2015-08-14,Unknown,0.0,0.0,0.0,0.0
278,AZAD,Azad Engineering Limited,INE02IJ01035,Unknown,Unknown,EQ,2023-12-28,Unknown,0.0,0.0,0.0,0.0
279,AZADIND,Azad India Mobility Limited,INE566M01017,Unknown,Unknown,EQ,2026-08-17,Unknown,0.0,0.0,0.0,0.0
8464,AZTEC,Aztec Fluids & Machinery Limited,INE0SCB01016,Unknown,Unknown,EQ,,Unknown,0.0,0.0,0.0,0.0
6744,AZTECSOFT,Aztecsoft Limited,INE651B01010,Unknown,Unknown,EQ,,Unknown,0.0,0.0,0.0,0.0
6439,AZUREEXIM,Azure Exim Services Limited,INE837F01016,Unknown,Unknown,EQ,,Unknown,0.0,0.0,0.0,0.0
8294,BRRL,B-RIGHT REALESTATE LIMITED,INE0IZQ01016,Unknown,Unknown,EQ,,Unknown,0.0,0.0,0.0,0.0
390,BNALTD,B & A Limited,INE489D01011,Unknown,Unknown,BE,2026-04-20,Unknown,0.0,0.0,0.0,0.0
4642,BSAPPLI,B S Appliances Ltd,INE312A01011,Unknown,Unknown,EQ,,Unknown,0.0,0.0,0.0,0.0
4603,BAPACK,B&A Packaging India Limited,INE00FM01013,Unknown,Unknown,EQ,,Unknown,0.0,0.0,0.0,0.0
3551,BBREALTY,B&B Realty Limited,INE314E01019,Unknown,Unknown,EQ,,Unknown,0.0,0.0,0.0,0.0
323,BBTCL,B&B Triplewall Containers Limited,INE01EE01011,Unknown,Unknown,EQ,2022-11-23,Unknown,0.0,0.0,0.0,0.0
8597,BDI,B. D. Industries (Pune) Limited,INE1LJ801017,Unknown,Unknown,EQ,,Unknown,0.0,0.0,0.0,0.0
378,BLKASHYAP,B. L. Kashyap and Sons Limited,INE350H01032,Unknown,Unknown,EQ,2006-03-17,Unknown,0.0,0.0,0.0,0.0
4979,BNANJEN,B. Nanji Enteprises Ltd.,INE735G01010,Unknown,Unknown,EQ,,Unknown,0.0,0.0,0.0,0.0
281,BAGFILMS,B.A.G Films and Media Limited,INE116D01028,Unknown,Unknown,EQ,2003-10-17,Unknown,0.0,0.0,0.0,0.0
9511,BAGFILMSPP,B.A.G. Films & Media Ltd,IN9116D01018,Unknown,Unknown,EQ,,Unknown,0.0,0.0,0.0,0.0
7186,BCP,B.C. Power Controls Limited,INE905P01028,Unknown,Unknown,EQ,,Unknown,0.0,0.0,0.0,0.0
4264,BKDUPLEX,B.K.Duplex Board Ltd.,INE212C01019,Unknown,Unknown,EQ,,Unknown,0.0,0.0,0.0,0.0
9012,BNRSEC-RE,B.N.Rathi Securities Ltd.,INE710D20010,Unknown,Unknown,EQ,,Unknown,0.0,0.0,0.0,0.0
4581,BNRSEC,B.N.Rathi Securities Ltd.,INE710D01028,Unknown,Unknown,EQ,,Unknown,0.0,0.0,0.0,0.0
7145,BPCAP,B.P.Capital Ltd.,INE947C01010,Unknown,Unknown,EQ,,Unknown,0.0,0.0,0.0,0.0
8529,BRGIL,B.R.GOYAL INFRASTRUCTURE LIMITED,INE00ST01011,Unknown,Unknown,EQ,,Unknown,0.0,0.0,0.0,0.0
4285,BPLREF,B.S. Refrigerators Ltd.,INE313A01019,Unknown,Unknown,EQ,,Unknown,0.0,0.0,0.0,0.0
5496,B2BSOFT,B2B Software Technologies Ltd.,INE151B01011,Unknown,Unknown,EQ,,Unknown,0.0,0.0,0.0,0.0
2174,STYLEBAAZA,Baazar Style Retail Limited,INE01FR01028,Unknown,Unknown,EQ,2024-09-06,Unknown,0.0,0.0,0.0,0.0
6740,BABA,Baba Arts Ltd,INE893A01036,Unknown,Unknown,EQ,,Unknown,0.0,0.0,0.0,0.0
4783,BACPHAR,Bacil Pharma Ltd.,INE711D01018,Unknown,Unknown,EQ,,Unknown,0.0,0.0,0.0,0.0
6649,BAFEG,Baffin Engineering Projects Ltd.,INE786D01036,Unknown,Unknown,EQ,,Unknown,0.0,0.0,0.0,0.0
280,BAFNAPH,Bafna Pharmaceuticals Limited,INE878I01022,Unknown,Unknown,BE,2020-02-27,Unknown,0.0,0.0,0.0,0.0
6412,BAFNASP,Bafna Spinning Mills & Exports Ltd.,INE657F01034,Unknown,Unknown,EQ,,Unknown,0.0,0.0,0.0,0.0
8709,BAIKAKAJI,BAI-KAKAJI POLYMERS LIMITED,INE1IJQ01026,Unknown,Unknown,EQ,,Unknown,0.0,0.0,0.0,0.0
282,BAIDFIN,Baid Finserv Limited,INE020D01022,Unknown,Unknown,EQ,2023-01-20,Unknown,0.0,0.0,0.0,0.0
9383,BAIDFIN-RE,BAID FINSERV LIMITED,INE020D20014,Unknown,Unknown,EQ,,Unknown,0.0,0.0,0.0,0.0
283,BAJAJ-AUTO,Bajaj Auto Limited,INE917I01010,Unknown,Unknown,EQ,2008-05-26,Unknown,0.0,0.0,0.0,0.0
284,BAJAJCON,Bajaj Consumer Care Limited,INE933K01021,Unknown,Unknown,EQ,2010-08-18,Unknown,0.0,0.0,0.0,0.0
285,BAJAJELEC,Bajaj Electricals Limited,INE193E01025,Unknown,Unknown,EQ,2007-11-02,Unknown,0.0,0.0,0.0,0.0
294,BAJFINANCE,Bajaj Finance Limited,INE296A01032,Unknown,Unknown,EQ,2003-04-01,Unknown,0.0,0.0,0.0,0.0
286,BAJAJFINSV,Bajaj Finserv Limited,INE918I01026,Unknown,Unknown,EQ,2008-05-26,Unknown,0.0,0.0,0.0,0.0
8433,BANKBETF,Bajaj Finserv Mutual Fund,INF0QA701714,Unknown,Unknown,EQ,,Unknown,0.0,0.0,0.0,0.0
8806,BANK10BETF,Bajaj Finserv Mutual Fund,INF0QA701CI0,Unknown,Unknown,EQ,,Unknown,0.0,0.0,0.0,0.0
8432,NIFTYBETF,Bajaj Finserv Mutual Fund,INF0QA701722,Unknown,Unknown,EQ,,Unknown,0.0,0.0,0.0,0.0
3951,BAJGLOB,Bajaj Global Ltd,INE553H01015,Unknown,Unknown,EQ,,Unknown,0.0,0.0,0.0,0.0
287,BAJAJHCARE,Bajaj Healthcare Limited,INE411U01027,Unknown,Unknown,EQ,2021-11-25,Unknown,0.0,0.0,0.0,0.0
289,BAJAJHIND,Bajaj Hindusthan Sugar Limited,INE306A01021,Unknown,Unknown,EQ,1995-05-10,Unknown,0.0,0.0,0.0,0.0
290,BAJAJHLDNG,Bajaj Holdings & Investment Limited,INE118A01012,Unknown,Unknown,EQ,1995-03-15,Unknown,0.0,0.0,0.0,0.0
288,BAJAJHFL,Bajaj Housing Finance Limited,INE377Y01014,Unknown,Unknown,EQ,2024-09-16,Unknown,0.0,0.0,0.0,0.0
292,BAJAJST,Bajaj Steel Industries Limited,INE704G01024,Unknown,Unknown,EQ,2026-04-20,Unknown,0.0,0.0,0.0,0.0
293,BAJEL,Bajel Projects Limited,INE0KQN01018,Unknown,Unknown,EQ,2023-12-19,Unknown,0.0,0.0,0.0,0.0
3762,BAJRFIN,Bajrang Finance Ltd.,INE507J01017,Unknown,Unknown,EQ,,Unknown,0.0,0.0,0.0,0.0
5296,BAJAI,Bajwa Agro Industries Ltd.,INE337C01014,Unknown,Unknown,EQ,,Unknown,0.0,0.0,0.0,0.0
302,BALPHARMA,Bal Pharma Limited,INE083D01012,Unknown,Unknown,EQ,2006-05-08,Unknown,0.0,0.0,0.0,0.0
3801,BALATECGL,Bala Techno Global Limited,INE652B01026,Unknown,Unknown,EQ,,Unknown,0.0,0.0,0.0,0.0
4165,BALATECIN,Bala Techno Industries Limited,INE653B01016,Unknown,Unknown,EQ,,Unknown,0.0,0.0,0.0,0.0
297,BALAMINES,Balaji Amines Limited,INE050E01027,Unknown,Unknown,EQ,2007-04-05,Unknown,0.0,0.0,0.0,0.0
3000,BALAJIDI,Balaji Distilleries Ltd.,INE453A01013,Unknown,Unknown,EQ,,Unknown,0.0,0.0,0.0,0.0
5140,BLJIGAL,Balaji Galvanising Industries Ltd.,INE892G01019,Unknown,Unknown,EQ,,Unknown,0.0,0.0,0.0,0.0
5220,BALAJHOTEL,Balaji Hotels And Enterprises Ltd.,INE454A01011,Unknown,Unknown,EQ,,Unknown,0.0,0.0,0.0,0.0
3001,BALAJIIND,Balaji Industrial Corporation Ltd.,INE455A01018,Unknown,Unknown,EQ,,Unknown,0.0,0.0,0.0,0.0
296,BALAJITELE,Balaji Telefilms Limited,INE794B01026,Unknown,Unknown,EQ,2000-11-22,Unknown,0.0,0.0,0.0,0.0
4048,BALASORE,BALASORE ALLOYS LTD,INE135A01024,Unknown,Unknown,EQ,,Unknown,0.0,0.0,0.0,0.0
9529,BALASOREPP,BALASORE ALLOYS LTD,IN9135A01014,Unknown,Unknown,EQ,,Unknown,0.0,0.0,0.0,0.0
298,BALAXI,BALAXI PHARMACEUTICALS LIMITED,INE618N01022,Unknown,Unknown,EQ,2015-11-30,Unknown,0.0,0.0,0.0,0.0
7660,BALGOPAL,Balgopal Commercial limited,INE119R01014,Unknown,Unknown,EQ,,Unknown,0.0,0.0,0.0,0.0
3364,ZBALGHOL,Balgopal Holding & Traders Ltd.,INE243P01016,Unknown,Unknown,EQ,,Unknown,0.0,0.0,0.0,0.0
300,BALKRISIND,Balkrishna Industries Limited,INE787D01026,Unknown,Unknown,EQ,2006-01-27,Unknown,0.0,0.0,0.0,0.0
299,BALKRISHNA,Balkrishna Paper Mills Limited,INE875R01011,Unknown,Unknown,EQ,2015-07-28,Unknown,0.0,0.0,0.0,0.0
9165,BALKRI-RE,Balkrishna Paper Mills Ltd,INE875R20011,Unknown,Unknown,EQ,,Unknown,0.0,0.0,0.0,0.0
3031,BALLARPUR,Ballarpur Industries Ltd.,INE294A01037,Unknown,Unknown,EQ,,Unknown,0.0,0.0,0.0,0.0
301,BALMLAWRIE,Balmer Lawrie & Company Limited,INE164A01016,Unknown,Unknown,EQ,1995-07-06,Unknown,0.0,0.0,0.0,0.0
376,BLIL,Balmer Lawrie Investments Limited,INE525F01025,Unknown,Unknown,EQ,2026-04-20,Unknown,0.0,0.0,0.0,0.0
303,BALRAMCHIN,Balrampur Chini Mills Limited,INE119A01028,Unknown,Unknown,EQ,1995-02-08,Unknown,0.0,0.0,0.0,0.0
304,BALUFORGE,Balu Forge Industries Limited,INE011E01029,Unknown,Unknown,EQ,2024-04-29,Unknown,0.0,0.0,0.0,0.0
4468,BALTE,Balurghat Technologies Ltd.,INE654B01014,Unknown,Unknown,EQ,,Unknown,0.0,0.0,0.0,0.0
4399,BAMBINO,Bambino Agro Industries Ltd,INE921D01013,Unknown,Unknown,EQ,,Unknown,0.0,0.0,0.0,0.0
6323,BAMPSL,Bampsl Securities Ltd.,INE802A01037,Unknown,Unknown,EQ,,Unknown,0.0,0.0,0.0,0.0
305,BANARBEADS,Banaras Beads Limited,INE655B01011,Unknown,Unknown,EQ,1995-07-07,Unknown,0.0,0.0,0.0,0.0
9184,BANASF-RE1,Banas Finance Limited,INE521L20022,Unknown,Unknown,EQ,,Unknown,0.0,0.0,0.0,0.0
9042,BANASFN-RE,Banas Finance Limited,INE521L20014,Unknown,Unknown,EQ,,Unknown,0.0,0.0,0.0,0.0
3686,BANASFN,Banas Finance Limited,INE521L01030,Unknown,Unknown,EQ,,Unknown,0.0,0.0,0.0,0.0
307,BANCOINDIA,Banco Products (I) Limited,INE213C01025,Unknown,Unknown,EQ,2006-12-22,Unknown,0.0,0.0,0.0,0.0
9121,BPPL-RE,BANDARAM PHARMA PACKTECH LIMITED,INE875N20010,Unknown,Unknown,EQ,,Unknown,0.0,0.0,0.0,0.0
4803,BANDARAM,BANDARAM PHARMA PACKTECH LIMITED,INE875N01036,Unknown,Unknown,EQ,,Unknown,0.0,0.0,0.0,0.0
308,BANDHANBNK,Bandhan Bank Limited,INE545U01014,Unknown,Unknown,EQ,2018-03-27,Unknown,0.0,0.0,0.0,0.0
7182,IDFCEOS3DD,Bandhan Mutual Fund,INF194KA1IQ7,Unknown,Unknown,EQ,,Unknown,0.0,0.0,0.0,0.0
8024,IDFCEOS6DG,Bandhan Mutual Fund,INF194KA17U5,Unknown,Unknown,EQ,,Unknown,0.0,0.0,0.0,0.0
8025,IDFCEOS6DD,Bandhan Mutual Fund,INF194KA18U3,Unknown,Unknown,EQ,,Unknown,0.0,0.0,0.0,0.0
7163,IDFCEOS2RD,Bandhan Mutual Fund,INF194KA1FU5,Unknown,Unknown,EQ,,Unknown,0.0,0.0,0.0,0.0
8022,IDFCEOS6RG,Bandhan Mutual Fund,INF194KA14U2,Unknown,Unknown,EQ,,Unknown,0.0,0.0,0.0,0.0
7164,IDFCEOS2DD,Bandhan Mutual Fund,INF194KA1FS9,Unknown,Unknown,EQ,,Unknown,0.0,0.0,0.0,0.0
7735,IDFSENSEXE,Bandhan Mutual Fund,INF194KA1T91,Unknown,Unknown,EQ,,Unknown,0.0,0.0,0.0,0.0
8724,ARSIFHRG,Bandhan Mutual Fund,INF194K30010,Unknown,Unknown,EQ,,Unknown,0.0,0.0,0.0,0.0
8023,IDFCEOS6RD,Bandhan Mutual Fund,INF194KA15U9,Unknown,Unknown,EQ,,Unknown,0.0,0.0,0.0,0.0
8725,ARSIFHRMD,Bandhan Mutual Fund,INF194K30051,Unknown,Unknown,EQ,,Unknown,0.0,0.0,0.0,0.0
7181,IDFCEOS3RD,Bandhan Mutual Fund,INF194KA1IS3,Unknown,Unknown,EQ,,Unknown,0.0,0.0,0.0,0.0
7106,IDFCEOS1RD,Bandhan Mutual Fund,INF194K012N1,Unknown,Unknown,EQ,,Unknown,0.0,0.0,0.0,0.0
7107,IDFCEOS1DD,Bandhan Mutual Fund,INF194K01I45,Unknown,Unknown,EQ,,Unknown,0.0,0.0,0.0,0.0
8755,ARSIFHDAD,Bandhan Mutual Fund,INF194K30259,Unknown,Unknown,EQ,,Unknown,0.0,0.0,0.0,0.0
8726,ARSIFHDG,Bandhan Mutual Fund,INF194K30184,Unknown,Unknown,EQ,,Unknown,0.0,0.0,0.0,0.0
8727,ARSIFHRHD,Bandhan Mutual Fund,INF194K30242,Unknown,Unknown,EQ,,Unknown,0.0,0.0,0.0,0.0
309,BANG,Bang Overseas Limited,INE863I01016,Unknown,Unknown,EQ,2008-02-20,Unknown,0.0,0.0,0.0,0.0
311,BANKBARODA,Bank of Baroda,INE028A01039,Unknown,Unknown,EQ,1997-02-19,Unknown,0.0,0.0,0.0,0.0
312,BANKINDIA,Bank of India,INE084A01016,Unknown,Unknown,EQ,1997-04-30,Unknown,0.0,0.0,0.0,0.0
6553,BNKMADM,Bank of Madura Ltd,INE456A01016,Unknown,Unknown,EQ,,Unknown,0.0,0.0,0.0,0.0
1360,MAHABANK,Bank of Maharashtra,INE457A01014,Unknown,Unknown,EQ,2004-04-12,Unknown,0.0,0.0,0.0,0.0
3015,BOP,Bank Of Punjab Ltd.,INE458A01012,Unknown,Unknown,EQ,,Unknown,0.0,0.0,0.0,0.0
2994,BOR,Bank Of Rajasthan Ltd.,INE320A01014,Unknown,Unknown,EQ,,Unknown,0.0,0.0,0.0,0.0
310,BANKA,Banka BioLoo Limited,INE862Y01015,Unknown,Unknown,EQ,2020-10-29,Unknown,0.0,0.0,0.0,0.0
316,BASML,Bannari Amman Spinning Mills Limited,INE186H01022,Unknown,Unknown,BE,2005-11-14,Unknown,0.0,0.0,0.0,0.0
9301,BASML-RE1,Bannari Amman Spinning Mills Ltd,INE186H20022,Unknown,Unknown,EQ,,Unknown,0.0,0.0,0.0,0.0
8991,BASML-RE,Bannari Amman Spinning Mills Ltd,INE186H20014,Unknown,Unknown,EQ,,Unknown,0.0,0.0,0.0,0.0
306,BANARISUG,Bannari Amman Sugars Limited,INE459A01010,Unknown,Unknown,EQ,2003-05-28,Unknown,0.0,0.0,0.0,0.0
7256,BRPL,Bansal Roofing Products Limited,INE319Q01012,Unknown,Unknown,EQ,,Unknown,0.0,0.0,0.0,0.0
313,BANSALWIRE,Bansal Wire Industries Limited,INE0B9K01025,Unknown,Unknown,EQ,2024-07-10,Unknown,0.0,0.0,0.0,0.0
314,BANSWRAS,Banswara Syntex Limited,INE629D01020,Unknown,Unknown,EQ,2007-04-11,Unknown,0.0,0.0,0.0,0.0
420,BVCL,Barak Valley Cements Limited,INE139I01011,Unknown,Unknown,EQ,2007-11-23,Unknown,0.0,0.0,0.0,0.0
8477,BBNPNBETF,BARODA BNP PARIBAS MUTUAL FUND,INF251K01TL6,Unknown,Unknown,EQ,,Unknown,0.0,0.0,0.0,0.0
4101,BAROEXT,Baroda Extrusion Ltd.,INE927K01023,Unknown,Unknown,EQ,,Unknown,0.0,0.0,0.0,0.0
3095,BARODARY,Baroda Rayon Corpn. Ltd.,INE461A01024,Unknown,Unknown,EQ,,Unknown,0.0,0.0,0.0,0.0
6714,BARONINF,Baron Infotech Ltd.,INE228B01017,Unknown,Unknown,EQ,,Unknown,0.0,0.0,0.0,0.0
4821,BASANTGL,Basant Agro-Tech (India) Ltd.,INE473E01021,Unknown,Unknown,EQ,,Unknown,0.0,0.0,0.0,0.0
315,BASF,BASF India Limited,INE373A01013,Unknown,Unknown,EQ,1995-05-17,Unknown,0.0,0.0,0.0,0.0
3774,BASILINF,Basil Infrastructure Projects Limited,INE465D01011,Unknown,Unknown,EQ,,Unknown,0.0,0.0,0.0,0.0
317,BATAINDIA,Bata India Limited,INE176A01028,Unknown,Unknown,EQ,2003-06-18,Unknown,0.0,0.0,0.0,0.0
6737,BATHINAT,Bathina Technologies (India) Ltd.,INE453C01019,Unknown,Unknown,EQ,,Unknown,0.0,0.0,0.0,0.0
318,BATLIBOI,Batliboi Limited,INE177C01022,Unknown,Unknown,EQ,2026-04-20,Unknown,0.0,0.0,0.0,0.0
319,BAYERCROP,Bayer Cropscience Limited,INE462A01022,Unknown,Unknown,EQ,2010-01-08,Unknown,0.0,0.0,0.0,0.0
7688,BAZELINTER,Bazel International Limited,INE217E01014,Unknown,Unknown,EQ,,Unknown,0.0,0.0,0.0,0.0
9640,BCCPP,BCC Fuba India Ltd.,IN9788D01014,Unknown,Unknown,EQ,,Unknown,0.0,0.0,0.0,0.0
4292,BCCFUBA,BCC Fuba India Ltd.,INE788D01016,Unknown,Unknown,EQ,,Unknown,0.0,0.0,0.0,0.0
9422,BCCFUBA-RE,BCC Fuba India Ltd.,INE788D20016,Unknown,Unknown,EQ,,Unknown,0.0,0.0,0.0,0.0
7621,BCLENTERPR,BCL Enterprises Limited,INE368E01023,Unknown,Unknown,EQ,,Unknown,0.0,0.0,0.0,0.0
3475,BCLFRG***,BCL Forgings Ltd,INE528H01017,Unknown,Unknown,EQ,,Unknown,0.0,0.0,0.0,0.0
325,BCLIND,Bcl Industries Limited,INE412G01024,Unknown,Unknown,EQ,2021-03-04,Unknown,0.0,0.0,0.0,0.0
327,BCPL,BCPL Railway Infrastructure Limited,INE00SW01015,Unknown,Unknown,EQ,2026-03-27,Unknown,0.0,0.0,0.0,0.0
4855,BDH,BDH Industries Ltd.,INE278D01018,Unknown,Unknown,EQ,,Unknown,0.0,0.0,0.0,0.0
329,BEARDSELL,Beardsell Limited,INE520H01022,Unknown,Unknown,EQ,2015-01-13,Unknown,0.0,0.0,0.0,0.0
9013,BEARD-RE,BEARDSELL LIMITED,INE520H20014,Unknown,Unknown,EQ,,Unknown,0.0,0.0,0.0,0.0
6535,BECKONIN,Beckons Industries Ltd.,INE955B01015,Unknown,Unknown,EQ,,Unknown,0.0,0.0,0.0,0.0
331,BEDMUTHA,Bedmutha Industries Limited,INE844K01012,Unknown,Unknown,EQ,2010-10-14,Unknown,0.0,0.0,0.0,0.0
4281,BEELE,Bee Electronic Machines Ltd,INE038E01014,Unknown,Unknown,EQ,,Unknown,0.0,0.0,0.0,0.0
332,BEEKAY,Beekay Steel Industries Limited,INE213D01015,Unknown,Unknown,EQ,2026-04-20,Unknown,0.0,0.0,0.0,0.0
9522,BEEYUPP,Beeyu Overseas Ltd.,IN9052B01019,Unknown,Unknown,EQ,,Unknown,0.0,0.0,0.0,0.0
6813,BEEYU,Beeyu Overseas Ltd.,INE052B01011,Unknown,Unknown,EQ,,Unknown,0.0,0.0,0.0,0.0
8545,BEEZAASAN,Beezaasan Explotech Limited,INE13VU01016,Unknown,Unknown,EQ,,Unknown,0.0,0.0,0.0,0.0
3834,BEFOUNDMOL,BEFOUND MOVEMENT LIMITED,INE425F01028,Unknown,Unknown,EQ,,Unknown,0.0,0.0,0.0,0.0
375,BLEL,Behari Lal Engineering Limited,INE1EEM01017,Unknown,Unknown,EQ,2026-08-19,Unknown,0.0,0.0,0.0,0.0
3557,BELAIND,Belapur Industries Ltd.,INE490D01019,Unknown,Unknown,EQ,,Unknown,0.0,0.0,0.0,0.0
4067,BELDING,BELDING INDIA LIMITED,INE363L01045,Unknown,Unknown,EQ,,Unknown,0.0,0.0,0.0,0.0
4234,BELLCERA,Bell Ceramics Ltd,INE403A01026,Unknown,Unknown,EQ,,Unknown,0.0,0.0,0.0,0.0
333,BELLACASA,Bella Casa Fashion & Retail Limited,INE344T01014,Unknown,Unknown,EQ,2025-07-18,Unknown,0.0,0.0,0.0,0.0
9238,BELLA-RE,Bella Casa Fashion & Retail Limited,INE344T20014,Unknown,Unknown,EQ,,Unknown,0.0,0.0,0.0,0.0
3003,BELLARYS,Bellary Steel & Alloys Ltd,INE166C01025,Unknown,Unknown,EQ,,Unknown,0.0,0.0,0.0,0.0
4665,BELLCONT,"Bells Controls Ltd.,",INE025C01015,Unknown,Unknown,EQ,,Unknown,0.0,0.0,0.0,0.0
334,BELRISE,Belrise Industries Limited,INE894V01022,Unknown,Unknown,EQ,2025-05-28,Unknown,0.0,0.0,0.0,0.0
4580,BEMHY,Bemco Hydraulics Ltd.,INE142E01022,Unknown,Unknown,EQ,,Unknown,0.0,0.0,0.0,0.0
373,BLAL,BEML Land Assets Limited,INE0N7W01012,Unknown,Unknown,EQ,2023-04-19,Unknown,0.0,0.0,0.0,0.0
335,BEML,BEML Limited,INE258A01024,Unknown,Unknown,EQ,2003-11-05,Unknown,0.0,0.0,0.0,0.0
7978,BENARA,Benara Bearings and Pistons Limited,INE495Z01011,Unknown,Unknown,EQ,,Unknown,0.0,0.0,0.0,0.0
336,BENARAS,Benares Hotels Limited,INE664D01019,Unknown,Unknown,EQ,2026-08-17,Unknown,0.0,0.0,0.0,0.0
8421,BENCHMARK,Benchmark Computer Solutions Limited,INE0Q2Z01013,Unknown,Unknown,EQ,,Unknown,0.0,0.0,0.0,0.0
337,BENGALASM,Bengal & Assam Company Limited,INE083K01017,Unknown,Unknown,EQ,2026-04-20,Unknown,0.0,0.0,0.0,0.0
3983,BENGALS,Bengal Steel Industries Ltd.,INE523W01017,Unknown,Unknown,EQ,,Unknown,0.0,0.0,0.0,0.0
6670,BENGALT,Bengal Tea & fabrics Ltd.,INE665D01016,Unknown,Unknown,EQ,,Unknown,0.0,0.0,0.0,0.0
3933,BENTCOM,Bentley Commercial Enterprises Ltd.,INE496M01017,Unknown,Unknown,EQ,,Unknown,0.0,0.0,0.0,0.0
4833,BENZOCH,Benzo Petro International Ltd.,INE981M01018,Unknown,Unknown,EQ,,Unknown,0.0,0.0,0.0,0.0
339,BERGEPAINT,Berger Paints (I) Limited,INE463A01038,Unknown,Unknown,EQ,1999-11-24,Unknown,0.0,0.0,0.0,0.0
5539,BERVINL,Bervin Investments And Leasing Ltd.,INE348I01018,Unknown,Unknown,EQ,,Unknown,0.0,0.0,0.0,0.0
4805,BERLDRG,Beryl Drugs Ltd.,INE415H01017,Unknown,Unknown,EQ,,Unknown,0.0,0.0,0.0,0.0
6317,BERYLSE,Beryl Securities Ltd,INE508J01015,Unknown,Unknown,EQ,,Unknown,0.0,0.0,0.0,0.0
3004,BECREL,Best & Crompton Engineering Ltd.,INE287A01015,Unknown,Unknown,EQ,,Unknown,0.0,0.0,0.0,0.0
340,BESTAGRO,Best Agrolife Limited,INE052T01021,Unknown,Unknown,EQ,2024-04-10,Unknown,0.0,0.0,0.0,0.0
3647,BESTEAST,Best Eastern Hotels Limited,INE553F01035,Unknown,Unknown,EQ,,Unknown,0.0,0.0,0.0,0.0
4622,BESTE,"Bestavision Electronics Ltd.,",INE423C01012,Unknown,Unknown,EQ,,Unknown,0.0,0.0,0.0,0.0
6258,BETKAPA,Beta-Kappa Investments Ltd.,INE367F01014,Unknown,Unknown,EQ,,Unknown,0.0,0.0,0.0,0.0
341,BETA,Beta Drugs Limited,INE351Y01019,Unknown,Unknown,EQ,2025-11-24,Unknown,0.0,0.0,0.0,0.0
6289,BETALA,Betala Global Securities Ltd.,INE658E01027,Unknown,Unknown,EQ,,Unknown,0.0,0.0,0.0,0.0
4003,BETXIND,Betex India Ltd.,INE765L01017,Unknown,Unknown,EQ,,Unknown,0.0,0.0,0.0,0.0
342,BFINVEST,BF Investment Limited,INE878K01010,Unknown,Unknown,EQ,2011-01-14,Unknown,0.0,0.0,0.0,0.0
343,BFUTILITIE,BF Utilities Limited,INE243D01012,Unknown,Unknown,EQ,2007-05-03,Unknown,0.0,0.0,0.0,0.0
7630,BFLAFL,BFL Asset Finvest Limited,INE948Q01018,Unknown,Unknown,EQ,,Unknown,0.0,0.0,0.0,0.0
3857,BGIL,BGIL Films & Technologies Ltd,INE443D01018,Unknown,Unknown,EQ,,Unknown,0.0,0.0,0.0,0.0
344,BGRENERGY,BGR Energy Systems Limited,INE661I01014,Unknown,Unknown,BE,2008-01-03,Unknown,0.0,0.0,0.0,0.0
3006,BHAGGAS,Bhagawati Gas Limited,INE099C01010,Unknown,Unknown,EQ,,Unknown,0.0,0.0,0.0,0.0
4547,BHAGEENG,Bhageeratha Engg. Ltd,INE869E01012,Unknown,Unknown,EQ,,Unknown,0.0,0.0,0.0,0.0
346,BHAGERIA,Bhageria Industries Limited,INE354C01027,Unknown,Unknown,BE,2016-03-02,Unknown,0.0,0.0,0.0,0.0
345,BHAGCHEM,Bhagiradha Chemicals & Industries Limited,INE414D01027,Unknown,Unknown,EQ,2021-10-18,Unknown,0.0,0.0,0.0,0.0
9031,BCIL-RE,Bhagiradha Chemicals and Industries,INE414D20019,Unknown,Unknown,EQ,,Unknown,0.0,0.0,0.0,0.0
6247,BHAAF,Bhagwandas Auto Finance Ltd.,INE134D01013,Unknown,Unknown,EQ,,Unknown,0.0,0.0,0.0,0.0
3374,BGWTATO,Bhagwati Autocast Limited,INE106G01014,Unknown,Unknown,EQ,,Unknown,0.0,0.0,0.0,0.0
3703,BHAGWOX,Bhagwati Oxygen Ltd.,INE026I01010,Unknown,Unknown,EQ,,Unknown,0.0,0.0,0.0,0.0
347,BHAGYANGR,Bhagyanagar India Limited,INE458B01036,Unknown,Unknown,EQ,2017-05-17,Unknown,0.0,0.0,0.0,0.0
7844,BHAGYAPROP,Bhagyanagar Properties Ltd,INE363W01018,Unknown,Unknown,EQ,,Unknown,0.0,0.0,0.0,0.0
3866,BHAGYFN,Bhagyashree Leasing & Finance Ltd.,INE655F01012,Unknown,Unknown,EQ,,Unknown,0.0,0.0,0.0,0.0
3209,BIDL,Bhagyodaya Infrastructure Development Ltd,INE876D01019,Unknown,Unknown,EQ,,Unknown,0.0,0.0,0.0,0.0
348,BHANDARI,Bhandari Hosiery Exports Limited,INE474E01029,Unknown,Unknown,EQ,2017-01-30,Unknown,0.0,0.0,0.0,0.0
9416,BHANDA-RE2,Bhandari Hosiery Exports Ltd.,INE474E20037,Unknown,Unknown,EQ,,Unknown,0.0,0.0,0.0,0.0
9199,BHANDA-RE1,Bhandari Hosiery Exports Ltd.,INE474E20029,Unknown,Unknown,EQ,,Unknown,0.0,0.0,0.0,0.0
9132,BHANDA-RE,Bhandari Hosiery Exports Ltd.,INE474E20011,Unknown,Unknown,EQ,,Unknown,0.0,0.0,0.0,0.0
7269,BHANDERI,Bhanderi Infracon Limited,INE336Q01016,Unknown,Unknown,EQ,,Unknown,0.0,0.0,0.0,0.0
7084,BCHL,Bhanot Construction & Housing Limited,INE484K01017,Unknown,Unknown,EQ,,Unknown,0.0,0.0,0.0,0.0
338,BEPL,Bhansali Engineering Polymers Limited,INE922A01025,Unknown,Unknown,EQ,2005-03-21,Unknown,0.0,0.0,0.0,0.0
6483,BHARATAGRI,Bharat Agri Fert and Realty Ltd,INE842D01029,Unknown,Unknown,EQ,,Unknown,0.0,0.0,0.0,0.0
3819,BHARAT,BHARAT BHUSHAN FINANCE & COMMODITY BROKERS LIMITED,INE900A01013,Unknown,Unknown,EQ,,Unknown,0.0,0.0,0.0,0.0
9321,BHARAT-RE,BHARAT BHUSHAN FINANCE & COMMODITY BROKERS LIMITED,INE900A20013,Unknown,Unknown,EQ,,Unknown,0.0,0.0,0.0,0.0
320,BBL,Bharat Bijlee Limited,INE464A01036,Unknown,Unknown,EQ,2006-11-21,Unknown,0.0,0.0,0.0,0.0
349,BHARATCOAL,Bharat Coking Coal Limited,INE05XR01022,Unknown,Unknown,EQ,2026-01-19,Unknown,0.0,0.0,0.0,0.0
4017,BHRATCOM,Bharat Commerce & Industries Ltd.,INE032C01011,Unknown,Unknown,EQ,,Unknown,0.0,0.0,0.0,0.0
328,BDL,Bharat Dynamics Limited,INE171Z01026,Unknown,Unknown,EQ,2018-03-23,Unknown,0.0,0.0,0.0,0.0
10,BEL,Bharat Electronics Limited,INE263A01024,Unknown,Unknown,EQ,2000-07-19,Unknown,0.0,0.0,0.0,0.0
7009,BHARATFIN,Bharat Financial Inclusion Limited,INE180K01011,Unknown,Unknown,EQ,,Unknown,0.0,0.0,0.0,0.0
350,BHARATFORG,Bharat Forge Limited,INE465A01025,Unknown,Unknown,EQ,2003-04-04,Unknown,0.0,0.0,0.0,0.0
351,BHARATGEAR,Bharat Gears Limited,INE561C01019,Unknown,Unknown,BE,1996-04-03,Unknown,0.0,0.0,0.0,0.0
9003,BGEAR-RE,Bharat Gears Ltd.,INE561C20019,Unknown,Unknown,EQ,,Unknown,0.0,0.0,0.0,0.0
4526,BGDL,BHARAT GLOBAL DEVELOPERS LIMITED,INE893C01032,Unknown,Unknown,EQ,,Unknown,0.0,0.0,0.0,0.0
357,BHEL,Bharat Heavy Electricals Limited,INE257A01026,Unknown,Unknown,EQ,2003-11-11,Unknown,0.0,0.0,0.0,0.0
3670,BHAHODM,"Bharat Hotels Ltd.,",INE466A01015,Unknown,Unknown,EQ,,Unknown,0.0,0.0,0.0,0.0
4817,BIBCL,Bharat Immunologicals & Biologicals,INE994B01014,Unknown,Unknown,EQ,,Unknown,0.0,0.0,0.0,0.0
403,BPLPHARMA,Bharat Parenterals Limited,INE365Y01019,Unknown,Unknown,EQ,2026-08-17,Unknown,0.0,0.0,0.0,0.0
401,BPCL,Bharat Petroleum Corporation Limited,INE029A01011,Unknown,Unknown,EQ,1995-09-13,Unknown,0.0,0.0,0.0,0.0
352,BHARATRAS,Bharat Rasayan Limited,INE838B01021,Unknown,Unknown,EQ,1995-10-11,Unknown,0.0,0.0,0.0,0.0
3005,BHARATRA,"Bharat Rasayan Ltd.,",INE838B01013,Unknown,Unknown,EQ,,Unknown,0.0,0.0,0.0,0.0
409,BRNL,Bharat Road Network Limited,INE727S01012,Unknown,Unknown,EQ,2017-09-18,Unknown,0.0,0.0,0.0,0.0
353,BHARATSE,Bharat Seats Limited,INE415D01024,Unknown,Unknown,EQ,2025-03-24,Unknown,0.0,0.0,0.0,0.0
4835,BHASIDM,Bharat Starch Industries Ltd.,INE030D01013,Unknown,Unknown,EQ,,Unknown,0.0,0.0,0.0,0.0
5388,BHATEXT,Bharat Textiles & Proofing Industri,INE201N01019,Unknown,Unknown,EQ,,Unknown,0.0,0.0,0.0,0.0
354,BHARATWIRE,Bharat Wire Ropes Limited,INE316L01019,Unknown,Unknown,EQ,2016-04-01,Unknown,0.0,0.0,0.0,0.0
6803,BHARATIDIL,Bharati Defence and Infrastructure Ltd,INE673G01013,Unknown,Unknown,EQ,,Unknown,0.0,0.0,0.0,0.0
7049,BGLOBAL,Bharatiya Global Infomedia Limited,INE224M01013,Unknown,Unknown,EQ,,Unknown,0.0,0.0,0.0,0.0
8628,BHARATROHAN,BHARATROHAN AIRBORNE INNOVATIONS LIMITED,INE0QMV01017,Unknown,Unknown,EQ,,Unknown,0.0,0.0,0.0,0.0
9562,AIRTELPP,Bharti Airtel  Ltd.,IN9397D01014,Unknown,Unknown,EQ,,Unknown,0.0,0.0,0.0,0.0
8996,AIRTEL-RE,Bharti Airtel  Ltd.,INE397D20024,Unknown,Unknown,EQ,,Unknown,0.0,0.0,0.0,0.0
355,BHARTIARTL,Bharti Airtel Limited,INE397D01024,Unknown,Unknown,EQ,2002-02-15,Unknown,0.0,0.0,0.0,0.0
356,BHARTIHEXA,Bharti Hexacom Limited,INE343G01021,Unknown,Unknown,EQ,2024-04-12,Unknown,0.0,0.0,0.0,0.0
361,BIL,Bhartiya International Limited,INE828A01016,Unknown,Unknown,EQ,2000-04-12,Unknown,0.0,0.0,0.0,0.0
4786,BHASKAGR,Bhaskar Agrochemicals Ltd.,INE972C01018,Unknown,Unknown,EQ,,Unknown,0.0,0.0,0.0,0.0
8276,BCCL,Bhatia Colour Chem Limited,INE0KQ001017,Unknown,Unknown,EQ,,Unknown,0.0,0.0,0.0,0.0
7953,BHATIA,Bhatia Communications & Retail (India) Limited,INE341Z01025,Unknown,Unknown,EQ,,Unknown,0.0,0.0,0.0,0.0
8637,BHAVIK,BHAVIK ENTERPRISES LIMITED,INE18PB01017,Unknown,Unknown,EQ,,Unknown,0.0,0.0,0.0,0.0
4359,BHEEMACEM,Bheema Cements Limited,INE333H01020,Unknown,Unknown,EQ,,Unknown,0.0,0.0,0.0,0.0
4182,BHILSPIN,Bhilwara Spinners Ltd,INE436C01014,Unknown,Unknown,EQ,,Unknown,0.0,0.0,0.0,0.0
416,BTTL,Bhilwara Technical Textiles Limited,INE274K01012,Unknown,Unknown,BE,2026-04-20,Unknown,0.0,0.0,0.0,0.0
4698,BHORIND,Bhor Industries Ltd.,INE160C01010,Unknown,Unknown,EQ,,Unknown,0.0,0.0,0.0,0.0
3470,BHRKALM,Bhoruka Aluminium Ltd.,INE866G01013,Unknown,Unknown,EQ,,Unknown,0.0,0.0,0.0,0.0
3400,BHRKSTSER,Bhoruka Steel & Services Ltd.,INE152I01014,Unknown,Unknown,EQ,,Unknown,0.0,0.0,0.0,0.0
4948,BHUDEVI,BHUDEVI INFRA PROJECTS LIMITED,INE432N01010,Unknown,Unknown,EQ,,Unknown,0.0,0.0,0.0,0.0
3722,BHURUKA,Bhuruka Gases Ltd.,INE880D01029,Unknown,Unknown,EQ,,Unknown,0.0,0.0,0.0,0.0
4831,BHUTI,Bhuvan Tripura Industries ltd.,INE604B01027,Unknown,Unknown,EQ,,Unknown,0.0,0.0,0.0,0.0
4070,BHUWALST,Bhuwalka Steel Industries Ltd.,INE069C01013,Unknown,Unknown,EQ,,Unknown,0.0,0.0,0.0,0.0
359,BIGBLOC,Bigbloc Construction Limited,INE412U01025,Unknown,Unknown,EQ,2016-09-02,Unknown,0.0,0.0,0.0,0.0
3010,BIHSPONG,Bihar Sponge Iron Ltd,INE819C01011,Unknown,Unknown,EQ,,Unknown,0.0,0.0,0.0,0.0
3966,BIJLTEX,Bijlee Textiles Ltd.,INE368F01012,Unknown,Unknown,EQ,,Unknown,0.0,0.0,0.0,0.0
360,BIKAJI,Bikaji Foods International Limited,INE00E101023,Unknown,Unknown,EQ,2022-11-16,Unknown,0.0,0.0,0.0,0.0
7031,BILENERGY,Bil Energy Systems Limited,INE607L01029,Unknown,Unknown,EQ,,Unknown,0.0,0.0,0.0,0.0
362,BILVYAPAR,BIL VYAPAR LIMITED,INE071A01013,Unknown,Unknown,BE,2006-09-27,Unknown,0.0,0.0,0.0,0.0
358,BI,Bilcare Limited,INE986A01012,Unknown,Unknown,BE,2026-04-20,Unknown,0.0,0.0,0.0,0.0
876,GROWW,Billionbrains Garage Ventures Limited,INE0HOQ01053,Unknown,Unknown,EQ,2025-11-12,Unknown,0.0,0.0,0.0,0.0
8204,BILLWIN,Billwin Industries Limited,INE0CRS01012,Unknown,Unknown,EQ,,Unknown,0.0,0.0,0.0,0.0
9183,BILLWIN-RE,Billwin Industries Limited,INE0CRS20012,Unknown,Unknown,EQ,,Unknown,0.0,0.0,0.0,0.0
6322,BILPOWER,Bilpower Ltd.,INE952D01018,Unknown,Unknown,EQ,,Unknown,0.0,0.0,0.0,0.0
363,BIMETAL,Bimetal Bearings Limited,INE469A01019,Unknown,Unknown,EQ,2026-04-20,Unknown,0.0,0.0,0.0,0.0
6892,BINANICEM,Binani Cement Ltd.,INE042H01019,Unknown,Unknown,EQ,,Unknown,0.0,0.0,0.0,0.0
4587,ZBINTXPP,Binayak Tex Processors  Ltd.,INE626H01019,Unknown,Unknown,EQ,,Unknown,0.0,0.0,0.0,0.0
7731,BINDALEXPO,Bindal Exports Limited,INE564V01013,Unknown,Unknown,EQ,,Unknown,0.0,0.0,0.0,0.0
4167,BINNY,Binny Ltd.,INE118K01011,Unknown,Unknown,EQ,,Unknown,0.0,0.0,0.0,0.0
7111,BINNYMILLS,Binny Mills Limited,INE160L01011,Unknown,Unknown,EQ,,Unknown,0.0,0.0,0.0,0.0
364,BIOCON,Biocon Limited,INE376G01013,Unknown,Unknown,EQ,2004-04-07,Unknown,0.0,0.0,0.0,0.0
365,BIOFILCHEM,Biofil Chemicals & Pharmaceuticals Limited,INE829A01014,Unknown,Unknown,EQ,1996-06-12,Unknown,0.0,0.0,0.0,0.0
6422,BIOGEN,BIOGEN PHARMACHEM INDUSTRIES LIMITED,INE703D01023,Unknown,Unknown,EQ,,Unknown,0.0,0.0,0.0,0.0
6713,BIOPAC,Biopac India Corporation Ltd,INE998A01017,Unknown,Unknown,EQ,,Unknown,0.0,0.0,0.0,0.0
6202,BIOWIN,Biowin Pharma (India) Ltd.,INE244D01010,Unknown,Unknown,EQ,,Unknown,0.0,0.0,0.0,0.0
7223,BCPAL,Birdhi Chand Pannalal Agencies Limited,INE795P01023,Unknown,Unknown,EQ,,Unknown,0.0,0.0,0.0,0.0
366,BIRLACABLE,Birla Cable Limited,INE800A01015,Unknown,Unknown,BE,1995-12-06,Unknown,0.0,0.0,0.0,0.0
3968,BIRLACAP,Birla Capital & Financial Services Ltd.,INE776E01027,Unknown,Unknown,EQ,,Unknown,0.0,0.0,0.0,0.0
3815,BIRCFDM,Birla Century Finance Ltd.,INE164C01012,Unknown,Unknown,EQ,,Unknown,0.0,0.0,0.0,0.0
367,BIRLACORPN,Birla Corporation Limited,INE340A01012,Unknown,Unknown,EQ,1995-04-12,Unknown,0.0,0.0,0.0,0.0
6958,BIRLACOT,Birla Cotsyn (India) Limited,INE655I01032,Unknown,Unknown,EQ,,Unknown,0.0,0.0,0.0,0.0
3013,BGFL,Birla Global Finance Ltd.,INE097A01018,Unknown,Unknown,EQ,,Unknown,0.0,0.0,0.0,0.0
3422,BIRLMCTOL,Birla Machining & Toolings Limited,INE989B01014,Unknown,Unknown,EQ,,Unknown,0.0,0.0,0.0,0.0
7047,BIRLAPAC,Birla Pacific Medspa Limited,INE341L01017,Unknown,Unknown,EQ,,Unknown,0.0,0.0,0.0,0.0
4265,BIRLAPOWER,Birla Power Solutions Ltd.,INE224B01024,Unknown,Unknown,EQ,,Unknown,0.0,0.0,0.0,0.0
370,BIRLAPREC,Birla Precision Technologies Limited,INE372E01025,Unknown,Unknown,EQ,2026-04-20,Unknown,0.0,0.0,0.0,0.0
3839,BIRSHLEDU,Birla Shloka Edutech Limited,INE814E01018,Unknown,Unknown,EQ,,Unknown,0.0,0.0,0.0,0.0
3313,BIRLATR,Birla Transasia Carpets Ltd.,INE646O01013,Unknown,Unknown,EQ,,Unknown,0.0,0.0,0.0,0.0
8164,BIRLATYRE,Birla Tyres Limited,INE0AEJ01013,Unknown,Unknown,EQ,,Unknown,0.0,0.0,0.0,0.0
369,BIRLANU,BirlaNu Limited,INE557A01011,Unknown,Unknown,EQ,1995-04-26,Unknown,0.0,0.0,0.0,0.0
414,BSOFT,BIRLASOFT LIMITED,INE836A01035,Unknown,Unknown,EQ,1999-11-24,Unknown,0.0,0.0,0.0,0.0
6231,BIRMT,Birmingham Thermotech Ltd.,INE782B01013,Unknown,Unknown,EQ,,Unknown,0.0,0.0,0.0,0.0
4386,ZBISHDM,Bishnauth Tea Co. Ltd,INE211A01015,Unknown,Unknown,EQ,,Unknown,0.0,0.0,0.0,0.0
5008,BITS,BITS Ltd,INE839A01021,Unknown,Unknown,EQ,,Unknown,0.0,0.0,0.0,0.0
8379,BIZOTIC,Bizotic Commercial Limited,INE0OJ401014,Unknown,Unknown,EQ,,Unknown,0.0,0.0,0.0,0.0
7429,BKMINDST,BKM INDUSTRIES LIMITED,INE831Q01016,Unknown,Unknown,EQ,,Unknown,0.0,0.0,0.0,0.0
4436,BKV,BKV Industries Ltd.,INE356C01022,Unknown,Unknown,EQ,,Unknown,0.0,0.0,0.0,0.0
321,BBOX,Black Box Limited,INE676A01027,Unknown,Unknown,EQ,2003-07-22,Unknown,0.0,0.0,0.0,0.0
372,BLACKROSE,Black Rose Inds. Limited,INE761G01016,Unknown,Unknown,BE,2026-04-20,Unknown,0.0,0.0,0.0,0.0
371,BLACKBUCK,BLACKBUCK LIMITED,INE0UIZ01018,Unknown,Unknown,EQ,2024-11-22,Unknown,0.0,0.0,0.0,0.0
6311,BLAZONMRB,Blazon Marbles Limited,INE096H01023,Unknown,Unknown,EQ,,Unknown,0.0,0.0,0.0,0.0
374,BLBLIMITED,BLB Limited,INE791A01024,Unknown,Unknown,EQ,2000-05-31,Unknown,0.0,0.0,0.0,0.0
377,BLISSGVS,Bliss GVS Pharma Limited,INE416D01022,Unknown,Unknown,BE,2010-07-26,Unknown,0.0,0.0,0.0,0.0
4898,BLOOM,Bloom Dekor Ltd.,INE253C01013,Unknown,Unknown,EQ,,Unknown,0.0,0.0,0.0,0.0
4088,BLOIN,Bloom Industries Ltd,INE373E01015,Unknown,Unknown,EQ,,Unknown,0.0,0.0,0.0,0.0
3577,BLOSIND,Blossom Industries Ltd.,INE264D01018,Unknown,Unknown,EQ,,Unknown,0.0,0.0,0.0,0.0
380,BLSE,BLS E-Services Limited,INE0NLT01010,Unknown,Unknown,EQ,2024-02-06,Unknown,0.0,0.0,0.0,0.0
5447,BLSINFOTE,BLS Infotech Limited,INE606B01022,Unknown,Unknown,EQ,,Unknown,0.0,0.0,0.0,0.0
379,BLS,BLS International Services Limited,INE153T01027,Unknown,Unknown,EQ,2016-06-14,Unknown,0.0,0.0,0.0,0.0
8601,BLT,BLT Logistics Limited,INE0W4K01013,Unknown,Unknown,EQ,,Unknown,0.0,0.0,0.0,0.0
6866,BLUEBIRD,Blue Bird (India) Limited,INE697H01010,Unknown,Unknown,EQ,,Unknown,0.0,0.0,0.0,0.0
3268,BLUBLND-B,Blue Blends (India) Ltd,INE113O01014,Unknown,Unknown,EQ,,Unknown,0.0,0.0,0.0,0.0
6534,BLUECHIP,Blue Chip India Ltd,INE657B01025,Unknown,Unknown,EQ,,Unknown,0.0,0.0,0.0,0.0
3554,BLUECHIPT,Blue Chip Tex Industries Ltd.,INE472D01017,Unknown,Unknown,EQ,,Unknown,0.0,0.0,0.0,0.0
3660,BLCISER,Blue Circle Services Ltd.,INE526K01031,Unknown,Unknown,EQ,,Unknown,0.0,0.0,0.0,0.0
381,BLUECLOUDS,Blue Cloud Softech Solutions Limited,INE373T01047,Unknown,Unknown,EQ,2026-08-17,Unknown,0.0,0.0,0.0,0.0
382,BLUECOAST,Blue Coast Hotels Limited,INE472B01011,Unknown,Unknown,BE,2000-02-16,Unknown,0.0,0.0,0.0,0.0
383,BLUEDART,Blue Dart Express Limited,INE233B01017,Unknown,Unknown,EQ,2002-12-12,Unknown,0.0,0.0,0.0,0.0
5401,BLUEDIA,Blue diamond Securities & Finance l,INE454C01017,Unknown,Unknown,EQ,,Unknown,0.0,0.0,0.0,0.0
6658,BLINTEC,Blue Information Technology Ltd.,INE084F01015,Unknown,Unknown,EQ,,Unknown,0.0,0.0,0.0,0.0
384,BLUEJET,Blue Jet Healthcare Limited,INE0KBH01020,Unknown,Unknown,EQ,2023-11-01,Unknown,0.0,0.0,0.0,0.0
4215,BPAGRI,Blue Pearl Agriventures Limited,INE439N01031,Unknown,Unknown,EQ,,Unknown,0.0,0.0,0.0,0.0
6721,BLUESTINFO,Blue Star Infotech Limited.,INE504B01011,Unknown,Unknown,EQ,,Unknown,0.0,0.0,0.0,0.0
385,BLUESTARCO,Blue Star Limited,INE472A01039,Unknown,Unknown,EQ,2000-06-15,Unknown,0.0,0.0,0.0,0.0
7627,BVL,Blueblood Ventures Limited,INE562S01013,Unknown,Unknown,EQ,,Unknown,0.0,0.0,0.0,0.0
6401,BLUCHIP,Bluechip Stockspin Ltd.,INE337F01017,Unknown,Unknown,EQ,,Unknown,0.0,0.0,0.0,0.0
386,BLUESTONE,BlueStone Jewellery and Lifestyle Limited,INE304W01038,Unknown,Unknown,EQ,2025-08-19,Unknown,0.0,0.0,0.0,0.0
387,BLUSPRING,Bluspring Enterprises Limited,INE0U4101014,Unknown,Unknown,EQ,2025-06-11,Unknown,0.0,0.0,0.0,0.0
6230,BMBMUMG,BMB Music & Magnetics Ltd.,INE644K01016,Unknown,Unknown,EQ,,Unknown,0.0,0.0,0.0,0.0
8100,BMW,BMW INDUSTRIES LIMITED,INE374E01021,Unknown,Unknown,EQ,,Unknown,0.0,0.0,0.0,0.0
388,BMWVENTLTD,BMW Ventures Limited,INE965W01036,Unknown,Unknown,EQ,2025-10-01,Unknown,0.0,0.0,0.0,0.0
389,BNAGROCHEM,BN Agrochem Limited,INE00HZ01011,Unknown,Unknown,EQ,2026-04-20,Unknown,0.0,0.0,0.0,0.0
5322,BNRUDY,BNR Udyog Ltd.,INE355C01016,Unknown,Unknown,EQ,,Unknown,0.0,0.0,0.0,0.0
5058,BOBSHELL,Bobshell Electrodes Ltd.,INE896B01011,Unknown,Unknown,EQ,,Unknown,0.0,0.0,0.0,0.0
391,BODALCHEM,Bodal Chemicals Limited,INE338D01028,Unknown,Unknown,EQ,2011-08-22,Unknown,0.0,0.0,0.0,0.0
415,BTML,Bodhi Tree Multimedia Limited,INE0EEJ01023,Unknown,Unknown,EQ,2023-02-15,Unknown,0.0,0.0,0.0,0.0
9291,BTML-RE1,BODHI TREE MULTIMEDIA LIMITED,INE0EEJ20023,Unknown,Unknown,EQ,,Unknown,0.0,0.0,0.0,0.0
9329,BODH-RE,Bodhtree Consulting Limited,INE104F20011,Unknown,Unknown,EQ,,Unknown,0.0,0.0,0.0,0.0
7461,BODHTREE,Bodhtree Consulting Limited,INE104F01029,Unknown,Unknown,EQ,,Unknown,0.0,0.0,0.0,0.0
392,BOHRAIND,Bohra Industries Limited,INE802W01023,Unknown,Unknown,EQ,2022-10-27,Unknown,0.0,0.0,0.0,0.0
3218,BOMBCYC,Bombay Cycle & Motor Agency Ltd.,INE691K01017,Unknown,Unknown,EQ,,Unknown,0.0,0.0,0.0,0.0
4781,BOMDRDM,Bombay Drugs & Pharmas Ltd.,INE002C01014,Unknown,Unknown,EQ,,Unknown,0.0,0.0,0.0,0.0
393,BOMDYEING,Bombay Dyeing & Mfg Company Limited,INE032A01023,Unknown,Unknown,EQ,1995-04-26,Unknown,0.0,0.0,0.0,0.0
3704,BOMOXY-B1,BOMBAY OXYGEN INVESTMENTS LIMITED,INE01TL01014,Unknown,Unknown,EQ,,Unknown,0.0,0.0,0.0,0.0
3705,BOMPAINT,Bombay Paints Ltd.,INE712D01016,Unknown,Unknown,EQ,,Unknown,0.0,0.0,0.0,0.0
3240,BOMBPOT,Bombay Potteries & Tiles Ltd.,INE06AE01018,Unknown,Unknown,EQ,,Unknown,0.0,0.0,0.0,0.0
6830,BRFL,Bombay Rayon Fashions Ltd.,INE589G01011,Unknown,Unknown,EQ,,Unknown,0.0,0.0,0.0,0.0
412,BSHSL,Bombay Super Hybrid Seeds Limited,INE032Z01020,Unknown,Unknown,EQ,2020-10-28,Unknown,0.0,0.0,0.0,0.0
5502,BOMSS,Bombay Swadeshi Store Ltd.,INE595B01027,Unknown,Unknown,EQ,,Unknown,0.0,0.0,0.0,0.0
3776,BOMTALKIES,BOMBAY TALKIES LIMITED,INE910D01024,Unknown,Unknown,EQ,,Unknown,0.0,0.0,0.0,0.0
3375,BOMBWIR,Bombay Wire Ropes Ltd.,INE089T01023,Unknown,Unknown,EQ,,Unknown,0.0,0.0,0.0,0.0
6584,BONANZAB,Bonanza Biotech Ltd.,INE050C01013,Unknown,Unknown,EQ,,Unknown,0.0,0.0,0.0,0.0
4597,BONINDL,Bonanza Industries Ltd,INE143N01021,Unknown,Unknown,EQ,,Unknown,0.0,0.0,0.0,0.0
8399,BONDADA,Bondada Engineering Limited,INE0Q8P01029,Unknown,Unknown,EQ,,Unknown,0.0,0.0,0.0,0.0
3016,BONGAIREFN,Bongaingaon Refinery & Petrochemica,INE241A01012,Unknown,Unknown,EQ,,Unknown,0.0,0.0,0.0,0.0
394,BONLON,Bonlon Industries Limited,INE0B9A01018,Unknown,Unknown,EQ,2026-02-20,Unknown,0.0,0.0,0.0,0.0
395,BORANA,Borana Weaves Limited,INE16SF01016,Unknown,Unknown,EQ,2025-05-27,Unknown,0.0,0.0,0.0,0.0
3503,BORAX,Borax Morarji Ltd.,INE658B01015,Unknown,Unknown,EQ,,Unknown,0.0,0.0,0.0,0.0
396,BOROLTD,Borosil Limited,INE02PY01013,Unknown,Unknown,EQ,2020-07-22,Unknown,0.0,0.0,0.0,0.0
397,BORORENEW,BOROSIL RENEWABLES LIMITED,INE666D01022,Unknown,Unknown,EQ,2018-05-25,Unknown,0.0,0.0,0.0,0.0
398,BOROSCI,Borosil Scientific Limited,INE02L001032,Unknown,Unknown,EQ,2024-06-07,Unknown,0.0,0.0,0.0,0.0
3407,BOSCHCHAS,Bosch Chassis Systems India Limited,INE053B01019,Unknown,Unknown,EQ,,Unknown,0.0,0.0,0.0,0.0
399,BOSCH-HCIL,BOSCH HOME COMFORT INDIA LIMITED,INE782A01015,Unknown,Unknown,EQ,2000-01-03,Unknown,0.0,0.0,0.0,0.0
400,BOSCHLTD,Bosch Limited,INE323A01026,Unknown,Unknown,EQ,2003-05-12,Unknown,0.0,0.0,0.0,0.0
3420,BOSCHDM,Bosch Rexroth (India) Ltd.,INE294D01015,Unknown,Unknown,EQ,,Unknown,0.0,0.0,0.0,0.0
3220,BOSTON,Boston Education and Software Technologies ltd,INE122C01010,Unknown,Unknown,EQ,,Unknown,0.0,0.0,0.0,0.0
7520,BLFL,Boston Leasing and Finance Ltd.,INE962P01011,Unknown,Unknown,EQ,,Unknown,0.0,0.0,0.0,0.0
7141,BOSTONTEK,BOSTON TEKNOWSYS (INDIA) LIMITED,INE777E01017,Unknown,Unknown,EQ,,Unknown,0.0,0.0,0.0,0.0
7100,BMAL,Bothra Metals & Alloys Limited,INE583M01012,Unknown,Unknown,EQ,,Unknown,0.0,0.0,0.0,0.0
3017,BPLENG,BPL Engineering Ltd.,INE108A01013,Unknown,Unknown,EQ,,Unknown,0.0,0.0,0.0,0.0
402,BPL,BPL Limited,INE110A01019,Unknown,Unknown,EQ,1995-06-14,Unknown,0.0,0.0,0.0,0.0
3144,BRABOURNE,Brabourne Enterprises Limited,INE629A01018,Unknown,Unknown,EQ,,Unknown,0.0,0.0,0.0,0.0
3447,BRADYM,Brady & Morris Engineering Co. Ltd.,INE856A01017,Unknown,Unknown,EQ,,Unknown,0.0,0.0,0.0,0.0
8869,BRAHMANAN,Brahmanand Himghar Limited,INE318G01015,Unknown,Unknown,EQ,,Unknown,0.0,0.0,0.0,0.0
5457,BRAHMAINF,Brahmaputra Infraproject Limited,INE968C01016,Unknown,Unknown,EQ,,Unknown,0.0,0.0,0.0,0.0
404,BRAHMINFRA,Brahmaputra Infrastructure Limited,INE320I01017,Unknown,Unknown,EQ,2026-08-17,Unknown,0.0,0.0,0.0,0.0
748,FIRSTCRY,Brainbees Solutions Limited,INE02RE01045,Unknown,Unknown,EQ,2024-08-13,Unknown,0.0,0.0,0.0,0.0
4463,BRAKAUT,Brakes Auto (India) Ltd.,INE222G01019,Unknown,Unknown,EQ,,Unknown,0.0,0.0,0.0,0.0
326,BCONCEPTS,Brand Concepts Limited,INE977Y01011,Unknown,Unknown,EQ,2022-01-11,Unknown,0.0,0.0,0.0,0.0
8260,BRANDBUCKT,Brandbucket Media & Technology Limited,INE0ILD01014,Unknown,Unknown,EQ,,Unknown,0.0,0.0,0.0,0.0
6970,BRANDHOUSE,BRANDHOUSE RETAILS LIMITED,INE317J01011,Unknown,Unknown,EQ,,Unknown,0.0,0.0,0.0,0.0
5141,BRAWN,Brawn Biotech Limited,INE899B01015,Unknown,Unknown,EQ,,Unknown,0.0,0.0,0.0,0.0
5152,BRIDGESE,Bridge Securities Ltd.,INE958C01025,Unknown,Unknown,EQ,,Unknown,0.0,0.0,0.0,0.0
405,BRIGADE,Brigade Enterprises Limited,INE791I01019,Unknown,Unknown,EQ,2007-12-31,Unknown,0.0,0.0,0.0,0.0
406,BRIGHOTEL,Brigade Hotel Ventures Limited,INE03NU01014,Unknown,Unknown,EQ,2025-07-31,Unknown,0.0,0.0,0.0,0.0
407,BRIGHTBR,Bright Brothers Limited,INE630D01010,Unknown,Unknown,EQ,2026-08-17,Unknown,0.0,0.0,0.0,0.0
8363,BRIGHT,Bright Outdoor Media Limited,INE0OMI01019,Unknown,Unknown,EQ,,Unknown,0.0,0.0,0.0,0.0
324,BCG,Brightcom Group Limited,INE425B01027,Unknown,Unknown,EQ,2015-05-08,Unknown,0.0,0.0,0.0,0.0
6628,BRIJLEAS,Brijlaxmi Leasing & Finance ltd.,INE957E01031,Unknown,Unknown,EQ,,Unknown,0.0,0.0,0.0,0.0
7571,BRIPORT,Brilliant Portfolios Ltd.,INE661F01010,Unknown,Unknown,EQ,,Unknown,0.0,0.0,0.0,0.0
8435,BRISK,Brisk Technovision Limited,INE0Q6L01014,Unknown,Unknown,EQ,,Unknown,0.0,0.0,0.0,0.0
408,BRITANNIA,Britannia Industries Limited,INE216A01030,Unknown,Unknown,EQ,1998-11-05,Unknown,0.0,0.0,0.0,0.0
8492,BROACH,BROACH LIFECARE HOSPITAL LIMITED,INE0SFZ01018,Unknown,Unknown,EQ,,Unknown,0.0,0.0,0.0,0.0
6878,BROADCAST,Broadcast Initiatives Ltd.,INE698H01018,Unknown,Unknown,EQ,,Unknown,0.0,0.0,0.0,0.0
7080,BITL,Bronze Infra-Tech Limited,INE830N01015,Unknown,Unknown,EQ,,Unknown,0.0,0.0,0.0,0.0
7669,BRONZE,Bronze Trading Limited,INE022R01010,Unknown,Unknown,EQ,,Unknown,0.0,0.0,0.0,0.0
410,BROOKS,Brooks Laboratories Limited,INE650L01011,Unknown,Unknown,BE,2011-09-05,Unknown,0.0,0.0,0.0,0.0
9126,BROOKS-RE,BROOKS LABORATORIES LIMITED,INE650L20011,Unknown,Unknown,EQ,,Unknown,0.0,0.0,0.0,0.0
8864,BRUSHMAN,Brushman (India) ltd.,INE357C01012,Unknown,Unknown,EQ,,Unknown,0.0,0.0,0.0,0.0
7017,BSLIMITED,BS Limited,INE043K01029,Unknown,Unknown,EQ,,Unknown,0.0,0.0,0.0,0.0
411,BSE,BSE Limited,INE118H01025,Unknown,Unknown,EQ,2017-02-03,Unknown,0.0,0.0,0.0,0.0
6635,BSELALGO,BSEL ALGO LIMITED,INE395A01016,Unknown,Unknown,EQ,,Unknown,0.0,0.0,0.0,0.0
413,BSL,BSL Limited,INE594B01012,Unknown,Unknown,EQ,1995-07-27,Unknown,0.0,0.0,0.0,0.0
4293,BST,BST Ltd.,INE389A01019,Unknown,Unknown,EQ,,Unknown,0.0,0.0,0.0,0.0
4676,BTWIN,"BTW Industries Ltd.,",INE345C01017,Unknown,Unknown,EQ,,Unknown,0.0,0.0,0.0,0.0
7337,BUDGE BUDGE,BUDGE BUDGE COMPANY LIMITED,INE948C01026,Unknown,Unknown,EQ,,Unknown,0.0,0.0,0.0,0.0
418,BURNPUR,Burnpur Cement Limited,INE817H01022,Unknown,Unknown,EQ,2008-01-03,Unknown,0.0,0.0,0.0,0.0
3797,BURBR,Burr Brown (India) Ltd.,INE474A01019,Unknown,Unknown,EQ,,Unknown,0.0,0.0,0.0,0.0
3019,BURROWEL,"Burroughs Wellcome (India) Ltd.,",INE157A01010,Unknown,Unknown,EQ,,Unknown,0.0,0.0,0.0,0.0
419,BUTTERFLY,Butterfly Gandhimathi Appliances Limited,INE295F01017,Unknown,Unknown,EQ,2014-04-28,Unknown,0.0,0.0,0.0,0.0
3373,BWLLTD,BWL Limited,INE1LKO01015,Unknown,Unknown,EQ,,Unknown,0.0,0.0,0.0,0.0
9398,BYLD-RE,BYLD Capital Finance Limited,INE759D20017,Unknown,Unknown,EQ,,Unknown,0.0,0.0,0.0,0.0
3875,BYLD,BYLD Capital Finance Limited,INE759D01017,Unknown,Unknown,EQ,,Unknown,0.0,0.0,0.0,0.0
6877,CANDC,C & C Constructions Ltd.,INE874H01015,Unknown,Unknown,EQ,,Unknown,0.0,0.0,0.0,0.0
7023,CMAHENDRA,C. Mahendra Exports Limited,INE378J01013,Unknown,Unknown,EQ,,Unknown,0.0,0.0,0.0,0.0
1394,MAPMYINDIA,C.E. Info Systems Limited,INE0BV301023,Unknown,Unknown,EQ,2021-12-21,Unknown,0.0,0.0,0.0,0.0
6531,CGIMPEX,C.G.Impex Ltd.,INE060F01015,Unknown,Unknown,EQ,,Unknown,0.0,0.0,0.0,0.0
3586,CJGEL,C.J. Gelatine Products Ltd.,INE557D01015,Unknown,Unknown,EQ,,Unknown,0.0,0.0,0.0,0.0
3026,CTCOTTON,C.T. Cotton Yarn Ltd.,INE107D01019,Unknown,Unknown,EQ,,Unknown,0.0,0.0,0.0,0.0
3020,CCI,Cable Corporation of India Ltd.,INE475A01016,Unknown,Unknown,EQ,,Unknown,0.0,0.0,0.0,0.0
3524,CABINDM,Cabot India Ltd,INE144B01016,Unknown,Unknown,EQ,,Unknown,0.0,0.0,0.0,0.0
3192,CADBRDM,Cadbury India Ltd.,INE184A01014,Unknown,Unknown,EQ,,Unknown,0.0,0.0,0.0,0.0
6872,CAIRN,Cairn India Limited,INE910H01017,Unknown,Unknown,EQ,,Unknown,0.0,0.0,0.0,0.0
4289,CALCOM,Calcom Vision Ltd.,INE216C01010,Unknown,Unknown,EQ,,Unknown,0.0,0.0,0.0,0.0
488,CMLL,Caliber Mining and Logistics Limited,INE11XY01018,Unknown,Unknown,EQ,2026-07-24,Unknown,0.0,0.0,0.0,0.0
9271,CALSOFT-RE,California Software Co. Ltd.,INE526B20014,Unknown,Unknown,EQ,,Unknown,0.0,0.0,0.0,0.0
9616,CALSOFTPP,California Software Co. Ltd.,IN9526B01012,Unknown,Unknown,EQ,,Unknown,0.0,0.0,0.0,0.0
422,CALSOFT,California Software Company Limited,INE526B01014,Unknown,Unknown,BE,2000-06-28,Unknown,0.0,0.0,0.0,0.0
7539,CALLISTA,Callista Industries Limited,INE714Q01014,Unknown,Unknown,EQ,,Unknown,0.0,0.0,0.0,0.0
4994,CALSREF,Cals Refineries Ltd,INE040C01022,Unknown,Unknown,EQ,,Unknown,0.0,0.0,0.0,0.0
536,CTE,Cambridge Technology Enterprises Limited,INE627H01017,Unknown,Unknown,BE,2007-02-07,Unknown,0.0,0.0,0.0,0.0
4767,CAMEXLTD,Camex  Ltd.,INE198C01010,Unknown,Unknown,EQ,,Unknown,0.0,0.0,0.0,0.0
423,CAMLINFINE,Camlin Fine Sciences Limited,INE052I01032,Unknown,Unknown,EQ,2015-01-20,Unknown,0.0,0.0,0.0,0.0
9270,CAMLIN-RE,Camlin Fine Sciences Ltd,INE052I20016,Unknown,Unknown,EQ,,Unknown,0.0,0.0,0.0,0.0
424,CAMPUS,Campus Activewear Limited,INE278Y01022,Unknown,Unknown,EQ,2022-05-09,Unknown,0.0,0.0,0.0,0.0
7363,CAMSONBIO,Camson Bio Technologies Ltd,INE845E01012,Unknown,Unknown,EQ,,Unknown,0.0,0.0,0.0,0.0
7709,CAMSONSEEDS,Camson Seeds Limited,INE494T01017,Unknown,Unknown,EQ,,Unknown,0.0,0.0,0.0,0.0
427,CANFINHOME,Can Fin Homes Limited,INE477A01020,Unknown,Unknown,EQ,1995-05-10,Unknown,0.0,0.0,0.0,0.0
4242,CANAGLS,Cana Glass Ltd.,INE155F01013,Unknown,Unknown,EQ,,Unknown,0.0,0.0,0.0,0.0
426,CANBK,Canara Bank,INE476A01022,Unknown,Unknown,EQ,2002-12-23,Unknown,0.0,0.0,0.0,0.0
428,CANHLIFE,Canara HSBC Life Insurance Company Limited,INE01TY01017,Unknown,Unknown,EQ,2025-10-17,Unknown,0.0,0.0,0.0,0.0
523,CRAMC,Canara Robeco Asset Management Company Limited,INE218I01013,Unknown,Unknown,EQ,2025-10-16,Unknown,0.0,0.0,0.0,0.0
4576,CANDOUR,CANDOUR TECHTEX LIMITED,INE713D01055,Unknown,Unknown,EQ,,Unknown,0.0,0.0,0.0,0.0
7528,CANOPYFIN,Canopy Finance Limited,INE095R01016,Unknown,Unknown,EQ,,Unknown,0.0,0.0,0.0,0.0
429,CANTABIL,Cantabil Retail India Limited,INE068L01024,Unknown,Unknown,EQ,2010-10-12,Unknown,0.0,0.0,0.0,0.0
430,CAPACITE,Capacit'e Infraprojects Limited,INE264T01014,Unknown,Unknown,EQ,2017-09-25,Unknown,0.0,0.0,0.0,0.0
7491,CAPFIN,Capfin India Limited,INE960C01013,Unknown,Unknown,EQ,,Unknown,0.0,0.0,0.0,0.0
431,CAPILLARY,Capillary Technologies India Limited,INE0ILV01024,Unknown,Unknown,EQ,2025-11-21,Unknown,0.0,0.0,0.0,0.0
6926,CAPF,Capital First Limited,INE688I01017,Unknown,Unknown,EQ,,Unknown,0.0,0.0,0.0,0.0
480,CIFL,Capital India Finance Limited,INE345H01024,Unknown,Unknown,EQ,2025-04-17,Unknown,0.0,0.0,0.0,0.0
432,CAPITALSFB,Capital Small Finance Bank Limited,INE646H01017,Unknown,Unknown,EQ,2024-02-14,Unknown,0.0,0.0,0.0,0.0
7242,CTL,Capital Trade Links Limited,INE172D01021,Unknown,Unknown,EQ,,Unknown,0.0,0.0,0.0,0.0
434,CAPTRUST,Capital Trust Limited,INE707C01018,Unknown,Unknown,BE,2017-01-16,Unknown,0.0,0.0,0.0,0.0
9368,CAPTRU-RE1,Capital Trust Ltd.,INE707C20026,Unknown,Unknown,EQ,,Unknown,0.0,0.0,0.0,0.0
9327,CAPTRU-RE,Capital Trust Ltd.,INE707C20018,Unknown,Unknown,EQ,,Unknown,0.0,0.0,0.0,0.0
8533,CNINFOTECH,CAPITALNUMBERS INFOTECH  LIMITED,INE0WXM01011,Unknown,Unknown,EQ,,Unknown,0.0,0.0,0.0,0.0
433,CAPLIPOINT,Caplin Point Laboratories Limited,INE475E01026,Unknown,Unknown,EQ,2014-06-23,Unknown,0.0,0.0,0.0,0.0
3873,CAPMANFI,Capman Financials Ltd.,INE862D01019,Unknown,Unknown,EQ,,Unknown,0.0,0.0,0.0,0.0
9093,CGCL-RE,Capri Global Capital Limited,INE180C20018,Unknown,Unknown,EQ,,Unknown,0.0,0.0,0.0,0.0
463,CGCL,Capri Global Capital Limited,INE180C01042,Unknown,Unknown,EQ,2010-10-29,Unknown,0.0,0.0,0.0,0.0
9405,CAPRI-RE,Capricorn Systems Global Solutions Ltd.,INE968E20012,Unknown,Unknown,EQ,,Unknown,0.0,0.0,0.0,0.0
3928,CAPRICORN,Capricorn Systems Global Solutions Ltd.,INE968E01012,Unknown,Unknown,EQ,,Unknown,0.0,0.0,0.0,0.0
3706,CAPRIHANS,Caprihans India Ltd.,INE479A01018,Unknown,Unknown,EQ,,Unknown,0.0,0.0,0.0,0.0
3581,CAPRO,Caprolactam Chemicals ltd.,INE470N01010,Unknown,Unknown,EQ,,Unknown,0.0,0.0,0.0,0.0
7345,CAPPIPES,Captain Pipes Limited,INE513R01026,Unknown,Unknown,EQ,,Unknown,0.0,0.0,0.0,0.0
520,CPL,Captain Polyplast Limited,INE536P01021,Unknown,Unknown,EQ,2026-07-23,Unknown,0.0,0.0,0.0,0.0
7854,CTCL,Captain Technocast Limited,INE931X01010,Unknown,Unknown,EQ,,Unknown,0.0,0.0,0.0,0.0
435,CARBORUNIV,Carborundum Universal Limited,INE120A01034,Unknown,Unknown,EQ,1996-04-03,Unknown,0.0,0.0,0.0,0.0
436,CARERATING,CARE Ratings Limited,INE752H01013,Unknown,Unknown,EQ,2012-12-26,Unknown,0.0,0.0,0.0,0.0
519,CPEDU,Career Point Edutech Limited,INE0P6P01016,Unknown,Unknown,EQ,2025-09-05,Unknown,0.0,0.0,0.0,0.0
8322,CARGOSOL,Cargosol Logistics Limited,INE0KZM01011,Unknown,Unknown,EQ,,Unknown,0.0,0.0,0.0,0.0
8320,CARGOTRANS,Cargotrans Maritime Limited,INE0M4L01013,Unknown,Unknown,EQ,,Unknown,0.0,0.0,0.0,0.0
5256,CARNATIN,Carnation Industries Ltd.,INE081B01028,Unknown,Unknown,EQ,,Unknown,0.0,0.0,0.0,0.0
3173,CAROL,Carol Info Services Ltd.,INE198A01014,Unknown,Unknown,EQ,,Unknown,0.0,0.0,0.0,0.0
437,CARRARO,Carraro India Limited,INE0V7W01012,Unknown,Unknown,EQ,2024-12-30,Unknown,0.0,0.0,0.0,0.0
3021,CARIR,Carrier Aircon Ltd,INE480A01016,Unknown,Unknown,EQ,,Unknown,0.0,0.0,0.0,0.0
438,CARTRADE,Cartrade Tech Limited,INE290S01011,Unknown,Unknown,EQ,2021-08-20,Unknown,0.0,0.0,0.0,0.0
439,CARYSIL,CARYSIL LIMITED,INE482D01024,Unknown,Unknown,EQ,2021-01-14,Unknown,0.0,0.0,0.0,0.0
7081,CASPIAN,CASPIAN CORPORATE SERVICES LIMITED,INE176N01039,Unknown,Unknown,EQ,,Unknown,0.0,0.0,0.0,0.0
6685,CASTEXTECH,Castex Technologies Limited,INE068D01021,Unknown,Unknown,EQ,,Unknown,0.0,0.0,0.0,0.0
6518,CASTORA,CASTORA AGRI COMMODITIES LIMITED,INE641H01018,Unknown,Unknown,EQ,,Unknown,0.0,0.0,0.0,0.0
440,CASTROLIND,Castrol India Limited,INE172A01027,Unknown,Unknown,EQ,2014-03-14,Unknown,0.0,0.0,0.0,0.0
3476,CASTRON,Castron Technologies Ltd.,INE492D01015,Unknown,Unknown,EQ,,Unknown,0.0,0.0,0.0,0.0
6382,CATECH,CAT Technologies Ltd,INE170B01037,Unknown,Unknown,EQ,,Unknown,0.0,0.0,0.0,0.0
5437,CATVISION,Catvision Limited,INE660B01011,Unknown,Unknown,EQ,,Unknown,0.0,0.0,0.0,0.0
3022,CAUVERSOFT,Cauvery Software Engg. Systems Ltd.,INE466B01013,Unknown,Unknown,EQ,,Unknown,0.0,0.0,0.0,0.0
6508,CCLINTER,CCL International Ltd,INE778E01031,Unknown,Unknown,EQ,,Unknown,0.0,0.0,0.0,0.0
444,CCL,CCL Products (India) Limited,INE421D01022,Unknown,Unknown,EQ,2004-06-07,Unknown,0.0,0.0,0.0,0.0
4198,CCME,CCME GLOBAL LIMITED,INE194N01016,Unknown,Unknown,EQ,,Unknown,0.0,0.0,0.0,0.0
6754,CCSIN,CCS Infotech Ltd.,INE661B01019,Unknown,Unknown,EQ,,Unknown,0.0,0.0,0.0,0.0
9496,CCSPP,CCS Infotech Ltd.,IN9661B01017,Unknown,Unknown,EQ,,Unknown,0.0,0.0,0.0,0.0
4630,CDRHLTH,CDR Health Care Ltd.,INE369F01010,Unknown,Unknown,EQ,,Unknown,0.0,0.0,0.0,0.0
446,CEATLTD,CEAT Limited,INE482A01020,Unknown,Unknown,EQ,2008-02-01,Unknown,0.0,0.0,0.0,0.0
5314,CEEJAY,Ceejay Finance Limited,INE358C01010,Unknown,Unknown,EQ,,Unknown,0.0,0.0,0.0,0.0
5417,CEENIK,Ceenik Exports (india) Ltd.,INE418D01010,Unknown,Unknown,EQ,,Unknown,0.0,0.0,0.0,0.0
4161,CEETAIN,Ceeta Industries Ltd.,INE760J01012,Unknown,Unknown,EQ,,Unknown,0.0,0.0,0.0,0.0
447,CEIGALL,Ceigall India Limited,INE0AG901020,Unknown,Unknown,EQ,2024-08-08,Unknown,0.0,0.0,0.0,0.0
448,CEINSYS,Ceinsys Tech Limited,INE016Q01014,Unknown,Unknown,EQ,2026-02-19,Unknown,0.0,0.0,0.0,0.0
449,CELEBRITY,Celebrity Fashions Limited,INE185H01016,Unknown,Unknown,EQ,2006-01-12,Unknown,0.0,0.0,0.0,0.0
6903,CELESTIAL,Celestial Biolabs Limited,INE221I01017,Unknown,Unknown,EQ,,Unknown,0.0,0.0,0.0,0.0
6839,CELLA,CELLA SPACE LIMITED,INE266H01014,Unknown,Unknown,EQ,,Unknown,0.0,0.0,0.0,0.0
450,CELLO,Cello World Limited,INE0LMW01024,Unknown,Unknown,EQ,2023-11-06,Unknown,0.0,0.0,0.0,0.0
7278,CEMAINFRA,CEMANTIC INFRA-TECH LIMITED,INE222B01028,Unknown,Unknown,EQ,,Unknown,0.0,0.0,0.0,0.0
451,CEMPRO,Cemindia Projects Limited,INE686A01026,Unknown,Unknown,EQ,1999-02-10,Unknown,0.0,0.0,0.0,0.0
4568,CENLUB,Cenlub Industries Ltd.,INE627F01011,Unknown,Unknown,EQ,,Unknown,0.0,0.0,0.0,0.0
3023,CENCHDM,Centak Chemicals Ltd.,INE942A01015,Unknown,Unknown,EQ,,Unknown,0.0,0.0,0.0,0.0
6205,CSURGSU,Centenial Surgical Suture Ltd.,INE405H01018,Unknown,Unknown,EQ,,Unknown,0.0,0.0,0.0,0.0
6343,CENTERAC,CENTERAC TECHNOLOGIES LIMITED,INE157B01026,Unknown,Unknown,EQ,,Unknown,0.0,0.0,0.0,0.0
454,CENTRALBK,Central Bank of India,INE483A01010,Unknown,Unknown,EQ,2007-08-21,Unknown,0.0,0.0,0.0,0.0
445,CDSL,Central Depository Services (India) Limited,INE736A01011,Unknown,Unknown,EQ,2017-06-30,Unknown,0.0,0.0,0.0,0.0
3029,CENTINPO,Central India Polyesters Ltd.,INE496A01020,Unknown,Unknown,EQ,,Unknown,0.0,0.0,0.0,0.0
489,CMPDI,Central Mine Planning & Design Institute Limited,INE05HV01027,Unknown,Unknown,EQ,2026-03-30,Unknown,0.0,0.0,0.0,0.0
3231,CENTPROV,Central Provinces Railways Co. Ltd.,INE631B01038,Unknown,Unknown,EQ,,Unknown,0.0,0.0,0.0,0.0
3707,CTRNIND,Centron Industrial Alliance Ltd.,INE450L01024,Unknown,Unknown,EQ,,Unknown,0.0,0.0,0.0,0.0
455,CENTRUM,Centrum Capital Limited,INE660C01027,Unknown,Unknown,EQ,2018-04-04,Unknown,0.0,0.0,0.0,0.0
456,CENTUM,Centum Electronics Limited,INE320B01020,Unknown,Unknown,EQ,2007-10-05,Unknown,0.0,0.0,0.0,0.0
5411,CENTUPLE,CENTUPLE GLOBAL LIMITED,INE396H01019,Unknown,Unknown,EQ,,Unknown,0.0,0.0,0.0,0.0
6680,CBOP,Centurion Bank of Punjab Ltd.,INE484A01026,Unknown,Unknown,EQ,,Unknown,0.0,0.0,0.0,0.0
452,CENTENKA,Century Enka Limited,INE485A01015,Unknown,Unknown,EQ,1995-05-10,Unknown,0.0,0.0,0.0,0.0
453,CENTEXT,Century Extrusions Limited,INE281A01026,Unknown,Unknown,EQ,2004-07-20,Unknown,0.0,0.0,0.0,0.0
5516,CENLC,Century Laminating Co. Ltd.,INE662B01017,Unknown,Unknown,EQ,,Unknown,0.0,0.0,0.0,0.0
457,CENTURYPLY,Century Plyboards (India) Limited,INE348B01021,Unknown,Unknown,EQ,2006-03-23,Unknown,0.0,0.0,0.0,0.0
4851,CEPMS,Cepham Milk Specialities Ltd.,INE359C01018,Unknown,Unknown,EQ,,Unknown,0.0,0.0,0.0,0.0
458,CERA,Cera Sanitaryware Limited,INE739E01017,Unknown,Unknown,EQ,2007-11-02,Unknown,0.0,0.0,0.0,0.0
459,CEREBRAINT,Cerebra Integrated Technologies Limited,INE345B01019,Unknown,Unknown,BZ,2013-06-26,Unknown,0.0,0.0,0.0,0.0
3970,CESL,CES Limited,INE396F01013,Unknown,Unknown,EQ,,Unknown,0.0,0.0,0.0,0.0
460,CESC,CESC Limited,INE486A01021,Unknown,Unknown,EQ,1995-02-08,Unknown,0.0,0.0,0.0,0.0
8376,CFF,CFF FLUID CONTROL LIMITED,INE0NJ001013,Unknown,Unknown,EQ,,Unknown,0.0,0.0,0.0,0.0
3780,CEATFIN,CFL Capital Financial Services Ltd.,INE481A01014,Unknown,Unknown,EQ,,Unknown,0.0,0.0,0.0,0.0
464,CGPOWER,CG Power and Industrial Solutions Limited,INE067A01029,Unknown,Unknown,EQ,1995-03-01,Unknown,0.0,0.0,0.0,0.0
465,CGVAK,CG Vak Software & Exports Limited,INE084D01010,Unknown,Unknown,EQ,2026-08-17,Unknown,0.0,0.0,0.0,0.0
6542,CHADPAP,Chadha Papers Ltd.,INE669W01018,Unknown,Unknown,EQ,,Unknown,0.0,0.0,0.0,0.0
466,CHALET,Chalet Hotels Limited,INE427F01016,Unknown,Unknown,EQ,2019-02-07,Unknown,0.0,0.0,0.0,0.0
5299,CHALLANI,CHALLANI CAPITAL LIMITED,INE807A01010,Unknown,Unknown,EQ,,Unknown,0.0,0.0,0.0,0.0
7619,CHAMAK,CHAMAK HOLDINGS LIMITED,INE049R01013,Unknown,Unknown,EQ,,Unknown,0.0,0.0,0.0,0.0
487,CLSEL,Chaman Lal Setia Exports Limited,INE419D01026,Unknown,Unknown,EQ,2021-05-12,Unknown,0.0,0.0,0.0,0.0
3961,CHMBBRW,Chambal Breweries & Distilleries Li,INE417N01011,Unknown,Unknown,EQ,,Unknown,0.0,0.0,0.0,0.0
467,CHAMBLFERT,Chambal Fertilizers & Chemicals Limited,INE085A01013,Unknown,Unknown,EQ,1995-06-14,Unknown,0.0,0.0,0.0,0.0
4976,CHAMPDIN,Champdany Industries Limited,INE487A01011,Unknown,Unknown,EQ,,Unknown,0.0,0.0,0.0,0.0
3357,CHAMPFIN,Champion Finsec Limited,INE815H01018,Unknown,Unknown,EQ,,Unknown,0.0,0.0,0.0,0.0
8092,CHANDNIMACH,Chandni Machines Limited,INE01GZ01011,Unknown,Unknown,EQ,,Unknown,0.0,0.0,0.0,0.0
8165,CBPL,Chandra Bhagat Pharma Limited,INE07QQ01016,Unknown,Unknown,EQ,,Unknown,0.0,0.0,0.0,0.0
5172,CHANDRAP,Chandra Prabhu International Ltd.,INE368D01025,Unknown,Unknown,EQ,,Unknown,0.0,0.0,0.0,0.0
7929,CHANDRIMA,Chandrima Mercantiles limited ,INE371F01024,Unknown,Unknown,EQ,,Unknown,0.0,0.0,0.0,0.0
7094,CNEL,Channel Nine Entertainment Limited,INE437O01025,Unknown,Unknown,EQ,,Unknown,0.0,0.0,0.0,0.0
3582,CHABRDM,Charminar Breweries Ltd,INE173D01011,Unknown,Unknown,EQ,,Unknown,0.0,0.0,0.0,0.0
5531,CHARMS,Charms Industries Ltd,INE442C01012,Unknown,Unknown,EQ,,Unknown,0.0,0.0,0.0,0.0
3865,CHRTEDCA,Chartered Capital & Investment Ltd.,INE953B01010,Unknown,Unknown,EQ,,Unknown,0.0,0.0,0.0,0.0
6558,CHLOGIST,Chartered Logistics Ltd,INE558F01026,Unknown,Unknown,EQ,,Unknown,0.0,0.0,0.0,0.0
8450,CHATHA,CHATHA FOODS LIMITED,INE0AH901011,Unknown,Unknown,EQ,,Unknown,0.0,0.0,0.0,0.0
8634,CHTR,Chatterbox Technologies Limited,INE1B4801017,Unknown,Unknown,EQ,,Unknown,0.0,0.0,0.0,0.0
7656,CHDCHEM,CHD Chemicals Limited,INE043U01010,Unknown,Unknown,EQ,,Unknown,0.0,0.0,0.0,0.0
5057,CHDDLTD,CHD Developers Ltd,INE659B01021,Unknown,Unknown,EQ,,Unknown,0.0,0.0,0.0,0.0
469,CHEMBONDCH,Chembond Chemicals Limited,INE0TGX01019,Unknown,Unknown,BE,2025-07-23,Unknown,0.0,0.0,0.0,0.0
468,CHEMBOND,Chembond Material Technologies Limited,INE995D01025,Unknown,Unknown,EQ,2019-11-20,Unknown,0.0,0.0,0.0,0.0
6968,CHEMCEL,Chemcel Bio-Tech Limited,INE213J01012,Unknown,Unknown,EQ,,Unknown,0.0,0.0,0.0,0.0
470,CHEMCON,Chemcon Speciality Chemicals Limited,INE03YM01018,Unknown,Unknown,BE,2020-10-01,Unknown,0.0,0.0,0.0,0.0
471,CHEMCRUX,Chemcrux Enterprises Limited,INE298W01016,Unknown,Unknown,EQ,2026-08-17,Unknown,0.0,0.0,0.0,0.0
3538,CHEMFALKAL,Chemfab Alkalies Ltd.,INE479E01028,Unknown,Unknown,EQ,,Unknown,0.0,0.0,0.0,0.0
472,CHEMFAB,Chemfab Alkalis Limited,INE783X01023,Unknown,Unknown,EQ,2018-04-25,Unknown,0.0,0.0,0.0,0.0
7511,CHEMIESYNT,Chemiesynth (Vapi) Limited,INE829R01018,Unknown,Unknown,EQ,,Unknown,0.0,0.0,0.0,0.0
4731,CHDRGDM,Cheminor Drugs Ltd.,INE088A01017,Unknown,Unknown,EQ,,Unknown,0.0,0.0,0.0,0.0
8586,CHEMKART,Chemkart India Limited,INE0VWL01017,Unknown,Unknown,EQ,,Unknown,0.0,0.0,0.0,0.0
473,CHEMPLASTS,Chemplast Sanmar Limited,INE488A01050,Unknown,Unknown,EQ,2021-08-24,Unknown,0.0,0.0,0.0,0.0
3504,CHEMPLAST,Chemplast Sanmar Ltd.,INE488A01027,Unknown,Unknown,EQ,,Unknown,0.0,0.0,0.0,0.0
7161,CHEMTECH,CHEMTECH INDUSTRIAL VALVES LIMITED,INE212P01011,Unknown,Unknown,EQ,,Unknown,0.0,0.0,0.0,0.0
7417,CHENFERRO,CHENNAI FERROUS INDUSTRIES LIMITED,INE777O01016,Unknown,Unknown,EQ,,Unknown,0.0,0.0,0.0,0.0
4649,CMMHOSP,Chennai Meenakshi Multispeciality Hospital Ltd.,INE889F01017,Unknown,Unknown,EQ,,Unknown,0.0,0.0,0.0,0.0
474,CHENNPETRO,Chennai Petroleum Corporation Limited,INE178A01016,Unknown,Unknown,EQ,2000-06-07,Unknown,0.0,0.0,0.0,0.0
4487,CHESLINTEX,Cheslind Textile Ltd,INE217C01018,Unknown,Unknown,EQ,,Unknown,0.0,0.0,0.0,0.0
8848,CHETTICE,Chettinad Cement Corporation Ltd.,INE132B01011,Unknown,Unknown,EQ,,Unknown,0.0,0.0,0.0,0.0
475,CHEVIOT,Cheviot Company Limited,INE974B01016,Unknown,Unknown,EQ,2022-06-20,Unknown,0.0,0.0,0.0,0.0
6362,CHABRASP,Chhabra Spinners ltd.,INE420D01016,Unknown,Unknown,EQ,,Unknown,0.0,0.0,0.0,0.0
6940,CHINVEST,CHI Investments Limited,INE975I01018,Unknown,Unknown,EQ,,Unknown,0.0,0.0,0.0,0.0
3445,CHIPIDM,Chicago Pneumatic India Ltd,INE489A01017,Unknown,Unknown,EQ,,Unknown,0.0,0.0,0.0,0.0
5451,CHISO,Chicago Software Industries Ltd,INE101B01016,Unknown,Unknown,EQ,,Unknown,0.0,0.0,0.0,0.0
5202,CHIPLUN,Chiplun Fine Chemicals Ltd.,INE393G01018,Unknown,Unknown,EQ,,Unknown,0.0,0.0,0.0,0.0
8645,CHIRAHARIT,Chiraharit Limited,INE12P101018,Unknown,Unknown,EQ,,Unknown,0.0,0.0,0.0,0.0
3676,CHISEL,Chisel & Hammer (Mobel) Limited,INE426G01016,Unknown,Unknown,EQ,,Unknown,0.0,0.0,0.0,0.0
6951,CHLLTD,CHL Limited,INE790D01020,Unknown,Unknown,EQ,,Unknown,0.0,0.0,0.0,0.0
476,CHOICEIN,Choice International Limited,INE102B01014,Unknown,Unknown,EQ,2022-04-08,Unknown,0.0,0.0,0.0,0.0
9015,CHOICEIN-RE,Choice International Ltd,INE102B20014,Unknown,Unknown,EQ,,Unknown,0.0,0.0,0.0,0.0
4614,CHOKINT,Chokhani International Ltd.,INE772F01015,Unknown,Unknown,EQ,,Unknown,0.0,0.0,0.0,0.0
5205,CHOKSI,CHOKSI ASIA LIMITED,INE865B01016,Unknown,Unknown,EQ,,Unknown,0.0,0.0,0.0,0.0
4967,CHOKSILA,Choksi Laboratories Ltd.,INE493D01013,Unknown,Unknown,EQ,,Unknown,0.0,0.0,0.0,0.0
4057,CHOKSITUQ,Choksi Tube Co. Ltd.,INE661C01017,Unknown,Unknown,EQ,,Unknown,0.0,0.0,0.0,0.0
478,CHOLAHLDNG,Cholamandalam Financial Holdings Limited,INE149A01033,Unknown,Unknown,EQ,2017-09-25,Unknown,0.0,0.0,0.0,0.0
477,CHOLAFIN,Cholamandalam Investment and Finance Company Limited,INE121A01024,Unknown,Unknown,EQ,1996-05-15,Unknown,0.0,0.0,0.0,0.0
4428,CHORDIA,Chordia Food Products Ltd,INE975C01011,Unknown,Unknown,EQ,,Unknown,0.0,0.0,0.0,0.0
7860,CHOTHANI,CHOTHANI FOODS LIMITED,INE344X01016,Unknown,Unknown,EQ,,Unknown,0.0,0.0,0.0,0.0
3232,CHOWGULSTM,Chowgule Steamships Ltd.,INE490A01015,Unknown,Unknown,EQ,,Unknown,0.0,0.0,0.0,0.0
5135,CHROMATIC,Chromatic India Ltd,INE662C01015,Unknown,Unknown,EQ,,Unknown,0.0,0.0,0.0,0.0
4038,CHROME,Chrome Silicon Limited,INE114E01013,Unknown,Unknown,EQ,,Unknown,0.0,0.0,0.0,0.0
4429,CIANAGRO,CIAN Agro Industries & Infrastructure Limited,INE052V01019,Unknown,Unknown,EQ,,Unknown,0.0,0.0,0.0,0.0
8102,CHCL,Cian Healthcare Limited,INE05BN01027,Unknown,Unknown,EQ,,Unknown,0.0,0.0,0.0,0.0
8946,MASLCRPS,CIE Automotive India Limited,INE536H04014,Unknown,Unknown,EQ,,Unknown,0.0,0.0,0.0,0.0
479,CIEINDIA,CIE Automotive India Limited,INE536H01010,Unknown,Unknown,EQ,2007-08-30,Unknown,0.0,0.0,0.0,0.0
7088,CIGNITITEC,Cigniti Technologies Ltd,INE675C01017,Unknown,Unknown,EQ,,Unknown,0.0,0.0,0.0,0.0
5327,CILSEC,CIL SECURITIES LIMITED,INE830A01012,Unknown,Unknown,EQ,,Unknown,0.0,0.0,0.0,0.0
3410,CIMMCO,Cimmco Ltd,INE184C01028,Unknown,Unknown,EQ,,Unknown,0.0,0.0,0.0,0.0
5508,CINDRELL,Cindrella Financial Services Ltd.,INE897D01015,Unknown,Unknown,EQ,,Unknown,0.0,0.0,0.0,0.0
4919,CINDHO,Cindrella Hotels Ltd.,INE908C01012,Unknown,Unknown,EQ,,Unknown,0.0,0.0,0.0,0.0
481,CINELINE,Cineline India Limited,INE704H01022,Unknown,Unknown,EQ,2012-06-13,Unknown,0.0,0.0,0.0,0.0
7079,CINEMAXIND,CINEMAX INDIA LIMITED,INE460N01011,Unknown,Unknown,EQ,,Unknown,0.0,0.0,0.0,0.0
482,CINEVISTA,Cinevista Limited,INE039B01026,Unknown,Unknown,EQ,2000-05-02,Unknown,0.0,0.0,0.0,0.0
483,CIPLA,Cipla Limited,INE059A01026,Unknown,Unknown,EQ,1995-02-08,Unknown,0.0,0.0,0.0,0.0
6919,CSIL,Circuit Systems (India) Limited,INE720H01010,Unknown,Unknown,EQ,,Unknown,0.0,0.0,0.0,0.0
6432,CISTRO,Cistro Telelink Ltd.,INE365C01023,Unknown,Unknown,EQ,,Unknown,0.0,0.0,0.0,0.0
3254,CITADEL,Citadel Realty And Developers Limited,INE906D01014,Unknown,Unknown,EQ,,Unknown,0.0,0.0,0.0,0.0
8521,CITICHEM,Citichem India Limited,INE0A8401016,Unknown,Unknown,EQ,,Unknown,0.0,0.0,0.0,0.0
5479,CITIPOR,Citiport Financial Services Ltd.,INE494D01011,Unknown,Unknown,EQ,,Unknown,0.0,0.0,0.0,0.0
7334,CITIZEN,Citizen Solar Limited,INE473L01018,Unknown,Unknown,EQ,,Unknown,0.0,0.0,0.0,0.0
4203,CITIZYN,Citizen Yarns Ltd.,INE940P01025,Unknown,Unknown,EQ,,Unknown,0.0,0.0,0.0,0.0
3506,CITURGIA,Citurgia Biochemicals Ltd.,INE795B01031,Unknown,Unknown,EQ,,Unknown,0.0,0.0,0.0,0.0
8408,CCAL,CITY CROPS AGRO LIMITED,INE0M7501019,Unknown,Unknown,EQ,,Unknown,0.0,0.0,0.0,0.0
7298,CITYONLINE,City Online Services Limited,INE158C01014,Unknown,Unknown,EQ,,Unknown,0.0,0.0,0.0,0.0
8108,CPML,CITY PULSE MULTIVENTURES LIMITED,INE056001014,Unknown,Unknown,EQ,,Unknown,0.0,0.0,0.0,0.0
537,CUB,City Union Bank Limited,INE491A01021,Unknown,Unknown,EQ,1998-08-25,Unknown,0.0,0.0,0.0,0.0
9538,CITYUNIONPP,CITY UNION BANK LIMITED,IN9491A01011,Unknown,Unknown,EQ,,Unknown,0.0,0.0,0.0,0.0
4517,CITYMAN,Cityman Limited,INE117C01010,Unknown,Unknown,EQ,,Unknown,0.0,0.0,0.0,0.0
9470,CITYON,CITYON SYSTEMS (INDIA) LIMITED,INE324P01014,Unknown,Unknown,EQ,,Unknown,0.0,0.0,0.0,0.0
486,CLEDUCATE,CL Educate Limited,INE201M01029,Unknown,Unknown,BE,2017-03-31,Unknown,0.0,0.0,0.0,0.0
8256,CLARA,CLARA INDUSTRIES LIMITED,INE0JJS01014,Unknown,Unknown,EQ,,Unknown,0.0,0.0,0.0,0.0
9109,CLARA-RE,CLARA INDUSTRIES LIMITED,INE0JJS20014,Unknown,Unknown,EQ,,Unknown,0.0,0.0,0.0,0.0
3138,CLARIANT,Clariant (India) Ltd,INE221A01014,Unknown,Unknown,EQ,,Unknown,0.0,0.0,0.0,0.0
7020,CLARIS,Claris Lifesciences Limited,INE562G01018,Unknown,Unknown,EQ,,Unknown,0.0,0.0,0.0,0.0
4849,CLARICH,Clarisis Organics Ltd.,INE654F01015,Unknown,Unknown,EQ,,Unknown,0.0,0.0,0.0,0.0
5452,CLAFS,Clarity Financial Services Ltd.,INE508C01010,Unknown,Unknown,EQ,,Unknown,0.0,0.0,0.0,0.0
6371,CLASSICB,Classic Biotech & Exports Ltd.,INE038C01018,Unknown,Unknown,EQ,,Unknown,0.0,0.0,0.0,0.0
4605,CLASSIC,Classic Diamonds (India) Ltd.,INE987C01024,Unknown,Unknown,EQ,,Unknown,0.0,0.0,0.0,0.0
3938,CLASELE,Classic Electricals Ltd.,INE02BR01017,Unknown,Unknown,EQ,,Unknown,0.0,0.0,0.0,0.0
7777,CFL,Classic Filaments Limited,INE181U01018,Unknown,Unknown,EQ,,Unknown,0.0,0.0,0.0,0.0
7236,CCFCL,Classic Global Finance & Capital ltd.,INE854P01028,Unknown,Unknown,EQ,,Unknown,0.0,0.0,0.0,0.0
7814,CLFL,Classic Leasing & Finance Ltd.,INE949C01016,Unknown,Unknown,EQ,,Unknown,0.0,0.0,0.0,0.0
6563,CLCGLOBL,CLC Global Ltd.,INE072F01010,Unknown,Unknown,EQ,,Unknown,0.0,0.0,0.0,0.0
4492,CLCIND,CLC Industries Limited,INE376C01038,Unknown,Unknown,EQ,,Unknown,0.0,0.0,0.0,0.0
485,CLEANMAX,Clean Max Enviro Energy Solutions Limited,INE647U01026,Unknown,Unknown,EQ,2026-03-02,Unknown,0.0,0.0,0.0,0.0
484,CLEAN,Clean Science and Technology Limited,INE227W01023,Unknown,Unknown,EQ,2021-07-19,Unknown,0.0,0.0,0.0,0.0
4354,CLENON,CLENON ENTERPRISES LIMITED,INE769B01028,Unknown,Unknown,EQ,,Unknown,0.0,0.0,0.0,0.0
8488,CTLLAB,Clinitech Laboratory Limited,INE0QMR01015,Unknown,Unknown,EQ,,Unknown,0.0,0.0,0.0,0.0
5330,CLIOINFO,Clio Infotech Ltd.,INE011B01017,Unknown,Unknown,EQ,,Unknown,0.0,0.0,0.0,0.0
8534,CLN,CLN ENERGY LIMITED,INE0WDX01010,Unknown,Unknown,EQ,,Unknown,0.0,0.0,0.0,0.0
3403,CLUTCHAUTO,Clutch Auto Ltd.,INE779B01019,Unknown,Unknown,EQ,,Unknown,0.0,0.0,0.0,0.0
4305,CMC,CMC Limited,INE314A01017,Unknown,Unknown,EQ,,Unknown,0.0,0.0,0.0,0.0
4306,CMICABLES,CMI Limited,INE981B01011,Unknown,Unknown,EQ,,Unknown,0.0,0.0,0.0,0.0
3297,CMMQ,CMM Broadcasting Network Ltd.,INE199B01028,Unknown,Unknown,EQ,,Unknown,0.0,0.0,0.0,0.0
490,CMRGREEN,CMR Green Technologies Limited,INE00WV01027,Unknown,Unknown,EQ,2026-06-10,Unknown,0.0,0.0,0.0,0.0
491,CMSINFO,CMS Info Systems Limited,INE925R01014,Unknown,Unknown,EQ,2021-12-31,Unknown,0.0,0.0,0.0,0.0
6669,CMXLTD,CMX HOLDINGS LIMITED,INE027F01014,Unknown,Unknown,EQ,,Unknown,0.0,0.0,0.0,0.0
493,COALINDIA,Coal India Limited,INE522F01014,Unknown,Unknown,EQ,2010-11-04,Unknown,0.0,0.0,0.0,0.0
494,COASTCORP,Coastal Corporation Limited,INE377E01024,Unknown,Unknown,EQ,2021-10-08,Unknown,0.0,0.0,0.0,0.0
9054,COAST-RE,Coastal Corporation Limited,INE377E20016,Unknown,Unknown,EQ,,Unknown,0.0,0.0,0.0,0.0
9579,COASTPP,Coastal Corporation Limited,IN9377E01022,Unknown,Unknown,EQ,,Unknown,0.0,0.0,0.0,0.0
3250,COAPADM,"Coastal Papers Ltd.,",INE531C01012,Unknown,Unknown,EQ,,Unknown,0.0,0.0,0.0,0.0
4469,COARO,Coastal Roadways Ltd.,INE229E01019,Unknown,Unknown,EQ,,Unknown,0.0,0.0,0.0,0.0
3646,COCHMAL,Cochin Malabar Estates & Indus. Ltd,INE788M01017,Unknown,Unknown,EQ,,Unknown,0.0,0.0,0.0,0.0
4074,COCHINM,Cochin Minerals & Rutile Ltd.,INE105D01013,Unknown,Unknown,EQ,,Unknown,0.0,0.0,0.0,0.0
495,COCHINSHIP,Cochin Shipyard Limited,INE704P01025,Unknown,Unknown,EQ,2017-08-11,Unknown,0.0,0.0,0.0,0.0
497,COFFEEDAY,Coffee Day Enterprises Limited,INE335K01011,Unknown,Unknown,BE,2015-11-02,Unknown,0.0,0.0,0.0,0.0
498,COFORGE,Coforge Limited,INE591G01025,Unknown,Unknown,EQ,2004-08-30,Unknown,0.0,0.0,0.0,0.0
499,COHANCE,Cohance Lifesciences Limited,INE03QK01018,Unknown,Unknown,EQ,2020-03-09,Unknown,0.0,0.0,0.0,0.0
8155,COLAB,COLAB PLATFORMS LIMITED,INE317W01030,Unknown,Unknown,EQ,,Unknown,0.0,0.0,0.0,0.0
500,COLPAL,Colgate Palmolive (India) Limited,INE259A01022,Unknown,Unknown,EQ,2007-12-17,Unknown,0.0,0.0,0.0,0.0
5466,COLINZ,Colinz Laboratories ltd.,INE923C01011,Unknown,Unknown,EQ,,Unknown,0.0,0.0,0.0,0.0
7701,COLORCHIPS,COLORCHIPS NEW MEDIA LIMITED,INE621I01042,Unknown,Unknown,EQ,,Unknown,0.0,0.0,0.0,0.0
7076,COMCL,Comfort Commotrade Limited,INE456N01019,Unknown,Unknown,EQ,,Unknown,0.0,0.0,0.0,0.0
7098,COMFINCAP,COMFORT FINCAP LIMITED,INE274M01026,Unknown,Unknown,EQ,,Unknown,0.0,0.0,0.0,0.0
501,COMFINTE,Comfort Intech Limited,INE819A01049,Unknown,Unknown,EQ,2026-04-20,Unknown,0.0,0.0,0.0,0.0
9524,COMFORTINPP,Comfort Intech Ltd,IN9819A01013,Unknown,Unknown,EQ,,Unknown,0.0,0.0,0.0,0.0
8364,COMMAND,Command Polymers Limited,INE0LKQ01012,Unknown,Unknown,EQ,,Unknown,0.0,0.0,0.0,0.0
505,COMSYN,Commercial Syn Bags Limited,INE073V01015,Unknown,Unknown,EQ,2024-01-23,Unknown,0.0,0.0,0.0,0.0
6718,COMMEXTECH,Commex Technology Limited,INE354B01029,Unknown,Unknown,EQ,,Unknown,0.0,0.0,0.0,0.0
9485,BLWPP,Commex Technology Limited,IN9354B01019,Unknown,Unknown,EQ,,Unknown,0.0,0.0,0.0,0.0
4884,COMDI,Compact Disk India Ltd.,INE821B01019,Unknown,Unknown,EQ,,Unknown,0.0,0.0,0.0,0.0
502,COMPEAU,Competent Automobiles Company Limited,INE823B01015,Unknown,Unknown,EQ,2026-08-17,Unknown,0.0,0.0,0.0,0.0
8841,CSML,COMPLETE SPORTS AND MANAGEMENT INDIA LIMITED,INE2K6801014,Unknown,Unknown,EQ,,Unknown,0.0,0.0,0.0,0.0
503,COMPINFO,Compuage Infocom Limited,INE070C01037,Unknown,Unknown,BZ,2016-07-07,Unknown,0.0,0.0,0.0,0.0
9061,COMP-RE,Compuage Infocom Ltd,INE070C20011,Unknown,Unknown,EQ,,Unknown,0.0,0.0,0.0,0.0
504,COMPUSOFT,Compucom Software Limited,INE453B01029,Unknown,Unknown,EQ,2012-03-02,Unknown,0.0,0.0,0.0,0.0
6697,COMPUDYNE,Compudyne Winfosystem Ltd.,INE531B01014,Unknown,Unknown,EQ,,Unknown,0.0,0.0,0.0,0.0
6833,COMSYS,Compulink Systems Ltd.,INE206H01010,Unknown,Unknown,EQ,,Unknown,0.0,0.0,0.0,0.0
5474,COMPUTECH,Computech International Ltd.,INE751A01028,Unknown,Unknown,EQ,,Unknown,0.0,0.0,0.0,0.0
425,CAMS,Computer Age Management Services Limited,INE596I01020,Unknown,Unknown,EQ,2021-05-07,Unknown,0.0,0.0,0.0,0.0
3614,COMPUPN,Computer Point Ltd.,INE607B01012,Unknown,Unknown,EQ,,Unknown,0.0,0.0,0.0,0.0
6256,COMPSKIL,Computer Skill Ltd.,INE127C01019,Unknown,Unknown,EQ,,Unknown,0.0,0.0,0.0,0.0
8377,COMRADE,Comrade Appliances Limited,INE0NXA01015,Unknown,Unknown,EQ,,Unknown,0.0,0.0,0.0,0.0
4564,CONART,Conart Engineers Ltd.,INE714D01020,Unknown,Unknown,EQ,,Unknown,0.0,0.0,0.0,0.0
507,CONCORDBIO,Concord Biotech Limited,INE338H01029,Unknown,Unknown,EQ,2023-08-18,Unknown,0.0,0.0,0.0,0.0
8321,CNCRD,Concord Control Systems Limited,INE0N0J01014,Unknown,Unknown,EQ,,Unknown,0.0,0.0,0.0,0.0
7403,CONCORD,Concord Drugs Limited,INE858L01010,Unknown,Unknown,EQ,,Unknown,0.0,0.0,0.0,0.0
461,CEWATER,Concord Enviro Systems Limited,INE037Z01029,Unknown,Unknown,EQ,2024-12-27,Unknown,0.0,0.0,0.0,0.0
7517,CONCRETE,CONCRETE CREDIT LIMITED,INE719G01014,Unknown,Unknown,EQ,,Unknown,0.0,0.0,0.0,0.0
5493,CONCURINF,Concurrent (India) Infrastructure Limited,INE012B01015,Unknown,Unknown,EQ,,Unknown,0.0,0.0,0.0,0.0
462,CFEL,Confidence Futuristic Energetech Limited,INE700F01024,Unknown,Unknown,EQ,2026-08-17,Unknown,0.0,0.0,0.0,0.0
508,CONFIPET,Confidence Petroleum India Limited,INE552D01024,Unknown,Unknown,EQ,2019-06-13,Unknown,0.0,0.0,0.0,0.0
7441,CCDL,Consecutive Commodities Limited,INE187R01029,Unknown,Unknown,EQ,,Unknown,0.0,0.0,0.0,0.0
9449,CCDL-RE,Consecutive Commodities Limited,INE187R20011,Unknown,Unknown,EQ,,Unknown,0.0,0.0,0.0,0.0
4745,CONSOLFI,Consolidate Fibres and Chemicals Lt,INE311A01013,Unknown,Unknown,EQ,,Unknown,0.0,0.0,0.0,0.0
442,CCCL,Consolidated Construction Consortium Limited,INE429I01024,Unknown,Unknown,EQ,2007-10-15,Unknown,0.0,0.0,0.0,0.0
509,CONSOFINVT,Consolidated Finvest & Holdings Limited,INE025A01027,Unknown,Unknown,BE,2005-03-29,Unknown,0.0,0.0,0.0,0.0
6478,APOWERTOOL,Consortex Karl Doelitzch (India) Lt,INE870A01018,Unknown,Unknown,EQ,,Unknown,0.0,0.0,0.0,0.0
4704,CONSTRONIC,CONSTRONICS INFRA LIMITED,INE537B01011,Unknown,Unknown,EQ,,Unknown,0.0,0.0,0.0,0.0
8313,CONTAINE,CONTAINE TECHNOLOGIES LIMITED,INE0M8901010,Unknown,Unknown,EQ,,Unknown,0.0,0.0,0.0,0.0
9454,CONTAIN-RE,CONTAINE TECHNOLOGIES LIMITED,INE0M8920010,Unknown,Unknown,EQ,,Unknown,0.0,0.0,0.0,0.0
506,CONCOR,Container Corporation of India Limited,INE111A01025,Unknown,Unknown,EQ,1997-05-07,Unknown,0.0,0.0,0.0,0.0
7834,CONTAINER,Containerway International Limited,INE319U01022,Unknown,Unknown,EQ,,Unknown,0.0,0.0,0.0,0.0
5400,CONTILI,Contil India Limited,INE080G01029,Unknown,Unknown,EQ,,Unknown,0.0,0.0,0.0,0.0
3544,CONTCHM,Continental Chemicals Ltd.,INE423K01015,Unknown,Unknown,EQ,,Unknown,0.0,0.0,0.0,0.0
3631,CONCON,Continental Construction Ltd.,INE970B01014,Unknown,Unknown,EQ,,Unknown,0.0,0.0,0.0,0.0
6246,CONTICON,Continental Controls Ltd.,INE545B01022,Unknown,Unknown,EQ,,Unknown,0.0,0.0,0.0,0.0
4611,CONTPTR,Continental Petroleums Ltd.,INE369D01023,Unknown,Unknown,EQ,,Unknown,0.0,0.0,0.0,0.0
7368,CSL,Continental Securities Limited,INE183Q01020,Unknown,Unknown,EQ,,Unknown,0.0,0.0,0.0,0.0
4535,CNTLVAL,Continental Valve Ltd,INE465F01016,Unknown,Unknown,EQ,,Unknown,0.0,0.0,0.0,0.0
510,CONTROLPR,Control Print Limited,INE663B01015,Unknown,Unknown,EQ,2016-06-24,Unknown,0.0,0.0,0.0,0.0
6962,CORAL-HUB,Coral Hub Limited,INE108J01030,Unknown,Unknown,EQ,,Unknown,0.0,0.0,0.0,0.0
511,CORALFINAC,Coral India Finance & Housing Limited,INE558D01021,Unknown,Unknown,EQ,1996-03-25,Unknown,0.0,0.0,0.0,0.0
4779,CORALAB,Coral Laboratories Ltd.,INE683E01017,Unknown,Unknown,EQ,,Unknown,0.0,0.0,0.0,0.0
5301,CORNE,Coral Newsprints Ltd.,INE715D01019,Unknown,Unknown,EQ,,Unknown,0.0,0.0,0.0,0.0
513,CORDSCABLE,Cords Cable Industries Limited,INE792I01017,Unknown,Unknown,EQ,2008-02-13,Unknown,0.0,0.0,0.0,0.0
3935,COREEDUTEC,CORE Education & Technologies Ltd,INE247G01024,Unknown,Unknown,EQ,,Unknown,0.0,0.0,0.0,0.0
3025,COREPARENT,Core Healthcare ltd.,INE494A01017,Unknown,Unknown,EQ,,Unknown,0.0,0.0,0.0,0.0
3593,CORAGRO,Coromandel Agro Products & Oils Ltd,INE495D01018,Unknown,Unknown,EQ,,Unknown,0.0,0.0,0.0,0.0
6993,COROENGG,Coromandel Engineering Company Limited,INE312J01012,Unknown,Unknown,EQ,,Unknown,0.0,0.0,0.0,0.0
514,COROMANDEL,Coromandel International Limited,INE169A01031,Unknown,Unknown,EQ,1995-05-31,Unknown,0.0,0.0,0.0,0.0
515,CORONA,CORONA Remedies Limited,INE02ZQ01018,Unknown,Unknown,EQ,2025-12-15,Unknown,0.0,0.0,0.0,0.0
5014,CORPOCO,Corporate Courier and Cargo Ltd,INE871E01018,Unknown,Unknown,EQ,,Unknown,0.0,0.0,0.0,0.0
7752,CMBL,Corporate Merchant Bankers Limited,INE850R01014,Unknown,Unknown,EQ,,Unknown,0.0,0.0,0.0,0.0
6657,CORPBANK,Corporation Bank,INE112A01023,Unknown,Unknown,EQ,,Unknown,0.0,0.0,0.0,0.0
5334,COSBOARD,Cosboard Industries Ltd.,INE496D01016,Unknown,Unknown,EQ,,Unknown,0.0,0.0,0.0,0.0
5238,COSCO,Cosco (India) ltd.,INE949B01018,Unknown,Unknown,EQ,,Unknown,0.0,0.0,0.0,0.0
8381,COSMICCRF,Cosmic CRF Limited,INE0ORA01015,Unknown,Unknown,EQ,,Unknown,0.0,0.0,0.0,0.0
4592,COSMOFE,Cosmo Ferrites Ltd.,INE124B01018,Unknown,Unknown,EQ,,Unknown,0.0,0.0,0.0,0.0
516,COSMOFIRST,COSMO FIRST LIMITED,INE757A01017,Unknown,Unknown,EQ,1995-05-25,Unknown,0.0,0.0,0.0,0.0
8186,COSPOWER,Cospower Engineering Limited,INE0CQB01010,Unknown,Unknown,EQ,,Unknown,0.0,0.0,0.0,0.0
7383,COSYN,COSYN Limited,INE029B01019,Unknown,Unknown,EQ,,Unknown,0.0,0.0,0.0,0.0
443,CCHHL,Country Club Hospitality & Holidays Limited,INE652F01027,Unknown,Unknown,EQ,2015-02-03,Unknown,0.0,0.0,0.0,0.0
517,COUNCODOS,Country Condo's Limited,INE695B01025,Unknown,Unknown,BE,2009-01-22,Unknown,0.0,0.0,0.0,0.0
8541,COVANCE,COVANCE SOFTSOL LIMITED,INE0R8101016,Unknown,Unknown,EQ,,Unknown,0.0,0.0,0.0,0.0
9353,COVAN-RE,COVANCE SOFTSOL LIMITED,INE0R8120016,Unknown,Unknown,EQ,,Unknown,0.0,0.0,0.0,0.0
4640,COVENTRY,Coventry Coil-O-Matic (Haryana) Ltd,INE964D01013,Unknown,Unknown,EQ,,Unknown,0.0,0.0,0.0,0.0
8094,CKFSL,Cox & Kings Financial Service Limited,INE391Z01012,Unknown,Unknown,EQ,,Unknown,0.0,0.0,0.0,0.0
6987,COX&KINGS,Cox & Kings Limited,INE008I01026,Unknown,Unknown,EQ,,Unknown,0.0,0.0,0.0,0.0
518,CPCAP,CP Capital Limited,INE521J01018,Unknown,Unknown,EQ,2010-10-06,Unknown,0.0,0.0,0.0,0.0
3444,CPECLTD,CPEC Ltd.,INE029P01019,Unknown,Unknown,EQ,,Unknown,0.0,0.0,0.0,0.0
4916,CRAFTROOT,CRAFTROOT RETAIL LIMITED,INE218T01010,Unknown,Unknown,EQ,,Unknown,0.0,0.0,0.0,0.0
522,CRAFTSMAN,Craftsman Automation Limited,INE00LO01017,Unknown,Unknown,EQ,2021-03-25,Unknown,0.0,0.0,0.0,0.0
7329,CRANEINFRA,Crane Infrastructure Limited,INE176L01017,Unknown,Unknown,EQ,,Unknown,0.0,0.0,0.0,0.0
3909,CRANESSOFT,Cranes Software International Ltd.,INE234B01023,Unknown,Unknown,EQ,,Unknown,0.0,0.0,0.0,0.0
4530,CRANEX,Cranex Ltd.,INE608B01010,Unknown,Unknown,EQ,,Unknown,0.0,0.0,0.0,0.0
524,CRAVATEX,Cravatex Limited,INE145E01017,Unknown,Unknown,EQ,2026-08-17,Unknown,0.0,0.0,0.0,0.0
4759,CRAZYINF,Crazy Infotech Ltd.,INE664B01021,Unknown,Unknown,EQ,,Unknown,0.0,0.0,0.0,0.0
8793,CRAZY,CRAZY SNACKS LIMITED,INE0RBX01014,Unknown,Unknown,EQ,,Unknown,0.0,0.0,0.0,0.0
7601,CREATIVE,Creative Castings Limited,INE146E01015,Unknown,Unknown,EQ,,Unknown,0.0,0.0,0.0,0.0
525,CREATIVEYE,Creative Eye Limited,INE230B01021,Unknown,Unknown,EQ,2000-12-20,Unknown,0.0,0.0,0.0,0.0
7247,CML,Creative Merchants Limited,INE896P01011,Unknown,Unknown,EQ,,Unknown,0.0,0.0,0.0,0.0
492,CNL,Creative Newtech Limited,INE985W01018,Unknown,Unknown,EQ,2019-08-05,Unknown,0.0,0.0,0.0,0.0
5183,CREATIVW,Creative World Telefilms Ltd.,INE336B01018,Unknown,Unknown,EQ,,Unknown,0.0,0.0,0.0,0.0
5016,CREDENCE,Credence Sound & Vision Ltd.,INE406C01025,Unknown,Unknown,EQ,,Unknown,0.0,0.0,0.0,0.0
526,CREDITACC,CREDITACCESS GRAMEEN LIMITED,INE741K01010,Unknown,Unknown,EQ,2018-08-23,Unknown,0.0,0.0,0.0,0.0
1501,MUFTI,Credo Brands Marketing Limited,INE220Q01020,Unknown,Unknown,EQ,2023-12-27,Unknown,0.0,0.0,0.0,0.0
5465,CRESANTO,Cresanto Global Limited,INE741C01017,Unknown,Unknown,EQ,,Unknown,0.0,0.0,0.0,0.0
7465,CLLIMITED,Crescent Leasing Limited,INE767G01013,Unknown,Unknown,EQ,,Unknown,0.0,0.0,0.0,0.0
3832,CRESCENTIS,Crescentis Capital Limited,INE754C01010,Unknown,Unknown,EQ,,Unknown,0.0,0.0,0.0,0.0
9324,CRESCEN-RE,Crescentis Capital Limited,INE754C20010,Unknown,Unknown,EQ,,Unknown,0.0,0.0,0.0,0.0
532,CRSL,Cressanda Railway Solutions Limited,INE716D01033,Unknown,Unknown,BE,2026-08-17,Unknown,0.0,0.0,0.0,0.0
9117,CRSL-RE,CRESSANDA RAILWAY SOLUTIONS LIMITED,INE716D20017,Unknown,Unknown,EQ,,Unknown,0.0,0.0,0.0,0.0
9592,CRESSANPP,CRESSANDA RAILWAY SOLUTIONS LIMITED,IN9716D01023,Unknown,Unknown,EQ,,Unknown,0.0,0.0,0.0,0.0
5025,CRESTANI,Crest Animation Studios Ltd.,INE774A01012,Unknown,Unknown,EQ,,Unknown,0.0,0.0,0.0,0.0
527,CREST,Crest Ventures Limited,INE559D01011,Unknown,Unknown,EQ,2006-12-27,Unknown,0.0,0.0,0.0,0.0
4906,CRSTCHM,Crestchem Ltd.,INE293N01016,Unknown,Unknown,EQ,,Unknown,0.0,0.0,0.0,0.0
6797,CREWBOS,Crew B.O.S. Products Ltd.,INE514G01019,Unknown,Unknown,EQ,,Unknown,0.0,0.0,0.0,0.0
5073,CRIMSON,Crimson Metal Engineering Company Ltd,INE318P01016,Unknown,Unknown,EQ,,Unknown,0.0,0.0,0.0,0.0
528,CRISIL,Crisil Limited,INE007A01025,Unknown,Unknown,EQ,1995-06-28,Unknown,0.0,0.0,0.0,0.0
529,CRIZAC,Crizac Limited,INE0S4R01014,Unknown,Unknown,EQ,2025-07-09,Unknown,0.0,0.0,0.0,0.0
6515,CROISSANCE,CROISSANCE LIMITED,INE587J01027,Unknown,Unknown,EQ,,Unknown,0.0,0.0,0.0,0.0
530,CROMPTON,Crompton Greaves Consumer Electricals Limited,INE299U01018,Unknown,Unknown,EQ,2016-05-13,Unknown,0.0,0.0,0.0,0.0
4593,CROPSTER,CROPSTER AGRO LIMITED,INE293E01031,Unknown,Unknown,EQ,,Unknown,0.0,0.0,0.0,0.0
5000,CROCH,Cross Country Hotels Ltd.,INE119C01016,Unknown,Unknown,EQ,,Unknown,0.0,0.0,0.0,0.0
531,CROWN,Crown Lifters Limited,INE491V01019,Unknown,Unknown,EQ,2022-02-08,Unknown,0.0,0.0,0.0,0.0
7941,CRPRISK,CRP Risk Management Limited,INE422M01013,Unknown,Unknown,EQ,,Unknown,0.0,0.0,0.0,0.0
8584,CRYOGENIC,CRYOGENIC OGS LIMITED,INE0TL001013,Unknown,Unknown,EQ,,Unknown,0.0,0.0,0.0,0.0
3259,CRYSDALE,Crysdale Industries Limited,INE0SV601019,Unknown,Unknown,EQ,,Unknown,0.0,0.0,0.0,0.0
7922,CRYSTAL,CRYSTAL BUSINESS SYSTEM LIMITED,INE994R01028,Unknown,Unknown,EQ,,Unknown,0.0,0.0,0.0,0.0
5217,CRYSTALC,Crystal Credits Corporation Ltd.,INE036C01012,Unknown,Unknown,EQ,,Unknown,0.0,0.0,0.0,0.0
4861,CRYSS,Crystal Software Solutuions Ltd.,INE665B01010,Unknown,Unknown,EQ,,Unknown,0.0,0.0,0.0,0.0
533,CSBBANK,CSB Bank Limited,INE679A01013,Unknown,Unknown,EQ,2019-12-04,Unknown,0.0,0.0,0.0,0.0
6539,CSJTEC,CSJ Technologies Ltd,INE734C01012,Unknown,Unknown,EQ,,Unknown,0.0,0.0,0.0,0.0
534,CSLFINANCE,CSL Finance Limited,INE718F01018,Unknown,Unknown,EQ,2022-07-21,Unknown,0.0,0.0,0.0,0.0
535,CSM,CSM Technologies Limited,INE0ZK601013,Unknown,Unknown,EQ,2026-07-02,Unknown,0.0,0.0,0.0,0.0
6733,CTIL,CTIL Limited,INE394B01017,Unknown,Unknown,EQ,,Unknown,0.0,0.0,0.0,0.0
3324,CTRMFG,CTR Manufacturing Industries Ltd.,INE372G01012,Unknown,Unknown,EQ,,Unknown,0.0,0.0,0.0,0.0
538,CUBEXTUB,Cubex Tubings Limited,INE144D01012,Unknown,Unknown,EQ,1996-04-24,Unknown,0.0,0.0,0.0,0.0
3869,CUBIFIN,Cubical Financial Services Ltd.,INE717D01023,Unknown,Unknown,EQ,,Unknown,0.0,0.0,0.0,0.0
539,CUMMINSIND,Cummins India Limited,INE298A01020,Unknown,Unknown,EQ,1995-03-29,Unknown,0.0,0.0,0.0,0.0
3976,CUPIDALBV,CUPID BREWERIES AND DISTILLERIES LIMITED,INE108G01010,Unknown,Unknown,EQ,,Unknown,0.0,0.0,0.0,0.0
540,CUPID,Cupid Limited,INE509F01029,Unknown,Unknown,EQ,2016-09-16,Unknown,0.0,0.0,0.0,0.0
541,CURAA,Cura Technologies Limited,INE117B01020,Unknown,Unknown,EQ,2025-03-21,Unknown,0.0,0.0,0.0,0.0
6191,CURESPEC,Cure Spects Lasers Ltd.,INE730B01012,Unknown,Unknown,EQ,,Unknown,0.0,0.0,0.0,0.0
8249,CWD,CWD Limited,INE0H8H01019,Unknown,Unknown,EQ,,Unknown,0.0,0.0,0.0,0.0
6665,CYAAGDM,Cyanamid Agro Limited,INE142B01010,Unknown,Unknown,EQ,,Unknown,0.0,0.0,0.0,0.0
6255,CYBELEIND,Cybele  Industries Limited,INE183D01010,Unknown,Unknown,EQ,,Unknown,0.0,0.0,0.0,0.0
542,CYBERMEDIA,Cyber Media (India) Limited,INE278G01037,Unknown,Unknown,EQ,2005-06-10,Unknown,0.0,0.0,0.0,0.0
9628,CYBERPP,Cyber Media (India) Ltd.,IN9278G01019,Unknown,Unknown,EQ,,Unknown,0.0,0.0,0.0,0.0
9348,CYBER-RE,Cyber Media (India) Ltd.,INE278G20011,Unknown,Unknown,EQ,,Unknown,0.0,0.0,0.0,0.0
6734,CYBERSC,Cyberscape Multimedia Ltd.,INE519B01019,Unknown,Unknown,EQ,,Unknown,0.0,0.0,0.0,0.0
3853,CYBERSPACE,Cyberspace Infosys Ltd.,INE063B01026,Unknown,Unknown,EQ,,Unknown,0.0,0.0,0.0,0.0
543,CYBERTECH,Cybertech Systems And Software Limited,INE214A01019,Unknown,Unknown,BE,1999-01-27,Unknown,0.0,0.0,0.0,0.0
545,CYIENTDLM,Cyient DLM Limited,INE055S01018,Unknown,Unknown,EQ,2023-07-10,Unknown,0.0,0.0,0.0,0.0
544,CYIENT,Cyient Limited,INE136B01020,Unknown,Unknown,EQ,1998-09-30,Unknown,0.0,0.0,0.0,0.0
617,DLINKINDIA,D-Link (India) Limited,INE250K01012,Unknown,Unknown,EQ,2009-12-18,Unknown,0.0,0.0,0.0,0.0
9404,DHINDIA-RE,D & H India Limited,INE589D20018,Unknown,Unknown,EQ,,Unknown,0.0,0.0,0.0,0.0
4344,DHINDIA,D & H India Limited,INE589D01018,Unknown,Unknown,EQ,,Unknown,0.0,0.0,0.0,0.0
629,DPWIRES,D P Wires Limited,INE864X01013,Unknown,Unknown,BE,2020-01-17,Unknown,0.0,0.0,0.0,0.0
627,DPABHUSHAN,D. P. Abhushan Limited,INE266Y01019,Unknown,Unknown,EQ,2020-11-03,Unknown,0.0,0.0,0.0,0.0
556,DBCORP,D.B.Corp Limited,INE950I01011,Unknown,Unknown,EQ,2010-01-06,Unknown,0.0,0.0,0.0,0.0
4498,DRIND,D.R.Industries Ltd.,INE197B01014,Unknown,Unknown,EQ,,Unknown,0.0,0.0,0.0,0.0
546,DABUR,Dabur India Limited,INE016A01026,Unknown,Unknown,EQ,1999-04-28,Unknown,0.0,0.0,0.0,0.0
8706,DACHEPALLI,Dachepalli Publishers Limited,INE1F9M01018,Unknown,Unknown,EQ,,Unknown,0.0,0.0,0.0,0.0
3030,DAEWOO,Daewoo Motors India Ltd.,INE497A01010,Unknown,Unknown,EQ,,Unknown,0.0,0.0,0.0,0.0
547,DAICHI,Dai-Ichi Karkaria Limited,INE928C01010,Unknown,Unknown,EQ,2026-04-20,Unknown,0.0,0.0,0.0,0.0
5326,DAIKAFFI,Daikaffil Chemicals India Ltd.,INE789B01018,Unknown,Unknown,EQ,,Unknown,0.0,0.0,0.0,0.0
3204,DSINVEST,Dalal Street Investments Ltd.,INE422D01012,Unknown,Unknown,EQ,,Unknown,0.0,0.0,0.0,0.0
548,DALBHARAT,Dalmia Bharat Limited,INE00R701025,Unknown,Unknown,EQ,2019-01-22,Unknown,0.0,0.0,0.0,0.0
7025,DALMIABHA,Dalmia Bharat Limited,INE439L01019,Unknown,Unknown,EQ,,Unknown,0.0,0.0,0.0,0.0
549,DALMIASUG,Dalmia Bharat Sugar and Industries Limited,INE495A01022,Unknown,Unknown,EQ,1996-01-17,Unknown,0.0,0.0,0.0,0.0
7677,DIDL,DALMIA INDUSTRIAL DEVELOPMENT LIMITED,INE642P01019,Unknown,Unknown,EQ,,Unknown,0.0,0.0,0.0,0.0
4413,DALMIAIN,Dalmia Industries Ltd.,INE839C01019,Unknown,Unknown,EQ,,Unknown,0.0,0.0,0.0,0.0
550,DAMCAPITAL,Dam Capital Advisors Limited,INE284H01025,Unknown,Unknown,EQ,2024-12-27,Unknown,0.0,0.0,0.0,0.0
551,DAMODARIND,Damodar Industries Limited,INE497D01022,Unknown,Unknown,BE,2016-07-04,Unknown,0.0,0.0,0.0,0.0
552,DANGEE,Dangee Dums Limited,INE688Y01022,Unknown,Unknown,EQ,2020-11-13,Unknown,0.0,0.0,0.0,0.0
6712,DANLAW,Danlaw Technologies India Ltd.,INE310B01013,Unknown,Unknown,EQ,,Unknown,0.0,0.0,0.0,0.0
7786,DANUBE,DANUBE INDUSTRIES LIMITED,INE575D01041,Unknown,Unknown,EQ,,Unknown,0.0,0.0,0.0,0.0
8330,DAPS,DAPS ADVERTISING LIMITED,INE975Z01012,Unknown,Unknown,EQ,,Unknown,0.0,0.0,0.0,0.0
7651,DARJEELING,DARJEELING INDUSTRIIES LIMITED,INE830S01014,Unknown,Unknown,EQ,,Unknown,0.0,0.0,0.0,0.0
4903,DARSHAN,Darshan Oils Limited,INE667D01012,Unknown,Unknown,EQ,,Unknown,0.0,0.0,0.0,0.0
7671,DARSHANORNA,Darshan Orna Limited,INE671T01028,Unknown,Unknown,EQ,,Unknown,0.0,0.0,0.0,0.0
9378,DARSHA-RE,Darshan Orna Limited,INE671T20010,Unknown,Unknown,EQ,,Unknown,0.0,0.0,0.0,0.0
554,DATAPATTNS,Data Patterns (India) Limited,INE0IX101010,Unknown,Unknown,EQ,2021-12-24,Unknown,0.0,0.0,0.0,0.0
6622,DATABASE,Database Finance Ltd.,INE847A01024,Unknown,Unknown,EQ,,Unknown,0.0,0.0,0.0,0.0
5352,DATA,DATACIPHER LIMITED,INE989E01018,Unknown,Unknown,EQ,,Unknown,0.0,0.0,0.0,0.0
553,DATAMATICS,Datamatics Global Services Limited,INE365B01017,Unknown,Unknown,EQ,2004-05-07,Unknown,0.0,0.0,0.0,0.0
4335,DATAPRO,Datapro Information Technology Ltd.,INE873A01020,Unknown,Unknown,EQ,,Unknown,0.0,0.0,0.0,0.0
4416,DATIWARE,DATIWARE MARITIME INFRA LIMITED,INE673U01014,Unknown,Unknown,EQ,,Unknown,0.0,0.0,0.0,0.0
6654,DATT,Datt Mediproducts Ltd.,INE480E01018,Unknown,Unknown,EQ,,Unknown,0.0,0.0,0.0,0.0
5128,DAULAT,Daulat Securities Ltd.,INE108C01019,Unknown,Unknown,EQ,,Unknown,0.0,0.0,0.0,0.0
4744,DAURALA,"Daurala Organics Ltd.,",INE775D01013,Unknown,Unknown,EQ,,Unknown,0.0,0.0,0.0,0.0
9347,DAVAN-RE1,Davangere Sugar Company Limited,INE179G20029,Unknown,Unknown,EQ,,Unknown,0.0,0.0,0.0,0.0
555,DAVANGERE,Davangere Sugar Company Limited,INE179G01029,Unknown,Unknown,EQ,2024-01-25,Unknown,0.0,0.0,0.0,0.0
9038,DAVAN-RE,Davangere Sugar Company Limited,INE179G20011,Unknown,Unknown,EQ,,Unknown,0.0,0.0,0.0,0.0
8526,DAVIN,Davin Sons Retail Limited,INE0Q2L01013,Unknown,Unknown,EQ,,Unknown,0.0,0.0,0.0,0.0
3269,DAWNMILL,"Dawn Mills Co. Ltd.,",INE179E01016,Unknown,Unknown,EQ,,Unknown,0.0,0.0,0.0,0.0
5498,DAZZEL,Dazzel Confindive ltd.,INE149E01027,Unknown,Unknown,EQ,,Unknown,0.0,0.0,0.0,0.0
561,DBSTOCKBRO,DB (International) Stock Brokers Limited,INE921B01025,Unknown,Unknown,BE,2012-02-29,Unknown,0.0,0.0,0.0,0.0
564,DCI,Dc Infotech And Communication Limited,INE0A1101019,Unknown,Unknown,EQ,2022-10-19,Unknown,0.0,0.0,0.0,0.0
563,DCBBANK,DCB Bank Limited,INE503A01015,Unknown,Unknown,EQ,2006-10-27,Unknown,0.0,0.0,0.0,0.0
3746,DCLFIDM,"DCL Finance Ltd.,",INE712C01018,Unknown,Unknown,EQ,,Unknown,0.0,0.0,0.0,0.0
565,DCM,DCM  Limited,INE498A01018,Unknown,Unknown,BE,1995-03-29,Unknown,0.0,0.0,0.0,0.0
566,DCMFINSERV,DCM Financial Services Limited,INE891B01012,Unknown,Unknown,EQ,1997-05-21,Unknown,0.0,0.0,0.0,0.0
567,DCMNVL,DCM Nouvelle Limited,INE08KP01019,Unknown,Unknown,EQ,2019-07-16,Unknown,0.0,0.0,0.0,0.0
635,DSFCL,DCM Shriram Fine Chemicals Limited,INE0OFM01015,Unknown,Unknown,BE,2026-02-17,Unknown,0.0,0.0,0.0,0.0
570,DCMSRIND,DCM Shriram Industries Limited,INE843D01027,Unknown,Unknown,EQ,2021-12-24,Unknown,0.0,0.0,0.0,0.0
569,DCMSIL,DCM Shriram International Limited,INE0OU201013,Unknown,Unknown,EQ,2026-02-17,Unknown,0.0,0.0,0.0,0.0
568,DCMSHRIRAM,DCM Shriram Limited,INE499A01024,Unknown,Unknown,EQ,1995-04-12,Unknown,0.0,0.0,0.0,0.0
571,DCW,DCW Limited,INE500A01029,Unknown,Unknown,EQ,1995-05-25,Unknown,0.0,0.0,0.0,0.0
9490,DCWPP,DCW Ltd.,IN9500A01019,Unknown,Unknown,EQ,,Unknown,0.0,0.0,0.0,0.0
572,DCXINDIA,DCX Systems Limited,INE0KL801015,Unknown,Unknown,EQ,2022-11-11,Unknown,0.0,0.0,0.0,0.0
573,DDEVPLSTIK,Ddev Plastiks Industries Limited,INE0HR601026,Unknown,Unknown,EQ,2025-01-15,Unknown,0.0,0.0,0.0,0.0
585,DENORA,De Nora India Limited,INE244A01016,Unknown,Unknown,EQ,1997-08-07,Unknown,0.0,0.0,0.0,0.0
574,DECCANCE,Deccan Cements Limited,INE583C01021,Unknown,Unknown,EQ,2007-08-02,Unknown,0.0,0.0,0.0,0.0
6802,DCHL,Deccan Chronicle Holdings Ltd.,INE137G01027,Unknown,Unknown,EQ,,Unknown,0.0,0.0,0.0,0.0
575,DECNGOLD,Deccan Gold Mines Limited,INE945F01025,Unknown,Unknown,EQ,2026-04-20,Unknown,0.0,0.0,0.0,0.0
9389,DECNGO-RE,Deccan Gold Mines Ltd.,INE945F20017,Unknown,Unknown,EQ,,Unknown,0.0,0.0,0.0,0.0
8078,DECCAN,Deccan Health Care Limited,INE452W01019,Unknown,Unknown,EQ,,Unknown,0.0,0.0,0.0,0.0
6565,DECPO,Deccan Polypacks Ltd,INE132E01015,Unknown,Unknown,EQ,,Unknown,0.0,0.0,0.0,0.0
7488,DFL,Decillion Finance Ltd.,INE848N01017,Unknown,Unknown,EQ,,Unknown,0.0,0.0,0.0,0.0
4836,DECIPHER,DECIPHER LABS LIMITED,INE643N01012,Unknown,Unknown,EQ,,Unknown,0.0,0.0,0.0,0.0
5475,DECOMIC,Deco-Mica Ltd.,INE907E01010,Unknown,Unknown,EQ,,Unknown,0.0,0.0,0.0,0.0
6897,DECOLIGHT,Decolight Ceramics Ltd.,INE172I01012,Unknown,Unknown,EQ,,Unknown,0.0,0.0,0.0,0.0
7560,DITCO,Decorous Investment and Trading Co. Ltd.,INE183R01010,Unknown,Unknown,EQ,,Unknown,0.0,0.0,0.0,0.0
576,DEEDEV,DEE Development Engineers Limited,INE841L01016,Unknown,Unknown,EQ,2024-06-26,Unknown,0.0,0.0,0.0,0.0
6463,DKARTAV,Dee Kartavya Finance Ltd.,INE219N01011,Unknown,Unknown,EQ,,Unknown,0.0,0.0,0.0,0.0
6861,DEEPENR,DEEP ENERGY RESOURCES LIMITED,INE677H01012,Unknown,Unknown,EQ,,Unknown,0.0,0.0,0.0,0.0
7607,DEEPAI,Deep Health AI India Limited,INE005G01026,Unknown,Unknown,EQ,,Unknown,0.0,0.0,0.0,0.0
9355,DEEPAI-RE,Deep Health AI India Limited,INE005G20018,Unknown,Unknown,EQ,,Unknown,0.0,0.0,0.0,0.0
579,DEEPINDS,Deep Industries Limited,INE0FHS01024,Unknown,Unknown,EQ,2021-04-27,Unknown,0.0,0.0,0.0,0.0
577,DEEP,Deep Polymers Limited,INE00IY01012,Unknown,Unknown,EQ,2026-08-17,Unknown,0.0,0.0,0.0,0.0
557,DBEIL,Deepak Builders & Engineers India Limited,INE0OPA01027,Unknown,Unknown,BE,2024-10-28,Unknown,0.0,0.0,0.0,0.0
8418,DEEPAKCHEM,DEEPAK CHEMTEX LIMITED,INE0RDM01013,Unknown,Unknown,EQ,,Unknown,0.0,0.0,0.0,0.0
8969,DEEPAK-RE,Deepak Fertilizers &Petrochemicals,INE501A20019,Unknown,Unknown,EQ,,Unknown,0.0,0.0,0.0,0.0
578,DEEPAKFERT,Deepak Fertilizers and Petrochemicals Corporation Limited,INE501A01019,Unknown,Unknown,EQ,2003-01-17,Unknown,0.0,0.0,0.0,0.0
9,DEEPAKNTR,Deepak Nitrite Limited,INE288B01029,Unknown,Unknown,EQ,2010-09-29,Unknown,0.0,0.0,0.0,0.0
4146,DEEPAKSP,Deepak Spinners Ltd.,INE272C01013,Unknown,Unknown,EQ,,Unknown,0.0,0.0,0.0,0.0
8715,DEFRAIL,Defrail Technologies Limited,INE0ZE201010,Unknown,Unknown,EQ,,Unknown,0.0,0.0,0.0,0.0
9464,DEKSON,Dekson Castings Limited,INE465Q01013,Unknown,Unknown,EQ,,Unknown,0.0,0.0,0.0,0.0
580,DELHIVERY,Delhivery Limited,INE148O01028,Unknown,Unknown,EQ,2022-05-24,Unknown,0.0,0.0,0.0,0.0
4519,DELIHND,Delight Handicrafts Palace Ltd.,INE226F01012,Unknown,Unknown,EQ,,Unknown,0.0,0.0,0.0,0.0
581,DELPHIFX,DELPHI WORLD MONEY LIMITED,INE726L01027,Unknown,Unknown,BE,2011-06-28,Unknown,0.0,0.0,0.0,0.0
9373,DELPH-RE,DELPHI WORLD MONEY LIMITED,INE726L20019,Unknown,Unknown,EQ,,Unknown,0.0,0.0,0.0,0.0
582,DELTACORP,Delta Corp Limited,INE124G01033,Unknown,Unknown,EQ,2007-11-02,Unknown,0.0,0.0,0.0,0.0
7615,DELTA,Delta Industrial Resources Limited,INE681Q01015,Unknown,Unknown,EQ,,Unknown,0.0,0.0,0.0,0.0
7105,DELTALTD,Delta Leasing & Finance Limited,INE874N01013,Unknown,Unknown,EQ,,Unknown,0.0,0.0,0.0,0.0
583,DELTAMAGNT,Delta Manufacturing Limited,INE393A01011,Unknown,Unknown,EQ,1995-10-18,Unknown,0.0,0.0,0.0,0.0
3337,DLTNCBL,Delton Cables Ltd.,INE872E01016,Unknown,Unknown,EQ,,Unknown,0.0,0.0,0.0,0.0
3339,DELTRON,Deltron Ltd,INE272R01011,Unknown,Unknown,EQ,,Unknown,0.0,0.0,0.0,0.0
584,DEN,Den Networks Limited,INE947J01015,Unknown,Unknown,EQ,2009-11-24,Unknown,0.0,0.0,0.0,0.0
6634,DENABANK,Dena Bank,INE077A01010,Unknown,Unknown,EQ,,Unknown,0.0,0.0,0.0,0.0
7169,DENISCHEM,Denis Chem Lab Limited,INE051G01012,Unknown,Unknown,EQ,,Unknown,0.0,0.0,0.0,0.0
4453,DENSO,Denso India Ltd,INE502A01017,Unknown,Unknown,EQ,,Unknown,0.0,0.0,0.0,0.0
586,DENTA,Denta Water and Infra Solutions Limited,INE0R4L01018,Unknown,Unknown,EQ,2025-01-29,Unknown,0.0,0.0,0.0,0.0
8557,DESCO,Desco Infratech Limited,INE0TGG01014,Unknown,Unknown,EQ,,Unknown,0.0,0.0,0.0,0.0
6281,DESHRAK,Desh Rakshak Aushdhalaya Ltd.,INE971E01016,Unknown,Unknown,EQ,,Unknown,0.0,0.0,0.0,0.0
3638,DESIFARMS,Desi Farms India Limited,INE358F01013,Unknown,Unknown,EQ,,Unknown,0.0,0.0,0.0,0.0
4467,DESIGNAU,Design Auto Systems Ltd,INE993B01016,Unknown,Unknown,EQ,,Unknown,0.0,0.0,0.0,0.0
6956,DWSFTS50AD,Deutsche Mutual Fund,INF223J01069,Unknown,Unknown,EQ,,Unknown,0.0,0.0,0.0,0.0
6939,DWSFTS43IG,Deutsche Mutual Fund,INF223J01036,Unknown,Unknown,EQ,,Unknown,0.0,0.0,0.0,0.0
6937,DWSFTS43RG,Deutsche Mutual Fund,INF223J01010,Unknown,Unknown,EQ,,Unknown,0.0,0.0,0.0,0.0
6957,DWSFTS50BD,Deutsche Mutual Fund,INF223J01085,Unknown,Unknown,EQ,,Unknown,0.0,0.0,0.0,0.0
6938,DWSFTS43RD,Deutsche Mutual Fund,INF223J01028,Unknown,Unknown,EQ,,Unknown,0.0,0.0,0.0,0.0
588,DEVX,Dev Accelerator Limited,INE0VOV01021,Unknown,Unknown,EQ,2025-09-17,Unknown,0.0,0.0,0.0,0.0
4672,DEVFA,Dev Fasteners Ltd.,INE150E01017,Unknown,Unknown,EQ,,Unknown,0.0,0.0,0.0,0.0
587,DEVIT,Dev Information Technology Limited,INE060X01034,Unknown,Unknown,EQ,2022-02-15,Unknown,0.0,0.0,0.0,0.0
8365,DEVLAB,Dev Labtech Venture Limited,INE0NIJ01025,Unknown,Unknown,EQ,,Unknown,0.0,0.0,0.0,0.0
7490,DEVHARI,Devhari Exports (India) Limited,INE553P01018,Unknown,Unknown,EQ,,Unknown,0.0,0.0,0.0,0.0
6319,DEVINE,Devine Impex Limited,INE455C01014,Unknown,Unknown,EQ,,Unknown,0.0,0.0,0.0,0.0
3998,DEVITRD,Devinsu Trading Ltd.,INE07LH01016,Unknown,Unknown,EQ,,Unknown,0.0,0.0,0.0,0.0
8054,DCL,DEVOTED CONSTRUCTION LIMITED,INE061Z01011,Unknown,Unknown,EQ,,Unknown,0.0,0.0,0.0,0.0
8804,DEVSON,DEVSON CATALYST LIMITED,INE2KRP01017,Unknown,Unknown,EQ,,Unknown,0.0,0.0,0.0,0.0
589,DEVYANI,Devyani International Limited,INE872J01023,Unknown,Unknown,EQ,2021-08-16,Unknown,0.0,0.0,0.0,0.0
3751,DHFL,Dewan Housing Finance Corpn. Ltd.,INE202B01012,Unknown,Unknown,EQ,,Unknown,0.0,0.0,0.0,0.0
3800,DFLINFRA,DFL Infrastructure Finance Limited,INE071C01019,Unknown,Unknown,EQ,,Unknown,0.0,0.0,0.0,0.0
4448,DFM,DFM Foods Ltd.,INE456C01020,Unknown,Unknown,EQ,,Unknown,0.0,0.0,0.0,0.0
3718,DGPSEC,DGP Securities Ltd,INE965D01010,Unknown,Unknown,EQ,,Unknown,0.0,0.0,0.0,0.0
591,DHABRIYA,Dhabriya Polywood Limited,INE260R01016,Unknown,Unknown,BE,2026-08-17,Unknown,0.0,0.0,0.0,0.0
559,DBOL,Dhampur Bio Organics Limited,INE0I3401014,Unknown,Unknown,EQ,2022-09-08,Unknown,0.0,0.0,0.0,0.0
3260,DHAMSUGR,Dhampur Sugar (Kashipur) Ltd.,INE735A01013,Unknown,Unknown,EQ,,Unknown,0.0,0.0,0.0,0.0
592,DHAMPURSUG,Dhampur Sugar Mills Limited,INE041A01016,Unknown,Unknown,EQ,1995-03-29,Unknown,0.0,0.0,0.0,0.0
9513,DHAMSUP,Dhampur Sugar Mills Ltd.,IN9041A01022,Unknown,Unknown,EQ,,Unknown,0.0,0.0,0.0,0.0
6524,DHAMPURE,Dhampure Speciality Sugars Ltd.,INE956B01013,Unknown,Unknown,EQ,,Unknown,0.0,0.0,0.0,0.0
5459,DHANADACO,Dhanada Corporatin Limited,INE041F01015,Unknown,Unknown,EQ,,Unknown,0.0,0.0,0.0,0.0
4518,DHANROTO,Dhanalaxmi Roto Spinners Ltd.,INE220C01012,Unknown,Unknown,EQ,,Unknown,0.0,0.0,0.0,0.0
5336,DHANELE,Dhanashree Electronics Ltd.,INE413F01016,Unknown,Unknown,EQ,,Unknown,0.0,0.0,0.0,0.0
9550,DHANIPP,Dhani Services Limited,IN9274G01034,Unknown,Unknown,EQ,,Unknown,0.0,0.0,0.0,0.0
6935,DHANI,Dhani Services Limited,INE274G01010,Unknown,Unknown,EQ,,Unknown,0.0,0.0,0.0,0.0
9265,DHAN-RE,Dhanlaxmi Bank Limited,INE680A20011,Unknown,Unknown,EQ,,Unknown,0.0,0.0,0.0,0.0
593,DHANBANK,Dhanlaxmi Bank Limited,INE680A01011,Unknown,Unknown,EQ,2004-04-01,Unknown,0.0,0.0,0.0,0.0
4006,DHANCOT,Dhanlaxmi Cotex Ltd.,INE977F01010,Unknown,Unknown,EQ,,Unknown,0.0,0.0,0.0,0.0
4506,DHANFAB,Dhanlaxmi Fabrics Ltd.,INE953D01016,Unknown,Unknown,EQ,,Unknown,0.0,0.0,0.0,0.0
3288,DHANLEELA,Dhanleela Investments & Trading Company Ltd,INE683D01027,Unknown,Unknown,EQ,,Unknown,0.0,0.0,0.0,0.0
9209,DHANSAF-RE,DHANSAFAL FINSERVE LIMITED,INE195E20012,Unknown,Unknown,EQ,,Unknown,0.0,0.0,0.0,0.0
3899,DHANSAFAL,DHANSAFAL FINSERVE LIMITED,INE195E01020,Unknown,Unknown,EQ,,Unknown,0.0,0.0,0.0,0.0
594,DHANUKA,Dhanuka Agritech Limited,INE435G01025,Unknown,Unknown,EQ,2011-06-29,Unknown,0.0,0.0,0.0,0.0
6912,DHANUS,DHANUS TECHNOLOGIES LIMITED,INE406H01016,Unknown,Unknown,EQ,,Unknown,0.0,0.0,0.0,0.0
5391,ZDHJERK,Dhanvantri Jeevan Rekha Ltd.,INE239F01015,Unknown,Unknown,EQ,,Unknown,0.0,0.0,0.0,0.0
8836,DHANWEL,Dhanwel Hybrid Seeds Limited,INE0VWO01011,Unknown,Unknown,EQ,,Unknown,0.0,0.0,0.0,0.0
5361,DHARTEX,Dhar Textile Mills Ltd.,INE044B01018,Unknown,Unknown,EQ,,Unknown,0.0,0.0,0.0,0.0
595,DHARAN,DHARAN INFRA-EPC LIMITED,INE278R01034,Unknown,Unknown,BZ,2018-04-02,Unknown,0.0,0.0,0.0,0.0
3813,DHARFIN,Dharani Finance Ltd.,INE899D01011,Unknown,Unknown,EQ,,Unknown,0.0,0.0,0.0,0.0
3570,DHARSUGAR,Dharani Sugars & Chemicals Ltd,INE988C01014,Unknown,Unknown,EQ,,Unknown,0.0,0.0,0.0,0.0
596,DHARMAJ,Dharmaj Crop Guard Limited,INE00OQ01016,Unknown,Unknown,EQ,2022-12-08,Unknown,0.0,0.0,0.0,0.0
4375,DHARI,Dharnendra Industries Ltd.,INE624D01013,Unknown,Unknown,EQ,,Unknown,0.0,0.0,0.0,0.0
8345,DHARNI,DHARNI CAPITAL SERVICES LIMITED,INE0M9Q01011,Unknown,Unknown,EQ,,Unknown,0.0,0.0,0.0,0.0
5444,DHARTI,DHARTI PROTEINS LIMITED,INE248C01013,Unknown,Unknown,EQ,,Unknown,0.0,0.0,0.0,0.0
597,DHATRE,Dhatre Udyog Limited,INE715T01031,Unknown,Unknown,EQ,2026-08-17,Unknown,0.0,0.0,0.0,0.0
8821,DHAVAL,Dhaval Packaging Limited,INE1HX301016,Unknown,Unknown,EQ,,Unknown,0.0,0.0,0.0,0.0
3234,DHENUBUILD,Dhenu Buildcon Infra Limited,INE758D01027,Unknown,Unknown,EQ,,Unknown,0.0,0.0,0.0,0.0
8642,DHILLON,Dhillon Freight Carrier Limited,INE0SPJ01011,Unknown,Unknown,EQ,,Unknown,0.0,0.0,0.0,0.0
5072,DHOOTIN,Dhoot Industrial Finance Ltd.,INE313G01016,Unknown,Unknown,EQ,,Unknown,0.0,0.0,0.0,0.0
598,DHOOTTRANS,Dhoot Transmission Limited,INE01NH01023,Unknown,Unknown,EQ,2026-08-17,Unknown,0.0,0.0,0.0,0.0
5520,DHPIND,DHP India Ltd.,INE590D01016,Unknown,Unknown,EQ,,Unknown,0.0,0.0,0.0,0.0
599,DHRUV,Dhruv Consultancy Services Limited,INE506Z01015,Unknown,Unknown,EQ,2021-11-25,Unknown,0.0,0.0,0.0,0.0
3619,DHRUVES,Dhruv Estates Ltd.,INE780E01011,Unknown,Unknown,EQ,,Unknown,0.0,0.0,0.0,0.0
7868,DWL,Dhruv Wellness Limited,INE109Y01011,Unknown,Unknown,EQ,,Unknown,0.0,0.0,0.0,0.0
5481,DHRUVCA,Dhruva Capital Services Ltd.,INE972E01014,Unknown,Unknown,EQ,,Unknown,0.0,0.0,0.0,0.0
600,DHUNINV,Dhunseri Investments Limited,INE320L01011,Unknown,Unknown,EQ,2011-03-18,Unknown,0.0,0.0,0.0,0.0
638,DTIL,Dhunseri Tea & Industries Limited,INE341R01014,Unknown,Unknown,BE,2015-01-20,Unknown,0.0,0.0,0.0,0.0
641,DVL,Dhunseri Ventures Limited,INE477B01010,Unknown,Unknown,EQ,2008-01-11,Unknown,0.0,0.0,0.0,0.0
7606,DHVIJAFIN,DHVIJA FINANCE LIMITED,INE108T01021,Unknown,Unknown,EQ,,Unknown,0.0,0.0,0.0,0.0
9217,DHATRA-RE,DHYAANI TRADEVENTTURES LIMITED,INE0K5F20014,Unknown,Unknown,EQ,,Unknown,0.0,0.0,0.0,0.0
8281,DHYAANITR,DHYAANI TRADEVENTTURES LIMITED,INE0K5F01014,Unknown,Unknown,EQ,,Unknown,0.0,0.0,0.0,0.0
7237,DHYANAFIN,Dhyana Finstock Limited,INE774P01010,Unknown,Unknown,EQ,,Unknown,0.0,0.0,0.0,0.0
3651,DIAMANT,Diamant Infrastructure Limited,INE206I01026,Unknown,Unknown,EQ,,Unknown,0.0,0.0,0.0,0.0
602,DIAMINESQ,Diamines & Chemicals Limited,INE591D01014,Unknown,Unknown,EQ,2023-09-25,Unknown,0.0,0.0,0.0,0.0
5319,DIAMOND,Diamond Infosystems Ltd,INE280D01022,Unknown,Unknown,EQ,,Unknown,0.0,0.0,0.0,0.0
601,DIACABS,Diamond Power Infrastructure Limited,INE989C01038,Unknown,Unknown,BE,2023-09-15,Unknown,0.0,0.0,0.0,0.0
5365,DIANATEA,Diana Tea Co.Ltd.,INE012E01035,Unknown,Unknown,EQ,,Unknown,0.0,0.0,0.0,0.0
604,DICIND,DIC India Limited,INE303A01010,Unknown,Unknown,EQ,1995-08-30,Unknown,0.0,0.0,0.0,0.0
605,DIFFNKG,Diffusion Engineers Limited,INE184O01015,Unknown,Unknown,EQ,2024-10-04,Unknown,0.0,0.0,0.0,0.0
7920,DML,Diggi Multitrade Limited,INE158R01012,Unknown,Unknown,EQ,,Unknown,0.0,0.0,0.0,0.0
590,DGCONTENT,Digicontent Limited,INE03JI01017,Unknown,Unknown,EQ,2019-06-18,Unknown,0.0,0.0,0.0,0.0
606,DIGIDRIVE,Digidrive Distributors Limited,INE0PSC01024,Unknown,Unknown,EQ,2024-01-10,Unknown,0.0,0.0,0.0,0.0
8720,DIGILOGIC,DIGILOGIC SYSTEMS LIMITED,INE1OOT01028,Unknown,Unknown,EQ,,Unknown,0.0,0.0,0.0,0.0
607,DIGISPICE,DiGiSPICE Technologies Limited,INE927C01020,Unknown,Unknown,EQ,2008-05-27,Unknown,0.0,0.0,0.0,0.0
3325,ZDIGIELE,Digital Electronics Ltd.,INE053N01014,Unknown,Unknown,EQ,,Unknown,0.0,0.0,0.0,0.0
3036,DIGITAL,Digital Globalsoft Ltd.,INE124A01010,Unknown,Unknown,EQ,,Unknown,0.0,0.0,0.0,0.0
4348,DIGIMULT,Digital Multiforms Ltd.,INE927B01014,Unknown,Unknown,EQ,,Unknown,0.0,0.0,0.0,0.0
608,DIGITIDE,Digitide Solutions Limited,INE0U4701011,Unknown,Unknown,EQ,2025-06-11,Unknown,0.0,0.0,0.0,0.0
609,DIGJAMLMTD,Digjam Limited,INE731U01028,Unknown,Unknown,EQ,2021-10-18,Unknown,0.0,0.0,0.0,0.0
3309,DIGJAM,Digjam Ltd,INE471A01023,Unknown,Unknown,EQ,,Unknown,0.0,0.0,0.0,0.0
7733,DIKSAT,Diksat Transworld Limited,INE942P01013,Unknown,Unknown,EQ,,Unknown,0.0,0.0,0.0,0.0
8066,DGL,Diksha Greens Limited,INE01GR01018,Unknown,Unknown,EQ,,Unknown,0.0,0.0,0.0,0.0
8789,DIKSHA,DIKSHA POLYMERS LIMITED,INE1OSI01014,Unknown,Unknown,EQ,,Unknown,0.0,0.0,0.0,0.0
9245,DILIND-RE,Diligent Industries Limited,INE650C20010,Unknown,Unknown,EQ,,Unknown,0.0,0.0,0.0,0.0
5433,DILIGENT,Diligent Industries Limited,INE650C01036,Unknown,Unknown,EQ,,Unknown,0.0,0.0,0.0,0.0
620,DNAMEDIA,Diligent Media Corporation Limited,INE016M01021,Unknown,Unknown,EQ,2017-12-11,Unknown,0.0,0.0,0.0,0.0
558,DBL,Dilip Buildcon Limited,INE917M01012,Unknown,Unknown,EQ,2016-08-11,Unknown,0.0,0.0,0.0,0.0
6572,DINIRST,Dina Iron & Steel Ltd.,INE649G01013,Unknown,Unknown,EQ,,Unknown,0.0,0.0,0.0,0.0
8479,DFPL,DINDIGUL FARM PRODUCT LIMITED,INE0S6R01027,Unknown,Unknown,EQ,,Unknown,0.0,0.0,0.0,0.0
5059,DION,Dion Global Solutions Limited,INE991C01034,Unknown,Unknown,EQ,,Unknown,0.0,0.0,0.0,0.0
9155,DPL-RE,DIPNA PHARMACHEM LIMITED,INE0MC420013,Unknown,Unknown,EQ,,Unknown,0.0,0.0,0.0,0.0
8309,DPL,DIPNA PHARMACHEM LIMITED,INE0MC401013,Unknown,Unknown,EQ,,Unknown,0.0,0.0,0.0,0.0
610,DISAQ,Disa India Limited,INE131C01011,Unknown,Unknown,EQ,2026-04-20,Unknown,0.0,0.0,0.0,0.0
611,DISHTV,Dish TV India Limited,INE836F01026,Unknown,Unknown,EQ,2007-04-18,Unknown,0.0,0.0,0.0,0.0
9533,DISHTVPP,Dish TV India Limited,IN9836F01024,Unknown,Unknown,EQ,,Unknown,0.0,0.0,0.0,0.0
6303,DRL,DISHA RESOURCES LIMITED,INE193D01019,Unknown,Unknown,EQ,,Unknown,0.0,0.0,0.0,0.0
562,DCAL,Dishman Carbogen Amcis Limited,INE385W01011,Unknown,Unknown,EQ,2017-09-21,Unknown,0.0,0.0,0.0,0.0
6793,DISHMAN,Dishman Pharmaceuticals & Chemicals Ltd.,INE353G01020,Unknown,Unknown,EQ,,Unknown,0.0,0.0,0.0,0.0
612,DIVGIITTS,Divgi Torqtransfer Systems Limited,INE753U01022,Unknown,Unknown,EQ,2023-03-14,Unknown,0.0,0.0,0.0,0.0
613,DIVISLAB,Divi's Laboratories Limited,INE361B01024,Unknown,Unknown,EQ,2003-03-12,Unknown,0.0,0.0,0.0,0.0
6514,DIVINEENT,Divine Entertainment Limited,INE376B01014,Unknown,Unknown,EQ,,Unknown,0.0,0.0,0.0,0.0
4699,DIVINE,Divine Multimedia (India) Limited,INE611B01022,Unknown,Unknown,EQ,,Unknown,0.0,0.0,0.0,0.0
7235,DIVINUS,Divinus Fabrics Limited,INE478P01018,Unknown,Unknown,EQ,,Unknown,0.0,0.0,0.0,0.0
4907,DIVYAJYQ,Divya Jyoti Industries Ltd.,INE666B01018,Unknown,Unknown,EQ,,Unknown,0.0,0.0,0.0,0.0
4911,DIVSHKT,DIVYASHAKTI LIMITED,INE410G01010,Unknown,Unknown,EQ,,Unknown,0.0,0.0,0.0,0.0
614,DIXON,Dixon Technologies (India) Limited,INE935N01020,Unknown,Unknown,EQ,2017-09-18,Unknown,0.0,0.0,0.0,0.0
615,DJML,DJ Mediaprint & Logistics Limited,INE0B1K01014,Unknown,Unknown,EQ,2022-12-05,Unknown,0.0,0.0,0.0,0.0
3846,DJSSS,DJS Stock & Shares Ltd.,INE234E01027,Unknown,Unknown,EQ,,Unknown,0.0,0.0,0.0,0.0
616,DLF,DLF Limited,INE271C01023,Unknown,Unknown,EQ,2007-07-05,Unknown,0.0,0.0,0.0,0.0
4357,DMCEDU,DMC Education Ltd,INE585D01024,Unknown,Unknown,EQ,,Unknown,0.0,0.0,0.0,0.0
619,DMCC,DMCC SPECIALITY CHEMICALS LIMITED,INE505A01010,Unknown,Unknown,EQ,2021-12-01,Unknown,0.0,0.0,0.0,0.0
9247,DMR-RE,DMR ENGINEERING LIMITED,INE07L520010,Unknown,Unknown,EQ,,Unknown,0.0,0.0,0.0,0.0
8254,DMR,DMR ENGINEERING LIMITED,INE07L501010,Unknown,Unknown,EQ,,Unknown,0.0,0.0,0.0,0.0
3907,DOCTORBI,Doctors Biotech India Ltd.,INE739D01027,Unknown,Unknown,EQ,,Unknown,0.0,0.0,0.0,0.0
621,DODLA,Dodla Dairy Limited,INE021O01019,Unknown,Unknown,EQ,2021-06-28,Unknown,0.0,0.0,0.0,0.0
622,DOLATALGO,Dolat Algotech Limited,INE966A01022,Unknown,Unknown,EQ,2024-01-12,Unknown,0.0,0.0,0.0,0.0
8056,DOLFIN,Dolfin Rubbers Limited,INE666Y01010,Unknown,Unknown,EQ,,Unknown,0.0,0.0,0.0,0.0
623,DOLLAR,Dollar Industries Limited,INE325C01035,Unknown,Unknown,EQ,2017-04-21,Unknown,0.0,0.0,0.0,0.0
6198,DOLLEX,Dollex Industries Ltd.,INE892A01020,Unknown,Unknown,EQ,,Unknown,0.0,0.0,0.0,0.0
8460,DKUAL,Dolphin Kitchen Utencils and Appliances Limited,INE0QXT01018,Unknown,Unknown,EQ,,Unknown,0.0,0.0,0.0,0.0
4794,DOLPLAB,Dolphin Laboratories Ltd.,INE840C01017,Unknown,Unknown,EQ,,Unknown,0.0,0.0,0.0,0.0
4955,DOLPHMED,Dolphin Medical Services Ltd.,INE796B01013,Unknown,Unknown,EQ,,Unknown,0.0,0.0,0.0,0.0
624,DOLPHIN,Dolphin Offshore Enterprises (India) Limited,INE920A01037,Unknown,Unknown,EQ,2023-08-21,Unknown,0.0,0.0,0.0,0.0
625,DOMS,DOMS Industries Limited,INE321T01012,Unknown,Unknown,EQ,2023-12-20,Unknown,0.0,0.0,0.0,0.0
626,DONEAR,Donear Industries Limited,INE668D01028,Unknown,Unknown,EQ,2006-12-20,Unknown,0.0,0.0,0.0,0.0
5193,DOTCOM,DOT COM Global Ltd,INE440B01018,Unknown,Unknown,EQ,,Unknown,0.0,0.0,0.0,0.0
3641,DPIL,DPIL Ltd.,INE137D01016,Unknown,Unknown,EQ,,Unknown,0.0,0.0,0.0,0.0
628,DPSCLTD,DPSC Limited,INE360C01024,Unknown,Unknown,BE,2008-04-21,Unknown,0.0,0.0,0.0,0.0
6995,DQE,DQ Entertainment (International) Limited,INE656K01010,Unknown,Unknown,EQ,,Unknown,0.0,0.0,0.0,0.0
630,DRAGARWQ,Dr Agarwals Eye Hospital Limited,INE934C01018,Unknown,Unknown,EQ,2026-04-20,Unknown,0.0,0.0,0.0,0.0
7986,DLCL,DR LALCHANDANI LABS LIMITED,INE871Z01013,Unknown,Unknown,EQ,,Unknown,0.0,0.0,0.0,0.0
9401,DLCL-RE,DR LALCHANDANI LABS LIMITED,INE871Z20013,Unknown,Unknown,EQ,,Unknown,0.0,0.0,0.0,0.0
93,AGARWALEYE,Dr. Agarwal's Health Care Limited,INE943P01029,Unknown,Unknown,EQ,2025-02-04,Unknown,0.0,0.0,0.0,0.0
1288,LALPATHLAB,Dr. Lal Path Labs Ltd.,INE600L01024,Unknown,Unknown,EQ,2015-12-23,Unknown,0.0,0.0,0.0,0.0
634,DRREDDY,Dr. Reddy's Laboratories Limited,INE089A01031,Unknown,Unknown,EQ,2003-05-30,Unknown,0.0,0.0,0.0,0.0
7043,DRDATSONS,Dr.Datsons Labs Limited,INE928K01013,Unknown,Unknown,EQ,,Unknown,0.0,0.0,0.0,0.0
4438,DRMSY,Dr.M. Soy & General Food Ltd.,INE733B01016,Unknown,Unknown,EQ,,Unknown,0.0,0.0,0.0,0.0
7728,DRA,DRA CONSULTANTS LIMITED,INE746V01016,Unknown,Unknown,EQ,,Unknown,0.0,0.0,0.0,0.0
631,DRCSYSTEMS,DRC Systems India Limited,INE03RS01027,Unknown,Unknown,EQ,2021-03-10,Unknown,0.0,0.0,0.0,0.0
632,DREAMFOLKS,Dreamfolks Services Limited,INE0JS101016,Unknown,Unknown,EQ,2022-09-06,Unknown,0.0,0.0,0.0,0.0
633,DREDGECORP,Dredging Corporation of India Limited,INE506A01018,Unknown,Unknown,EQ,2004-01-15,Unknown,0.0,0.0,0.0,0.0
8338,DRONACHRYA,Droneacharya Aerial Innovations Limited,INE0MQD01015,Unknown,Unknown,EQ,,Unknown,0.0,0.0,0.0,0.0
636,DSKULKARNI,DS Kulkarni Developers Limited,INE891A01022,Unknown,Unknown,BE,1995-02-08,Unknown,0.0,0.0,0.0,0.0
1204,KEEPLEARN,DSJ Keep Learning Limited,INE055C01020,Unknown,Unknown,EQ,1995-03-01,Unknown,0.0,0.0,0.0,0.0
9190,KEEPLN-RE,DSJ KEEP LEARNING LIMITED,INE055C20012,Unknown,Unknown,EQ,,Unknown,0.0,0.0,0.0,0.0
8650,ZAPPFRESH,DSM Fresh Foods Limited,INE0SUM01015,Unknown,Unknown,EQ,,Unknown,0.0,0.0,0.0,0.0
3708,DSPML,DSP Merrill Lynch Ltd,INE072C01017,Unknown,Unknown,EQ,,Unknown,0.0,0.0,0.0,0.0
7916,DACEFRDP,DSP Mutual Fund,INF740KA1CV9,Unknown,Unknown,EQ,,Unknown,0.0,0.0,0.0,0.0
7915,DACEFRG,DSP Mutual Fund,INF740KA1CU1,Unknown,Unknown,EQ,,Unknown,0.0,0.0,0.0,0.0
8393,PVTBANKADD,DSP Mutual Fund,INF740KA1TA7,Unknown,Unknown,EQ,,Unknown,0.0,0.0,0.0,0.0
8341,BANKADD,DSP Mutual Fund,INF740KA1RX3,Unknown,Unknown,EQ,,Unknown,0.0,0.0,0.0,0.0
8759,FMCGADD,DSP Mutual Fund,INF740KA1ZA4,Unknown,Unknown,EQ,,Unknown,0.0,0.0,0.0,0.0
8251,EQUAL50ADD,DSP Mutual Fund,INF740KA1QK2,Unknown,Unknown,EQ,,Unknown,0.0,0.0,0.0,0.0
8697,MIDCAPADD,DSP Mutual Fund,INF740KA1WW5,Unknown,Unknown,EQ,,Unknown,0.0,0.0,0.0,0.0
7343,D3YRCEEDDP,DSP Mutual Fund,INF740KA1DB9,Unknown,Unknown,EQ,,Unknown,0.0,0.0,0.0,0.0
7342,D3YRCEEDG,DSP Mutual Fund,INF740KA1DA1,Unknown,Unknown,EQ,,Unknown,0.0,0.0,0.0,0.0
7341,D3YRCEERDP,DSP Mutual Fund,INF740KA1CZ0,Unknown,Unknown,EQ,,Unknown,0.0,0.0,0.0,0.0
8384,ITADD,DSP Mutual Fund,INF740KA1SX1,Unknown,Unknown,EQ,,Unknown,0.0,0.0,0.0,0.0
8653,FLEXIADD,DSP Mutual Fund,INF740KA1WU9,Unknown,Unknown,EQ,,Unknown,0.0,0.0,0.0,0.0
7340,D3YRCEERG,DSP Mutual Fund,INF740KA1CY3,Unknown,Unknown,EQ,,Unknown,0.0,0.0,0.0,0.0
8673,MSCIADD,DSP Mutual Fund,INF740KA1WV7,Unknown,Unknown,EQ,,Unknown,0.0,0.0,0.0,0.0
8696,SMALLADD,DSP Mutual Fund,INF740KA1WX3,Unknown,Unknown,EQ,,Unknown,0.0,0.0,0.0,0.0
8538,NEXT30ADD,DSP Mutual Fund,INF740KA1VE5,Unknown,Unknown,EQ,,Unknown,0.0,0.0,0.0,0.0
8746,BANK10ADD,DSP Mutual Fund,INF740KA1YH2,Unknown,Unknown,EQ,,Unknown,0.0,0.0,0.0,0.0
8440,HEALTHADD,DSP Mutual Fund,INF740KA1ZG1,Unknown,Unknown,EQ,,Unknown,0.0,0.0,0.0,0.0
8261,NIFTYADD,DSP Mutual Fund,INF740KA1CL0,Unknown,Unknown,EQ,,Unknown,0.0,0.0,0.0,0.0
8824,MIDBANKADD,DSP Mutual Fund,INF740KA1ZH9,Unknown,Unknown,EQ,,Unknown,0.0,0.0,0.0,0.0
7968,DACE2DG,DSP Mutual Fund,INF740KA1EM4,Unknown,Unknown,EQ,,Unknown,0.0,0.0,0.0,0.0
7969,DACE2DDP,DSP Mutual Fund,INF740KA1EN2,Unknown,Unknown,EQ,,Unknown,0.0,0.0,0.0,0.0
8712,NEXT50ADD,DSP Mutual Fund,INF740KA1XU7,Unknown,Unknown,EQ,,Unknown,0.0,0.0,0.0,0.0
7967,DACE2RDP,DSP Mutual Fund,INF740KA1EL6,Unknown,Unknown,EQ,,Unknown,0.0,0.0,0.0,0.0
8391,SENSEXADD,DSP Mutual Fund,INF740KA1SZ6,Unknown,Unknown,EQ,,Unknown,0.0,0.0,0.0,0.0
8392,PSUBANKADD,DSP Mutual Fund,INF740KA1SY9,Unknown,Unknown,EQ,,Unknown,0.0,0.0,0.0,0.0
8498,TOP10ADD,DSP Mutual Fund,INF740KA1UR9,Unknown,Unknown,EQ,,Unknown,0.0,0.0,0.0,0.0
7918,DACEFDDP,DSP Mutual Fund,INF740KA1CX5,Unknown,Unknown,EQ,,Unknown,0.0,0.0,0.0,0.0
7966,DACE2RG,DSP Mutual Fund,INF740KA1EK8,Unknown,Unknown,EQ,,Unknown,0.0,0.0,0.0,0.0
7917,DACEFDG,DSP Mutual Fund,INF740KA1CW7,Unknown,Unknown,EQ,,Unknown,0.0,0.0,0.0,0.0
8259,MIDQ50ADD,DSP Mutual Fund,INF740KA1ZF3,Unknown,Unknown,EQ,,Unknown,0.0,0.0,0.0,0.0
4734,DSQBIO,DSQ Biotech Ltd,INE964A01019,Unknown,Unknown,EQ,,Unknown,0.0,0.0,0.0,0.0
4707,DSQSOFT,DSQ Software Ltd.,INE286A01017,Unknown,Unknown,EQ,,Unknown,0.0,0.0,0.0,0.0
4032,DUCTA,Duck Tarpaulins ltd.,INE966D01018,Unknown,Unknown,EQ,,Unknown,0.0,0.0,0.0,0.0
640,DUCON-RE1,Ducon Infratech Ltd-RE,INE741L20034,Unknown,Unknown,BE,2026-09-03,Unknown,0.0,0.0,0.0,0.0
639,DUCON,Ducon Infratechnologies Limited,INE741L01018,Unknown,Unknown,EQ,2012-10-09,Unknown,0.0,0.0,0.0,0.0
9222,DUCON-RE,Ducon Infratechnologies Limited,INE741L20018,Unknown,Unknown,EQ,,Unknown,0.0,0.0,0.0,0.0
4748,DUJODPPR,Dujodwala Paper Chemical Ltd.,INE990C01010,Unknown,Unknown,EQ,,Unknown,0.0,0.0,0.0,0.0
3579,DUJOHN,Dujohn Laboratories Ltd.,INE990A01014,Unknown,Unknown,EQ,,Unknown,0.0,0.0,0.0,0.0
6254,DUKEOFS,Duke Offshore Ltd.,INE397G01019,Unknown,Unknown,EQ,,Unknown,0.0,0.0,0.0,0.0
3392,DUNCANENG,Duncan Engineering Limited,INE340F01011,Unknown,Unknown,EQ,,Unknown,0.0,0.0,0.0,0.0
8865,DUNCANSLTD,Duncans Industries Ltd.,INE508A01022,Unknown,Unknown,EQ,,Unknown,0.0,0.0,0.0,0.0
7653,DUNE,Dune Mercantile Ltd.,INE322Q01016,Unknown,Unknown,EQ,,Unknown,0.0,0.0,0.0,0.0
3693,DUNLOP-B1,Dunlop India Ltd.,INE509A01012,Unknown,Unknown,EQ,,Unknown,0.0,0.0,0.0,0.0
4918,DUROPACK,Duropack Ltd,INE138B01018,Unknown,Unknown,EQ,,Unknown,0.0,0.0,0.0,0.0
4247,DUROPLY,DUROPLY INDUSTRIES LIMITED,INE932D01010,Unknown,Unknown,EQ,,Unknown,0.0,0.0,0.0,0.0
4329,DUTRON,Dutron  Polymers Ltd.,INE940C01015,Unknown,Unknown,EQ,,Unknown,0.0,0.0,0.0,0.0
642,DWARKESH,Dwarikesh Sugar Industries Limited,INE366A01041,Unknown,Unknown,EQ,2004-12-31,Unknown,0.0,0.0,0.0,0.0
7280,DWITIYA,Dwitiya Trading Limited,INE222P01028,Unknown,Unknown,EQ,,Unknown,0.0,0.0,0.0,0.0
637,DSSL,Dynacons Systems & Solutions Limited,INE417B01040,Unknown,Unknown,EQ,2011-12-01,Unknown,0.0,0.0,0.0,0.0
9487,DYNPP,Dynacons Systems & Solutions Ltd.,IN9417B01014,Unknown,Unknown,EQ,,Unknown,0.0,0.0,0.0,0.0
644,DYNAMATECH,Dynamatic Technologies Limited,INE221B01012,Unknown,Unknown,EQ,2006-09-14,Unknown,0.0,0.0,0.0,0.0
7635,DAL,dynamic Archistructures Limited,INE874E01012,Unknown,Unknown,EQ,,Unknown,0.0,0.0,0.0,0.0
643,DYCL,Dynamic Cables Limited,INE600Y01019,Unknown,Unknown,EQ,2022-07-27,Unknown,0.0,0.0,0.0,0.0
4853,DYNAMIND,Dynamic Industries Ltd.,INE457C01010,Unknown,Unknown,EQ,,Unknown,0.0,0.0,0.0,0.0
5533,DYNMICR,Dynamic Microsteppers Ltd.,INE443N01017,Unknown,Unknown,EQ,,Unknown,0.0,0.0,0.0,0.0
5309,DYNAMICP,Dynamic Protfolio Management & Serv,INE118C01018,Unknown,Unknown,EQ,,Unknown,0.0,0.0,0.0,0.0
4290,DYNAVSN,Dynavision Limited,INE083E01010,Unknown,Unknown,EQ,,Unknown,0.0,0.0,0.0,0.0
645,DYNPRO,Dynemic Products Limited,INE256H01015,Unknown,Unknown,EQ,2017-07-19,Unknown,0.0,0.0,0.0,0.0
9574,DYNPROPP,Dynemic Products Ltd.,IN9256H01013,Unknown,Unknown,EQ,,Unknown,0.0,0.0,0.0,0.0
9037,DYNPRO-RE,Dynemic Products Ltd.,INE256H20015,Unknown,Unknown,EQ,,Unknown,0.0,0.0,0.0,0.0
6881,ELAND,E-Land Apparel Limited,INE311H01018,Unknown,Unknown,EQ,,Unknown,0.0,0.0,0.0,0.0
3680,ESERVE,e-Serve International Ltd.,INE784A01011,Unknown,Unknown,EQ,,Unknown,0.0,0.0,0.0,0.0
3217,EENTER,E and E ENTERPRISES LIMITED,INE094R01019,Unknown,Unknown,EQ,,Unknown,0.0,0.0,0.0,0.0
6758,ESTAR,e. Star Infotech Ltd.,INE546B01020,Unknown,Unknown,EQ,,Unknown,0.0,0.0,0.0,0.0
9498,ESTPP,e. Star Infotech Ltd.,IN9546B01010,Unknown,Unknown,EQ,,Unknown,0.0,0.0,0.0,0.0
646,E2E,E2E Networks Limited,INE255Z01027,Unknown,Unknown,BE,2022-04-12,Unknown,0.0,0.0,0.0,0.0
8636,EARKART,EARKART LIMITED,INE1A8F01035,Unknown,Unknown,EQ,,Unknown,0.0,0.0,0.0,0.0
8347,EARTH,Earthstahl & Alloys Limited,INE0O4V01010,Unknown,Unknown,EQ,,Unknown,0.0,0.0,0.0,0.0
3622,EASTBUILD,East Buildtech Limited,INE706N01017,Unknown,Unknown,EQ,,Unknown,0.0,0.0,0.0,0.0
4461,ECSTSTL,East Coast Steel Ltd,INE315F01013,Unknown,Unknown,EQ,,Unknown,0.0,0.0,0.0,0.0
4709,EASTINDIA,East India Drums and Barrels Manufacturing Limited,INE191C01023,Unknown,Unknown,EQ,,Unknown,0.0,0.0,0.0,0.0
7960,EIS,East India Securities Limited,INE482Z01019,Unknown,Unknown,EQ,,Unknown,0.0,0.0,0.0,0.0
649,EASTWEST,East West Freight Carriers Limited,INE595R01023,Unknown,Unknown,EQ,2026-08-17,Unknown,0.0,0.0,0.0,0.0
7908,EASTERNGAS,Eastern Gases Limited,INE846C01014,Unknown,Unknown,EQ,,Unknown,0.0,0.0,0.0,0.0
8868,EASTERNGAS1,Eastern Gases Ltd.,INE111111111,Unknown,Unknown,EQ,,Unknown,0.0,0.0,0.0,0.0
648,EASTSILK,Eastern Silk Industries Limited,INE962C01035,Unknown,Unknown,BE,1996-07-03,Unknown,0.0,0.0,0.0,0.0
4175,EASTRNSI,Eastern Silk Industries Ltd.,INE962C01019,Unknown,Unknown,EQ,,Unknown,0.0,0.0,0.0,0.0
6185,EASTRED,Eastern Treads Ltd.,INE500D01015,Unknown,Unknown,EQ,,Unknown,0.0,0.0,0.0,0.0
8156,EASUN,Easun Capital Markets Limited,INE771C01014,Unknown,Unknown,EQ,,Unknown,0.0,0.0,0.0,0.0
6858,EASUNREYRL,EASUN REYROLLE LTD.,INE268C01029,Unknown,Unknown,EQ,,Unknown,0.0,0.0,0.0,0.0
3752,EASYFIN,EASY FINCORP LIMITED,INE407F01018,Unknown,Unknown,EQ,,Unknown,0.0,0.0,0.0,0.0
647,EASEMYTRIP,Easy Trip Planners Limited,INE07O001026,Unknown,Unknown,EQ,2021-03-19,Unknown,0.0,0.0,0.0,0.0
3601,EBEPH,Ebers Pharmaceuticals Ltd.,INE669D01018,Unknown,Unknown,EQ,,Unknown,0.0,0.0,0.0,0.0
651,EBIX,EBIX Limited,INE432F01032,Unknown,Unknown,BE,2026-08-17,Unknown,0.0,0.0,0.0,0.0
6779,ECEINDBBPH,ECE Industries Ltd.,INE588B01014,Unknown,Unknown,EQ,,Unknown,0.0,0.0,0.0,0.0
652,ECLERX,eClerx Services Limited,INE738I01010,Unknown,Unknown,EQ,2007-12-31,Unknown,0.0,0.0,0.0,0.0
7090,EFPL,Eco Friendly Food Processing Park Limited,INE178O01025,Unknown,Unknown,EQ,,Unknown,0.0,0.0,0.0,0.0
4210,ECOHOTELS,ECO HOTELS AND RESORTS LIMITED,INE638N01012,Unknown,Unknown,EQ,,Unknown,0.0,0.0,0.0,0.0
9630,ECOPP,ECO HOTELS AND RESORTS LIMITED,IN9638N01036,Unknown,Unknown,EQ,,Unknown,0.0,0.0,0.0,0.0
9354,ECOHO-RE,ECO HOTELS AND RESORTS LIMITED,INE638N20012,Unknown,Unknown,EQ,,Unknown,0.0,0.0,0.0,0.0
653,ECORECO,Eco Recycling Limited,INE316A01038,Unknown,Unknown,EQ,2026-08-17,Unknown,0.0,0.0,0.0,0.0
4683,ECOBOAR,Ecoboard Industries Ltd,INE866A01016,Unknown,Unknown,EQ,,Unknown,0.0,0.0,0.0,0.0
7575,ECOFINITY,ECOFINITY ATOMIX LIMITED,INE360S01012,Unknown,Unknown,EQ,,Unknown,0.0,0.0,0.0,0.0
7304,ETIL,Econo Trade (India) Limited,INE937K01014,Unknown,Unknown,EQ,,Unknown,0.0,0.0,0.0,0.0
5005,ECOPLAST,Ecoplast Ltd.,INE423D01010,Unknown,Unknown,EQ,,Unknown,0.0,0.0,0.0,0.0
654,ECOSMOBLTY,Ecos (India) Mobility & Hospitality Limited,INE06HJ01020,Unknown,Unknown,EQ,2024-09-04,Unknown,0.0,0.0,0.0,0.0
7706,ECS,ECS Biztech Limited,INE925Q01024,Unknown,Unknown,EQ,,Unknown,0.0,0.0,0.0,0.0
655,EDELWEISS,Edelweiss Financial Services Limited,INE532F01054,Unknown,Unknown,EQ,2007-12-12,Unknown,0.0,0.0,0.0,0.0
8522,ECAPINSURE,Edelweiss Mutual Fund,INF754K01TX4,Unknown,Unknown,EQ,,Unknown,0.0,0.0,0.0,0.0
8760,ENEXT50,Edelweiss Mutual Fund,INF754K01XF3,Unknown,Unknown,EQ,,Unknown,0.0,0.0,0.0,0.0
8817,ELMDIV,Edelweiss Mutual Fund,INF754K01XI7,Unknown,Unknown,EQ,,Unknown,0.0,0.0,0.0,0.0
8819,EBANK10,Edelweiss Mutual Fund,INF754K01XH9,Unknown,Unknown,EQ,,Unknown,0.0,0.0,0.0,0.0
8672,ESENSEX,Edelweiss Mutual Fund,INF754K01VY8,Unknown,Unknown,EQ,,Unknown,0.0,0.0,0.0,0.0
7475,NIFTYEES,Edelweiss Mutual Fund,INF754K01EK3,Unknown,Unknown,EQ,,Unknown,0.0,0.0,0.0,0.0
6969,EDSERV,Edserv Softsystems Limited,INE889J01019,Unknown,Unknown,EQ,,Unknown,0.0,0.0,0.0,0.0
6838,EDUCOMP,Educomp Solutions Ltd,INE216H01027,Unknown,Unknown,EQ,,Unknown,0.0,0.0,0.0,0.0
4946,EDUEXEL,Eduexel Infotainment Limited,INE611F01015,Unknown,Unknown,EQ,,Unknown,0.0,0.0,0.0,0.0
9237,EDVEN-RE1,Edvenswa Enterprises Limited,INE125G20022,Unknown,Unknown,EQ,,Unknown,0.0,0.0,0.0,0.0
4277,EDVENSWA,Edvenswa Enterprises Limited,INE125G01014,Unknown,Unknown,EQ,,Unknown,0.0,0.0,0.0,0.0
9088,EDVEN-RE,Edvenswa Enterprises Limited,INE125G20014,Unknown,Unknown,EQ,,Unknown,0.0,0.0,0.0,0.0
7116,EDSL,Edynamics Solutions Limited,INE899O01018,Unknown,Unknown,EQ,,Unknown,0.0,0.0,0.0,0.0
656,EFCIL,EFC (I) Limited,INE886D01026,Unknown,Unknown,EQ,2025-08-20,Unknown,0.0,0.0,0.0,0.0
9438,EFCIL-RE,EFC (I) LIMITED,INE886D20018,Unknown,Unknown,EQ,,Unknown,0.0,0.0,0.0,0.0
3937,EFFTXT,Effingo Textile & Trading Limited,INE907N01029,Unknown,Unknown,EQ,,Unknown,0.0,0.0,0.0,0.0
5454,EFORU,EFORU ENTERTAINMENT LIMITED,INE355H01015,Unknown,Unknown,EQ,,Unknown,0.0,0.0,0.0,0.0
5288,EGGROPA,Eggro Paper Moulds Ltd.,INE093F01016,Unknown,Unknown,EQ,,Unknown,0.0,0.0,0.0,0.0
6469,EICHERLTD,Eicher Limited,INE065A01023,Unknown,Unknown,EQ,,Unknown,0.0,0.0,0.0,0.0
657,EICHERMOT,Eicher Motors Limited,INE066A01021,Unknown,Unknown,EQ,2004-09-07,Unknown,0.0,0.0,0.0,0.0
4970,EICL LTD,EICL Ltd,INE267F01024,Unknown,Unknown,EQ,,Unknown,0.0,0.0,0.0,0.0
658,EIDPARRY,EID Parry India Limited,INE126A01031,Unknown,Unknown,EQ,1995-05-10,Unknown,0.0,0.0,0.0,0.0
4309,EIDRELE,Eider Electronic Industries Ltd.,INE053C01017,Unknown,Unknown,EQ,,Unknown,0.0,0.0,0.0,0.0
6548,EIDERTELE,Eider Telecom Ltd.,INE210B01015,Unknown,Unknown,EQ,,Unknown,0.0,0.0,0.0,0.0
8282,EIGHTY,Eighty Jewellers Limited,INE0KSN01014,Unknown,Unknown,EQ,,Unknown,0.0,0.0,0.0,0.0
661,EIHAHOTELS,EIH Associated Hotels Limited,INE276C01014,Unknown,Unknown,EQ,2008-04-08,Unknown,0.0,0.0,0.0,0.0
662,EIHOTEL,EIH Limited,INE230A01023,Unknown,Unknown,EQ,1995-02-08,Unknown,0.0,0.0,0.0,0.0
8970,EIH-RE,EIH Ltd,INE230A20015,Unknown,Unknown,EQ,,Unknown,0.0,0.0,0.0,0.0
9594,EIKOPP,EIKO LIFESCIENCES LIMITED,IN9666Q01014,Unknown,Unknown,EQ,,Unknown,0.0,0.0,0.0,0.0
9122,EIKO-RE,EIKO LIFESCIENCES LIMITED,INE666Q20016,Unknown,Unknown,EQ,,Unknown,0.0,0.0,0.0,0.0
7753,EIKO,EIKO LIFESCIENCES LIMITED,INE666Q01016,Unknown,Unknown,EQ,,Unknown,0.0,0.0,0.0,0.0
663,EIMCOELECO,Eimco Elecon (India) Limited,INE158B01016,Unknown,Unknown,EQ,1996-04-17,Unknown,0.0,0.0,0.0,0.0
7296,EML,EJECTA MARKETING LIMITED,INE649L01013,Unknown,Unknown,EQ,,Unknown,0.0,0.0,0.0,0.0
5248,EKAMLEA,Ekam Leasing & Finance Co. Ltd.,INE906L01025,Unknown,Unknown,EQ,,Unknown,0.0,0.0,0.0,0.0
6195,EKANSH,Ekansh Concepts Limited,INE005E01013,Unknown,Unknown,EQ,,Unknown,0.0,0.0,0.0,0.0
8274,EKENNIS,Ekennis Software Service Limited,INE0KCM01010,Unknown,Unknown,EQ,,Unknown,0.0,0.0,0.0,0.0
665,EKI,EKI Energy Services Limited,INE0CPR01018,Unknown,Unknown,EQ,2026-08-17,Unknown,0.0,0.0,0.0,0.0
667,ELCIDIN,EL CID Investments Limited,INE927X01018,Unknown,Unknown,EQ,2026-04-20,Unknown,0.0,0.0,0.0,0.0
5430,ELFORGE,El Forge Ltd.,INE158F01017,Unknown,Unknown,EQ,,Unknown,0.0,0.0,0.0,0.0
4094,ELANGO,Elango Industries Ltd,INE594D01018,Unknown,Unknown,EQ,,Unknown,0.0,0.0,0.0,0.0
666,ELANTAS,Elantas Beck India Limited,INE280B01018,Unknown,Unknown,EQ,2026-04-20,Unknown,0.0,0.0,0.0,0.0
4987,ELBEE,Elbee Services Ltd.,INE030B01017,Unknown,Unknown,EQ,,Unknown,0.0,0.0,0.0,0.0
668,ELDEHSG,Eldeco Housing And Industries Limited,INE668G01021,Unknown,Unknown,EQ,2022-04-12,Unknown,0.0,0.0,0.0,0.0
4856,ELDERHCL,Elder Health Care ltd.,INE950E01010,Unknown,Unknown,EQ,,Unknown,0.0,0.0,0.0,0.0
6708,ELDERPHARM,Elder Pharmaceuticals Ltd,INE975A01015,Unknown,Unknown,EQ,,Unknown,0.0,0.0,0.0,0.0
4844,ELDERPG,Elder Projects Limited,INE975E01017,Unknown,Unknown,EQ,,Unknown,0.0,0.0,0.0,0.0
669,ELECON,Elecon Engineering Company Limited,INE205B01031,Unknown,Unknown,EQ,2006-09-29,Unknown,0.0,0.0,0.0,0.0
4317,ELEXT,Electrex (India) Ltd.,INE167A01019,Unknown,Unknown,EQ,,Unknown,0.0,0.0,0.0,0.0
3699,ECGIL,Electric Control Gear (India) Ltd.,INE458C01018,Unknown,Unknown,EQ,,Unknown,0.0,0.0,0.0,0.0
4645,ELETROLUXK,Electrolux Kelvinator Ltd,INE820A01021,Unknown,Unknown,EQ,,Unknown,0.0,0.0,0.0,0.0
683,EMIL,Electronics Mart India Limited,INE02YR01019,Unknown,Unknown,EQ,2022-10-17,Unknown,0.0,0.0,0.0,0.0
670,ELECTCAST,Electrosteel Castings Limited,INE086A01029,Unknown,Unknown,EQ,2003-06-20,Unknown,0.0,0.0,0.0,0.0
7013,ESL,Electrosteel Steels Ltd,INE481K01021,Unknown,Unknown,EQ,,Unknown,0.0,0.0,0.0,0.0
671,ELECTHERM,Electrotherm (India) Limited,INE822G01016,Unknown,Unknown,EQ,2007-08-20,Unknown,0.0,0.0,0.0,0.0
4943,ELEFLOR,Elegant Floriculture & Agrotech (In,INE152E01013,Unknown,Unknown,EQ,,Unknown,0.0,0.0,0.0,0.0
5006,ELEMARB,Elegant Marbles & Grani Industries,INE095B01010,Unknown,Unknown,EQ,,Unknown,0.0,0.0,0.0,0.0
8745,ELFIN,Elfin Agro India Limited,INE1FEW01013,Unknown,Unknown,EQ,,Unknown,0.0,0.0,0.0,0.0
672,ELGIEQUIP,Elgi Equipments Limited,INE285A01027,Unknown,Unknown,EQ,1995-11-22,Unknown,0.0,0.0,0.0,0.0
9501,ELEPP,Elgi Equipments Ltd.,IN9285A01033,Unknown,Unknown,EQ,,Unknown,0.0,0.0,0.0,0.0
3038,ELGIF,Elgi Finance Ltd.,INE424D01018,Unknown,Unknown,EQ,,Unknown,0.0,0.0,0.0,0.0
673,ELGIRUBCO,Elgi Rubber Company Limited,INE819L01012,Unknown,Unknown,EQ,2011-08-10,Unknown,0.0,0.0,0.0,0.0
3039,ELGITR,Elgitread (India)  Ltd.,INE257B01024,Unknown,Unknown,EQ,,Unknown,0.0,0.0,0.0,0.0
674,ELIN,Elin Electronics Limited,INE050401020,Unknown,Unknown,EQ,2022-12-30,Unknown,0.0,0.0,0.0,0.0
675,ELITECON,Elitecon International Limited,INE669R01026,Unknown,Unknown,EQ,2026-04-20,Unknown,0.0,0.0,0.0,0.0
5503,ELIXIR,Elixir Capital Limited,INE785D01012,Unknown,Unknown,EQ,,Unknown,0.0,0.0,0.0,0.0
676,ELLEN,Ellenbarrie Industrial Gases Limited,INE236E01022,Unknown,Unknown,EQ,2025-07-01,Unknown,0.0,0.0,0.0,0.0
8873,ELLENBARR,Ellenbarrie Industrial Gases Ltd,INE236E01014,Unknown,Unknown,EQ,,Unknown,0.0,0.0,0.0,0.0
3251,ELLOPAP,Ellora Paper Mills Ltd.,INE384H01023,Unknown,Unknown,EQ,,Unknown,0.0,0.0,0.0,0.0
4336,ELNET,Elnet Technologies Ltd.,INE033C01019,Unknown,Unknown,EQ,,Unknown,0.0,0.0,0.0,0.0
677,ELPROINTL,Elpro International Limited,INE579B01039,Unknown,Unknown,EQ,2026-04-20,Unknown,0.0,0.0,0.0,0.0
6604,ELQPO,Elque Polyesters Ltd.,INE085E01015,Unknown,Unknown,EQ,,Unknown,0.0,0.0,0.0,0.0
5329,ELTROL,Eltrol Ltd.,INE793D01024,Unknown,Unknown,EQ,,Unknown,0.0,0.0,0.0,0.0
4533,EMAINDIA,Ema India Ltd.,INE279D01016,Unknown,Unknown,EQ,,Unknown,0.0,0.0,0.0,0.0
678,EMAMILTD,Emami Limited,INE548C01032,Unknown,Unknown,EQ,2006-08-03,Unknown,0.0,0.0,0.0,0.0
679,EMAMIPAP,Emami Paper Mills Limited,INE830C01026,Unknown,Unknown,BE,2019-05-30,Unknown,0.0,0.0,0.0,0.0
680,EMAMIREAL,Emami Realty Limited,INE778K01012,Unknown,Unknown,EQ,2010-07-28,Unknown,0.0,0.0,0.0,0.0
681,EMBDL,Embassy Developments Limited,INE069I01010,Unknown,Unknown,EQ,2007-03-23,Unknown,0.0,0.0,0.0,0.0
3326,EMCO,EMCO Ltd.,INE078A01026,Unknown,Unknown,EQ,,Unknown,0.0,0.0,0.0,0.0
9500,EMCPP,EMCO Ltd.,IN9078A01024,Unknown,Unknown,EQ,,Unknown,0.0,0.0,0.0,0.0
682,EMCURE,Emcure Pharmaceuticals Limited,INE168P01015,Unknown,Unknown,EQ,2024-07-10,Unknown,0.0,0.0,0.0,0.0
4797,EMEDTECH,Emed.com Technologies Limited,INE379F01019,Unknown,Unknown,EQ,,Unknown,0.0,0.0,0.0,0.0
7374,EMERALD,Emerald Finance Limited,INE030Q01015,Unknown,Unknown,EQ,,Unknown,0.0,0.0,0.0,0.0
8981,EMERALD-RE,Emerald Finance Limited,INE030Q20015,Unknown,Unknown,EQ,,Unknown,0.0,0.0,0.0,0.0
3563,EMERALL,Emerald Leisures Limited,INE044N01021,Unknown,Unknown,EQ,,Unknown,0.0,0.0,0.0,0.0
9223,EMELE-RE,Emerald Leisures Limited,INE044N20013,Unknown,Unknown,EQ,,Unknown,0.0,0.0,0.0,0.0
3496,EMERGENT,EMERGENT INDUSTRIAL SOLUTIONS LIMITED,INE668L01013,Unknown,Unknown,EQ,,Unknown,0.0,0.0,0.0,0.0
4852,EMERGY,Emergy Phaarma Ltd.,INE586C01016,Unknown,Unknown,EQ,,Unknown,0.0,0.0,0.0,0.0
5180,EMGEECA,Emgee Cables & Communications Ltd.,INE128F01010,Unknown,Unknown,EQ,,Unknown,0.0,0.0,0.0,0.0
8754,EMIAC,EMIAC TECHNOLOGIES LIMITED,INE1OSW01015,Unknown,Unknown,EQ,,Unknown,0.0,0.0,0.0,0.0
5381,EMKAR,Emkay Aromatics ltd.,INE180D01016,Unknown,Unknown,EQ,,Unknown,0.0,0.0,0.0,0.0
684,EMKAY,Emkay Global Financial Services Limited,INE296H01011,Unknown,Unknown,EQ,2006-04-28,Unknown,0.0,0.0,0.0,0.0
685,EMMBI,Emmbi Industries Limited,INE753K01015,Unknown,Unknown,BE,2010-02-24,Unknown,0.0,0.0,0.0,0.0
4841,EMMESSA,Emmessar Biotech & Nutrition Ltd.,INE634B01016,Unknown,Unknown,EQ,,Unknown,0.0,0.0,0.0,0.0
8457,EMMFORCE,EMMFORCE AUTOTECH LIMITED,INE0SDC01012,Unknown,Unknown,EQ,,Unknown,0.0,0.0,0.0,0.0
6592,EMMSONS,Emmsons International Limited,INE073C01015,Unknown,Unknown,EQ,,Unknown,0.0,0.0,0.0,0.0
686,EMMVEE,Emmvee Photovoltaic Power Limited,INE1C6T01020,Unknown,Unknown,EQ,2025-11-18,Unknown,0.0,0.0,0.0,0.0
6924,EDL,EMPEE DISTILLERIES LTD,INE180G01019,Unknown,Unknown,EQ,,Unknown,0.0,0.0,0.0,0.0
3040,EMPEESUG,Empee Sugars & Chemicals Ltd.,INE928B01012,Unknown,Unknown,EQ,,Unknown,0.0,0.0,0.0,0.0
687,EMPIND,Empire Industries Limited,INE515H01014,Unknown,Unknown,EQ,2026-08-17,Unknown,0.0,0.0,0.0,0.0
6253,EMPORIS,Emporis Projects Limited,INE742D01013,Unknown,Unknown,EQ,,Unknown,0.0,0.0,0.0,0.0
688,EMPOWER,Empower India Limited,INE507F01023,Unknown,Unknown,EQ,2026-04-20,Unknown,0.0,0.0,0.0,0.0
6377,EMROCK,EMROCK CORPORATION LIMITED,INE554H01021,Unknown,Unknown,EQ,,Unknown,0.0,0.0,0.0,0.0
689,EMSLIMITED,EMS Limited,INE0OV601013,Unknown,Unknown,EQ,2023-09-21,Unknown,0.0,0.0,0.0,0.0
4493,EMTEXIND,Emtex Industries (I) Ltd.,INE907B01016,Unknown,Unknown,EQ,,Unknown,0.0,0.0,0.0,0.0
690,EMUDHRA,eMudhra Limited,INE01QM01018,Unknown,Unknown,EQ,2022-06-01,Unknown,0.0,0.0,0.0,0.0
9108,ENBEE-RE,Enbee Trade & Finance Ltd.,INE993I20011,Unknown,Unknown,EQ,,Unknown,0.0,0.0,0.0,0.0
3996,ENBETRD,Enbee Trade & Finance Ltd.,INE993I01029,Unknown,Unknown,EQ,,Unknown,0.0,0.0,0.0,0.0
9252,ENBEE-RE1,Enbee Trade & Finance Ltd.,INE993I20029,Unknown,Unknown,EQ,,Unknown,0.0,0.0,0.0,0.0
9419,ENBEE-RE2,Enbee Trade & Finance Ltd.,INE993I20037,Unknown,Unknown,EQ,,Unknown,0.0,0.0,0.0,0.0
7300,ENCASH,Encash Entertainment Limited,INE552Q01018,Unknown,Unknown,EQ,,Unknown,0.0,0.0,0.0,0.0
5431,ENCHANTE,Enchante Jewellery Ltd.,INE772C01012,Unknown,Unknown,EQ,,Unknown,0.0,0.0,0.0,0.0
5294,ENCODE,ENCODE PACKAGING INDIA LIMITED,INE900O01014,Unknown,Unknown,EQ,,Unknown,0.0,0.0,0.0,0.0
6420,ENCORE,Encore Software Ltd.,INE103B01012,Unknown,Unknown,EQ,,Unknown,0.0,0.0,0.0,0.0
691,ENDURANCE,Endurance Technologies Limited,INE913H01037,Unknown,Unknown,EQ,2016-10-19,Unknown,0.0,0.0,0.0,0.0
692,ENERGYDEV,Energy Development Company Limited,INE306C01019,Unknown,Unknown,EQ,2007-11-02,Unknown,0.0,0.0,0.0,0.0
6342,ENEPRO,Energy Products (India) Ltd.,INE718D01013,Unknown,Unknown,EQ,,Unknown,0.0,0.0,0.0,0.0
693,ENGINERSIN,Engineers India Limited,INE510A01028,Unknown,Unknown,EQ,1997-08-20,Unknown,0.0,0.0,0.0,0.0
4177,ENKTEXFOOD,Enkay Texfoods Industries Ltd.,INE108D01017,Unknown,Unknown,EQ,,Unknown,0.0,0.0,0.0,0.0
695,ENKEIWHEL,Enkei Wheels (India) Limited,INE130L01014,Unknown,Unknown,EQ,2026-08-17,Unknown,0.0,0.0,0.0,0.0
3978,ENNORE,Ennore Coke Limited,INE755H01016,Unknown,Unknown,EQ,,Unknown,0.0,0.0,0.0,0.0
8832,ENS,ENS Enterprises Limited,INE23ER01017,Unknown,Unknown,EQ,,Unknown,0.0,0.0,0.0,0.0
3922,ENSSI,Ensa Steel Industries Ltd,INE322C01016,Unknown,Unknown,EQ,,Unknown,0.0,0.0,0.0,0.0
6945,ENSOSECUT,Enso Secutrack Ltd,INE969A01018,Unknown,Unknown,EQ,,Unknown,0.0,0.0,0.0,0.0
6688,ENTEGRA,Entegra Limited,INE826A01028,Unknown,Unknown,EQ,,Unknown,0.0,0.0,0.0,0.0
697,ENTERO,Entero Healthcare Solutions Limited,INE010601016,Unknown,Unknown,EQ,2024-02-16,Unknown,0.0,0.0,0.0,0.0
4974,ENTRINT,Enterprise International Limited,INE439G01019,Unknown,Unknown,EQ,,Unknown,0.0,0.0,0.0,0.0
694,ENIL,Entertainment Network (India) Limited,INE265F01028,Unknown,Unknown,EQ,2006-02-15,Unknown,0.0,0.0,0.0,0.0
3088,ENVAIREL,Envair Electrodyne Ltd.,INE601C01013,Unknown,Unknown,EQ,,Unknown,0.0,0.0,0.0,0.0
659,EIEL,Enviro Infra Engineers Limited,INE0LLY01014,Unknown,Unknown,EQ,2024-11-29,Unknown,0.0,0.0,0.0,0.0
6820,EON,Eon Electric Ltd,INE076H01025,Unknown,Unknown,EQ,,Unknown,0.0,0.0,0.0,0.0
6699,EONOUR,Eonour Software Ltd.,INE352B01023,Unknown,Unknown,EQ,,Unknown,0.0,0.0,0.0,0.0
8310,EPBIO,EP BIOCOMPOSITES LIMITED,INE0D2I01014,Unknown,Unknown,EQ,,Unknown,0.0,0.0,0.0,0.0
698,EPACK,EPACK Durable Limited,INE0G5901015,Unknown,Unknown,EQ,2024-01-30,Unknown,0.0,0.0,0.0,0.0
699,EPACKPEB,EPack Prefab Technologies Limited,INE0MLS01022,Unknown,Unknown,EQ,2025-10-01,Unknown,0.0,0.0,0.0,0.0
5198,EPIC,EPIC Energy Ltd.,INE932F01015,Unknown,Unknown,EQ,,Unknown,0.0,0.0,0.0,0.0
4756,EPICENZY,EPIC Enzymes Pharmac. & Industrial,INE278A01014,Unknown,Unknown,EQ,,Unknown,0.0,0.0,0.0,0.0
700,EPIGRAL,Epigral Limited,INE071N01016,Unknown,Unknown,EQ,2021-08-18,Unknown,0.0,0.0,0.0,0.0
701,EPL,EPL Limited,INE255A01020,Unknown,Unknown,EQ,2002-02-11,Unknown,0.0,0.0,0.0,0.0
5434,EPSOMPRO,Epsom Properties Limited,INE601F01016,Unknown,Unknown,EQ,,Unknown,0.0,0.0,0.0,0.0
6619,EPUJA,EPUJA SPIRITECH LIMITED,INE807D01030,Unknown,Unknown,EQ,,Unknown,0.0,0.0,0.0,0.0
5494,EQUILATERA,EQUILATERAL ENTERPRISES LIMITED,INE060N01019,Unknown,Unknown,EQ,,Unknown,0.0,0.0,0.0,0.0
702,EQUIPPP,Equippp Social Impact Technologies Limited,INE217G01035,Unknown,Unknown,BE,2021-05-19,Unknown,0.0,0.0,0.0,0.0
7665,EQUITAS,Equitas Holdings Limited,INE988K01017,Unknown,Unknown,EQ,,Unknown,0.0,0.0,0.0,0.0
703,EQUITASBNK,Equitas Small Finance Bank Limited,INE063P01018,Unknown,Unknown,EQ,2020-11-02,Unknown,0.0,0.0,0.0,0.0
6339,ERABUILD,Era Buildsys Limited,INE040E01028,Unknown,Unknown,EQ,,Unknown,0.0,0.0,0.0,0.0
5177,ERAINFRA,ERA Infra Engineering Ltd,INE039E01020,Unknown,Unknown,EQ,,Unknown,0.0,0.0,0.0,0.0
704,ERIS,Eris Lifesciences Limited,INE406M01024,Unknown,Unknown,EQ,2017-06-29,Unknown,0.0,0.0,0.0,0.0
7012,EROSMEDIA,Eros International Media Limited,INE416L01017,Unknown,Unknown,EQ,,Unknown,0.0,0.0,0.0,0.0
5350,ERPSOFT,ERP Soft Systems Ltd.,INE308B01017,Unknown,Unknown,EQ,,Unknown,0.0,0.0,0.0,0.0
6267,ESARIND,Esaar (India) Ltd.,INE404L01039,Unknown,Unknown,EQ,,Unknown,0.0,0.0,0.0,0.0
9459,ESARIND-RE,Esaar (India) Ltd.,INE404L20013,Unknown,Unknown,EQ,,Unknown,0.0,0.0,0.0,0.0
705,ESABINDIA,Esab India Limited,INE284A01012,Unknown,Unknown,EQ,1995-11-01,Unknown,0.0,0.0,0.0,0.0
706,ESAFSFB,ESAF Small Finance Bank Limited,INE818W01011,Unknown,Unknown,BE,2023-11-10,Unknown,0.0,0.0,0.0,0.0
7809,ESCORP,Escorp Asset Management Limited,INE953W01016,Unknown,Unknown,EQ,,Unknown,0.0,0.0,0.0,0.0
707,ESCORTS,Escorts Kubota Limited,INE042A01014,Unknown,Unknown,EQ,1995-03-01,Unknown,0.0,0.0,0.0,0.0
708,ESDS,ESDS Software Solution Limited,INE0DRI01029,Unknown,Unknown,EQ,2026-09-04,Unknown,0.0,0.0,0.0,0.0
5491,ESHAMEDIA,Esha Media Research Limited,INE328F01016,Unknown,Unknown,EQ,,Unknown,0.0,0.0,0.0,0.0
4153,ESKAY,Eskay K'n'IT (India) Ltd,INE220A01032,Unknown,Unknown,EQ,,Unknown,0.0,0.0,0.0,0.0
6579,ESPIRE,ESPIRE HOSPITALITY LIMITED,INE176O01011,Unknown,Unknown,EQ,,Unknown,0.0,0.0,0.0,0.0
3995,ESQRMON,Esquire Money Guarantees Ltd,INE0HMN01013,Unknown,Unknown,EQ,,Unknown,0.0,0.0,0.0,0.0
6868,ESSDEE,ESS DEE Aluminium Limited,INE825H01017,Unknown,Unknown,EQ,,Unknown,0.0,0.0,0.0,0.0
3041,ESSAROIL,Essar Oil Ltd.,INE011A01019,Unknown,Unknown,EQ,,Unknown,0.0,0.0,0.0,0.0
3185,ESSARPORTS,Essar Ports Ltd,INE282A01024,Unknown,Unknown,EQ,,Unknown,0.0,0.0,0.0,0.0
709,ESSARSHPNG,Essar Shipping Limited,INE122M01019,Unknown,Unknown,EQ,2011-11-15,Unknown,0.0,0.0,0.0,0.0
8942,ESSARSTPS,Essar Steel Ltd,INE127A04017,Unknown,Unknown,EQ,,Unknown,0.0,0.0,0.0,0.0
3184,ESSARSTEEL,Essar Steel Ltd,INE127A01021,Unknown,Unknown,EQ,,Unknown,0.0,0.0,0.0,0.0
4616,ESSTE,Essar Teleholdings Ltd.,INE317C01016,Unknown,Unknown,EQ,,Unknown,0.0,0.0,0.0,0.0
8602,ESSEX,ESSEX MARINE LIMITED,INE1IBY01019,Unknown,Unknown,EQ,,Unknown,0.0,0.0,0.0,0.0
6257,ESSKAY,Esskay Telecom Ltd.,INE913C01012,Unknown,Unknown,EQ,,Unknown,0.0,0.0,0.0,0.0
7092,EBFL,Esteem Bio Organic Food Processing  Limited,INE209O01028,Unknown,Unknown,EQ,,Unknown,0.0,0.0,0.0,0.0
711,ESTER,Ester Industries Limited,INE778B01029,Unknown,Unknown,EQ,2011-06-20,Unknown,0.0,0.0,0.0,0.0
6804,ETC,ETC Network Limited,INE695G01016,Unknown,Unknown,EQ,,Unknown,0.0,0.0,0.0,0.0
6933,ETCN,ETC Networks Limited,INE098J01017,Unknown,Unknown,EQ,,Unknown,0.0,0.0,0.0,0.0
3487,ETCNETWORK,ETC Networks Ltd.,INE421B01018,Unknown,Unknown,EQ,,Unknown,0.0,0.0,0.0,0.0
712,ETERNAL,ETERNAL LIMITED,INE758T01015,Unknown,Unknown,EQ,2021-07-23,Unknown,0.0,0.0,0.0,0.0
713,ETHOSLTD,Ethos Limited,INE04TZ01018,Unknown,Unknown,EQ,2022-05-30,Unknown,0.0,0.0,0.0,0.0
9323,ETHOS-RE,ETHOS LIMITED,INE04TZ20018,Unknown,Unknown,EQ,,Unknown,0.0,0.0,0.0,0.0
3920,ETPCORP,ETP Corporation ltd,INE581C01017,Unknown,Unknown,EQ,,Unknown,0.0,0.0,0.0,0.0
5199,EUPHARMLAB,Eupharma Laboratories Ltd.,INE909A01014,Unknown,Unknown,EQ,,Unknown,0.0,0.0,0.0,0.0
8434,EUPHORIAIT,Euphoria Infotech (India) Limited,INE0PYT01018,Unknown,Unknown,EQ,,Unknown,0.0,0.0,0.0,0.0
714,EUREKAFORB,Eureka Forbes Limited,INE0KCE01017,Unknown,Unknown,EQ,2024-09-11,Unknown,0.0,0.0,0.0,0.0
9288,EUREKA-RE,Eureka Industries Ltd.,INE958A20011,Unknown,Unknown,EQ,,Unknown,0.0,0.0,0.0,0.0
4503,EUREKAI,Eureka Industries Ltd.,INE958A01011,Unknown,Unknown,EQ,,Unknown,0.0,0.0,0.0,0.0
6883,EUROCERA,Euro Ceremics Ltd,INE649H01011,Unknown,Unknown,EQ,,Unknown,0.0,0.0,0.0,0.0
660,EIFFL,Euro India Fresh Foods Limited,INE546V01010,Unknown,Unknown,BE,2021-10-12,Unknown,0.0,0.0,0.0,0.0
4941,EUROLED,Euro Leder Fashion Ltd.,INE940E01011,Unknown,Unknown,EQ,,Unknown,0.0,0.0,0.0,0.0
6984,EUROMULTI,Euro Multivision Limited,INE063J01011,Unknown,Unknown,EQ,,Unknown,0.0,0.0,0.0,0.0
715,EUROBOND,Euro Panel Products Limited,INE505V01016,Unknown,Unknown,EQ,2025-08-01,Unknown,0.0,0.0,0.0,0.0
716,EUROPRATIK,Euro Pratik Sales Limited,INE198501012,Unknown,Unknown,EQ,2025-09-23,Unknown,0.0,0.0,0.0,0.0
5191,EUROSOFTAL,European Software Alliances Ltd.,INE511A01018,Unknown,Unknown,EQ,,Unknown,0.0,0.0,0.0,0.0
717,EUROTEXIND,Eurotex Industries and Exports Limited,INE022C01012,Unknown,Unknown,BE,1996-01-31,Unknown,0.0,0.0,0.0,0.0
8099,EVANS,EVANS ELECTRIC LIMITED,INE06TD01010,Unknown,Unknown,EQ,,Unknown,0.0,0.0,0.0,0.0
718,EVEREADY,Eveready Industries India Limited,INE128A01029,Unknown,Unknown,EQ,2005-04-27,Unknown,0.0,0.0,0.0,0.0
719,EVERESTIND,Everest Industries Limited,INE295A01018,Unknown,Unknown,BE,1995-03-29,Unknown,0.0,0.0,0.0,0.0
664,EKC,Everest Kanto Cylinder Limited,INE184H01027,Unknown,Unknown,EQ,2005-12-15,Unknown,0.0,0.0,0.0,0.0
4845,EVERESTO,Everest Organics Ltd.,INE334C01029,Unknown,Unknown,EQ,,Unknown,0.0,0.0,0.0,0.0
4201,EVERFIN,EVERLON FINANCIALS LIMITED,INE339D01034,Unknown,Unknown,EQ,,Unknown,0.0,0.0,0.0,0.0
6905,EVERONN,Everonn Education ltd,INE678H01010,Unknown,Unknown,EQ,,Unknown,0.0,0.0,0.0,0.0
4768,EVEXIA,EVEXIA LIFECARE LIMITED,INE313M01030,Unknown,Unknown,EQ,,Unknown,0.0,0.0,0.0,0.0
6879,EVINIX,Evinix Accessories Limited,INE961H01028,Unknown,Unknown,EQ,,Unknown,0.0,0.0,0.0,0.0
8278,EVOQ,Evoq Remedies Limited,INE0JVD01011,Unknown,Unknown,EQ,,Unknown,0.0,0.0,0.0,0.0
8678,EXATO,EXATO TECHNOLOGIES LIMITED,INE1E4401010,Unknown,Unknown,EQ,,Unknown,0.0,0.0,0.0,0.0
5013,EXCAST,Excel Castronics Limited,INE501O01036,Unknown,Unknown,EQ,,Unknown,0.0,0.0,0.0,0.0
6787,EXCELCROP,Excel Crop Care Ltd.,INE223G01017,Unknown,Unknown,EQ,,Unknown,0.0,0.0,0.0,0.0
3241,XCLGLASS,Excel Glasses Ltd.,INE664C01029,Unknown,Unknown,EQ,,Unknown,0.0,0.0,0.0,0.0
720,EXCELINDUS,Excel Industries Limited,INE369A01029,Unknown,Unknown,EQ,2004-06-16,Unknown,0.0,0.0,0.0,0.0
721,EXCELSOFT,Excelsoft Technologies Limited,INE606N01019,Unknown,Unknown,EQ,2025-11-26,Unknown,0.0,0.0,0.0,0.0
3890,ZEXDONTR,Exdon Trading Co. Ltd.,INE204I01013,Unknown,Unknown,EQ,,Unknown,0.0,0.0,0.0,0.0
3464,EXEDYIND,Exedy India Limited,INE773A01014,Unknown,Unknown,EQ,,Unknown,0.0,0.0,0.0,0.0
5181,EXELON,Exelon Infrastructure Ltd,INE500I01022,Unknown,Unknown,EQ,,Unknown,0.0,0.0,0.0,0.0
8370,EXHICON,Exhicon Events Media Solutions Limited,INE0O8901016,Unknown,Unknown,EQ,,Unknown,0.0,0.0,0.0,0.0
722,EXICOM,Exicom Tele-Systems Limited,INE777F01014,Unknown,Unknown,EQ,2024-03-05,Unknown,0.0,0.0,0.0,0.0
9334,EXICOM-RE,EXICOM TELE-SYSTEMS LIMITED,INE777F20014,Unknown,Unknown,EQ,,Unknown,0.0,0.0,0.0,0.0
723,EXIDEIND,Exide Industries Limited,INE302A01020,Unknown,Unknown,EQ,2003-06-17,Unknown,0.0,0.0,0.0,0.0
5527,EXOTICCOAL,Exotic Coal Limited,INE898K01018,Unknown,Unknown,EQ,,Unknown,0.0,0.0,0.0,0.0
724,EXPLEOSOL,Expleo Solutions Limited,INE201K01015,Unknown,Unknown,EQ,2009-10-26,Unknown,0.0,0.0,0.0,0.0
5245,EXPLICITFIN,Explicit Finance Limited,INE335G01019,Unknown,Unknown,EQ,,Unknown,0.0,0.0,0.0,0.0
4984,EXPOEAPL,EXPO ENGINEERING AND PROJECTS LIMITED,INE561D01025,Unknown,Unknown,EQ,,Unknown,0.0,0.0,0.0,0.0
3926,EXTCO,Extol Commercial Ltd.,INE670D01016,Unknown,Unknown,EQ,,Unknown,0.0,0.0,0.0,0.0
725,EXXARO,Exxaro Tiles Limited,INE0GFE01026,Unknown,Unknown,EQ,2021-08-16,Unknown,0.0,0.0,0.0,0.0
3911,EY,EYANTRA VENTURES LIMITED,INE750G01019,Unknown,Unknown,EQ,,Unknown,0.0,0.0,0.0,0.0
8455,FAALCON,Faalcon Concepts Limited,INE0Q9W01015,Unknown,Unknown,EQ,,Unknown,0.0,0.0,0.0,0.0
8263,FABINO,FABINO ENTERPRISES LIMITED,INE0DRT01018,Unknown,Unknown,EQ,,Unknown,0.0,0.0,0.0,0.0
8527,FABCLEAN,Fabtech Cleanrooms Limited,INE0HSD01011,Unknown,Unknown,EQ,,Unknown,0.0,0.0,0.0,0.0
726,FABTECH,Fabtech Technologies Limited,INE0HF201011,Unknown,Unknown,EQ,2025-10-07,Unknown,0.0,0.0,0.0,0.0
6818,FACORALL,FACOR Alloys Limited,INE828G01013,Unknown,Unknown,EQ,,Unknown,0.0,0.0,0.0,0.0
8943,FACORALLPS,FACOR Alloys Limited,INE828G04017,Unknown,Unknown,EQ,,Unknown,0.0,0.0,0.0,0.0
8944,FACORSTEPS,FACOR Steels Limited,INE829G04015,Unknown,Unknown,EQ,,Unknown,0.0,0.0,0.0,0.0
6819,FACORSTE,FACOR Steels Limited,INE829G01011,Unknown,Unknown,EQ,,Unknown,0.0,0.0,0.0,0.0
3858,FACTENT,Fact Enterprise  Limited,INE923D01019,Unknown,Unknown,EQ,,Unknown,0.0,0.0,0.0,0.0
4222,FAIRDSY,Fair Deal Filaments Ltd.,INE719D01011,Unknown,Unknown,EQ,,Unknown,0.0,0.0,0.0,0.0
728,FAIRCHEMOR,Fairchem Organics Limited,INE0DNW01011,Unknown,Unknown,BE,2020-12-24,Unknown,0.0,0.0,0.0,0.0
4473,FAIRFIEL,Fairfield Atlas Ltd.,INE922C01013,Unknown,Unknown,EQ,,Unknown,0.0,0.0,0.0,0.0
6365,GLOBALFIL,Fairyland Amusement And Water Parks,INE174D01027,Unknown,Unknown,EQ,,Unknown,0.0,0.0,0.0,0.0
3709,FALCONTQ,Falcon Tyres Ltd.,INE511B01024,Unknown,Unknown,EQ,,Unknown,0.0,0.0,0.0,0.0
6811,FAMEINDIA,Fame India Ltd,INE886G01011,Unknown,Unknown,EQ,,Unknown,0.0,0.0,0.0,0.0
4263,FAMILYCARE,FAMILY CARE HOSPITALS LIMITED,INE146N01016,Unknown,Unknown,EQ,,Unknown,0.0,0.0,0.0,0.0
9079,FAMILY-RE,FAMILY CARE HOSPITALS LIMITED,INE146N20016,Unknown,Unknown,EQ,,Unknown,0.0,0.0,0.0,0.0
8877,FARMAXIND,Farmax India Limited,INE890I01035,Unknown,Unknown,EQ,,Unknown,0.0,0.0,0.0,0.0
6614,FASTRAENT,Fast Track Entertainment Ltd.,INE074D01037,Unknown,Unknown,EQ,,Unknown,0.0,0.0,0.0,0.0
6770,FAZE3AUTO,FAZE THREE AUTOFAB LIMITED,INE207D01017,Unknown,Unknown,EQ,,Unknown,0.0,0.0,0.0,0.0
729,FAZE3Q,Faze Three Limited,INE963C01033,Unknown,Unknown,EQ,2022-11-18,Unknown,0.0,0.0,0.0,0.0
3880,FCGL,FCGL Industries Ltd.,INE281D01012,Unknown,Unknown,EQ,,Unknown,0.0,0.0,0.0,0.0
3338,FCIOEN,FCI OEN Connectors Ltd.,INE669B01012,Unknown,Unknown,EQ,,Unknown,0.0,0.0,0.0,0.0
4802,FCLTECH,FCL Technologies & Products Ltd.,INE145B01013,Unknown,Unknown,EQ,,Unknown,0.0,0.0,0.0,0.0
731,FCSSOFT,FCS Software Solutions Limited,INE512B01022,Unknown,Unknown,EQ,2005-09-21,Unknown,0.0,0.0,0.0,0.0
9523,FCSSOFTPP,FCS Software Solutions Ltd.,IN9512B01012,Unknown,Unknown,EQ,,Unknown,0.0,0.0,0.0,0.0
732,FDC,FDC Limited,INE258B01022,Unknown,Unknown,EQ,1997-08-07,Unknown,0.0,0.0,0.0,0.0
5335,FEINDIALTD,FE (India) Ltd,INE708C01016,Unknown,Unknown,EQ,,Unknown,0.0,0.0,0.0,0.0
735,FEDFINA,Fedbank Financial Services Limited,INE007N01010,Unknown,Unknown,EQ,2023-11-30,Unknown,0.0,0.0,0.0,0.0
3043,FEDDERELEC,Fedders Electric and Engineering Limited,INE249C01011,Unknown,Unknown,EQ,,Unknown,0.0,0.0,0.0,0.0
733,FEDDERSHOL,Fedders Holding Limited,INE417D01020,Unknown,Unknown,EQ,2026-04-20,Unknown,0.0,0.0,0.0,0.0
755,FMGOETZE,Federal-Mogul Goetze (India) Limited.,INE529A01010,Unknown,Unknown,EQ,1995-02-08,Unknown,0.0,0.0,0.0,0.0
5002,FENOPLAS,Fenoplast ltd.,INE138D01014,Unknown,Unknown,EQ,,Unknown,0.0,0.0,0.0,0.0
738,FERMENTA,Fermenta Biotech Limited,INE225B01021,Unknown,Unknown,EQ,2026-08-04,Unknown,0.0,0.0,0.0,0.0
3044,FERROALL,Ferro Alloys Corporation Ltd.,INE912A01026,Unknown,Unknown,EQ,,Unknown,0.0,0.0,0.0,0.0
8940,FEROALCRP,Ferro Alloys Corporation Ltd.,INE912A04012,Unknown,Unknown,EQ,,Unknown,0.0,0.0,0.0,0.0
727,FACT,Fertilizers and Chemicals Travancore Limited,INE188A01015,Unknown,Unknown,EQ,1995-04-12,Unknown,0.0,0.0,0.0,0.0
7057,FERVENTSYN,Fervent Synergies Limited,INE258M01011,Unknown,Unknown,EQ,,Unknown,0.0,0.0,0.0,0.0
3045,FGP,FGP Ltd,INE512A01016,Unknown,Unknown,EQ,,Unknown,0.0,0.0,0.0,0.0
739,FIBERWEB,Fiberweb (India) Limited,INE296C01020,Unknown,Unknown,EQ,2022-02-16,Unknown,0.0,0.0,0.0,0.0
3507,FICOMOR,Ficom Organics Ltd,INE514A01012,Unknown,Unknown,EQ,,Unknown,0.0,0.0,0.0,0.0
3649,FICSCON,Fics Consultancy Services Ltd,INE651J01013,Unknown,Unknown,EQ,,Unknown,0.0,0.0,0.0,0.0
740,FIEMIND,Fiem Industries Limited,INE737H01014,Unknown,Unknown,EQ,2006-10-19,Unknown,0.0,0.0,0.0,0.0
4221,FILAMENT,Filaments India Ltd.,INE179C01010,Unknown,Unknown,EQ,,Unknown,0.0,0.0,0.0,0.0
742,FILATFASH,Filatex Fashions Limited,INE185E01021,Unknown,Unknown,EQ,2024-05-06,Unknown,0.0,0.0,0.0,0.0
741,FILATEX,Filatex India Limited,INE816B01035,Unknown,Unknown,EQ,2011-08-29,Unknown,0.0,0.0,0.0,0.0
6261,FILME,Filmcity Media Ltd.,INE600B01033,Unknown,Unknown,EQ,,Unknown,0.0,0.0,0.0,0.0
7448,FILTRA,Filtra Consultants and Engineers Limited,INE541R01019,Unknown,Unknown,EQ,,Unknown,0.0,0.0,0.0,0.0
5455,FILTRON,Filtron Engineers Ltd.,INE589N01017,Unknown,Unknown,EQ,,Unknown,0.0,0.0,0.0,0.0
6458,FINCR,Finalysis Credit & Guaraantee Co.Lt,INE977C01017,Unknown,Unknown,EQ,,Unknown,0.0,0.0,0.0,0.0
3941,FINAVENT,Finaventure Capital Ltd,INE128B01019,Unknown,Unknown,EQ,,Unknown,0.0,0.0,0.0,0.0
4296,FINELINE,Fine-line Circuits Ltd.,INE087E01011,Unknown,Unknown,EQ,,Unknown,0.0,0.0,0.0,0.0
4842,FINEDRUG,Fine Drugs And Chemicals Ltd.,INE407D01013,Unknown,Unknown,EQ,,Unknown,0.0,0.0,0.0,0.0
744,FINEORG,Fine Organic Industries Limited,INE686Y01026,Unknown,Unknown,EQ,2018-07-02,Unknown,0.0,0.0,0.0,0.0
8462,FTL,Finelistings Technologies Limited,INE0QOQ01013,Unknown,Unknown,EQ,,Unknown,0.0,0.0,0.0,0.0
730,FCL,Fineotex Chemical Limited,INE045J01034,Unknown,Unknown,EQ,2015-01-15,Unknown,0.0,0.0,0.0,0.0
745,FINKURVE,Finkurve Financial Services Limited,INE734I01027,Unknown,Unknown,EQ,2025-10-01,Unknown,0.0,0.0,0.0,0.0
746,FINOPB,Fino Payments Bank Limited,INE02NC01014,Unknown,Unknown,EQ,2021-11-12,Unknown,0.0,0.0,0.0,0.0
743,FINCABLES,Finolex Cables Limited,INE235A01022,Unknown,Unknown,EQ,1995-02-15,Unknown,0.0,0.0,0.0,0.0
747,FINPIPE,Finolex Industries Limited,INE183A01024,Unknown,Unknown,EQ,1995-02-08,Unknown,0.0,0.0,0.0,0.0
6423,FINCOM,Fintech Communication Ltd.,INE815B01011,Unknown,Unknown,EQ,,Unknown,0.0,0.0,0.0,0.0
3760,1STCUS,First Custodian Fund (India) Ltd.,INE609B01018,Unknown,Unknown,EQ,,Unknown,0.0,0.0,0.0,0.0
3793,FIRFIN,First Financial Services Ltd,INE141N01025,Unknown,Unknown,EQ,,Unknown,0.0,0.0,0.0,0.0
6739,FIRSTFIN,FIRST FINTEC LIMITED,INE683B01047,Unknown,Unknown,EQ,,Unknown,0.0,0.0,0.0,0.0
9488,IQMPP,FIRST FINTEC LIMITED,IN9683B01011,Unknown,Unknown,EQ,,Unknown,0.0,0.0,0.0,0.0
3047,FIRSTLEASE,First Leasing Co. of India Ltd.,INE492B01019,Unknown,Unknown,EQ,,Unknown,0.0,0.0,0.0,0.0
6953,FIRSTWIN,FIRST WINNER INDUSTRIES LTD,INE315J01015,Unknown,Unknown,EQ,,Unknown,0.0,0.0,0.0,0.0
765,FSL,Firstsource Solutions Limited,INE684F01012,Unknown,Unknown,EQ,2007-02-22,Unknown,0.0,0.0,0.0,0.0
749,FISCHER,Fischer Medical Ventures Limited,INE771F01041,Unknown,Unknown,EQ,2025-07-10,Unknown,0.0,0.0,0.0,0.0
750,FIVESTAR,Five-Star Business Finance Limited,INE128S01021,Unknown,Unknown,EQ,2022-11-21,Unknown,0.0,0.0,0.0,0.0
5341,FIVECORE,FIVE CORE EXIM LIMITED,INE600D01021,Unknown,Unknown,EQ,,Unknown,0.0,0.0,0.0,0.0
7139,FIVEXTRADE,Five X Tradecom Limited,INE750L01019,Unknown,Unknown,EQ,,Unknown,0.0,0.0,0.0,0.0
751,FLAIR,Flair Writing Industries Limited,INE00Y201027,Unknown,Unknown,EQ,2023-12-01,Unknown,0.0,0.0,0.0,0.0
4659,FLAWLESD,Flawless Diamond (India) Ltd.,INE345E01021,Unknown,Unknown,EQ,,Unknown,0.0,0.0,0.0,0.0
4553,FLEXENG,Flex Engineering Ltd.,INE929B01010,Unknown,Unknown,EQ,,Unknown,0.0,0.0,0.0,0.0
4674,FLEXFO,Flex Foods Ltd.,INE954B01018,Unknown,Unknown,EQ,,Unknown,0.0,0.0,0.0,0.0
752,FLEXITUFF,Flexituff Ventures International Limited,INE060J01017,Unknown,Unknown,BE,2011-10-19,Unknown,0.0,0.0,0.0,0.0
6679,FSS,Flextronics Software Systems Ltd.,INE801A01021,Unknown,Unknown,EQ,,Unknown,0.0,0.0,0.0,0.0
3048,FLOAI,Floatglass India Limited,INE517A01015,Unknown,Unknown,EQ,,Unknown,0.0,0.0,0.0,0.0
3362,FLOMIC,FLOMIC GLOBAL LOGISTICS LIMITED,INE952M01019,Unknown,Unknown,EQ,,Unknown,0.0,0.0,0.0,0.0
7770,FLORACORP,Flora Corporation Limited,INE318U01016,Unknown,Unknown,EQ,,Unknown,0.0,0.0,0.0,0.0
6791,FLORENCE,Florence Investech Limited,INE211G01020,Unknown,Unknown,EQ,,Unknown,0.0,0.0,0.0,0.0
4532,FLUIDOM,Fluidomat Ltd.,INE459C01016,Unknown,Unknown,EQ,,Unknown,0.0,0.0,0.0,0.0
7087,FOCUSIRL,Focus Industrial Resources Limited,INE603E01023,Unknown,Unknown,EQ,,Unknown,0.0,0.0,0.0,0.0
757,FOCUS,Focus Lighting and Fixtures Limited,INE593W01028,Unknown,Unknown,BE,2021-11-24,Unknown,0.0,0.0,0.0,0.0
7946,FSSPL,Focus Suites Solutions & Services Limited,INE180Z01019,Unknown,Unknown,EQ,,Unknown,0.0,0.0,0.0,0.0
3314,FOMEHOT,Fomento Resorts & Hotels Ltd.,INE241E01014,Unknown,Unknown,EQ,,Unknown,0.0,0.0,0.0,0.0
8285,FONE4,Fone4 Communications (India) Limited,INE0L3H01014,Unknown,Unknown,EQ,,Unknown,0.0,0.0,0.0,0.0
758,FOODSIN,Foods & Inns Limited,INE976E01023,Unknown,Unknown,EQ,2021-11-16,Unknown,0.0,0.0,0.0,0.0
3271,FORBESCO,Forbes & Company Ltd,INE518A01013,Unknown,Unknown,EQ,,Unknown,0.0,0.0,0.0,0.0
8469,TOTEM,Forbes Precision Tools and Machine Parts Limited,INE0TT901016,Unknown,Unknown,EQ,,Unknown,0.0,0.0,0.0,0.0
759,FORCEMOT,FORCE MOTORS LTD,INE451A01017,Unknown,Unknown,EQ,2024-02-14,Unknown,0.0,0.0,0.0,0.0
760,FORTIS,Fortis Healthcare Limited,INE061F01013,Unknown,Unknown,EQ,2007-05-09,Unknown,0.0,0.0,0.0,0.0
4677,FORTISMLR,Fortis Malar Hospitals Limited,INE842B01015,Unknown,Unknown,EQ,,Unknown,0.0,0.0,0.0,0.0
4380,FORFOOD,Fortune Foods Ltd,INE712V01018,Unknown,Unknown,EQ,,Unknown,0.0,0.0,0.0,0.0
5142,FORINTL,Fortune International Ltd.,INE501D01013,Unknown,Unknown,EQ,,Unknown,0.0,0.0,0.0,0.0
4600,FOSECOC,FOSECO CRUCIBLE INDIA LIMITED,INE599F01020,Unknown,Unknown,EQ,,Unknown,0.0,0.0,0.0,0.0
761,FOSECOIND,Foseco India Limited,INE519A01011,Unknown,Unknown,EQ,2003-05-05,Unknown,0.0,0.0,0.0,0.0
4116,FFPL,Foundry Fuel Products Ltd.,INE617C01027,Unknown,Unknown,EQ,,Unknown,0.0,0.0,0.0,0.0
6752,4THGEN,Fourth Generation Information Systems Ltd,INE739B01039,Unknown,Unknown,EQ,,Unknown,0.0,0.0,0.0,0.0
9494,FOGPP,Fourth Generation Information Systems Ltd,IN9739B01011,Unknown,Unknown,EQ,,Unknown,0.0,0.0,0.0,0.0
762,FRACTAL,Fractal Analytics Limited,INE212S01015,Unknown,Unknown,EQ,2026-02-16,Unknown,0.0,0.0,0.0,0.0
8738,FIL,Fractal Industries Limited,INE1W3Q01011,Unknown,Unknown,EQ,,Unknown,0.0,0.0,0.0,0.0
7746,FRANKLININD,Franklin Industries Limited,INE789R01022,Unknown,Unknown,EQ,,Unknown,0.0,0.0,0.0,0.0
9186,FRANKIN-RE,Franklin Industries Limited,INE789R20014,Unknown,Unknown,EQ,,Unknown,0.0,0.0,0.0,0.0
9320,FRANKI-RE1,Franklin Industries Limited,INE789R20022,Unknown,Unknown,EQ,,Unknown,0.0,0.0,0.0,0.0
7663,FRANKLIN,Franklin Leasing and Finance Limited,INE399S01010,Unknown,Unknown,EQ,,Unknown,0.0,0.0,0.0,0.0
7426,FRASER,Fraser And Company Limited,INE184Q01010,Unknown,Unknown,EQ,,Unknown,0.0,0.0,0.0,0.0
8027,FRATELLI,Fratelli Vineyards Limited,INE401Z01019,Unknown,Unknown,EQ,,Unknown,0.0,0.0,0.0,0.0
763,FREDUN,Fredun Pharmaceuticals Limited,INE194R01017,Unknown,Unknown,EQ,2026-08-17,Unknown,0.0,0.0,0.0,0.0
6799,FKONCO,Fresenius Kabi Oncology Limited,INE575G01010,Unknown,Unknown,EQ,,Unknown,0.0,0.0,0.0,0.0
3668,FRONTCAP,Frontier Capital Limited,INE977E01013,Unknown,Unknown,EQ,,Unknown,0.0,0.0,0.0,0.0
764,FRONTSP,Frontier Springs Limited,INE572D01014,Unknown,Unknown,EQ,2026-04-20,Unknown,0.0,0.0,0.0,0.0
6595,FRONTCORP,Frontline Corporation Limited,INE092D01013,Unknown,Unknown,EQ,,Unknown,0.0,0.0,0.0,0.0
6384,FRONTFN,Frontline Financial Services Ltd.,INE776R01011,Unknown,Unknown,EQ,,Unknown,0.0,0.0,0.0,0.0
7005,FRONTSEC,Frontline Securities Ltd.,INE773B01020,Unknown,Unknown,EQ,,Unknown,0.0,0.0,0.0,0.0
7265,FRUTION,Fruition Venture Limited,INE836C01015,Unknown,Unknown,EQ,,Unknown,0.0,0.0,0.0,0.0
1609,NYKAA,FSN E-Commerce Ventures Limited,INE388Y01029,Unknown,Unknown,EQ,2021-11-10,Unknown,0.0,0.0,0.0,0.0
2414,UTLSOLAR,Fujiyama Power Systems Limited,INE12UR01024,Unknown,Unknown,EQ,2025-11-20,Unknown,0.0,0.0,0.0,0.0
3529,FULFORD,Fulford (India) Ltd,INE521A01017,Unknown,Unknown,EQ,,Unknown,0.0,0.0,0.0,0.0
5138,FUNDVISER,FUNDVISER CAPITAL (INDIA) LIMITED,INE365H01014,Unknown,Unknown,EQ,,Unknown,0.0,0.0,0.0,0.0
7480,FUNNY,Funny Software Limited,INE105R01013,Unknown,Unknown,EQ,,Unknown,0.0,0.0,0.0,0.0
6479,FUNWTRD,Funworld And Tourism Devlopment Ltd,INE288H01018,Unknown,Unknown,EQ,,Unknown,0.0,0.0,0.0,0.0
766,FUSION,Fusion Finance Limited,INE139R01012,Unknown,Unknown,EQ,2022-11-15,Unknown,0.0,0.0,0.0,0.0
9619,FUSIONPP,FUSION FINANCE LIMITED,IN9139R01028,Unknown,Unknown,EQ,,Unknown,0.0,0.0,0.0,0.0
9290,FUSI-RE,FUSION FINANCE LIMITED,INE139R20012,Unknown,Unknown,EQ,,Unknown,0.0,0.0,0.0,0.0
6426,FUFITIN,Fusion Fittings (i) Ltd.,INE284L01019,Unknown,Unknown,EQ,,Unknown,0.0,0.0,0.0,0.0
8823,KLASSROOM,FUSION KLASSROOM EDUTECH LIMITED,INE1LMA01010,Unknown,Unknown,EQ,,Unknown,0.0,0.0,0.0,0.0
3189,FUTURAPOLY,Futura Polyesters Ltd.,INE564A01017,Unknown,Unknown,EQ,,Unknown,0.0,0.0,0.0,0.0
7038,FCONSUMER,Future Consumer Limited,INE220J01025,Unknown,Unknown,EQ,,Unknown,0.0,0.0,0.0,0.0
736,FEL,Future Enterprises Limited,INE623B01027,Unknown,Unknown,BZ,2001-11-05,Unknown,0.0,0.0,0.0,0.0
737,FELDVR,Future Enterprises Limited,IN9623B01058,Unknown,Unknown,BZ,2009-02-13,Unknown,0.0,0.0,0.0,0.0
753,FLFL,Future Lifestyle Fashions Limited,INE452O01016,Unknown,Unknown,BZ,2013-10-01,Unknown,0.0,0.0,0.0,0.0
756,FMNL,Future Market Networks Limited,INE360L01017,Unknown,Unknown,EQ,2010-12-31,Unknown,0.0,0.0,0.0,0.0
7707,FRETAIL,Future Retail Ltd.,INE752P01024,Unknown,Unknown,EQ,,Unknown,0.0,0.0,0.0,0.0
7914,FSC,Future Supply Chain Solutions Limited,INE935Q01015,Unknown,Unknown,EQ,,Unknown,0.0,0.0,0.0,0.0
3050,FOSCL,Futuristic Offshore Services and Chemical Ltd.,INE418A01016,Unknown,Unknown,EQ,,Unknown,0.0,0.0,0.0,0.0
4594,FUTURSEC,Futuristic Securities Ltd,INE425D01015,Unknown,Unknown,EQ,,Unknown,0.0,0.0,0.0,0.0
7059,FUTSOL,Futuristic Solutions Ltd.,INE241F01011,Unknown,Unknown,EQ,,Unknown,0.0,0.0,0.0,0.0
3633,FYNX,FYNX CAPITAL LIMITED,INE455H01021,Unknown,Unknown,EQ,,Unknown,0.0,0.0,0.0,0.0
9282,FYNX-RE,FYNX CAPITAL LIMITED,INE455H20013,Unknown,Unknown,EQ,,Unknown,0.0,0.0,0.0,0.0
884,GTECJAINX,G-TEC JAINX EDUCATION LIMITED,INE586X01012,Unknown,Unknown,BE,2020-11-13,Unknown,0.0,0.0,0.0,0.0
6642,GTEIT,G-Tech Info-Training Ltd.,INE634D01038,Unknown,Unknown,EQ,,Unknown,0.0,0.0,0.0,0.0
7837,GGENG,G G Engineering Limited,INE694X01030,Unknown,Unknown,EQ,,Unknown,0.0,0.0,0.0,0.0
9123,GGENGL-RE,G G Engineering Limited,INE694X20022,Unknown,Unknown,EQ,,Unknown,0.0,0.0,0.0,0.0
9051,GGENG-RE,G G Engineering Limited,INE694X20014,Unknown,Unknown,EQ,,Unknown,0.0,0.0,0.0,0.0
8211,GMPL,G M Polyplast Limited,INE0E2801015,Unknown,Unknown,EQ,,Unknown,0.0,0.0,0.0,0.0
873,GRINFRA,G R Infraprojects Limited,INE201P01022,Unknown,Unknown,EQ,2021-07-19,Unknown,0.0,0.0,0.0,0.0
8826,GVELECTRIC,G V ELECTRICALS LTD,INE1ZGR01024,Unknown,Unknown,EQ,,Unknown,0.0,0.0,0.0,0.0
3411,GGDPROP,G. G. Dandekar Properties Limited,INE631D01026,Unknown,Unknown,EQ,,Unknown,0.0,0.0,0.0,0.0
8097,GKP,G. K. P. Printing & Packaging Limited,INE05QJ01015,Unknown,Unknown,EQ,,Unknown,0.0,0.0,0.0,0.0
6215,GGAUTO,G.G.Automotive Gears Ltd.,INE493B01017,Unknown,Unknown,EQ,,Unknown,0.0,0.0,0.0,0.0
6425,GKCONS,G.k.Consultants Ltd.,INE131D01019,Unknown,Unknown,EQ,,Unknown,0.0,0.0,0.0,0.0
3049,GRMAG,"G.R. Magnets, Ltd.",INE523A01013,Unknown,Unknown,EQ,,Unknown,0.0,0.0,0.0,0.0
9443,GSAUTO-RE,G.S. Auto International Ltd.,INE736H20016,Unknown,Unknown,EQ,,Unknown,0.0,0.0,0.0,0.0
9643,GSAILPP,G.S. Auto International Ltd.,IN9736H01014,Unknown,Unknown,EQ,,Unknown,0.0,0.0,0.0,0.0
4043,GSAUTO,G.S. Auto International Ltd.,INE736H01024,Unknown,Unknown,EQ,,Unknown,0.0,0.0,0.0,0.0
4618,GVFILM,G.V. Films  Ltd.,INE395B01048,Unknown,Unknown,EQ,,Unknown,0.0,0.0,0.0,0.0
8713,GTIL,Gabion Technologies India Limited,INE1H1501013,Unknown,Unknown,EQ,,Unknown,0.0,0.0,0.0,0.0
767,GABRIEL,Gabriel India Limited,INE524A01029,Unknown,Unknown,EQ,2005-04-20,Unknown,0.0,0.0,0.0,0.0
8439,GPSL,Gabriel Pet Straps Limited,INE0QZF01012,Unknown,Unknown,EQ,,Unknown,0.0,0.0,0.0,0.0
9205,GATECH-RE,GACM Technologies Limited,INE224E20010,Unknown,Unknown,EQ,,Unknown,0.0,0.0,0.0,0.0
9298,GATECH-RE1,GACM Technologies Limited,INE224E20036,Unknown,Unknown,EQ,,Unknown,0.0,0.0,0.0,0.0
785,GATECHDVR,GACM Technologies Limited,INE224E01036,Unknown,Unknown,BE,2017-10-10,Unknown,0.0,0.0,0.0,0.0
9206,GACMDVR-RE,GACM Technologies Limited,INE224E20028,Unknown,Unknown,EQ,,Unknown,0.0,0.0,0.0,0.0
9299,GATDVR-RE,GACM Technologies Limited,INE224E20044,Unknown,Unknown,EQ,,Unknown,0.0,0.0,0.0,0.0
784,GATECH,GACM Technologies Limited,INE224E01028,Unknown,Unknown,BE,2016-07-25,Unknown,0.0,0.0,0.0,0.0
3270,ZGAEKWAR,Gaekwar Mills Ltd.,INE837X01027,Unknown,Unknown,EQ,,Unknown,0.0,0.0,0.0,0.0
4809,GAGAN,Gagan Gases Ltd.,INE076D01016,Unknown,Unknown,EQ,,Unknown,0.0,0.0,0.0,0.0
5458,GAGANPO,Gagan Polycot India Ltd.,INE297L01011,Unknown,Unknown,EQ,,Unknown,0.0,0.0,0.0,0.0
769,GAIL,GAIL (India) Limited,INE129A01019,Unknown,Unknown,EQ,1997-04-02,Unknown,0.0,0.0,0.0,0.0
770,GAJA,Gaja Alternative Asset Management Limited,INE18UN01038,Unknown,Unknown,EQ,2026-08-26,Unknown,0.0,0.0,0.0,0.0
7281,GAJANANSEC,Gajanan Securities Services Ltd.,INE868G01019,Unknown,Unknown,EQ,,Unknown,0.0,0.0,0.0,0.0
3450,GAJRA,Gajra Bevel Gears Ltd.,INE282D01010,Unknown,Unknown,EQ,,Unknown,0.0,0.0,0.0,0.0
7509,GGPL,Gala Global Products Limited,INE480S01026,Unknown,Unknown,EQ,,Unknown,0.0,0.0,0.0,0.0
771,GALAPREC,Gala Precision Engineering Limited,INE0RE001014,Unknown,Unknown,EQ,2024-09-09,Unknown,0.0,0.0,0.0,0.0
9406,GALACT-RE,Galactico Corporate Services Limited,INE906Y20010,Unknown,Unknown,EQ,,Unknown,0.0,0.0,0.0,0.0
8118,GALACTICO,Galactico Corporate Services Limited,INE906Y01028,Unknown,Unknown,EQ,,Unknown,0.0,0.0,0.0,0.0
7373,GALADAFIN,Galada Finance Limited,INE243E01010,Unknown,Unknown,EQ,,Unknown,0.0,0.0,0.0,0.0
3377,GALADA,Galada Power & Communication Ltd.,INE255C01026,Unknown,Unknown,EQ,,Unknown,0.0,0.0,0.0,0.0
6517,GALAGEX,Galaxy Agrico Exports Ltd.,INE803L01016,Unknown,Unknown,EQ,,Unknown,0.0,0.0,0.0,0.0
9400,GALAGEX-RE,Galaxy Agrico Exports Ltd.,INE803L20016,Unknown,Unknown,EQ,,Unknown,0.0,0.0,0.0,0.0
4870,GALXBRG,Galaxy Bearings Ltd.,INE020S01012,Unknown,Unknown,EQ,,Unknown,0.0,0.0,0.0,0.0
3497,GSLTD,GALAXY SUPERMARKET LIMITED,INE403B01016,Unknown,Unknown,EQ,,Unknown,0.0,0.0,0.0,0.0
772,GALAXYSURF,Galaxy Surfactants Limited,INE600K01018,Unknown,Unknown,EQ,2018-02-08,Unknown,0.0,0.0,0.0,0.0
7014,GALLISPAT,Gallantt Ispat Limited,INE528K01029,Unknown,Unknown,EQ,,Unknown,0.0,0.0,0.0,0.0
773,GALLANTT,Gallantt Ispat Limited,INE297H01019,Unknown,Unknown,EQ,2006-04-04,Unknown,0.0,0.0,0.0,0.0
8671,GALLARD,Gallard Steel Limited,INE0BUQ01012,Unknown,Unknown,EQ,,Unknown,0.0,0.0,0.0,0.0
6510,GALLOPENT,Gallops Enterprise  Limited,INE755J01012,Unknown,Unknown,EQ,,Unknown,0.0,0.0,0.0,0.0
4997,GALORE,Galore Prints Industries Ltd.,INE648C01014,Unknown,Unknown,EQ,,Unknown,0.0,0.0,0.0,0.0
7716,GAMCO,GAMCO LIMITED,INE890S01026,Unknown,Unknown,EQ,,Unknown,0.0,0.0,0.0,0.0
8664,TRADEUNO,GAME CHANGERS TEXFAB LIMITED,INE1GUJ01014,Unknown,Unknown,EQ,,Unknown,0.0,0.0,0.0,0.0
4318,GAMIE,Gamma Infoway Exalt Ltd.,INE970A01016,Unknown,Unknown,EQ,,Unknown,0.0,0.0,0.0,0.0
3710,GAMMONIND,Gammon India Ltd.,INE259B01020,Unknown,Unknown,EQ,,Unknown,0.0,0.0,0.0,0.0
774,GANDHAR,Gandhar Oil Refinery (India) Limited,INE717W01049,Unknown,Unknown,EQ,2023-11-30,Unknown,0.0,0.0,0.0,0.0
775,GANDHITUBE,Gandhi Special Tubes Limited,INE524B01027,Unknown,Unknown,EQ,2007-01-31,Unknown,0.0,0.0,0.0,0.0
5150,GANDHHO,Gandhinagar Hotels Ltd.,INE853H01019,Unknown,Unknown,EQ,,Unknown,0.0,0.0,0.0,0.0
3816,GANDLEA,Gandhinagar Leasing And Finance Ltd,INE202J01015,Unknown,Unknown,EQ,,Unknown,0.0,0.0,0.0,0.0
777,GANESHBE,Ganesh Benzoplast Limited,INE388A01029,Unknown,Unknown,BE,2021-09-16,Unknown,0.0,0.0,0.0,0.0
778,GANESHCP,Ganesh Consumer Products Limited,INE652V01016,Unknown,Unknown,EQ,2025-09-29,Unknown,0.0,0.0,0.0,0.0
4093,GANFNDR,Ganesh Foundry & Castings Ltd,INE449U01019,Unknown,Unknown,EQ,,Unknown,0.0,0.0,0.0,0.0
9276,GANHOLD-RE,Ganesh Holding Ltd.,INE932M20011,Unknown,Unknown,EQ,,Unknown,0.0,0.0,0.0,0.0
3367,GANHOLD,Ganesh Holding Ltd.,INE932M01011,Unknown,Unknown,EQ,,Unknown,0.0,0.0,0.0,0.0
779,GANESHHOU,GANESH HOUSING LIMITED,INE460C01014,Unknown,Unknown,EQ,2007-03-02,Unknown,0.0,0.0,0.0,0.0
776,GANECOS,Ganesha Ecosphere Limited,INE845D01014,Unknown,Unknown,EQ,2015-03-09,Unknown,0.0,0.0,0.0,0.0
9226,GANECO-RE,GANESHA ECOVERSE LIMITED,INE369Q20017,Unknown,Unknown,EQ,,Unknown,0.0,0.0,0.0,0.0
7428,GANVERSE,GANESHA ECOVERSE LIMITED,INE369Q01017,Unknown,Unknown,EQ,,Unknown,0.0,0.0,0.0,0.0
780,GANGAFORGE,Ganga Forging Limited,INE691Z01023,Unknown,Unknown,EQ,2021-07-06,Unknown,0.0,0.0,0.0,0.0
6454,GANGAPA,Ganga Papers India Ltd,INE278O01015,Unknown,Unknown,EQ,,Unknown,0.0,0.0,0.0,0.0
7634,GANGAPHARM,Ganga Pharmaceuticals Limited,INE615T01017,Unknown,Unknown,EQ,,Unknown,0.0,0.0,0.0,0.0
781,GANGESSECU,Ganges Securities Limited,INE335W01016,Unknown,Unknown,EQ,2017-07-28,Unknown,0.0,0.0,0.0,0.0
4368,GANGCEM,Gangotri Cement Ltd.,INE831P01018,Unknown,Unknown,EQ,,Unknown,0.0,0.0,0.0,0.0
5360,GISL,Gangotri Iron & Steel Company Ltd,INE437F01023,Unknown,Unknown,EQ,,Unknown,0.0,0.0,0.0,0.0
9535,GANGOIRONPP,Gangotri Iron & Steel Company Ltd,IN9437F01013,Unknown,Unknown,EQ,,Unknown,0.0,0.0,0.0,0.0
4510,GANGOTRI,Gangotri Textiles Ltd.,INE670B01028,Unknown,Unknown,EQ,,Unknown,0.0,0.0,0.0,0.0
3997,GANONPRO,Ganon Products Limited,INE162L01017,Unknown,Unknown,EQ,,Unknown,0.0,0.0,0.0,0.0
7588,GARBIFIN,Garbi Finvest Limited,INE721C01019,Unknown,Unknown,EQ,,Unknown,0.0,0.0,0.0,0.0
878,GRSE,Garden Reach Shipbuilders & Engineers Limited,INE382Z01011,Unknown,Unknown,EQ,2018-10-10,Unknown,0.0,0.0,0.0,0.0
3051,GARDENSILK,GARDEN SILK MILLS PRIVATE LIMITED,INE526A01016,Unknown,Unknown,EQ,,Unknown,0.0,0.0,0.0,0.0
5258,GARGFUR,Garg Furnace Ltd.,INE194E01015,Unknown,Unknown,EQ,,Unknown,0.0,0.0,0.0,0.0
4188,GARLNIN,Garlon Polyfab Industries Ltd.,INE875E01019,Unknown,Unknown,EQ,,Unknown,0.0,0.0,0.0,0.0
9295,GARMNT-RE,GARMENT MANTRA LIFESTYLE LIMITED,INE653S20010,Unknown,Unknown,EQ,,Unknown,0.0,0.0,0.0,0.0
7499,GARMNTMNTR,GARMENT MANTRA LIFESTYLE LIMITED,INE653S01028,Unknown,Unknown,EQ,,Unknown,0.0,0.0,0.0,0.0
9620,GARMENTPP,GARMENT MANTRA LIFESTYLE LIMITED,IN9653S01026,Unknown,Unknown,EQ,,Unknown,0.0,0.0,0.0,0.0
5011,GARNET,Garnet Construction Ltd.,INE797D01017,Unknown,Unknown,EQ,,Unknown,0.0,0.0,0.0,0.0
4009,GARNETINT,Garnet International Limited,INE590B01010,Unknown,Unknown,EQ,,Unknown,0.0,0.0,0.0,0.0
5123,GARODCH,Garodia Chemicals Ltd.,INE236P01010,Unknown,Unknown,EQ,,Unknown,0.0,0.0,0.0,0.0
783,GARUDA,Garuda Construction and Engineering Limited,INE0JVO01026,Unknown,Unknown,EQ,2024-10-15,Unknown,0.0,0.0,0.0,0.0
879,GRWRHITECH,Garware Hi-Tech Films Limited,INE291A01017,Unknown,Unknown,EQ,2022-02-03,Unknown,0.0,0.0,0.0,0.0
3711,GARWAMAR,Garware Marine Industries Ltd.,INE925D01014,Unknown,Unknown,EQ,,Unknown,0.0,0.0,0.0,0.0
3233,GARWAOFFS,GARWARE OFFSHORE SERVICES LIMITED,INE446C01013,Unknown,Unknown,EQ,,Unknown,0.0,0.0,0.0,0.0
4209,GARWSYN,Garware Synthetics Ltd.,INE340D01016,Unknown,Unknown,EQ,,Unknown,0.0,0.0,0.0,0.0
782,GARFIBRES,Garware Technical Fibres Limited,INE276A01018,Unknown,Unknown,EQ,2007-04-03,Unknown,0.0,0.0,0.0,0.0
786,GATEWAY,Gateway Distriparks Limited,INE079J01017,Unknown,Unknown,EQ,2022-03-22,Unknown,0.0,0.0,0.0,0.0
6809,GDL,GATEWAY DISTRIPARKS LTD.,INE852F01015,Unknown,Unknown,EQ,,Unknown,0.0,0.0,0.0,0.0
8964,GDL-RE,GATEWAY DISTRIPARKS LTD.,INE852F20015,Unknown,Unknown,EQ,,Unknown,0.0,0.0,0.0,0.0
787,GAUDIUMIVF,Gaudium IVF and Women Health Limited,INE0P8B01020,Unknown,Unknown,BE,2026-02-27,Unknown,0.0,0.0,0.0,0.0
7836,GEL,Gautam Exim Limited,INE721X01023,Unknown,Unknown,EQ,,Unknown,0.0,0.0,0.0,0.0
9056,GGL-RE,Gautam Gems Limited,INE063Z20017,Unknown,Unknown,EQ,,Unknown,0.0,0.0,0.0,0.0
7944,GGL,Gautam Gems Limited,INE063Z01017,Unknown,Unknown,EQ,,Unknown,0.0,0.0,0.0,0.0
9580,GGLPP,Gautam Gems Limited,IN9063Z01023,Unknown,Unknown,EQ,,Unknown,0.0,0.0,0.0,0.0
4791,GAYATRIBI,Gayatri BioOrganics Ltd,INE052E01015,Unknown,Unknown,EQ,,Unknown,0.0,0.0,0.0,0.0
788,GAYAHWS,Gayatri Highways Limited,INE287Z01012,Unknown,Unknown,EQ,2018-06-28,Unknown,0.0,0.0,0.0,0.0
8956,GAYATRIPRLR,Gayatri Projects Limited,0,Unknown,Unknown,EQ,,Unknown,0.0,0.0,0.0,0.0
789,GAYAPROJ,Gayatri Projects Limited,INE336H01023,Unknown,Unknown,EQ,2011-08-22,Unknown,0.0,0.0,0.0,0.0
6659,GAYATRI,Gayatri Sugars Ltd.,INE622E01023,Unknown,Unknown,EQ,,Unknown,0.0,0.0,0.0,0.0
5137,GAZIFIN,Gazi Financial Services & Investments Ltd.,INE111L01014,Unknown,Unknown,EQ,,Unknown,0.0,0.0,0.0,0.0
7001,GBGLOBAL,GB GLOBAL LIMITED,INE087J01028,Unknown,Unknown,EQ,,Unknown,0.0,0.0,0.0,0.0
8535,GBLOGISTIC,GB Logistics Commerce Limited,INE0RWU01016,Unknown,Unknown,EQ,,Unknown,0.0,0.0,0.0,0.0
7415,GBLIL,GBL Industries Limited,INE003Q01012,Unknown,Unknown,EQ,,Unknown,0.0,0.0,0.0,0.0
6545,GCCL,GCCL Construction And Realities Ltd,INE775C01015,Unknown,Unknown,EQ,,Unknown,0.0,0.0,0.0,0.0
6204,GCCLINP,GCCL Infrastructure & Projects Ltd.,INE438F01013,Unknown,Unknown,EQ,,Unknown,0.0,0.0,0.0,0.0
7221,GCMCAPI,GCM Capital Advisors Limited,INE191P01017,Unknown,Unknown,EQ,,Unknown,0.0,0.0,0.0,0.0
7121,GCMCOMM,GCM Commodity & Derivatives Limited,INE200P01016,Unknown,Unknown,EQ,,Unknown,0.0,0.0,0.0,0.0
7102,GCMSECU,GCM Securities Limited,INE168O01026,Unknown,Unknown,EQ,,Unknown,0.0,0.0,0.0,0.0
8451,GCONNECT,Gconnect Logitech and Supply Chain Limited,INE0QHY01011,Unknown,Unknown,EQ,,Unknown,0.0,0.0,0.0,0.0
6329,GCVSERV,GCV Services Limited,INE236B01036,Unknown,Unknown,EQ,,Unknown,0.0,0.0,0.0,0.0
5333,GDLLEAS,GDL Leasing & Finance ltd.,INE545E01018,Unknown,Unknown,EQ,,Unknown,0.0,0.0,0.0,0.0
5414,GDRMEDIA,GDR Media Ltd.,INE946B01014,Unknown,Unknown,EQ,,Unknown,0.0,0.0,0.0,0.0
3153,GECAP,GE Capital Transportation Financial Services Ltd,INE698D01017,Unknown,Unknown,EQ,,Unknown,0.0,0.0,0.0,0.0
898,GVPIL,GE Power India Limited,INE878A01011,Unknown,Unknown,EQ,2000-04-19,Unknown,0.0,0.0,0.0,0.0
900,GVT&D,GE Vernova T&D India Limited,INE200A01026,Unknown,Unknown,EQ,2008-06-30,Unknown,0.0,0.0,0.0,0.0
4238,GGGRAN,Gee Gee Granites Ltd,INE164F01015,Unknown,Unknown,EQ,,Unknown,0.0,0.0,0.0,0.0
3327,GEE,GEE Ltd.,INE064H01021,Unknown,Unknown,EQ,,Unknown,0.0,0.0,0.0,0.0
791,GEECEE,GeeCee Ventures Limited,INE916G01016,Unknown,Unknown,BE,2006-10-04,Unknown,0.0,0.0,0.0,0.0
5192,GEEFC,Geefcee Finance Ltd.,INE632D01016,Unknown,Unknown,EQ,,Unknown,0.0,0.0,0.0,0.0
792,GEEKAYWIRE,Geekay Wires Limited,INE669X01032,Unknown,Unknown,EQ,2020-03-06,Unknown,0.0,0.0,0.0,0.0
7585,GEETANJ,Geetanjali Credit And Capital Limited,INE263R01010,Unknown,Unknown,EQ,,Unknown,0.0,0.0,0.0,0.0
5298,GEINDSYS,GEI INDUSTRIAL SYSTEMS LIMITED,INE599B01011,Unknown,Unknown,EQ,,Unknown,0.0,0.0,0.0,0.0
793,GEMAROMA,Gem Aromatics Limited,INE06XZ01023,Unknown,Unknown,EQ,2025-08-26,Unknown,0.0,0.0,0.0,0.0
4343,GEMCABLE,Gem Cables & Conductors Ltd.,INE582B01017,Unknown,Unknown,EQ,,Unknown,0.0,0.0,0.0,0.0
8478,GEMENVIRO,GEM Enviro Management Limited,INE0RUJ01013,Unknown,Unknown,EQ,,Unknown,0.0,0.0,0.0,0.0
4714,GEMEYDM,Gem Eyeadorns Ltd,INE419B01012,Unknown,Unknown,EQ,,Unknown,0.0,0.0,0.0,0.0
4502,GEMSPIN,Gem Spinners India Ltd,INE165F01020,Unknown,Unknown,EQ,,Unknown,0.0,0.0,0.0,0.0
6705,GEMINI,Gemini Communications Ltd.,INE878C01033,Unknown,Unknown,EQ,,Unknown,0.0,0.0,0.0,0.0
3851,GEMOIL,Gemmia Oiltech (India) Ltd,INE736I01014,Unknown,Unknown,EQ,,Unknown,0.0,0.0,0.0,0.0
5428,GEMSI,Gemstone Investments Ltd.,INE503D01027,Unknown,Unknown,EQ,,Unknown,0.0,0.0,0.0,0.0
8898,GENERA,Genera Agri Corp Limited,INC993L01015,Unknown,Unknown,EQ,,Unknown,0.0,0.0,0.0,0.0
8053,GENERAAGRI,GENERA AGRI CORP LTD,INE993L01015,Unknown,Unknown,EQ,,Unknown,0.0,0.0,0.0,0.0
806,GICRE,General Insurance Corporation of India,INE481Y01014,Unknown,Unknown,EQ,2017-10-25,Unknown,0.0,0.0,0.0,0.0
794,GENCON,Generic Engineering Construction and Projects Limited,INE854S01022,Unknown,Unknown,EQ,2021-02-16,Unknown,0.0,0.0,0.0,0.0
795,GENESYS,Genesys International Corporation Limited,INE727B01026,Unknown,Unknown,EQ,2003-01-23,Unknown,0.0,0.0,0.0,0.0
9453,GENESYS-RE,Genesys International Corporation Ltd.,INE727B20018,Unknown,Unknown,EQ,,Unknown,0.0,0.0,0.0,0.0
6417,GENNEX,Gennex Laboratories Ltd,INE509C01026,Unknown,Unknown,EQ,,Unknown,0.0,0.0,0.0,0.0
9576,GENNEXPP,Gennex Laboratories Ltd,IN9509C01016,Unknown,Unknown,EQ,,Unknown,0.0,0.0,0.0,0.0
9045,GENNEX-RE,Gennex Laboratories Ltd,INE509C20018,Unknown,Unknown,EQ,,Unknown,0.0,0.0,0.0,0.0
7497,GVBL,GENOMIC VALLEY BIOTECH LIMITED,INE574D01010,Unknown,Unknown,EQ,,Unknown,0.0,0.0,0.0,0.0
4716,GENOMICS,Genomics Biotech Ltd.,INE974A01018,Unknown,Unknown,EQ,,Unknown,0.0,0.0,0.0,0.0
6324,GENPHARMA,GENPHARMASEC LIMITED,INE861N01036,Unknown,Unknown,EQ,,Unknown,0.0,0.0,0.0,0.0
9142,GENPHAR-RE,GENPHARMASEC LIMITED,INE861N20010,Unknown,Unknown,EQ,,Unknown,0.0,0.0,0.0,0.0
796,GENSOL,Gensol Engineering Limited,INE06H201014,Unknown,Unknown,BZ,2023-07-03,Unknown,0.0,0.0,0.0,0.0
6536,GENIUSCO,Genus Commu-Trade Ltd.,INE577B01017,Unknown,Unknown,EQ,,Unknown,0.0,0.0,0.0,0.0
797,GENUSPAPER,Genus Paper & Boards Limited,INE949P01018,Unknown,Unknown,EQ,2015-02-16,Unknown,0.0,0.0,0.0,0.0
798,GENUSPOWER,Genus Power Infrastructures Limited,INE955D01029,Unknown,Unknown,EQ,2005-07-08,Unknown,0.0,0.0,0.0,0.0
6762,GENUSPRIME,GENUS PRIME INFRA LIMITED,INE256D01014,Unknown,Unknown,EQ,,Unknown,0.0,0.0,0.0,0.0
3304,GEODESIC,Geodesic  Ltd.,INE371D01029,Unknown,Unknown,EQ,,Unknown,0.0,0.0,0.0,0.0
9234,GEOJIT-RE,Geojit Financial Services Limited,INE007B20015,Unknown,Unknown,EQ,,Unknown,0.0,0.0,0.0,0.0
799,GEOJITFSL,Geojit Financial Services Limited,INE007B01023,Unknown,Unknown,EQ,2005-07-01,Unknown,0.0,0.0,0.0,0.0
6701,GEOMETRIC,Geometric Ltd,INE797A01021,Unknown,Unknown,EQ,,Unknown,0.0,0.0,0.0,0.0
5524,GERMANGA,German Gardens Ltd.,INE218D01014,Unknown,Unknown,EQ,,Unknown,0.0,0.0,0.0,0.0
3052,GRMNR,German Remedies Ltd.,INE382A01014,Unknown,Unknown,EQ,,Unknown,0.0,0.0,0.0,0.0
3719,GESTETQ,"Gestetner (India) Ltd.,",INE223C01016,Unknown,Unknown,EQ,,Unknown,0.0,0.0,0.0,0.0
8244,GETALONG,Getalong Enterprise Limited,INE0H1201020,Unknown,Unknown,EQ,,Unknown,0.0,0.0,0.0,0.0
5396,GFLFIN,GFL Financials India Limited,INE764K01038,Unknown,Unknown,EQ,,Unknown,0.0,0.0,0.0,0.0
801,GFLLIMITED,GFL Limited,INE538A01037,Unknown,Unknown,EQ,1995-05-25,Unknown,0.0,0.0,0.0,0.0
6491,GHANS,Ghanshyam Steel Works ltd.,INE993C01014,Unknown,Unknown,EQ,,Unknown,0.0,0.0,0.0,0.0
802,GHCL,GHCL Limited,INE539A01019,Unknown,Unknown,EQ,2003-07-31,Unknown,0.0,0.0,0.0,0.0
803,GHCLTEXTIL,GHCL Textiles Limited,INE0PA801013,Unknown,Unknown,EQ,2023-06-12,Unknown,0.0,0.0,0.0,0.0
7668,GHUSHINE,Ghushine Fintrrade Ocean Limited,INE009U01011,Unknown,Unknown,EQ,,Unknown,0.0,0.0,0.0,0.0
3424,GHVINFRA,GHV INFRA PROJECTS LIMITED,INE809Q01020,Unknown,Unknown,EQ,,Unknown,0.0,0.0,0.0,0.0
8158,GIANLIFE,Gian Life Care Limited,INE063601012,Unknown,Unknown,EQ,,Unknown,0.0,0.0,0.0,0.0
804,GICHSGFIN,GIC Housing Finance Limited,INE289B01019,Unknown,Unknown,EQ,1996-05-08,Unknown,0.0,0.0,0.0,0.0
7336,GILADAFINS,Gilada Finance & Investments Ltd.,INE918C01029,Unknown,Unknown,EQ,,Unknown,0.0,0.0,0.0,0.0
807,GILLANDERS,Gillanders Arbuthnot & Company Limited,INE047B01011,Unknown,Unknown,EQ,2009-12-14,Unknown,0.0,0.0,0.0,0.0
808,GILLETTE,Gillette India Limited,INE322A01010,Unknown,Unknown,EQ,2003-07-30,Unknown,0.0,0.0,0.0,0.0
6419,GINISILK,Gini Silk Mills Ltd.,INE548B01018,Unknown,Unknown,EQ,,Unknown,0.0,0.0,0.0,0.0
809,GINNIFILA,Ginni Filaments Limited,INE424C01010,Unknown,Unknown,BE,1995-05-10,Unknown,0.0,0.0,0.0,0.0
3584,GIRDSGA,Girdharilal Sugar & Allied Indust.L,INE310M01010,Unknown,Unknown,EQ,,Unknown,0.0,0.0,0.0,0.0
6591,GIRIRAJ,Giriraj Print Plast Ltd.,INE855D01013,Unknown,Unknown,EQ,,Unknown,0.0,0.0,0.0,0.0
7419,GITARENEW,GITA RENEWABLE ENERGY LIMITED,INE776O01018,Unknown,Unknown,EQ,,Unknown,0.0,0.0,0.0,0.0
6846,GITANJALI,Gitanjali Gems Ltd.,INE346H01014,Unknown,Unknown,EQ,,Unknown,0.0,0.0,0.0,0.0
812,GKENERGY,GK Energy Limited,INE1AG301022,Unknown,Unknown,EQ,2025-09-26,Unknown,0.0,0.0,0.0,0.0
811,GKB,GKB Ophthalmics Limited,INE265D01015,Unknown,Unknown,EQ,2026-08-17,Unknown,0.0,0.0,0.0,0.0
4456,GKNDRDM,GKN Driveshafts (India) Ltd,INE527A01014,Unknown,Unknown,EQ,,Unknown,0.0,0.0,0.0,0.0
814,GKWLIMITED,GKW Limited,INE528A01020,Unknown,Unknown,EQ,2009-07-20,Unknown,0.0,0.0,0.0,0.0
3379,GKW,GKW Ltd.,INE528A01012,Unknown,Unknown,EQ,,Unknown,0.0,0.0,0.0,0.0
8084,GLAAMUP,GLAAM UP JWEL LIMITED,INE03CM01014,Unknown,Unknown,EQ,,Unknown,0.0,0.0,0.0,0.0
5460,GLANCE,Glance Finance Ltd.,INE580D01017,Unknown,Unknown,EQ,,Unknown,0.0,0.0,0.0,0.0
815,GLAND,Gland Pharma Limited,INE068V01023,Unknown,Unknown,EQ,2020-11-20,Unknown,0.0,0.0,0.0,0.0
3187,GSKCONS,GlaxoSmithkline Consumer Healthcare Ltd.,INE264A01014,Unknown,Unknown,EQ,,Unknown,0.0,0.0,0.0,0.0
816,GLAXO,GlaxoSmithKline Pharmaceuticals Limited,INE159A01016,Unknown,Unknown,EQ,2000-12-15,Unknown,0.0,0.0,0.0,0.0
4119,GLEITLAI,Gleitlager (India) Ltd.,INE190C01017,Unknown,Unknown,EQ,,Unknown,0.0,0.0,0.0,0.0
8587,GLEN,Glen Industries Limited,INE0UMC01019,Unknown,Unknown,EQ,,Unknown,0.0,0.0,0.0,0.0
817,GLENMARK,Glenmark Pharmaceuticals Limited,INE935A01035,Unknown,Unknown,EQ,2000-02-07,Unknown,0.0,0.0,0.0,0.0
9481,GLNPP,Glenmark Pharmaceuticals ltd,IN9935A01033,Unknown,Unknown,EQ,,Unknown,0.0,0.0,0.0,0.0
8927,GLENCRPC,Glenmark Pharmaceuticals ltd,INE935A04013,Unknown,Unknown,EQ,,Unknown,0.0,0.0,0.0,0.0
4105,GLITTEKG,Glittek Granites Ltd.,INE741B01027,Unknown,Unknown,EQ,,Unknown,0.0,0.0,0.0,0.0
5159,GLOBALCA,Global Capital Markets Ltd.,INE062C01042,Unknown,Unknown,EQ,,Unknown,0.0,0.0,0.0,0.0
3908,GDIL,GLOBAL DEFENCE INDUSTRIES LIMITED,INE425H01016,Unknown,Unknown,EQ,,Unknown,0.0,0.0,0.0,0.0
9269,GDIL-RE,GLOBAL DEFENCE INDUSTRIES LIMITED,INE425H20016,Unknown,Unknown,EQ,,Unknown,0.0,0.0,0.0,0.0
6481,GLOES,Global e-Solutions Ltd,INE553D01014,Unknown,Unknown,EQ,,Unknown,0.0,0.0,0.0,0.0
819,GLOBAL,Global Education Limited,INE291W01037,Unknown,Unknown,EQ,2020-12-07,Unknown,0.0,0.0,0.0,0.0
5069,GLBFN,Global Finance And Securities Ltd.,INE044C01016,Unknown,Unknown,EQ,,Unknown,0.0,0.0,0.0,0.0
1424,MEDANTA,Global Health Limited,INE474Q01031,Unknown,Unknown,EQ,2022-11-16,Unknown,0.0,0.0,0.0,0.0
4695,GLOBT,Global Infrastructure & Technologies Ltd.,INE943A01013,Unknown,Unknown,EQ,,Unknown,0.0,0.0,0.0,0.0
6248,GBLINFRA,Global Infratech & Finance limited,INE377M01043,Unknown,Unknown,EQ,,Unknown,0.0,0.0,0.0,0.0
6505,GLOKNIT,Global Knitfab Ltd.,INE010901010,Unknown,Unknown,EQ,,Unknown,0.0,0.0,0.0,0.0
8284,GLHRL,Global Longlife Hospital and Research Limited,INE0J2K01014,Unknown,Unknown,EQ,,Unknown,0.0,0.0,0.0,0.0
8705,GLOBALLOG,Global Ocean Logistics India Limited,INE1ITY01011,Unknown,Unknown,EQ,,Unknown,0.0,0.0,0.0,0.0
5269,GLOBSEC,Global Securities Limited,INE742K01018,Unknown,Unknown,EQ,,Unknown,0.0,0.0,0.0,0.0
881,GSLSU,Global Surfaces Limited,INE0JSX01015,Unknown,Unknown,EQ,2023-03-23,Unknown,0.0,0.0,0.0,0.0
3053,GTB,Global Trust Bank Ltd.,INE130A01017,Unknown,Unknown,EQ,,Unknown,0.0,0.0,0.0,0.0
821,GLOBALVECT,Global Vectra Helicorp Limited,INE792H01019,Unknown,Unknown,EQ,2006-10-27,Unknown,0.0,0.0,0.0,0.0
820,GLOBALE,Globale Tessile Limited,INE0URU01010,Unknown,Unknown,EQ,2024-08-27,Unknown,0.0,0.0,0.0,0.0
7856,GSTL,GlobalSpace Technologies Limited,INE632W01016,Unknown,Unknown,EQ,,Unknown,0.0,0.0,0.0,0.0
9134,GSTL-RE,GlobalSpace Technologies Limited,INE632W20016,Unknown,Unknown,EQ,,Unknown,0.0,0.0,0.0,0.0
823,GLOBECIVIL,Globe Civil Projects Limited,INE0V3U01015,Unknown,Unknown,EQ,2025-07-01,Unknown,0.0,0.0,0.0,0.0
7769,GLCL,Globe Commercials Limited,INE804Q01013,Unknown,Unknown,EQ,,Unknown,0.0,0.0,0.0,0.0
822,GLOBE,GLOBE ENTERPRISES (INDIA) LIMITED,INE581X01021,Unknown,Unknown,EQ,2020-10-07,Unknown,0.0,0.0,0.0,0.0
805,GICL,Globe International Carriers Limited,INE947T01022,Unknown,Unknown,EQ,2026-02-18,Unknown,0.0,0.0,0.0,0.0
6471,GLOSS,Globe Stocks & Securities Ltd.,INE060C01012,Unknown,Unknown,EQ,,Unknown,0.0,0.0,0.0,0.0
8607,GLOBTIER,Globtier Infotech limited,INE12P601017,Unknown,Unknown,EQ,,Unknown,0.0,0.0,0.0,0.0
4860,GLOBUSCON,Globus Constructors & Developers Limited,INE064L01015,Unknown,Unknown,EQ,,Unknown,0.0,0.0,0.0,0.0
6512,GLOBUSCOR,Globus Corporation Ltd.,INE774B01028,Unknown,Unknown,EQ,,Unknown,0.0,0.0,0.0,0.0
824,GLOBUSSPR,Globus Spirits Limited,INE615I01010,Unknown,Unknown,EQ,2009-09-23,Unknown,0.0,0.0,0.0,0.0
6826,GLODYNE,Glodyne Technoserve Ltd,INE932G01021,Unknown,Unknown,EQ,,Unknown,0.0,0.0,0.0,0.0
6776,GLOFAME,Glofame Cotspin Industries Ltd.,INE261D01014,Unknown,Unknown,EQ,,Unknown,0.0,0.0,0.0,0.0
6896,GLORY,Glory Polyfilms Ltd,INE408H01012,Unknown,Unknown,EQ,,Unknown,0.0,0.0,0.0,0.0
825,GLOSTERLTD,Gloster Limited,INE350Z01018,Unknown,Unknown,EQ,2024-04-26,Unknown,0.0,0.0,0.0,0.0
7277,GLOSTER,Gloster Ltd.,INE652C01016,Unknown,Unknown,EQ,,Unknown,0.0,0.0,0.0,0.0
826,GLOTTIS,Glottis Limited,INE0TQE01026,Unknown,Unknown,EQ,2025-10-07,Unknown,0.0,0.0,0.0,0.0
827,GMBREW,GM Breweries Limited,INE075D01018,Unknown,Unknown,EQ,1995-08-23,Unknown,0.0,0.0,0.0,0.0
829,GMMPFAUDLR,GMM Pfaudler Limited,INE541A01023,Unknown,Unknown,EQ,2018-03-05,Unknown,0.0,0.0,0.0,0.0
830,GMRAIRPORT,GMR AIRPORTS LIMITED,INE776C01039,Unknown,Unknown,EQ,2006-08-21,Unknown,0.0,0.0,0.0,0.0
831,GMRP&UI,GMR Power and Urban Infra Limited,INE0CU601026,Unknown,Unknown,EQ,2022-03-23,Unknown,0.0,0.0,0.0,0.0
5253,GMSCOM,GMS Computers (India) Ltd.,INE106B01015,Unknown,Unknown,EQ,,Unknown,0.0,0.0,0.0,0.0
832,GNA,GNA Axles Limited,INE934S01014,Unknown,Unknown,EQ,2016-09-26,Unknown,0.0,0.0,0.0,0.0
650,EBGNG,GNG Electronics Limited,INE18JU01028,Unknown,Unknown,EQ,2025-07-30,Unknown,0.0,0.0,0.0,0.0
840,GODIGIT,Go Digit General Insurance Limited,INE03JT01014,Unknown,Unknown,EQ,2024-05-23,Unknown,0.0,0.0,0.0,0.0
837,GOCOLORS,Go Fashion (India) Limited,INE0BJS01011,Unknown,Unknown,EQ,2021-11-30,Unknown,0.0,0.0,0.0,0.0
835,GOACARBON,Goa Carbon Limited,INE426D01013,Unknown,Unknown,EQ,2007-06-05,Unknown,0.0,0.0,0.0,0.0
8150,GOBLIN,GOBLIN INDIA LIMITED,INE492Z01018,Unknown,Unknown,EQ,,Unknown,0.0,0.0,0.0,0.0
836,GOCLCORP,GOCL Corporation Limited,INE077F01035,Unknown,Unknown,EQ,2014-06-26,Unknown,0.0,0.0,0.0,0.0
838,GODAVARIB,Godavari Biorefineries Limited,INE497S01012,Unknown,Unknown,EQ,2024-10-30,Unknown,0.0,0.0,0.0,0.0
5175,GODAVARI,Godavari Drugs Ltd.,INE362C01012,Unknown,Unknown,EQ,,Unknown,0.0,0.0,0.0,0.0
3602,GODAVRFERT,Godavari Fertilisers & Chemicals Lt,INE507C01012,Unknown,Unknown,EQ,,Unknown,0.0,0.0,0.0,0.0
855,GPIL,Godawari Power And Ispat limited,INE177H01039,Unknown,Unknown,EQ,2006-04-25,Unknown,0.0,0.0,0.0,0.0
839,GODFRYPHLP,Godfrey Phillips India Limited,INE260B01028,Unknown,Unknown,EQ,1996-07-24,Unknown,0.0,0.0,0.0,0.0
841,GODREJAGRO,Godrej Agrovet Limited,INE850D01014,Unknown,Unknown,EQ,2017-10-16,Unknown,0.0,0.0,0.0,0.0
842,GODREJCP,Godrej Consumer Products Limited,INE102D01028,Unknown,Unknown,EQ,2001-06-20,Unknown,0.0,0.0,0.0,0.0
843,GODREJIND,Godrej Industries Limited,INE233A01035,Unknown,Unknown,EQ,2003-02-25,Unknown,0.0,0.0,0.0,0.0
844,GODREJPROP,Godrej Properties Limited,INE484J01027,Unknown,Unknown,EQ,2010-01-05,Unknown,0.0,0.0,0.0,0.0
8613,GOELCONS,GOEL CONSTRUCTION COMPANY LIMITED,INE0ZOM01013,Unknown,Unknown,EQ,,Unknown,0.0,0.0,0.0,0.0
8290,GOEL,Goel Food Products Limited,INE0K6L01010,Unknown,Unknown,EQ,,Unknown,0.0,0.0,0.0,0.0
7335,GBFL,Goenka Business & Finance Limited,INE997C01015,Unknown,Unknown,EQ,,Unknown,0.0,0.0,0.0,0.0
6998,GOENKA,Goenka Diamond & Jewels Ltd,INE516K01024,Unknown,Unknown,EQ,,Unknown,0.0,0.0,0.0,0.0
6328,GOGIACAPGL,GOGIA CAPITAL GROWTH LIMITED,INE832C01014,Unknown,Unknown,EQ,,Unknown,0.0,0.0,0.0,0.0
6932,GOKAKTEX,GOKAK TEXTILES LTD.,INE642I01014,Unknown,Unknown,EQ,,Unknown,0.0,0.0,0.0,0.0
845,GOKEX,Gokaldas Exports Limited,INE887G01027,Unknown,Unknown,EQ,2005-04-27,Unknown,0.0,0.0,0.0,0.0
847,GOKULAGRO,Gokul Agro Resources Limited,INE314T01033,Unknown,Unknown,EQ,2016-03-11,Unknown,0.0,0.0,0.0,0.0
9097,GOKUL-RE,Gokul Agro Resources Ltd,INE314T20017,Unknown,Unknown,EQ,,Unknown,0.0,0.0,0.0,0.0
846,GOKUL,Gokul Refoils and Solvent Limited,INE020J01029,Unknown,Unknown,EQ,2008-06-04,Unknown,0.0,0.0,0.0,0.0
9469,GOKULSOL,GOKUL SOLUTIONS LIMITED,INE909Q01010,Unknown,Unknown,EQ,,Unknown,0.0,0.0,0.0,0.0
7212,GOLDLINE,Gold Line International Finvest Limited,INE204P01026,Unknown,Unknown,EQ,,Unknown,0.0,0.0,0.0,0.0
3202,ZGOLDINV,Gold Rock Investments Ltd.,INE598F01014,Unknown,Unknown,EQ,,Unknown,0.0,0.0,0.0,0.0
7255,GOLDCOINHF,GoldCoin Health Foods Limited,INE634J01027,Unknown,Unknown,EQ,,Unknown,0.0,0.0,0.0,0.0
3435,GOLDCORP,Goldcrest Corporation Limited,INE505D01014,Unknown,Unknown,EQ,,Unknown,0.0,0.0,0.0,0.0
7666,GOLDENCAP,Golden Capital Services Limited,INE135D01010,Unknown,Unknown,EQ,,Unknown,0.0,0.0,0.0,0.0
6528,GOLCA,Golden Carpets Limited.,INE595D01015,Unknown,Unknown,EQ,,Unknown,0.0,0.0,0.0,0.0
7705,GOLDENCREST,Golden Crest Education & Services Limited,INE222U01010,Unknown,Unknown,EQ,,Unknown,0.0,0.0,0.0,0.0
3678,GOLDLEG,Golden Legand Leasing & Finance Ltd,INE088E01019,Unknown,Unknown,EQ,,Unknown,0.0,0.0,0.0,0.0
848,GOLDENTOBC,Golden Tobacco Limited,INE973A01010,Unknown,Unknown,BZ,1995-02-08,Unknown,0.0,0.0,0.0,0.0
849,GOLDIAM,Goldiam International Limited,INE025B01025,Unknown,Unknown,EQ,2005-08-29,Unknown,0.0,0.0,0.0,0.0
8758,GLPL,GOLDLINE PHARMACEUTICAL LIMITED,INE1CLW01015,Unknown,Unknown,EQ,,Unknown,0.0,0.0,0.0,0.0
6193,GOLECHA,Golechha Global Finance Ltd.,INE427D01011,Unknown,Unknown,EQ,,Unknown,0.0,0.0,0.0,0.0
4068,GOLKONDA,Golkonda Aluminium Extrusions Ltd,INE327C01031,Unknown,Unknown,EQ,,Unknown,0.0,0.0,0.0,0.0
4675,GOLKUNDIA,Golkunda Diamonds & Jewellery Ltd.,INE798D01015,Unknown,Unknown,EQ,,Unknown,0.0,0.0,0.0,0.0
4696,GOMIND,GOM Industries Ltd,INE596D01013,Unknown,Unknown,EQ,,Unknown,0.0,0.0,0.0,0.0
3378,GONTER,Gontermann Peipers (India) Ltd.,INE530A01026,Unknown,Unknown,EQ,,Unknown,0.0,0.0,0.0,0.0
3056,GOVMC,Good Value Marketing Co. Ltd.,INE532A01014,Unknown,Unknown,EQ,,Unknown,0.0,0.0,0.0,0.0
851,GOODLUCK,Goodluck India Limited,INE127I01024,Unknown,Unknown,EQ,2015-01-08,Unknown,0.0,0.0,0.0,0.0
3055,GOODRICKE,Goodricke Group Ltd.,INE300A01016,Unknown,Unknown,EQ,,Unknown,0.0,0.0,0.0,0.0
852,GOODYEAR,Goodyear India Limited,INE533A01012,Unknown,Unknown,EQ,2026-04-20,Unknown,0.0,0.0,0.0,0.0
853,GOPAL,Gopal Snacks Limited,INE0L9R01028,Unknown,Unknown,EQ,2024-03-14,Unknown,0.0,0.0,0.0,0.0
6229,GOPLEEIN,Goplee Infotech Ltd.,INE968B01018,Unknown,Unknown,EQ,,Unknown,0.0,0.0,0.0,0.0
6333,GORANIN,Gorani Industries Ltd.,INE792J01015,Unknown,Unknown,EQ,,Unknown,0.0,0.0,0.0,0.0
4549,GORDONHE,Gordon Herbert (India) Ltd,INE755C01017,Unknown,Unknown,EQ,,Unknown,0.0,0.0,0.0,0.0
3648,GORDONW,Gordon Woodroffe Ltd.,INE595C01017,Unknown,Unknown,EQ,,Unknown,0.0,0.0,0.0,0.0
5413,GOTHIPL,Gothi Plascon (India) Ltd.,INE538G01018,Unknown,Unknown,EQ,,Unknown,0.0,0.0,0.0,0.0
3485,GOURMET,GOURMET GATEWAY INDIA LIMITED,INE512D01028,Unknown,Unknown,EQ,,Unknown,0.0,0.0,0.0,0.0
9541,INTELLCAPPP,GOURMET GATEWAY INDIA LIMITED,IN9512D01018,Unknown,Unknown,EQ,,Unknown,0.0,0.0,0.0,0.0
3712,ZGOVPOOX,Govind Poy Oxygen Ltd.,INE00ZH01011,Unknown,Unknown,EQ,,Unknown,0.0,0.0,0.0,0.0
3694,GOVINDRU,Govind Rubber Ltd,INE011C01015,Unknown,Unknown,EQ,,Unknown,0.0,0.0,0.0,0.0
5284,GOWRALE,Gowra Leasing & Finance Ltd.,INE225G01012,Unknown,Unknown,EQ,,Unknown,0.0,0.0,0.0,0.0
854,GOYALALUM,Goyal Aluminiums Limited,INE705X01026,Unknown,Unknown,EQ,2022-11-04,Unknown,0.0,0.0,0.0,0.0
5270,GOYALASS,Goyal Associates Ltd.,INE912B01032,Unknown,Unknown,EQ,,Unknown,0.0,0.0,0.0,0.0
895,GULFPETRO,GP Petroleums Limited,INE586G01017,Unknown,Unknown,BE,2004-09-24,Unknown,0.0,0.0,0.0,0.0
857,GPTHEALTH,GPT Healthcare Limited,INE486R01017,Unknown,Unknown,EQ,2024-02-29,Unknown,0.0,0.0,0.0,0.0
858,GPTINFRA,GPT Infraprojects Limited,INE390G01014,Unknown,Unknown,EQ,2016-07-11,Unknown,0.0,0.0,0.0,0.0
6915,GRABALALK,Grabal Alok Impex Ltd.,INE012D01011,Unknown,Unknown,EQ,,Unknown,0.0,0.0,0.0,0.0
859,GRADIENTE,Gradiente Infotainment Limited,INE361K01017,Unknown,Unknown,EQ,2026-05-08,Unknown,0.0,0.0,0.0,0.0
7459,GRAMEVA,GRAMEVA LIMITED,INE578R01011,Unknown,Unknown,EQ,,Unknown,0.0,0.0,0.0,0.0
4073,GFSTEELS,Grand Foundry Ltd.,INE534A01028,Unknown,Unknown,EQ,,Unknown,0.0,0.0,0.0,0.0
860,GRANDOAK,Grand Oak Canyons Distillery Limited,INE926B01016,Unknown,Unknown,EQ,2026-04-20,Unknown,0.0,0.0,0.0,0.0
7512,GPL,Grandeur Products Limited,INE545R01010,Unknown,Unknown,EQ,,Unknown,0.0,0.0,0.0,0.0
3358,GRANDMA,Grandma Trading & Agencies Ltd.,INE927M01029,Unknown,Unknown,EQ,,Unknown,0.0,0.0,0.0,0.0
3168,UTIGN,Grandmaster - 93  - open ended.not. 45507/00 30.3.00,INF189A01079,Unknown,Unknown,EQ,,Unknown,0.0,0.0,0.0,0.0
861,GRANULES,Granules India Limited,INE101D01020,Unknown,Unknown,EQ,2005-06-20,Unknown,0.0,0.0,0.0,0.0
862,GRAPHITE,Graphite India Limited,INE371A01025,Unknown,Unknown,EQ,2003-02-07,Unknown,0.0,0.0,0.0,0.0
3713,GRPHIDM,Graphite India Ltd.,INE535A01017,Unknown,Unknown,EQ,,Unknown,0.0,0.0,0.0,0.0
863,GRASIM,Grasim Industries Limited,INE047A01021,Unknown,Unknown,EQ,1995-05-10,Unknown,0.0,0.0,0.0,0.0
9141,GRASIM-RE,Grasim Industries Ltd,INE047A20013,Unknown,Unknown,EQ,,Unknown,0.0,0.0,0.0,0.0
9595,GRASIMPP,Grasim Industries Ltd,IN9047A01029,Unknown,Unknown,EQ,,Unknown,0.0,0.0,0.0,0.0
5018,GRATEXI,Gratex Industries Ltd.,INE915E01013,Unknown,Unknown,EQ,,Unknown,0.0,0.0,0.0,0.0
864,GRAUWEIL,Grauer & Weil India Limited,INE266D01021,Unknown,Unknown,EQ,2026-04-20,Unknown,0.0,0.0,0.0,0.0
865,GRAVISSHO,Graviss Hospitality Limited,INE214F01026,Unknown,Unknown,EQ,2026-04-20,Unknown,0.0,0.0,0.0,0.0
866,GRAVITA,Gravita India Limited,INE024L01027,Unknown,Unknown,EQ,2010-11-16,Unknown,0.0,0.0,0.0,0.0
9433,GRAVITY-RE,Gravity (India) Ltd.,INE995A20013,Unknown,Unknown,EQ,,Unknown,0.0,0.0,0.0,0.0
6578,GRAVITY,Gravity (India) Ltd.,INE995A01013,Unknown,Unknown,EQ,,Unknown,0.0,0.0,0.0,0.0
8718,GRERENEW,GRE Renew Enertech Limited,INE0U8P01015,Unknown,Unknown,EQ,,Unknown,0.0,0.0,0.0,0.0
8926,GREATESTC,Great Eastern Shipping Co. Ltd.,INE017A04069,Unknown,Unknown,EQ,,Unknown,0.0,0.0,0.0,0.0
8921,GRESCDM,Great Eastern Shipping Co. Ltd.,INE017A04010,Unknown,Unknown,EQ,,Unknown,0.0,0.0,0.0,0.0
8923,GESPCDM,Great Eastern Shipping Co. Ltd.,INE017A04036,Unknown,Unknown,EQ,,Unknown,0.0,0.0,0.0,0.0
8922,GRAESDM,Great Eastern Shipping Co. Ltd.,INE017A04028,Unknown,Unknown,EQ,,Unknown,0.0,0.0,0.0,0.0
8925,GRATEAC,Great Eastern Shipping Co. Ltd.,INE017A04051,Unknown,Unknown,EQ,,Unknown,0.0,0.0,0.0,0.0
8924,GRESHDM,Great Eastern Shipping Co. Ltd.,INE017A04044,Unknown,Unknown,EQ,,Unknown,0.0,0.0,0.0,0.0
6867,GTOFFSHORE,GREAT OFFSHORE LIMITED,INE892H01017,Unknown,Unknown,EQ,,Unknown,0.0,0.0,0.0,0.0
867,GREAVESCOT,Greaves Cotton Limited,INE224A01026,Unknown,Unknown,EQ,2004-09-09,Unknown,0.0,0.0,0.0,0.0
6415,GREENCREST,Greencrest Financial Services Limited,INE414C01045,Unknown,Unknown,EQ,,Unknown,0.0,0.0,0.0,0.0
8454,GVL,Greenhitech Ventures Limited,INE0S0701019,Unknown,Unknown,EQ,,Unknown,0.0,0.0,0.0,0.0
868,GREENLAM,Greenlam Industries Limited,INE544R01021,Unknown,Unknown,EQ,2015-03-02,Unknown,0.0,0.0,0.0,0.0
869,GREENPANEL,Greenpanel Industries Limited,INE08ZM01014,Unknown,Unknown,EQ,2019-10-23,Unknown,0.0,0.0,0.0,0.0
870,GREENPLY,Greenply Industries Limited,INE461C01038,Unknown,Unknown,EQ,1996-03-06,Unknown,0.0,0.0,0.0,0.0
9129,GRETEX-RE,Gretex Corporate Services Limited,INE199P20010,Unknown,Unknown,EQ,,Unknown,0.0,0.0,0.0,0.0
790,GCSL,Gretex Corporate Services Limited,INE199P01028,Unknown,Unknown,EQ,2025-09-04,Unknown,0.0,0.0,0.0,0.0
872,GRINDWELL,Grindwell Norton Limited,INE536A01023,Unknown,Unknown,EQ,2006-09-11,Unknown,0.0,0.0,0.0,0.0
874,GRMOVER,GRM Overseas Limited,INE192H01020,Unknown,Unknown,EQ,2022-09-07,Unknown,0.0,0.0,0.0,0.0
6703,GROARC,GROARC INDUSTRIES INDIA LIMITED,INE042B01012,Unknown,Unknown,EQ,,Unknown,0.0,0.0,0.0,0.0
3690,GROVERLE,"Grover Leasing Ltd.,",INE930B01018,Unknown,Unknown,EQ,,Unknown,0.0,0.0,0.0,0.0
7598,GROVY,Grovy India Limited,INE343C01012,Unknown,Unknown,EQ,,Unknown,0.0,0.0,0.0,0.0
7504,GROWINGTON,GROWINGTON VENTURES INDIA LIMITED,INE451S01027,Unknown,Unknown,EQ,,Unknown,0.0,0.0,0.0,0.0
9302,GROWIN-RE,GROWINGTON VENTURES INDIA LIMITED,INE451S20019,Unknown,Unknown,EQ,,Unknown,0.0,0.0,0.0,0.0
8600,GROWWPOWER,Groww Mutual Fund,INF666M01LM6,Unknown,Unknown,EQ,,Unknown,0.0,0.0,0.0,0.0
8743,GROWWHOSPI,Groww Mutual Fund,INF666M01OD9,Unknown,Unknown,EQ,,Unknown,0.0,0.0,0.0,0.0
8912,GROWWRAIL,GROWW MUTUAL FUND  PERMITTED,INF666M01JJ6,Unknown,Unknown,EQ,,Unknown,0.0,0.0,0.0,0.0
8911,GROWWDEFNC,GROWW MUTUAL FUND  PERMITTED,INF666M01IO8,Unknown,Unknown,EQ,,Unknown,0.0,0.0,0.0,0.0
877,GRPLTD,GRP Limited,INE137I01015,Unknown,Unknown,EQ,2015-02-12,Unknown,0.0,0.0,0.0,0.0
3783,GRUH,GRUH Finance Ltd,INE580B01029,Unknown,Unknown,EQ,,Unknown,0.0,0.0,0.0,0.0
4069,GSALIND,GSAL (India) Ltd,INE653F01017,Unknown,Unknown,EQ,,Unknown,0.0,0.0,0.0,0.0
3828,GSBFIN,GSB Finance Ltd.,INE777C01011,Unknown,Unknown,EQ,,Unknown,0.0,0.0,0.0,0.0
5255,GSLNOVA,GSL Nova Petrochemicals Limited,INE787A01022,Unknown,Unknown,EQ,,Unknown,0.0,0.0,0.0,0.0
5219,GSLSEC,GSL Securities Ltd.,INE721D01017,Unknown,Unknown,EQ,,Unknown,0.0,0.0,0.0,0.0
882,GSPCROP,GSP Crop Science Limited,INE713R01022,Unknown,Unknown,EQ,2026-03-24,Unknown,0.0,0.0,0.0,0.0
883,GSS,GSS Infotech Limited,INE871H01011,Unknown,Unknown,EQ,2008-03-07,Unknown,0.0,0.0,0.0,0.0
6611,GTCLM,GTCL Mobile-Com Technology Ltd.,INE037D01018,Unknown,Unknown,EQ,,Unknown,0.0,0.0,0.0,0.0
886,GTLINFRA,GTL Infrastructure Limited,INE221H01019,Unknown,Unknown,EQ,2006-11-09,Unknown,0.0,0.0,0.0,0.0
885,GTL,GTL Limited,INE043A01012,Unknown,Unknown,EQ,1995-03-29,Unknown,0.0,0.0,0.0,0.0
3057,GTNINDS,GTN Industries Limited,INE537A01013,Unknown,Unknown,EQ,,Unknown,0.0,0.0,0.0,0.0
6854,GTNTEX,GTN Textiles Ltd. (formerly known as GTN Industries Ltd.),INE302H01017,Unknown,Unknown,EQ,,Unknown,0.0,0.0,0.0,0.0
887,GTPL,GTPL Hathway Limited,INE869I01013,Unknown,Unknown,EQ,2017-07-04,Unknown,0.0,0.0,0.0,0.0
9272,GTTDA-RE,GTT DATA SOLUTIONS LIMITED,INE959B20017,Unknown,Unknown,EQ,,Unknown,0.0,0.0,0.0,0.0
5214,GTTDATA,GTT DATA SOLUTIONS LIMITED,INE959B01017,Unknown,Unknown,EQ,,Unknown,0.0,0.0,0.0,0.0
9617,GTTDATAPP,GTT DATA SOLUTIONS LIMITED,IN9959B01015,Unknown,Unknown,EQ,,Unknown,0.0,0.0,0.0,0.0
7582,GTV,GTV Engineering Limited,INE910R01024,Unknown,Unknown,EQ,,Unknown,0.0,0.0,0.0,0.0
888,GUFICBIO,Gufic Biosciences Limited,INE742B01025,Unknown,Unknown,EQ,2004-10-19,Unknown,0.0,0.0,0.0,0.0
889,GUJALKALI,Gujarat Alkalies and Chemicals Limited,INE186A01019,Unknown,Unknown,EQ,1997-08-07,Unknown,0.0,0.0,0.0,0.0
768,GAEL,Gujarat Ambuja Exports Limited,INE036B01030,Unknown,Unknown,EQ,2000-10-11,Unknown,0.0,0.0,0.0,0.0
890,GUJAPOLLO,Gujarat Apollo Industries Limited,INE826C01016,Unknown,Unknown,EQ,2007-06-04,Unknown,0.0,0.0,0.0,0.0
4408,GJTAQFD,Gujarat Aqua Industries Ltd.,INE705F01015,Unknown,Unknown,EQ,,Unknown,0.0,0.0,0.0,0.0
6603,GUJARTH,Gujarat Arth Ltd.,INE852B01014,Unknown,Unknown,EQ,,Unknown,0.0,0.0,0.0,0.0
4689,GUJBOROS,Gujarat Borosil Limited.,INE059C01022,Unknown,Unknown,EQ,,Unknown,0.0,0.0,0.0,0.0
5453,GUJBP,Gujarat Bulk Packs ltd,INE709C01014,Unknown,Unknown,EQ,,Unknown,0.0,0.0,0.0,0.0
3508,GUJCARB,Gujarat Carbon & Ind. Ltd.,INE462C01010,Unknown,Unknown,EQ,,Unknown,0.0,0.0,0.0,0.0
4102,GUJCONT,Gujarat Containers Ltd.,INE276I01011,Unknown,Unknown,EQ,,Unknown,0.0,0.0,0.0,0.0
9431,GUJCOT-RE,Gujarat Cotex Ltd,INE004C20010,Unknown,Unknown,EQ,,Unknown,0.0,0.0,0.0,0.0
4206,GUJCOTEX,Gujarat Cotex Ltd,INE004C01028,Unknown,Unknown,EQ,,Unknown,0.0,0.0,0.0,0.0
5070,GUJCRAFT,Gujarat Craft Industries Ltd.,INE372D01019,Unknown,Unknown,EQ,,Unknown,0.0,0.0,0.0,0.0
3810,GUJCRED,Gujarat Credit Corporation Ltd.,INE034B01019,Unknown,Unknown,EQ,,Unknown,0.0,0.0,0.0,0.0
5218,GUJCYPROM,Gujarat Cypromet Ltd.,INE673B01014,Unknown,Unknown,EQ,,Unknown,0.0,0.0,0.0,0.0
891,GUJENERGY,GUJARAT ENERGY LIMITED,INE844O01030,Unknown,Unknown,EQ,2015-09-15,Unknown,0.0,0.0,0.0,0.0
6562,GUJFISC,Gujarat Fiscon Ltd.,INE554D01012,Unknown,Unknown,EQ,,Unknown,0.0,0.0,0.0,0.0
754,FLUOROCHEM,Gujarat Fluorochemicals Limited,INE09N301011,Unknown,Unknown,EQ,2019-10-16,Unknown,0.0,0.0,0.0,0.0
6222,GUJFOIL,Gujarat Foils Ltd.,INE587F01017,Unknown,Unknown,EQ,,Unknown,0.0,0.0,0.0,0.0
4648,GUJRATGAS,Gujarat Gas Co. Ltd.,INE374A01029,Unknown,Unknown,EQ,,Unknown,0.0,0.0,0.0,0.0
3632,GUJHOTE,Gujarat Hotels Ltd.,INE621C01011,Unknown,Unknown,EQ,,Unknown,0.0,0.0,0.0,0.0
7945,GUJHYSPIN,Gujarat Hy-Spin Limited,INE578V01013,Unknown,Unknown,EQ,,Unknown,0.0,0.0,0.0,0.0
810,GIPCL,Gujarat Industries Power Company Limited,INE162A01010,Unknown,Unknown,EQ,1995-02-08,Unknown,0.0,0.0,0.0,0.0
4742,GUJINJEC,Gujarat Inject (Kerala) Ltd.,INE659F01022,Unknown,Unknown,EQ,,Unknown,0.0,0.0,0.0,0.0
4314,GUJINTRX,Gujarat Intrux Limited,INE877E01015,Unknown,Unknown,EQ,,Unknown,0.0,0.0,0.0,0.0
5540,GUJINV,Gujarat Investa Ltd.,INE373D01017,Unknown,Unknown,EQ,,Unknown,0.0,0.0,0.0,0.0
4631,GUJJHM,Gujarat JHM Hotels Limited,INE596J01010,Unknown,Unknown,EQ,,Unknown,0.0,0.0,0.0,0.0
813,GKSL,Gujarat Kidney And Super Speciality Limited,INE0V0W01025,Unknown,Unknown,EQ,2025-12-30,Unknown,0.0,0.0,0.0,0.0
818,GLFL,Gujarat Lease Financing Limited,INE540A01017,Unknown,Unknown,EQ,1995-02-08,Unknown,0.0,0.0,0.0,0.0
4837,GUJMEDI,Gujarat Meditech Ltd.,INE010M01016,Unknown,Unknown,EQ,,Unknown,0.0,0.0,0.0,0.0
6495,GMETCOAL,Gujarat Metallic Coal & Coke Ltd,INE146F01020,Unknown,Unknown,EQ,,Unknown,0.0,0.0,0.0,0.0
828,GMDCLTD,Gujarat Mineral Development Corporation Limited,INE131A01031,Unknown,Unknown,EQ,1997-12-17,Unknown,0.0,0.0,0.0,0.0
4980,GUJNFLY,Gujarat Narmada Flyash Co. Ltd.,INE955G01022,Unknown,Unknown,EQ,,Unknown,0.0,0.0,0.0,0.0
833,GNFC,Gujarat Narmada Valley Fertilizers and Chemicals Limited,INE113A01013,Unknown,Unknown,EQ,1995-05-17,Unknown,0.0,0.0,0.0,0.0
9254,GNRL-RE,Gujarat Natural Resources Limited,INE207H20018,Unknown,Unknown,EQ,,Unknown,0.0,0.0,0.0,0.0
834,GNRL,Gujarat Natural Resources Limited,INE207H01018,Unknown,Unknown,EQ,2026-04-20,Unknown,0.0,0.0,0.0,0.0
4022,GUJNRECOKE,Gujarat NRE Coke Ltd.,INE110D01013,Unknown,Unknown,EQ,,Unknown,0.0,0.0,0.0,0.0
8846,GUJNREDVR,Gujarat NRE Coke Ltd.,IN9110D01011,Unknown,Unknown,EQ,,Unknown,0.0,0.0,0.0,0.0
5064,GUJOC,Gujarat Optical Communications Ltd.,INE069D01011,Unknown,Unknown,EQ,,Unknown,0.0,0.0,0.0,0.0
8635,GPAPL,GUJARAT PEANUT AND AGRI PRODUCTS LIMITED,INE0SIK01014,Unknown,Unknown,EQ,,Unknown,0.0,0.0,0.0,0.0
4921,GUJPE,Gujarat Perstorp Electronics Ltd.,INE878D01015,Unknown,Unknown,EQ,,Unknown,0.0,0.0,0.0,0.0
3533,GUJPETR,Gujarat Petrosynthese Ltd.,INE636P01011,Unknown,Unknown,EQ,,Unknown,0.0,0.0,0.0,0.0
856,GPPL,Gujarat Pipavav Port Limited,INE517F01014,Unknown,Unknown,EQ,2010-09-09,Unknown,0.0,0.0,0.0,0.0
4301,GUJARATPOLY,Gujarat Poly Electronics Limited,INE541F01022,Unknown,Unknown,EQ,,Unknown,0.0,0.0,0.0,0.0
3607,GUJPRDM,Gujarat Propack Ltd.,INE956D01019,Unknown,Unknown,EQ,,Unknown,0.0,0.0,0.0,0.0
892,GUJRAFFIA,Gujarat Raffia Industries Limited,INE610B01024,Unknown,Unknown,EQ,1996-10-09,Unknown,0.0,0.0,0.0,0.0
9483,GUJSDPP,Gujarat Sidhee Cement Limited.,IN9542A01029,Unknown,Unknown,EQ,,Unknown,0.0,0.0,0.0,0.0
4361,GSCLCEMENT,Gujarat Sidhee Cement Limited.,INE542A01039,Unknown,Unknown,EQ,,Unknown,0.0,0.0,0.0,0.0
880,GSFC,Gujarat State Fertilizers & Chemicals Limited,INE026A01025,Unknown,Unknown,EQ,1995-09-06,Unknown,0.0,0.0,0.0,0.0
6648,GUJSTATFIN,Gujarat State Financial corporation,INE944A01011,Unknown,Unknown,EQ,,Unknown,0.0,0.0,0.0,0.0
6840,GSPL,Gujarat State Petronet Ltd.,INE246F01010,Unknown,Unknown,EQ,,Unknown,0.0,0.0,0.0,0.0
3058,GTCL,Gujarat Telephone Cables Ltd.,INE261B01018,Unknown,Unknown,EQ,,Unknown,0.0,0.0,0.0,0.0
4752,GUJTERC,Gujarat Terce Laboratories Ltd,INE499G01013,Unknown,Unknown,EQ,,Unknown,0.0,0.0,0.0,0.0
4500,GUJTEXSP,Gujarat Texspin Ltd.,INE677C01013,Unknown,Unknown,EQ,,Unknown,0.0,0.0,0.0,0.0
893,GUJTHEM,Gujarat Themis Biosyn Limited,INE942C01045,Unknown,Unknown,EQ,2025-02-25,Unknown,0.0,0.0,0.0,0.0
4072,GUJTLRM,Gujarat Toolroom Ltd.,INE145J01032,Unknown,Unknown,EQ,,Unknown,0.0,0.0,0.0,0.0
9194,GUJTLRM-RE,Gujarat Toolroom Ltd.,INE145J20016,Unknown,Unknown,EQ,,Unknown,0.0,0.0,0.0,0.0
4046,GUJWDGE,Gujarat Wedge Wire Screens Ltd.,INE090J01014,Unknown,Unknown,EQ,,Unknown,0.0,0.0,0.0,0.0
8007,GUJWIND,Gujarat Winding Systems Limited,INE173V01013,Unknown,Unknown,EQ,,Unknown,0.0,0.0,0.0,0.0
6607,GUJJUBHAI,GUJJUBHAI INDUSTRIES LIMITED,INE311N01016,Unknown,Unknown,EQ,,Unknown,0.0,0.0,0.0,0.0
8810,GULFLLOYDS,GULF LLOYDS (INDIA) LIMITED,INE1WDC01012,Unknown,Unknown,EQ,,Unknown,0.0,0.0,0.0,0.0
3743,GULFODM,Gulf Oil India Ltd,INE812A01010,Unknown,Unknown,EQ,,Unknown,0.0,0.0,0.0,0.0
894,GULFOILLUB,Gulf Oil Lubricants India Limited,INE635Q01029,Unknown,Unknown,EQ,2014-07-31,Unknown,0.0,0.0,0.0,0.0
896,GULPOLY,Gulshan Polyols Limited,INE255D01024,Unknown,Unknown,EQ,2015-01-28,Unknown,0.0,0.0,0.0,0.0
4152,GUPTSYN,Gupta Synthetics Ltd.,INE957D01017,Unknown,Unknown,EQ,,Unknown,0.0,0.0,0.0,0.0
9113,GKL-RE,GURU KRUPA GEMS AND JEWELLERY LIMITED,INE986W20016,Unknown,Unknown,EQ,,Unknown,0.0,0.0,0.0,0.0
7820,GKL,GURU KRUPA GEMS AND JEWELLERY LIMITED,INE986W01016,Unknown,Unknown,EQ,,Unknown,0.0,0.0,0.0,0.0
897,GVKPIL,GVK Power & Infrastructure Limited,INE251H01024,Unknown,Unknown,BE,2006-02-27,Unknown,0.0,0.0,0.0,0.0
899,GVPTECH,GVP Infotech Limited,INE382T01030,Unknown,Unknown,BE,2022-09-06,Unknown,0.0,0.0,0.0,0.0
5115,GYANDEV,Gyan Developers & Builders Ltd.,INE487G01018,Unknown,Unknown,EQ,,Unknown,0.0,0.0,0.0,0.0
901,GYFTR,Gyftr Limited,INE724A01017,Unknown,Unknown,EQ,2026-07-10,Unknown,0.0,0.0,0.0,0.0
9358,GYFTR-RE,GYFTR LIMITED,INE724A20017,Unknown,Unknown,EQ,,Unknown,0.0,0.0,0.0,0.0
8818,HRHYGIENE,H. R. HYGIENE PRODUCTS LIMITED,INE17DP01015,Unknown,Unknown,EQ,,Unknown,0.0,0.0,0.0,0.0
945,HGINFRA,H.G. Infra Engineering Limited,INE926X01010,Unknown,Unknown,EQ,2018-03-09,Unknown,0.0,0.0,0.0,0.0
8536,HMEML,H.M. ELECTRO MECH LIMITED,INE0DZD01015,Unknown,Unknown,EQ,,Unknown,0.0,0.0,0.0,0.0
3272,HPCOTTON,H.P. Cotton Textile Mills Ltd.,INE950C01014,Unknown,Unknown,EQ,,Unknown,0.0,0.0,0.0,0.0
6643,HOTLSILV,H.S.India Ltd.,INE731B01010,Unknown,Unknown,EQ,,Unknown,0.0,0.0,0.0,0.0
903,HALDER,Halder Venture Limited,INE115S01010,Unknown,Unknown,EQ,2026-01-19,Unknown,0.0,0.0,0.0,0.0
904,HALDYNGL,Haldyn Glass Limited,INE506D01020,Unknown,Unknown,BE,2026-04-20,Unknown,0.0,0.0,0.0,0.0
905,HALEOSLABS,HALEOS LABS LIMITED,INE320X01016,Unknown,Unknown,EQ,2017-08-17,Unknown,0.0,0.0,0.0,0.0
8518,HAMPS,HAMPS BIO LIMITED,INE0QBD01018,Unknown,Unknown,EQ,,Unknown,0.0,0.0,0.0,0.0
906,HAMPTON,Hampton Sky Realty Limited,INE299D01022,Unknown,Unknown,EQ,2026-08-17,Unknown,0.0,0.0,0.0,0.0
946,HGM,HandsOn Global Management (HGM) Limited,INE596H01014,Unknown,Unknown,EQ,2006-09-27,Unknown,0.0,0.0,0.0,0.0
3059,HANILERA,Hanil Era Textiles Ltd.,INE021D01012,Unknown,Unknown,EQ,,Unknown,0.0,0.0,0.0,0.0
4189,HANJFIB,Hanjer Fibres Ltd.,INE053G01018,Unknown,Unknown,EQ,,Unknown,0.0,0.0,0.0,0.0
7318,HANMAN,HANMAN FIT LIMITED,INE982Q01017,Unknown,Unknown,EQ,,Unknown,0.0,0.0,0.0,0.0
8722,HANNAH,Hannah Joseph Hospital Limited,INE0JVH01012,Unknown,Unknown,EQ,,Unknown,0.0,0.0,0.0,0.0
4446,HANUMAN,Hanuman Tea Co. Ltd.,INE363C01010,Unknown,Unknown,EQ,,Unknown,0.0,0.0,0.0,0.0
6864,HANUNG,Hanung Toys & Textiles Limited,INE648H01013,Unknown,Unknown,EQ,,Unknown,0.0,0.0,0.0,0.0
907,HAPPSTMNDS,Happiest Minds Technologies Limited,INE419U01012,Unknown,Unknown,EQ,2020-09-17,Unknown,0.0,0.0,0.0,0.0
908,HAPPYFORGE,Happy Forgings Limited,INE330T01021,Unknown,Unknown,EQ,2023-12-27,Unknown,0.0,0.0,0.0,0.0
5409,HARBORNE,Harbor Network Systems Ltd.,INE021C01014,Unknown,Unknown,EQ,,Unknown,0.0,0.0,0.0,0.0
3714,HARDCAS,Hardcastle & Waud Mfg. Co. Ltd.,INE722D01015,Unknown,Unknown,EQ,,Unknown,0.0,0.0,0.0,0.0
909,HARDWYN,Hardwyn India Limited,INE626Z01029,Unknown,Unknown,EQ,2022-04-12,Unknown,0.0,0.0,0.0,0.0
7210,HARIAAPL,Haria Apparels Limited,INE493N01012,Unknown,Unknown,EQ,,Unknown,0.0,0.0,0.0,0.0
4028,HARIAEXPO,Haria Exports Ltd.,INE772B01014,Unknown,Unknown,EQ,,Unknown,0.0,0.0,0.0,0.0
3060,HARCR,Harig Crankshafts Ltd.,INE905C01034,Unknown,Unknown,EQ,,Unknown,0.0,0.0,0.0,0.0
8767,HARIKANTA,HARIKANTA OVERSEAS LIMITED,INE1UYW01010,Unknown,Unknown,EQ,,Unknown,0.0,0.0,0.0,0.0
910,HARIOMPIPE,Hariom Pipe Industries Limited,INE00EV01017,Unknown,Unknown,EQ,2022-04-13,Unknown,0.0,0.0,0.0,0.0
8103,HARISH,Harish Textile Engineers Limited,INE01K301012,Unknown,Unknown,EQ,,Unknown,0.0,0.0,0.0,0.0
3930,HARTF,"Harisiddha Trading & Finance Ltd.,",INE596C01015,Unknown,Unknown,EQ,,Unknown,0.0,0.0,0.0,0.0
8859,HARITASEAT,HARITA SEATING SYSTEMS LTD,INE939D01015,Unknown,Unknown,EQ,,Unknown,0.0,0.0,0.0,0.0
982,HRYNSHP,Hariyana Ship Breakers Limited,INE400G01011,Unknown,Unknown,EQ,2026-08-17,Unknown,0.0,0.0,0.0,0.0
3469,HVL,HARIYANA VENTURES LIMITED,INE219D01012,Unknown,Unknown,EQ,,Unknown,0.0,0.0,0.0,0.0
4723,HARLPHR,Harleystreet Pharmaceuticals Ltd.,INE344K01013,Unknown,Unknown,EQ,,Unknown,0.0,0.0,0.0,0.0
5092,HRMNYCP,Harmony Capital Services Ltd.,INE264N01017,Unknown,Unknown,EQ,,Unknown,0.0,0.0,0.0,0.0
911,HARRMALAYA,Harrisons  Malayalam Limited,INE544A01019,Unknown,Unknown,EQ,1995-02-08,Unknown,0.0,0.0,0.0,0.0
912,HARSHA,Harsha Engineers International Limited,INE0JUS01029,Unknown,Unknown,EQ,2022-09-26,Unknown,0.0,0.0,0.0,0.0
8437,HARSHDEEP,HARSHDEEP HORTICO LIMITED,INE0OLZ01015,Unknown,Unknown,EQ,,Unknown,0.0,0.0,0.0,0.0
9278,HARSHIL-RE,HARSHIL AGROTECH LIMITED,INE098E20018,Unknown,Unknown,EQ,,Unknown,0.0,0.0,0.0,0.0
3417,HARSHILAGR,HARSHIL AGROTECH LIMITED,INE098E01026,Unknown,Unknown,EQ,,Unknown,0.0,0.0,0.0,0.0
3841,HARVIC,Harvic Management Services (India),INE156D01024,Unknown,Unknown,EQ,,Unknown,0.0,0.0,0.0,0.0
3558,HARBRDM,"Haryana Breweries Ltd.,",INE175D01016,Unknown,Unknown,EQ,,Unknown,0.0,0.0,0.0,0.0
6895,HARYNACAP,Haryana Capfin Ltd.,INE928H01019,Unknown,Unknown,EQ,,Unknown,0.0,0.0,0.0,0.0
5357,HARAFIN,Haryana Financial Corporation ltd.,INE737G01016,Unknown,Unknown,EQ,,Unknown,0.0,0.0,0.0,0.0
4722,HARLETH,Haryana Leather Chemicals Ltd.,INE681F01018,Unknown,Unknown,EQ,,Unknown,0.0,0.0,0.0,0.0
3546,HARPCDM,"Haryana Petrochemicals Ltd.,",INE753C01012,Unknown,Unknown,EQ,,Unknown,0.0,0.0,0.0,0.0
4244,HARYANSHET,Haryana Sheet Glass Ltd.,INE038D01016,Unknown,Unknown,EQ,,Unknown,0.0,0.0,0.0,0.0
3370,HARSTEEL,Haryana Steel & Alloys Ltd.,INE567C01016,Unknown,Unknown,EQ,,Unknown,0.0,0.0,0.0,0.0
4414,HARSM,Haryana Suraj Maltings Ltd.,INE154E01019,Unknown,Unknown,EQ,,Unknown,0.0,0.0,0.0,0.0
4185,HARYANATEX,Haryana Texprints (Overseas) Limited,INE206G01012,Unknown,Unknown,EQ,,Unknown,0.0,0.0,0.0,0.0
9471,HASJUICE,Has Lifestyle Limited,INE888Q01016,Unknown,Unknown,EQ,,Unknown,0.0,0.0,0.0,0.0
6207,HASTIFIN,Hasti Finance Ltd.,INE671D01014,Unknown,Unknown,EQ,,Unknown,0.0,0.0,0.0,0.0
3687,HATHWAYB,Hathway Bhawani Cabletel & Datacom,INE525B01016,Unknown,Unknown,EQ,,Unknown,0.0,0.0,0.0,0.0
913,HATHWAY,Hathway Cable & Datacom Limited,INE982F01036,Unknown,Unknown,EQ,2010-02-25,Unknown,0.0,0.0,0.0,0.0
5397,HATIGOR,Hatigor Tea Estates ltd.,INE205E01019,Unknown,Unknown,EQ,,Unknown,0.0,0.0,0.0,0.0
914,HATSUN,Hatsun Agro Product Limited,INE473B01035,Unknown,Unknown,EQ,2014-06-20,Unknown,0.0,0.0,0.0,0.0
9551,HATSUNPP,Hatsun Agro Products Ltd.,IN9473B01017,Unknown,Unknown,EQ,,Unknown,0.0,0.0,0.0,0.0
9068,HATSUN-RE,Hatsun Agro Products Ltd.,INE473B20019,Unknown,Unknown,EQ,,Unknown,0.0,0.0,0.0,0.0
915,HAVELLS,Havells India Limited,INE176B01034,Unknown,Unknown,EQ,2001-03-21,Unknown,0.0,0.0,0.0,0.0
7483,HAWAENG,Hawa Engineers ltd.,INE230I01018,Unknown,Unknown,EQ,,Unknown,0.0,0.0,0.0,0.0
917,HAWKINCOOK,Hawkins Cookers Limited,INE979B01015,Unknown,Unknown,EQ,2026-04-20,Unknown,0.0,0.0,0.0,0.0
9084,HAZOOR-RE,Hazoor Multi Projects Limited,INE550F20015,Unknown,Unknown,EQ,,Unknown,0.0,0.0,0.0,0.0
9587,HAZOORPP,Hazoor Multi Projects Limited,IN9550F01013,Unknown,Unknown,EQ,,Unknown,0.0,0.0,0.0,0.0
918,HAZOOR,Hazoor Multi Projects Limited,INE550F01049,Unknown,Unknown,EQ,2026-08-17,Unknown,0.0,0.0,0.0,0.0
919,HBESD,HB Estate Developers Limited,INE640B01021,Unknown,Unknown,EQ,2026-04-20,Unknown,0.0,0.0,0.0,0.0
3662,HBLEAS,HB Leasing & Finance Co. Ltd.,INE549B01016,Unknown,Unknown,EQ,,Unknown,0.0,0.0,0.0,0.0
921,HBPOR,HB Portfolio Limited,INE638B01025,Unknown,Unknown,EQ,2026-08-17,Unknown,0.0,0.0,0.0,0.0
922,HBSL,HB Stockholdings Limited,INE550B01022,Unknown,Unknown,EQ,2018-07-23,Unknown,0.0,0.0,0.0,0.0
7190,HBGHOTELS,HBG HOTELS LIMITED,INE977M01024,Unknown,Unknown,EQ,,Unknown,0.0,0.0,0.0,0.0
920,HBLENGINE,HBL Engineering Limited,INE292B01021,Unknown,Unknown,EQ,2007-01-04,Unknown,0.0,0.0,0.0,0.0
7506,HCKKVENTURE,HCKK Ventures Limited,INE345Q01017,Unknown,Unknown,EQ,,Unknown,0.0,0.0,0.0,0.0
925,HCL-INSYS,HCL Infosystems Limited,INE236A01020,Unknown,Unknown,EQ,1997-01-01,Unknown,0.0,0.0,0.0,0.0
926,HCLTECH,HCL Technologies Limited,INE860A01027,Unknown,Unknown,EQ,2000-01-06,Unknown,0.0,0.0,0.0,0.0
9028,HPBL-RE,HCP PLASTENE BULKPACK LIMITED,INE136C20010,Unknown,Unknown,EQ,,Unknown,0.0,0.0,0.0,0.0
5010,HPBL,HCP PLASTENE BULKPACK LIMITED,INE136C01044,Unknown,Unknown,EQ,,Unknown,0.0,0.0,0.0,0.0
927,HDBFS,HDB Financial Services Limited,INE756I01012,Unknown,Unknown,EQ,2025-07-02,Unknown,0.0,0.0,0.0,0.0
928,HDFCAMC,HDFC Asset Management Company Limited,INE127D01025,Unknown,Unknown,EQ,2018-08-06,Unknown,0.0,0.0,0.0,0.0
4,HDFCBANK,HDFC Bank Limited,INE040A01034,Unknown,Unknown,EQ,1995-11-08,Unknown,0.0,0.0,0.0,0.0
929,HDFCLIFE,HDFC Life Insurance Company Limited,INE795G01014,Unknown,Unknown,EQ,2017-11-17,Unknown,0.0,0.0,0.0,0.0
7911,HHOF1140RG,HDFC Mutual Fund,INF179KB1W87,Unknown,Unknown,EQ,,Unknown,0.0,0.0,0.0,0.0
7851,HEOFRG1100,HDFC Mutual Fund,INF179KC1AL2,Unknown,Unknown,EQ,,Unknown,0.0,0.0,0.0,0.0
7831,HEOFDD1126,HDFC Mutual Fund,INF179KC1AG2,Unknown,Unknown,EQ,,Unknown,0.0,0.0,0.0,0.0
7830,HEOFDG1126,HDFC Mutual Fund,INF179KC1AF4,Unknown,Unknown,EQ,,Unknown,0.0,0.0,0.0,0.0
8208,HDFCNIFBAN,HDFC Mutual Fund,INF179KC1HY0,Unknown,Unknown,EQ,,Unknown,0.0,0.0,0.0,0.0
8301,HDFCNEXT50,HDFC Mutual Fund,INF179KC1HS2,Unknown,Unknown,EQ,,Unknown,0.0,0.0,0.0,0.0
8349,HDFCBSE500,HDFC Mutual Fund,INF179KC1EZ4,Unknown,Unknown,EQ,,Unknown,0.0,0.0,0.0,0.0
8813,HDFCNIMEG,HDFC Mutual Fund,INF179KC1KT4,Unknown,Unknown,EQ,,Unknown,0.0,0.0,0.0,0.0
8300,HDFCNIF100,HDFC Mutual Fund,INF179KC1HR4,Unknown,Unknown,EQ,,Unknown,0.0,0.0,0.0,0.0
7474,HFEFBDD,HDFC Mutual Fund,INF179KA17O9,Unknown,Unknown,EQ,,Unknown,0.0,0.0,0.0,0.0
7910,HHOF1140DD,HDFC Mutual Fund,INF179KB1W79,Unknown,Unknown,EQ,,Unknown,0.0,0.0,0.0,0.0
7852,HEOFRD1100,HDFC Mutual Fund,INF179KC1AM0,Unknown,Unknown,EQ,,Unknown,0.0,0.0,0.0,0.0
7473,HFEFBDG,HDFC Mutual Fund,INF179KA16O1,Unknown,Unknown,EQ,,Unknown,0.0,0.0,0.0,0.0
8333,HDFCPVTBAN,HDFC Mutual Fund,INF179KC1HZ7,Unknown,Unknown,EQ,,Unknown,0.0,0.0,0.0,0.0
8332,HDFCNIFIT,HDFC Mutual Fund,INF179KC1IA8,Unknown,Unknown,EQ,,Unknown,0.0,0.0,0.0,0.0
7850,HEOFDD1100,HDFC Mutual Fund,INF179KC1AK4,Unknown,Unknown,EQ,,Unknown,0.0,0.0,0.0,0.0
8312,HDFCQUAL,HDFC Mutual Fund,INF179KC1DL6,Unknown,Unknown,EQ,,Unknown,0.0,0.0,0.0,0.0
7405,HFEFDG,HDFC Mutual Fund,INF179KA1T68,Unknown,Unknown,EQ,,Unknown,0.0,0.0,0.0,0.0
7192,HRGESSRG2,HDFC Mutual Fund,INF179KA1BN8,Unknown,Unknown,EQ,,Unknown,0.0,0.0,0.0,0.0
7909,HHOF1140DG,HDFC Mutual Fund,INF179KB1W61,Unknown,Unknown,EQ,,Unknown,0.0,0.0,0.0,0.0
7406,HFEFDD,HDFC Mutual Fund,INF179KA1T76,Unknown,Unknown,EQ,,Unknown,0.0,0.0,0.0,0.0
7912,HHOF1140RD,HDFC Mutual Fund,INF179KB1W95,Unknown,Unknown,EQ,,Unknown,0.0,0.0,0.0,0.0
7472,HFEFBRD,HDFC Mutual Fund,INF179KA19O5,Unknown,Unknown,EQ,,Unknown,0.0,0.0,0.0,0.0
7407,HFEFRG,HDFC Mutual Fund,INF179KA1T84,Unknown,Unknown,EQ,,Unknown,0.0,0.0,0.0,0.0
7408,HFEFRD,HDFC Mutual Fund,INF179KA1T92,Unknown,Unknown,EQ,,Unknown,0.0,0.0,0.0,0.0
7807,CD10R,HDFC Mutual Fund,INF179KB1F13,Unknown,Unknown,EQ,,Unknown,0.0,0.0,0.0,0.0
7806,CD50R,HDFC Mutual Fund,INF179KB1F05,Unknown,Unknown,EQ,,Unknown,0.0,0.0,0.0,0.0
7805,CA10R,HDFC Mutual Fund,INF179KB1E71,Unknown,Unknown,EQ,,Unknown,0.0,0.0,0.0,0.0
7804,CA50R,HDFC Mutual Fund,INF179KB1E63,Unknown,Unknown,EQ,,Unknown,0.0,0.0,0.0,0.0
7468,HFEFBRG,HDFC Mutual Fund,INF179KA18O7,Unknown,Unknown,EQ,,Unknown,0.0,0.0,0.0,0.0
7193,HRGESSRD2,HDFC Mutual Fund,INF179KA1BO6,Unknown,Unknown,EQ,,Unknown,0.0,0.0,0.0,0.0
7803,CD10T,HDFC Mutual Fund,INF179KB1E97,Unknown,Unknown,EQ,,Unknown,0.0,0.0,0.0,0.0
8350,HDFCSML250,HDFC Mutual Fund,INF179KC1FB2,Unknown,Unknown,EQ,,Unknown,0.0,0.0,0.0,0.0
7802,CD50T,HDFC Mutual Fund,INF179KB1E89,Unknown,Unknown,EQ,,Unknown,0.0,0.0,0.0,0.0
8327,HDFCLOWVOL,HDFC Mutual Fund,INF179KC1HU8,Unknown,Unknown,EQ,,Unknown,0.0,0.0,0.0,0.0
7849,HEOFDG1100,HDFC Mutual Fund,INF179KC1AJ6,Unknown,Unknown,EQ,,Unknown,0.0,0.0,0.0,0.0
7833,HEOFRD1126,HDFC Mutual Fund,INF179KC1AI8,Unknown,Unknown,EQ,,Unknown,0.0,0.0,0.0,0.0
7832,HEOFRG1126,HDFC Mutual Fund,INF179KC1AH0,Unknown,Unknown,EQ,,Unknown,0.0,0.0,0.0,0.0
8328,HDFCMOMENT,HDFC Mutual Fund,INF179KC1HV6,Unknown,Unknown,EQ,,Unknown,0.0,0.0,0.0,0.0
8314,HDFCGROWTH,HDFC Mutual Fund,INF179KC1DJ0,Unknown,Unknown,EQ,,Unknown,0.0,0.0,0.0,0.0
8315,HDFCVALUE,HDFC Mutual Fund,INF179KC1DK8,Unknown,Unknown,EQ,,Unknown,0.0,0.0,0.0,0.0
7195,HRGESSDD2,HDFC Mutual Fund,INF179KA1BQ1,Unknown,Unknown,EQ,,Unknown,0.0,0.0,0.0,0.0
7800,CA50T,HDFC Mutual Fund,INF179KB1E48,Unknown,Unknown,EQ,,Unknown,0.0,0.0,0.0,0.0
7194,HRGESSDG2,HDFC Mutual Fund,INF179KA1BP3,Unknown,Unknown,EQ,,Unknown,0.0,0.0,0.0,0.0
7801,CA10T,HDFC Mutual Fund,INF179KB1E55,Unknown,Unknown,EQ,,Unknown,0.0,0.0,0.0,0.0
7593,HDFCNIFTY,HDFC Mutual Fund,INF179KC1965,Unknown,Unknown,EQ,,Unknown,0.0,0.0,0.0,0.0
7594,HDFCSENSEX,HDFC Mutual Fund,INF179KC1HX2,Unknown,Unknown,EQ,,Unknown,0.0,0.0,0.0,0.0
8441,HDFCPSUBK,HDFC Mutual Fund,INF179KC1HW4,Unknown,Unknown,EQ,,Unknown,0.0,0.0,0.0,0.0
8351,HDFCMID150,HDFC Mutual Fund,INF179KC1HT0,Unknown,Unknown,EQ,,Unknown,0.0,0.0,0.0,0.0
931,HEADSUP,Heads UP Ventures Limited,INE759V01019,Unknown,Unknown,EQ,2016-12-14,Unknown,0.0,0.0,0.0,0.0
932,HEALTHX,Health X Platform Limited,INE019J01013,Unknown,Unknown,EQ,2010-10-05,Unknown,0.0,0.0,0.0,0.0
924,HCG,Healthcare Global Enterprises Limited,INE075I01017,Unknown,Unknown,EQ,2016-03-30,Unknown,0.0,0.0,0.0,0.0
9418,HCG-RE,HealthCare Global Enterprises Limited,INE075I20017,Unknown,Unknown,EQ,,Unknown,0.0,0.0,0.0,0.0
7050,HEALTHTECH,HealthFore Technologies Limited,INE402L01017,Unknown,Unknown,EQ,,Unknown,0.0,0.0,0.0,0.0
3300,HEALINV,Healthy Investments Ltd.,INE160N01017,Unknown,Unknown,EQ,,Unknown,0.0,0.0,0.0,0.0
9363,HEALTH-RE,HEALTHY LIFE AGRITEC LIMITED,INE0L3520015,Unknown,Unknown,EQ,,Unknown,0.0,0.0,0.0,0.0
8297,HEALTHYLIFE,HEALTHY LIFE AGRITEC LIMITED,INE0L3501015,Unknown,Unknown,EQ,,Unknown,0.0,0.0,0.0,0.0
4545,HEATSHRINKT,Heatshrink Technologies Ltd.,INE966B01012,Unknown,Unknown,EQ,,Unknown,0.0,0.0,0.0,0.0
933,HECPROJECT,HEC Infra Projects Limited,INE558R01013,Unknown,Unknown,EQ,2021-12-30,Unknown,0.0,0.0,0.0,0.0
5071,HEERAISP,Heera Ispat Ltd.,INE025D01013,Unknown,Unknown,EQ,,Unknown,0.0,0.0,0.0,0.0
934,HEG,HEG Limited,INE545A01024,Unknown,Unknown,EQ,1995-05-10,Unknown,0.0,0.0,0.0,0.0
935,HEIDELBERG,HeidelbergCement India Limited,INE578A01017,Unknown,Unknown,EQ,1995-03-15,Unknown,0.0,0.0,0.0,0.0
6722,HELIOSMATH,Helios & Matheson Information Technology Ltd.,INE674B01012,Unknown,Unknown,EQ,,Unknown,0.0,0.0,0.0,0.0
4454,HELLAIND,Hella India Lighting Ltd,INE431D01013,Unknown,Unknown,EQ,,Unknown,0.0,0.0,0.0,0.0
8682,HELLOJI,HELLOJI HOLIDAYS LIMITED,INE1FJE01010,Unknown,Unknown,EQ,,Unknown,0.0,0.0,0.0,0.0
7481,HELPAGE,Helpage Finlease Ltd.,INE738P01015,Unknown,Unknown,EQ,,Unknown,0.0,0.0,0.0,0.0
3428,ZHEMHOLD,HEM Holdings and Trading Ltd.,INE721U01011,Unknown,Unknown,EQ,,Unknown,0.0,0.0,0.0,0.0
3236,HEMACEM,Hemadri Cements Limited,INE07BK01011,Unknown,Unknown,EQ,,Unknown,0.0,0.0,0.0,0.0
5449,HEMANG,Hemang Resources Limited,INE930A01010,Unknown,Unknown,EQ,,Unknown,0.0,0.0,0.0,0.0
8375,HSIL,Hemant Surgical Industries Limited,INE0GYI01028,Unknown,Unknown,EQ,,Unknown,0.0,0.0,0.0,0.0
936,HEMIPROP,Hemisphere Properties India Limited,INE0AJG01018,Unknown,Unknown,EQ,2020-10-22,Unknown,0.0,0.0,0.0,0.0
4798,HEMORGANIC,Hemo Organic Limited,INE422G01015,Unknown,Unknown,EQ,,Unknown,0.0,0.0,0.0,0.0
3152,HENKELSPIC,Henkel Spic India Ltd,INE902A01019,Unknown,Unknown,EQ,,Unknown,0.0,0.0,0.0,0.0
937,HERANBA,Heranba Industries Limited,INE694N01015,Unknown,Unknown,EQ,2021-03-05,Unknown,0.0,0.0,0.0,0.0
3061,HRBTSON-B,Herbertsons Ltd.,INE546A1014,Unknown,Unknown,EQ,,Unknown,0.0,0.0,0.0,0.0
3452,HERCULES,Hercules Investments Limited,INE688E01024,Unknown,Unknown,EQ,,Unknown,0.0,0.0,0.0,0.0
938,HERITGFOOD,Heritage Foods Limited,INE978A01027,Unknown,Unknown,EQ,1996-11-27,Unknown,0.0,0.0,0.0,0.0
9083,HERIT-RE,Heritage Foods Limited,INE978A20019,Unknown,Unknown,EQ,,Unknown,0.0,0.0,0.0,0.0
939,HEROMOTOCO,Hero MotoCorp Limited,INE158A01026,Unknown,Unknown,EQ,2003-04-11,Unknown,0.0,0.0,0.0,0.0
940,HESTERBIO,Hester Biosciences Limited,INE782E01017,Unknown,Unknown,EQ,2015-03-13,Unknown,0.0,0.0,0.0,0.0
942,HEXATRADEX,Hexa Tradex Limited,INE750M01017,Unknown,Unknown,EQ,2012-04-20,Unknown,0.0,0.0,0.0,0.0
941,HEXAGON,Hexagon Nutrition Limited,INE0JUI01012,Unknown,Unknown,BE,2026-06-12,Unknown,0.0,0.0,0.0,0.0
943,HEXT,Hexaware Technologies Limited,INE093A01041,Unknown,Unknown,EQ,2025-02-19,Unknown,0.0,0.0,0.0,0.0
6638,HEXAWARE,Hexaware Technologies Ltd.,INE093A01033,Unknown,Unknown,EQ,,Unknown,0.0,0.0,0.0,0.0
944,HFCL,HFCL Limited,INE548A01028,Unknown,Unknown,BE,2011-03-09,Unknown,0.0,0.0,0.0,0.0
4142,HGIND,HG INDUSTRIES LIMITED,INE464C01024,Unknown,Unknown,EQ,,Unknown,0.0,0.0,0.0,0.0
8079,HIKLASS,Hi-Klass Trading and Investment Limited,INE302R01024,Unknown,Unknown,EQ,,Unknown,0.0,0.0,0.0,0.0
965,HITECH,Hi-Tech Pipes Limited,INE106T01025,Unknown,Unknown,EQ,2018-05-07,Unknown,0.0,0.0,0.0,0.0
3334,HIGHENE,High Energy Batteries (India) Ltd.,INE783E01023,Unknown,Unknown,EQ,,Unknown,0.0,0.0,0.0,0.0
4271,HIGHGROUND,High Ground Enterprise Limited,INE361M01021,Unknown,Unknown,EQ,,Unknown,0.0,0.0,0.0,0.0
3626,HIGHL,Highland Industries Ltd.,INE672D01012,Unknown,Unknown,EQ,,Unknown,0.0,0.0,0.0,0.0
8751,HIGHNESS,Highness Microelectronics Limited,INE1KI801019,Unknown,Unknown,EQ,,Unknown,0.0,0.0,0.0,0.0
949,HILINFRA,Highway Infrastructure Limited,INE00RL01028,Unknown,Unknown,EQ,2025-08-12,Unknown,0.0,0.0,0.0,0.0
948,HIKAL,Hikal Limited,INE475B01022,Unknown,Unknown,EQ,2001-02-14,Unknown,0.0,0.0,0.0,0.0
7641,HILIKS,HILIKS TECHNOLOGIES LIMITED,INE966Q01010,Unknown,Unknown,EQ,,Unknown,0.0,0.0,0.0,0.0
8516,HILLTONE,Hilltone Software and Gases Ltd,INE168C01013,Unknown,Unknown,EQ,,Unknown,0.0,0.0,0.0,0.0
950,HILTON,Hilton Metal Forging Limited,INE788H01017,Unknown,Unknown,EQ,2007-05-24,Unknown,0.0,0.0,0.0,0.0
9417,HILTON-RE2,HILTON METAL FORGING LIMITED,INE788H20033,Unknown,Unknown,EQ,,Unknown,0.0,0.0,0.0,0.0
9059,HILTON-RE,HILTON METAL FORGING LIMITED,INE788H20017,Unknown,Unknown,EQ,,Unknown,0.0,0.0,0.0,0.0
9397,HILTON-RE1,HILTON METAL FORGING LIMITED,INE788H20025,Unknown,Unknown,EQ,,Unknown,0.0,0.0,0.0,0.0
3451,HIMTEK,HIM TEKNOFORGE LIMITED,INE705G01021,Unknown,Unknown,EQ,,Unknown,0.0,0.0,0.0,0.0
5194,HIMADRI,Himadri Credit & Finance Ltd.,INE018C01010,Unknown,Unknown,EQ,,Unknown,0.0,0.0,0.0,0.0
983,HSCL,Himadri Speciality Chemical Limited,INE019C01026,Unknown,Unknown,EQ,2007-03-02,Unknown,0.0,0.0,0.0,0.0
9315,HFIL-RE,HIMALAYA FOOD INTERNATIONAL LIMITED,INE552B20010,Unknown,Unknown,EQ,,Unknown,0.0,0.0,0.0,0.0
5054,HFIL,HIMALAYA FOOD INTERNATIONAL LIMITED,INE552B01010,Unknown,Unknown,EQ,,Unknown,0.0,0.0,0.0,0.0
4246,HIMATAUT,Himatsingka Auto Enterprises Ltd.,INE642E01013,Unknown,Unknown,EQ,,Unknown,0.0,0.0,0.0,0.0
951,HIMATSEIDE,Himatsingka Seide Limited,INE049A01027,Unknown,Unknown,EQ,1995-02-08,Unknown,0.0,0.0,0.0,0.0
5024,HINAFIL,Hinafil India Ltd.,INE120F01025,Unknown,Unknown,EQ,,Unknown,0.0,0.0,0.0,0.0
954,HINDALUMI,Hind Aluminium Industries Limited,INE227B01019,Unknown,Unknown,EQ,2026-08-17,Unknown,0.0,0.0,0.0,0.0
7295,HCLTD,HIND COMMERCE LIMITED,INE691J01019,Unknown,Unknown,EQ,,Unknown,0.0,0.0,0.0,0.0
4909,HINDIND,Hind Industries Ltd.,INE675B01019,Unknown,Unknown,EQ,,Unknown,0.0,0.0,0.0,0.0
3526,HINDLEVCHM,Hind Lever Chemicals Ltd,INE336A01010,Unknown,Unknown,EQ,,Unknown,0.0,0.0,0.0,0.0
7454,HINDSECR,Hind Securities & Credits Limited,INE727Q01016,Unknown,Unknown,EQ,,Unknown,0.0,0.0,0.0,0.0
3319,HINDSYNTEX,Hind Syntex Ltd.,INE155B01012,Unknown,Unknown,EQ,,Unknown,0.0,0.0,0.0,0.0
953,HINDALCO,Hindalco Industries Limited,INE038A01020,Unknown,Unknown,EQ,1997-01-08,Unknown,0.0,0.0,0.0,0.0
9526,HINDALCOPP,Hindalco Industries Ltd.,IN9038A01028,Unknown,Unknown,EQ,,Unknown,0.0,0.0,0.0,0.0
956,HINDCON,Hindcon Chemicals Limited,INE642Y01029,Unknown,Unknown,EQ,2021-07-05,Unknown,0.0,0.0,0.0,0.0
3732,HINDMILL,Hindoostan Mills Ltd.,INE832D01020,Unknown,Unknown,EQ,,Unknown,0.0,0.0,0.0,0.0
3273,HINDSPG,Hindoostan Spg. & Wvg. Mills Ltd.,INE066D01017,Unknown,Unknown,EQ,,Unknown,0.0,0.0,0.0,0.0
980,HPIL,Hindprakash Industries Limited,INE05X901010,Unknown,Unknown,EQ,2022-11-07,Unknown,0.0,0.0,0.0,0.0
3466,HINDUJAFO,Hinduja Foundries Ltd,INE291F01016,Unknown,Unknown,EQ,,Unknown,0.0,0.0,0.0,0.0
947,HGS,Hinduja Global Solutions Limited,INE170I01016,Unknown,Unknown,EQ,2007-06-19,Unknown,0.0,0.0,0.0,0.0
952,HINDADH,Hindustan Adhesives Limited,INE074C01013,Unknown,Unknown,EQ,2026-08-17,Unknown,0.0,0.0,0.0,0.0
902,HAL,Hindustan Aeronautics Limited,INE066F01020,Unknown,Unknown,EQ,2018-03-28,Unknown,0.0,0.0,0.0,0.0
4445,HINDUST,Hindustan Agrigenetics Ltd.,INE092301014,Unknown,Unknown,EQ,,Unknown,0.0,0.0,0.0,0.0
6520,HINDAPL,Hindustan Appliances Ltd,INE02XD01011,Unknown,Unknown,EQ,,Unknown,0.0,0.0,0.0,0.0
6594,HINDBIO,Hindustan Bio Sciences Ltd.,INE597C01021,Unknown,Unknown,EQ,,Unknown,0.0,0.0,0.0,0.0
955,HINDCOMPOS,Hindustan Composites Limited,INE310C01029,Unknown,Unknown,EQ,1996-05-08,Unknown,0.0,0.0,0.0,0.0
9162,HCC-RE,Hindustan Construction Co. Ltd.,INE549A20018,Unknown,Unknown,EQ,,Unknown,0.0,0.0,0.0,0.0
9387,HCC-RE1,Hindustan Construction Co. Ltd.,INE549A20026,Unknown,Unknown,EQ,,Unknown,0.0,0.0,0.0,0.0
923,HCC,Hindustan Construction Company Limited,INE549A01026,Unknown,Unknown,EQ,2003-04-01,Unknown,0.0,0.0,0.0,0.0
957,HINDCOPPER,Hindustan Copper Limited,INE531E01026,Unknown,Unknown,EQ,2010-09-15,Unknown,0.0,0.0,0.0,0.0
3174,HINDC,Hindustan Development Corpn. Ltd.,INE550A01016,Unknown,Unknown,EQ,,Unknown,0.0,0.0,0.0,0.0
3715,HINDDORROL,Hindustan Dorr-Oliver Ltd.,INE551A01022,Unknown,Unknown,EQ,,Unknown,0.0,0.0,0.0,0.0
4585,HFML,Hindustan Financial Management Ltd.,INE815C01019,Unknown,Unknown,EQ,,Unknown,0.0,0.0,0.0,0.0
4717,HINFLUR,Hindustan Flurocarbons Ltd.,INE806J01013,Unknown,Unknown,EQ,,Unknown,0.0,0.0,0.0,0.0
973,HNDFDS,Hindustan Foods Limited,INE254N01026,Unknown,Unknown,EQ,2023-06-06,Unknown,0.0,0.0,0.0,0.0
3463,HINDHARD,HINDUSTAN HARDY LIMITED,INE724D01011,Unknown,Unknown,EQ,,Unknown,0.0,0.0,0.0,0.0
3716,ZHINDHSG,Hindustan Housing Co. Ltd.,INE083O01019,Unknown,Unknown,EQ,,Unknown,0.0,0.0,0.0,0.0
972,HMVL,Hindustan Media Ventures Limited,INE871K01015,Unknown,Unknown,BE,2010-07-21,Unknown,0.0,0.0,0.0,0.0
3182,HINDMOTORS,Hindustan Motors Ltd.,INE253A01025,Unknown,Unknown,EQ,,Unknown,0.0,0.0,0.0,0.0
958,HINDOILEXP,Hindustan Oil Exploration Company Limited,INE345A01011,Unknown,Unknown,EQ,2003-09-23,Unknown,0.0,0.0,0.0,0.0
3175,HOCL,Hindustan Organic Chemicals Ltd.,INE048A01011,Unknown,Unknown,EQ,,Unknown,0.0,0.0,0.0,0.0
959,HINDPETRO,Hindustan Petroleum Corporation Limited,INE094A01015,Unknown,Unknown,EQ,1998-06-17,Unknown,0.0,0.0,0.0,0.0
4291,HINDPOW,Hindustan Powerplus Ltd.,INE554A01018,Unknown,Unknown,EQ,,Unknown,0.0,0.0,0.0,0.0
5174,HINDTIN,Hindustan Tin Works Ltd.,INE428D01019,Unknown,Unknown,EQ,,Unknown,0.0,0.0,0.0,0.0
960,HINDUNILVR,Hindustan Unilever Limited,INE030A01027,Unknown,Unknown,EQ,1995-07-06,Unknown,0.0,0.0,0.0,0.0
3380,HINDWRS,Hindustan Wires Ltd.,INE075C01010,Unknown,Unknown,EQ,,Unknown,0.0,0.0,0.0,0.0
962,HINDZINC,Hindustan Zinc Limited,INE267A01025,Unknown,Unknown,EQ,2006-11-21,Unknown,0.0,0.0,0.0,0.0
7698,HIIL,HINDUSTHAN INSULATORS and INDUSTRIES LIMITED,INE799B01025,Unknown,Unknown,EQ,,Unknown,0.0,0.0,0.0,0.0
4245,HINDNATGLS,Hindusthan National Glass & Industr,INE952A01022,Unknown,Unknown,EQ,,Unknown,0.0,0.0,0.0,0.0
4041,ZHINUDYP,Hindusthan Udyog Ltd,INE582K01018,Unknown,Unknown,EQ,,Unknown,0.0,0.0,0.0,0.0
961,HINDWAREAP,Hindware Home Innovation Limited,INE05AN01011,Unknown,Unknown,EQ,2019-12-26,Unknown,0.0,0.0,0.0,0.0
9243,HINDWAR-RE,Hindware Home Innovation Limited,INE05AN20011,Unknown,Unknown,EQ,,Unknown,0.0,0.0,0.0,0.0
5332,HIPOLIN,Hipolin Ltd.,INE963A01011,Unknown,Unknown,EQ,,Unknown,0.0,0.0,0.0,0.0
6418,HIRAUTO,Hira Automobiles Ltd.,INE258Z01013,Unknown,Unknown,EQ,,Unknown,0.0,0.0,0.0,0.0
7010,HIRAFERRO,Hira Ferro Alloys Limited,INE573I01011,Unknown,Unknown,EQ,,Unknown,0.0,0.0,0.0,0.0
3493,HIRAN,Hiran Orgachem Ltd.,INE546E01016,Unknown,Unknown,EQ,,Unknown,0.0,0.0,0.0,0.0
963,HIRECT,Hirect Limited,INE835D01023,Unknown,Unknown,EQ,2006-12-26,Unknown,0.0,0.0,0.0,0.0
964,HISARMETAL,Hisar Metal Industries Limited,INE598C01011,Unknown,Unknown,EQ,2017-01-05,Unknown,0.0,0.0,0.0,0.0
4489,HISARSP,Hisar Spinning Mills Ltd,INE689E01014,Unknown,Unknown,EQ,,Unknown,0.0,0.0,0.0,0.0
6729,HITKITGLO,Hit Kit Global Solutions Ltd,INE309B01023,Unknown,Unknown,EQ,,Unknown,0.0,0.0,0.0,0.0
1750,POWERINDIA,Hitachi Energy India Limited,INE07Y701011,Unknown,Unknown,EQ,2020-03-30,Unknown,0.0,0.0,0.0,0.0
966,HITECHCORP,Hitech Corporation Limited,INE120D01012,Unknown,Unknown,BE,2007-12-20,Unknown,0.0,0.0,0.0,0.0
3062,HITDRDM,Hitech Drilling Services India Ltd.,INE555A01015,Unknown,Unknown,EQ,,Unknown,0.0,0.0,0.0,0.0
4947,HITECHIJEW,Hitechi Jewellery Industries Ltd.,INE143B01018,Unknown,Unknown,EQ,,Unknown,0.0,0.0,0.0,0.0
6260,HITKARICH,Hitkari China Ltd.,INE839D01017,Unknown,Unknown,EQ,,Unknown,0.0,0.0,0.0,0.0
5264,HITKARIIN,Hitkari Industries Ltd.,INE553B01018,Unknown,Unknown,EQ,,Unknown,0.0,0.0,0.0,0.0
6366,HITTCO,Hittco Tools Ltd.,INE863C01019,Unknown,Unknown,EQ,,Unknown,0.0,0.0,0.0,0.0
968,HLEGLAS,HLE Glascoat Limited,INE461D01028,Unknown,Unknown,EQ,2023-02-09,Unknown,0.0,0.0,0.0,0.0
969,HLVLTD,HLV LIMITED,INE102A01024,Unknown,Unknown,EQ,1995-07-19,Unknown,0.0,0.0,0.0,0.0
970,HMAAGRO,HMA Agro Industries Limited,INE0ECP01024,Unknown,Unknown,EQ,2023-07-04,Unknown,0.0,0.0,0.0,0.0
971,HMT,HMT Limited,INE262A01018,Unknown,Unknown,BZ,2003-08-29,Unknown,0.0,0.0,0.0,0.0
4054,HOGANDM,Hoganas India Ltd.,INE132A01013,Unknown,Unknown,EQ,,Unknown,0.0,0.0,0.0,0.0
974,HOMEFIRST,Home First Finance Company India Limited,INE481N01025,Unknown,Unknown,EQ,2021-02-03,Unknown,0.0,0.0,0.0,0.0
4636,HOM,HOMRE LIMITED,INE982C01033,Unknown,Unknown,EQ,,Unknown,0.0,0.0,0.0,0.0
975,HONASA,Honasa Consumer Limited,INE0J5401028,Unknown,Unknown,EQ,2023-11-07,Unknown,0.0,0.0,0.0,0.0
977,HONDAPOWER,Honda India Power Products Limited,INE634A01018,Unknown,Unknown,EQ,2003-04-01,Unknown,0.0,0.0,0.0,0.0
976,HONAUT,Honeywell Automation India Limited,INE671A01010,Unknown,Unknown,EQ,2003-07-18,Unknown,0.0,0.0,0.0,0.0
978,HORIZONIND,Horizon Industrial Parks Limited,INE685T01010,Unknown,Unknown,EQ,2026-08-24,Unknown,0.0,0.0,0.0,0.0
8785,HORIZON,HORIZON RECLAIM (INDIA) LIMITED,INE1SEO01013,Unknown,Unknown,EQ,,Unknown,0.0,0.0,0.0,0.0
3064,HOTLINGLAS,Hotline Glass Ltd.,INE676B01017,Unknown,Unknown,EQ,,Unknown,0.0,0.0,0.0,0.0
4282,HOTLINET,Hotline Teletube & Components Ltd.,INE677B01015,Unknown,Unknown,EQ,,Unknown,0.0,0.0,0.0,0.0
987,HUDCO,Housing & Urban Development Corporation Limited,INE031A01017,Unknown,Unknown,EQ,2017-05-19,Unknown,0.0,0.0,0.0,0.0
930,HDIL,Housing Development and Infrastructure Limited,INE191I01012,Unknown,Unknown,BZ,2007-07-24,Unknown,0.0,0.0,0.0,0.0
2988,HDFC,Housing Development Finance Corp.Lt,INE001A01036,Unknown,Unknown,EQ,,Unknown,0.0,0.0,0.0,0.0
5021,HOWARHO,Howard Hotels Limited,INE931B01016,Unknown,Unknown,EQ,,Unknown,0.0,0.0,0.0,0.0
979,HPAL,HP Adhesives Limited,INE0GSL01024,Unknown,Unknown,EQ,2021-12-27,Unknown,0.0,0.0,0.0,0.0
7097,HPCBL,HPC Biosciences Limited,INE507O01025,Unknown,Unknown,EQ,,Unknown,0.0,0.0,0.0,0.0
981,HPL,HPL Electric & Power Limited,INE495S01016,Unknown,Unknown,EQ,2016-10-04,Unknown,0.0,0.0,0.0,0.0
6405,HRBFLOR,HRB Flouriculture Ltd.,INE284D01016,Unknown,Unknown,EQ,,Unknown,0.0,0.0,0.0,0.0
8698,HRS,HRS ALUGLAZE LIMITED,INE1E1V01017,Unknown,Unknown,EQ,,Unknown,0.0,0.0,0.0,0.0
6816,HINVDIR,HSBC InvestDirect(India) Ltd,INE800B01013,Unknown,Unknown,EQ,,Unknown,0.0,0.0,0.0,0.0
985,HTMEDIA,HT Media Limited,INE501G01024,Unknown,Unknown,EQ,2005-09-01,Unknown,0.0,0.0,0.0,0.0
986,HUBTOWN,Hubtown Limited,INE703H01016,Unknown,Unknown,EQ,2007-02-07,Unknown,0.0,0.0,0.0,0.0
988,HUHTAMAKI,Huhtamaki India Limited,INE275B01026,Unknown,Unknown,EQ,2004-10-01,Unknown,0.0,0.0,0.0,0.0
8090,HBEL,Humming Bird Education Limited,INE02PC01027,Unknown,Unknown,EQ,,Unknown,0.0,0.0,0.0,0.0
984,HTEL,Hy-Tech Engineers Limited,INE0LEG01024,Unknown,Unknown,BE,2026-09-01,Unknown,0.0,0.0,0.0,0.0
989,HYBRIDFIN,Hybrid Financial Services Limited,INE965B01022,Unknown,Unknown,BE,2022-12-05,Unknown,0.0,0.0,0.0,0.0
4563,HYDFLEXI,Hyderabad Flextech Ltd.,INE113C01019,Unknown,Unknown,EQ,,Unknown,0.0,0.0,0.0,0.0
7646,HYPERSOFT,HYPERSOFT TECHNOLOGIES LIMITED,INE039D01014,Unknown,Unknown,EQ,,Unknown,0.0,0.0,0.0,0.0
4178,HYTONE,Hytone Texstyles Ltd,INE926D01012,Unknown,Unknown,EQ,,Unknown,0.0,0.0,0.0,0.0
990,HYUNDAI,Hyundai Motor India Limited,INE0V6F01027,Unknown,Unknown,EQ,2024-10-22,Unknown,0.0,0.0,0.0,0.0
3984,IPOWER,i Power Solutions India Ltd.,INE468F01010,Unknown,Unknown,EQ,,Unknown,0.0,0.0,0.0,0.0
1093,ISTLTD,I S T Limited,INE684B01029,Unknown,Unknown,EQ,2026-08-17,Unknown,0.0,0.0,0.0,0.0
6283,ICSA,I.C.S.A. (India) Ltd.,INE306B01029,Unknown,Unknown,EQ,,Unknown,0.0,0.0,0.0,0.0
3242,IAG,IAG Company Ltd.,INE831D01014,Unknown,Unknown,EQ,,Unknown,0.0,0.0,0.0,0.0
5108,IBINDDM,IB Industries Ltd.,INE374D01015,Unknown,Unknown,EQ,,Unknown,0.0,0.0,0.0,0.0
4424,IBINFO,IB Infotech Enterprises Ltd,INE678B01039,Unknown,Unknown,EQ,,Unknown,0.0,0.0,0.0,0.0
3065,IBP,IBP Co. Ltd.,INE261A01010,Unknown,Unknown,EQ,,Unknown,0.0,0.0,0.0,0.0
4688,ICCON,ICCON Oil Specialities Ltd.,INE929A01012,Unknown,Unknown,EQ,,Unknown,0.0,0.0,0.0,0.0
992,ICDSLTD,ICDS Limited,INE613B01010,Unknown,Unknown,EQ,1999-11-17,Unknown,0.0,0.0,0.0,0.0
993,ICEMAKE,Ice Make Refrigeration Limited,INE520Y01019,Unknown,Unknown,EQ,2020-10-12,Unknown,0.0,0.0,0.0,0.0
4342,ICESOFT,ICES Software Ltd,INE171B01019,Unknown,Unknown,EQ,,Unknown,0.0,0.0,0.0,0.0
5,ICICIBANK,ICICI Bank Limited,INE090A01021,Unknown,Unknown,EQ,1997-09-17,Unknown,0.0,0.0,0.0,0.0
9530,ICICIBNKPP,ICICI Bank Ltd.,IN9090A01045,Unknown,Unknown,EQ,,Unknown,0.0,0.0,0.0,0.0
9515,ICICIBANKPP,ICICI Bank Ltd.,IN9090A01011,Unknown,Unknown,EQ,,Unknown,0.0,0.0,0.0,0.0
995,ICICIGI,ICICI Lombard General Insurance Company Limited,INE765G01017,Unknown,Unknown,EQ,2017-09-27,Unknown,0.0,0.0,0.0,0.0
8915,ICICORPO,ICICI Ltd.,INE005A04031,Unknown,Unknown,EQ,,Unknown,0.0,0.0,0.0,0.0
2991,ICICIDM,ICICI Ltd.,INE005A01011,Unknown,Unknown,EQ,,Unknown,0.0,0.0,0.0,0.0
8914,ICICICRP,ICICI Ltd.,INE005A04015,Unknown,Unknown,EQ,,Unknown,0.0,0.0,0.0,0.0
8919,ICIPT,ICICI Ltd.,INE005A04114,Unknown,Unknown,EQ,,Unknown,0.0,0.0,0.0,0.0
8918,ICIP9,ICICI Ltd.,INE005A04106,Unknown,Unknown,EQ,,Unknown,0.0,0.0,0.0,0.0
9478,ICIPP,ICICI Ltd.,IN9005A01027,Unknown,Unknown,EQ,,Unknown,0.0,0.0,0.0,0.0
8917,ICIP5,ICICI Ltd.,INE005A04072,Unknown,Unknown,EQ,,Unknown,0.0,0.0,0.0,0.0
8916,ICICICRP4,ICICI Ltd.,INE005A04056,Unknown,Unknown,EQ,,Unknown,0.0,0.0,0.0,0.0
3811,ICICIPR,ICICI Premier         [Units of ICI,INF346A01018,Unknown,Unknown,EQ,,Unknown,0.0,0.0,0.0,0.0
994,ICICIAMC,ICICI Prudential Asset Management Company Limited,INE346A01027,Unknown,Unknown,EQ,2025-12-19,Unknown,0.0,0.0,0.0,0.0
996,ICICIPRULI,ICICI Prudential Life Insurance Company Limited,INE726G01019,Unknown,Unknown,EQ,2016-09-29,Unknown,0.0,0.0,0.0,0.0
7775,IPRU9098,ICICI Prudential Mutual Fund,INF109KB1M86,Unknown,Unknown,EQ,,Unknown,0.0,0.0,0.0,0.0
8786,SMALLIETF,ICICI Prudential Mutual Fund,INF109K1A476,Unknown,Unknown,EQ,,Unknown,0.0,0.0,0.0,0.0
8113,PVTBANIETF,ICICI Prudential Mutual Fund,INF109KC18U7,Unknown,Unknown,EQ,,Unknown,0.0,0.0,0.0,0.0
8110,BANKIETF,ICICI Prudential Mutual Fund,INF109KC15I8,Unknown,Unknown,EQ,,Unknown,0.0,0.0,0.0,0.0
8774,ISIFAAFDG,ICICI Prudential Mutual Fund,INF109K30067,Unknown,Unknown,EQ,,Unknown,0.0,0.0,0.0,0.0
6899,IPRUFMP36AG,ICICI Prudential Mutual Fund,INF346A01042,Unknown,Unknown,EQ,,Unknown,0.0,0.0,0.0,0.0
6900,IPRUFMP36AD,ICICI Prudential Mutual Fund,INF346A01059,Unknown,Unknown,EQ,,Unknown,0.0,0.0,0.0,0.0
8159,MIDCAPIETF,ICICI Prudential Mutual Fund,INF109KC11W8,Unknown,Unknown,EQ,,Unknown,0.0,0.0,0.0,0.0
8205,ALPL30IETF,ICICI Prudential Mutual Fund,INF109KC17V7,Unknown,Unknown,EQ,,Unknown,0.0,0.0,0.0,0.0
8206,ITIETF,ICICI Prudential Mutual Fund,INF109KC16I6,Unknown,Unknown,EQ,,Unknown,0.0,0.0,0.0,0.0
8816,INSUREIETF,ICICI Prudential Mutual Fund,INF109K1A567,Unknown,Unknown,EQ,,Unknown,0.0,0.0,0.0,0.0
8773,ISIFAAFG,ICICI Prudential Mutual Fund,INF109K30059,Unknown,Unknown,EQ,,Unknown,0.0,0.0,0.0,0.0
8070,IPRU9421,ICICI Prudential Mutual Fund,INF109KC1NR7,Unknown,Unknown,EQ,,Unknown,0.0,0.0,0.0,0.0
8226,HEALTHIETF,ICICI Prudential Mutual Fund,INF109KC1Q72,Unknown,Unknown,EQ,,Unknown,0.0,0.0,0.0,0.0
8069,IPRU9420,ICICI Prudential Mutual Fund,INF109KC1NQ9,Unknown,Unknown,EQ,,Unknown,0.0,0.0,0.0,0.0
8068,IPRU3219,ICICI Prudential Mutual Fund,INF109KC1NP1,Unknown,Unknown,EQ,,Unknown,0.0,0.0,0.0,0.0
8067,IPRU3218,ICICI Prudential Mutual Fund,INF109KC1NO4,Unknown,Unknown,EQ,,Unknown,0.0,0.0,0.0,0.0
8038,NEXT50IETF,ICICI Prudential Mutual Fund,INF109KC1NS5,Unknown,Unknown,EQ,,Unknown,0.0,0.0,0.0,0.0
8233,FMCGIETF,ICICI Prudential Mutual Fund,INF109KC19V3,Unknown,Unknown,EQ,,Unknown,0.0,0.0,0.0,0.0
8037,IPRU9371,ICICI Prudential Mutual Fund,INF109KC1IX5,Unknown,Unknown,EQ,,Unknown,0.0,0.0,0.0,0.0
8036,IPRU9370,ICICI Prudential Mutual Fund,INF109KC1IW7,Unknown,Unknown,EQ,,Unknown,0.0,0.0,0.0,0.0
8035,IPRU3169,ICICI Prudential Mutual Fund,INF109KC1IV9,Unknown,Unknown,EQ,,Unknown,0.0,0.0,0.0,0.0
8034,IPRU3168,ICICI Prudential Mutual Fund,INF109KC1IU1,Unknown,Unknown,EQ,,Unknown,0.0,0.0,0.0,0.0
8013,IPRU9346,ICICI Prudential Mutual Fund,INF109KC1GT7,Unknown,Unknown,EQ,,Unknown,0.0,0.0,0.0,0.0
8012,IPRU9345,ICICI Prudential Mutual Fund,INF109KC1GS9,Unknown,Unknown,EQ,,Unknown,0.0,0.0,0.0,0.0
8011,IPRU3144,ICICI Prudential Mutual Fund,INF109KC1GR1,Unknown,Unknown,EQ,,Unknown,0.0,0.0,0.0,0.0
8250,CONSUMIETF,ICICI Prudential Mutual Fund,INF109KC1V42,Unknown,Unknown,EQ,,Unknown,0.0,0.0,0.0,0.0
8010,IPRU3143,ICICI Prudential Mutual Fund,INF109KC1GQ3,Unknown,Unknown,EQ,,Unknown,0.0,0.0,0.0,0.0
8264,AUTOIETF,ICICI Prudential Mutual Fund,INF109KC10V2,Unknown,Unknown,EQ,,Unknown,0.0,0.0,0.0,0.0
7991,BSE500IETF,ICICI Prudential Mutual Fund,INF109KC1V59,Unknown,Unknown,EQ,,Unknown,0.0,0.0,0.0,0.0
8844,SENSEXIETF,ICICI Prudential Mutual Fund,INF346A01034,Unknown,Unknown,EQ,,Unknown,0.0,0.0,0.0,0.0
7947,IPRU3034,ICICI Prudential Mutual Fund,INF109KC1333,Unknown,Unknown,EQ,,Unknown,0.0,0.0,0.0,0.0
8732,ISIFHLSDG,ICICI Prudential Mutual Fund,INF109K30026,Unknown,Unknown,EQ,,Unknown,0.0,0.0,0.0,0.0
8731,ISIFHLSG,ICICI Prudential Mutual Fund,INF109K30018,Unknown,Unknown,EQ,,Unknown,0.0,0.0,0.0,0.0
8299,MOM30IETF,ICICI Prudential Mutual Fund,INF109KC17C7,Unknown,Unknown,EQ,,Unknown,0.0,0.0,0.0,0.0
7990,IPRU9298,ICICI Prudential Mutual Fund,INF109KC1CY6,Unknown,Unknown,EQ,,Unknown,0.0,0.0,0.0,0.0
7989,IPRU9297,ICICI Prudential Mutual Fund,INF109KC1CX8,Unknown,Unknown,EQ,,Unknown,0.0,0.0,0.0,0.0
8302,INFRAIETF,ICICI Prudential Mutual Fund,INF109KC16E5,Unknown,Unknown,EQ,,Unknown,0.0,0.0,0.0,0.0
7150,NIFTYIETF,ICICI Prudential Mutual Fund,INF109K012R6,Unknown,Unknown,EQ,,Unknown,0.0,0.0,0.0,0.0
7988,IPRU3096,ICICI Prudential Mutual Fund,INF109KC1CW0,Unknown,Unknown,EQ,,Unknown,0.0,0.0,0.0,0.0
7151,NIF100IETF,ICICI Prudential Mutual Fund,INF109KC16V9,Unknown,Unknown,EQ,,Unknown,0.0,0.0,0.0,0.0
7176,IPRU2262,ICICI Prudential Mutual Fund,INF109KA1LJ0,Unknown,Unknown,EQ,,Unknown,0.0,0.0,0.0,0.0
7177,IPRU2263,ICICI Prudential Mutual Fund,INF109KA1LK8,Unknown,Unknown,EQ,,Unknown,0.0,0.0,0.0,0.0
7178,IPRU8462,ICICI Prudential Mutual Fund,INF109KA1LL6,Unknown,Unknown,EQ,,Unknown,0.0,0.0,0.0,0.0
7179,IPRU8463,ICICI Prudential Mutual Fund,INF109KA1LM4,Unknown,Unknown,EQ,,Unknown,0.0,0.0,0.0,0.0
7196,IPRU2296,ICICI Prudential Mutual Fund,INF109KB1X42,Unknown,Unknown,EQ,,Unknown,0.0,0.0,0.0,0.0
7197,IPRU8496,ICICI Prudential Mutual Fund,INF109KB1X59,Unknown,Unknown,EQ,,Unknown,0.0,0.0,0.0,0.0
8334,FINIETF,ICICI Prudential Mutual Fund,INF109KC17L8,Unknown,Unknown,EQ,,Unknown,0.0,0.0,0.0,0.0
8337,COMMOIETF,ICICI Prudential Mutual Fund,INF109KC19O8,Unknown,Unknown,EQ,,Unknown,0.0,0.0,0.0,0.0
7217,IPRU2365,ICICI Prudential Mutual Fund,INF109KB19K8,Unknown,Unknown,EQ,,Unknown,0.0,0.0,0.0,0.0
7218,IPRU2366,ICICI Prudential Mutual Fund,INF109KB18K0,Unknown,Unknown,EQ,,Unknown,0.0,0.0,0.0,0.0
7219,IPRU8565,ICICI Prudential Mutual Fund,INF109KB11L3,Unknown,Unknown,EQ,,Unknown,0.0,0.0,0.0,0.0
7220,IPRU8566,ICICI Prudential Mutual Fund,INF109KB10L5,Unknown,Unknown,EQ,,Unknown,0.0,0.0,0.0,0.0
7987,IPRU3095,ICICI Prudential Mutual Fund,INF109KC1CV2,Unknown,Unknown,EQ,,Unknown,0.0,0.0,0.0,0.0
7244,IPRU2401,ICICI Prudential Mutual Fund,INF109KB13R6,Unknown,Unknown,EQ,,Unknown,0.0,0.0,0.0,0.0
7245,IPRU8601,ICICI Prudential Mutual Fund,INF109KB12R8,Unknown,Unknown,EQ,,Unknown,0.0,0.0,0.0,0.0
7270,IPRU2428,ICICI Prudential Mutual Fund,INF109KC1804,Unknown,Unknown,EQ,,Unknown,0.0,0.0,0.0,0.0
7271,IPRU8628,ICICI Prudential Mutual Fund,INF109KC1796,Unknown,Unknown,EQ,,Unknown,0.0,0.0,0.0,0.0
7291,IPRU2487,ICICI Prudential Mutual Fund,INF109KC1242,Unknown,Unknown,EQ,,Unknown,0.0,0.0,0.0,0.0
7292,IPRU2488,ICICI Prudential Mutual Fund,INF109KC1234,Unknown,Unknown,EQ,,Unknown,0.0,0.0,0.0,0.0
7293,IPRU8687,ICICI Prudential Mutual Fund,INF109KC1267,Unknown,Unknown,EQ,,Unknown,0.0,0.0,0.0,0.0
7294,IPRU8688,ICICI Prudential Mutual Fund,INF109KC1259,Unknown,Unknown,EQ,,Unknown,0.0,0.0,0.0,0.0
7316,IPRU2511,ICICI Prudential Mutual Fund,INF109KC1CO7,Unknown,Unknown,EQ,,Unknown,0.0,0.0,0.0,0.0
7317,IPRU8711,ICICI Prudential Mutual Fund,INF109KC1CN9,Unknown,Unknown,EQ,,Unknown,0.0,0.0,0.0,0.0
7326,IPRU2530,ICICI Prudential Mutual Fund,INF109KA1Y68,Unknown,Unknown,EQ,,Unknown,0.0,0.0,0.0,0.0
7327,IPRU8730,ICICI Prudential Mutual Fund,INF109KA1Y76,Unknown,Unknown,EQ,,Unknown,0.0,0.0,0.0,0.0
7375,IPRU2586,ICICI Prudential Mutual Fund,INF109KA14O3,Unknown,Unknown,EQ,,Unknown,0.0,0.0,0.0,0.0
7376,IPRU8788,ICICI Prudential Mutual Fund,INF109KA15O0,Unknown,Unknown,EQ,,Unknown,0.0,0.0,0.0,0.0
7385,IPRU2591,ICICI Prudential Mutual Fund,INF109KA18P1,Unknown,Unknown,EQ,,Unknown,0.0,0.0,0.0,0.0
7386,IPRU8793,ICICI Prudential Mutual Fund,INF109KA19P9,Unknown,Unknown,EQ,,Unknown,0.0,0.0,0.0,0.0
7390,IPRU2598,ICICI Prudential Mutual Fund,INF109KA19R5,Unknown,Unknown,EQ,,Unknown,0.0,0.0,0.0,0.0
7391,IPRU8800,ICICI Prudential Mutual Fund,INF109KA10S2,Unknown,Unknown,EQ,,Unknown,0.0,0.0,0.0,0.0
7438,IPRU2619,ICICI Prudential Mutual Fund,INF109KB1110,Unknown,Unknown,EQ,,Unknown,0.0,0.0,0.0,0.0
7439,IPRU8821,ICICI Prudential Mutual Fund,INF109KB1128,Unknown,Unknown,EQ,,Unknown,0.0,0.0,0.0,0.0
8360,PSUBNKIETF,ICICI Prudential Mutual Fund,INF109KC10S8,Unknown,Unknown,EQ,,Unknown,0.0,0.0,0.0,0.0
7442,IPRU8841,ICICI Prudential Mutual Fund,INF109KB1573,Unknown,Unknown,EQ,,Unknown,0.0,0.0,0.0,0.0
7443,IPRU8842,ICICI Prudential Mutual Fund,INF109KB1581,Unknown,Unknown,EQ,,Unknown,0.0,0.0,0.0,0.0
7444,IPRU2639,ICICI Prudential Mutual Fund,INF109KB1557,Unknown,Unknown,EQ,,Unknown,0.0,0.0,0.0,0.0
7445,IPRU2640,ICICI Prudential Mutual Fund,INF109KB1565,Unknown,Unknown,EQ,,Unknown,0.0,0.0,0.0,0.0
7450,IPRU2626,ICICI Prudential Mutual Fund,INF109KB1292,Unknown,Unknown,EQ,,Unknown,0.0,0.0,0.0,0.0
7451,IPRU8828,ICICI Prudential Mutual Fund,INF109KB1300,Unknown,Unknown,EQ,,Unknown,0.0,0.0,0.0,0.0
7485,IPRU2670,ICICI Prudential Mutual Fund,INF109KB1EU1,Unknown,Unknown,EQ,,Unknown,0.0,0.0,0.0,0.0
7486,IPRU8872,ICICI Prudential Mutual Fund,INF109KB1EW7,Unknown,Unknown,EQ,,Unknown,0.0,0.0,0.0,0.0
7523,IPRU8895,ICICI Prudential Mutual Fund,INF109KC1JK0,Unknown,Unknown,EQ,,Unknown,0.0,0.0,0.0,0.0
7524,IPRU2693,ICICI Prudential Mutual Fund,INF109KC1JJ2,Unknown,Unknown,EQ,,Unknown,0.0,0.0,0.0,0.0
7534,IPRU8917,ICICI Prudential Mutual Fund,INF109KB1ME8,Unknown,Unknown,EQ,,Unknown,0.0,0.0,0.0,0.0
7535,IPRU8910,ICICI Prudential Mutual Fund,INF109KB1LQ4,Unknown,Unknown,EQ,,Unknown,0.0,0.0,0.0,0.0
7536,IPRU2715,ICICI Prudential Mutual Fund,INF109KB1MD0,Unknown,Unknown,EQ,,Unknown,0.0,0.0,0.0,0.0
7537,IPRU2708,ICICI Prudential Mutual Fund,INF109KB1LP6,Unknown,Unknown,EQ,,Unknown,0.0,0.0,0.0,0.0
7552,IPRU8923,ICICI Prudential Mutual Fund,INF109KB1MV2,Unknown,Unknown,EQ,,Unknown,0.0,0.0,0.0,0.0
7553,IPRU8924,ICICI Prudential Mutual Fund,INF109KB1MW0,Unknown,Unknown,EQ,,Unknown,0.0,0.0,0.0,0.0
7554,IPRU2721,ICICI Prudential Mutual Fund,INF109KB1MX8,Unknown,Unknown,EQ,,Unknown,0.0,0.0,0.0,0.0
7555,IPRU2722,ICICI Prudential Mutual Fund,INF109KB1MY6,Unknown,Unknown,EQ,,Unknown,0.0,0.0,0.0,0.0
7576,IPRU8937,ICICI Prudential Mutual Fund,INF109KB1OH7,Unknown,Unknown,EQ,,Unknown,0.0,0.0,0.0,0.0
7577,IPRU8938,ICICI Prudential Mutual Fund,INF109KB1OI5,Unknown,Unknown,EQ,,Unknown,0.0,0.0,0.0,0.0
7578,IPRU2735,ICICI Prudential Mutual Fund,INF109KB1OF1,Unknown,Unknown,EQ,,Unknown,0.0,0.0,0.0,0.0
7579,IPRU2736,ICICI Prudential Mutual Fund,INF109KB1OG9,Unknown,Unknown,EQ,,Unknown,0.0,0.0,0.0,0.0
8396,QUAL30IETF,ICICI Prudential Mutual Fund,INF109KC18V5,Unknown,Unknown,EQ,,Unknown,0.0,0.0,0.0,0.0
7622,IPRU8957,ICICI Prudential Mutual Fund,INF109KB1PZ6,Unknown,Unknown,EQ,,Unknown,0.0,0.0,0.0,0.0
7623,IPRU8958,ICICI Prudential Mutual Fund,INF109KB1QA7,Unknown,Unknown,EQ,,Unknown,0.0,0.0,0.0,0.0
7624,IPRU2755,ICICI Prudential Mutual Fund,INF109KB1PX1,Unknown,Unknown,EQ,,Unknown,0.0,0.0,0.0,0.0
7625,IPRU2756,ICICI Prudential Mutual Fund,INF109KB1PY9,Unknown,Unknown,EQ,,Unknown,0.0,0.0,0.0,0.0
7642,IPRU2766,ICICI Prudential Mutual Fund,INF109KB1QX9,Unknown,Unknown,EQ,,Unknown,0.0,0.0,0.0,0.0
7643,IPRU2767,ICICI Prudential Mutual Fund,INF109KB1QV3,Unknown,Unknown,EQ,,Unknown,0.0,0.0,0.0,0.0
7644,IPRU8968,ICICI Prudential Mutual Fund,INF109KB1QY7,Unknown,Unknown,EQ,,Unknown,0.0,0.0,0.0,0.0
7645,IPRU8969,ICICI Prudential Mutual Fund,INF109KB1QW1,Unknown,Unknown,EQ,,Unknown,0.0,0.0,0.0,0.0
7672,IPRU2812,ICICI Prudential Mutual Fund,INF109KB1UT9,Unknown,Unknown,EQ,,Unknown,0.0,0.0,0.0,0.0
7673,IPRU2813,ICICI Prudential Mutual Fund,INF109KB1UR3,Unknown,Unknown,EQ,,Unknown,0.0,0.0,0.0,0.0
7674,IPRU9014,ICICI Prudential Mutual Fund,INF109KB1UU7,Unknown,Unknown,EQ,,Unknown,0.0,0.0,0.0,0.0
7675,IPRU9015,ICICI Prudential Mutual Fund,INF109KB1US1,Unknown,Unknown,EQ,,Unknown,0.0,0.0,0.0,0.0
7687,NV20IETF,ICICI Prudential Mutual Fund,INF109KC11V0,Unknown,Unknown,EQ,,Unknown,0.0,0.0,0.0,0.0
7690,IPRU2821,ICICI Prudential Mutual Fund,INF109KB1WI8,Unknown,Unknown,EQ,,Unknown,0.0,0.0,0.0,0.0
7691,IPRU9023,ICICI Prudential Mutual Fund,INF109KB1WJ6,Unknown,Unknown,EQ,,Unknown,0.0,0.0,0.0,0.0
7694,MIDSELIETF,ICICI Prudential Mutual Fund,INF109KC10W0,Unknown,Unknown,EQ,,Unknown,0.0,0.0,0.0,0.0
7740,IPRU2880,ICICI Prudential Mutual Fund,INF109KB1I25,Unknown,Unknown,EQ,,Unknown,0.0,0.0,0.0,0.0
8485,OILIETF,ICICI Prudential Mutual Fund,INF109KC18W3,Unknown,Unknown,EQ,,Unknown,0.0,0.0,0.0,0.0
7741,IPRU9082,ICICI Prudential Mutual Fund,INF109KB1I41,Unknown,Unknown,EQ,,Unknown,0.0,0.0,0.0,0.0
7742,IPRU9083,ICICI Prudential Mutual Fund,INF109KB1I58,Unknown,Unknown,EQ,,Unknown,0.0,0.0,0.0,0.0
7743,IPRU2881,ICICI Prudential Mutual Fund,INF109KB1I33,Unknown,Unknown,EQ,,Unknown,0.0,0.0,0.0,0.0
7764,IPRU2894,ICICI Prudential Mutual Fund,INF109KB1L87,Unknown,Unknown,EQ,,Unknown,0.0,0.0,0.0,0.0
7765,IPRU2895,ICICI Prudential Mutual Fund,INF109KB1L95,Unknown,Unknown,EQ,,Unknown,0.0,0.0,0.0,0.0
7766,IPRU9096,ICICI Prudential Mutual Fund,INF109KB1M03,Unknown,Unknown,EQ,,Unknown,0.0,0.0,0.0,0.0
7767,IPRU9097,ICICI Prudential Mutual Fund,INF109KB1M11,Unknown,Unknown,EQ,,Unknown,0.0,0.0,0.0,0.0
7773,IPRU2896,ICICI Prudential Mutual Fund,INF109KB1M60,Unknown,Unknown,EQ,,Unknown,0.0,0.0,0.0,0.0
7774,IPRU2897,ICICI Prudential Mutual Fund,INF109KB1M78,Unknown,Unknown,EQ,,Unknown,0.0,0.0,0.0,0.0
8491,METALIETF,ICICI Prudential Mutual Fund,INF109KC19W1,Unknown,Unknown,EQ,,Unknown,0.0,0.0,0.0,0.0
7776,IPRU9099,ICICI Prudential Mutual Fund,INF109KB1M94,Unknown,Unknown,EQ,,Unknown,0.0,0.0,0.0,0.0
8510,VAL30IETF,ICICI Prudential Mutual Fund,INF109KC16X5,Unknown,Unknown,EQ,,Unknown,0.0,0.0,0.0,0.0
7812,IPRU2933,ICICI Prudential Mutual Fund,INF109KB1X75,Unknown,Unknown,EQ,,Unknown,0.0,0.0,0.0,0.0
7813,IPRU9135,ICICI Prudential Mutual Fund,INF109KB1X91,Unknown,Unknown,EQ,,Unknown,0.0,0.0,0.0,0.0
7818,IPRU2955,ICICI Prudential Mutual Fund,INF109KB11C2,Unknown,Unknown,EQ,,Unknown,0.0,0.0,0.0,0.0
7819,IPRU9157,ICICI Prudential Mutual Fund,INF109KB13C8,Unknown,Unknown,EQ,,Unknown,0.0,0.0,0.0,0.0
7825,IPRU2969,ICICI Prudential Mutual Fund,INF109KB16J6,Unknown,Unknown,EQ,,Unknown,0.0,0.0,0.0,0.0
7826,IPRU2970,ICICI Prudential Mutual Fund,INF109KB17J4,Unknown,Unknown,EQ,,Unknown,0.0,0.0,0.0,0.0
7827,IPRU9171,ICICI Prudential Mutual Fund,INF109KB18J2,Unknown,Unknown,EQ,,Unknown,0.0,0.0,0.0,0.0
7828,IPRU9172,ICICI Prudential Mutual Fund,INF109KB19J0,Unknown,Unknown,EQ,,Unknown,0.0,0.0,0.0,0.0
7835,LOWVOLIETF,ICICI Prudential Mutual Fund,INF109KC19U5,Unknown,Unknown,EQ,,Unknown,0.0,0.0,0.0,0.0
7845,IPRU2987,ICICI Prudential Mutual Fund,INF109KB16S7,Unknown,Unknown,EQ,,Unknown,0.0,0.0,0.0,0.0
7846,IPRU2988,ICICI Prudential Mutual Fund,INF109KB17S5,Unknown,Unknown,EQ,,Unknown,0.0,0.0,0.0,0.0
7847,IPRU9189,ICICI Prudential Mutual Fund,INF109KB18S3,Unknown,Unknown,EQ,,Unknown,0.0,0.0,0.0,0.0
7848,IPRU9190,ICICI Prudential Mutual Fund,INF109KB19S1,Unknown,Unknown,EQ,,Unknown,0.0,0.0,0.0,0.0
7861,IPRU2991,ICICI Prudential Mutual Fund,INF109KB15T7,Unknown,Unknown,EQ,,Unknown,0.0,0.0,0.0,0.0
8562,EVIETF,ICICI Prudential Mutual Fund,INF109K1A153,Unknown,Unknown,EQ,,Unknown,0.0,0.0,0.0,0.0
7862,IPRU2992,ICICI Prudential Mutual Fund,INF109KB16T5,Unknown,Unknown,EQ,,Unknown,0.0,0.0,0.0,0.0
7863,IPRU9193,ICICI Prudential Mutual Fund,INF109KB17T3,Unknown,Unknown,EQ,,Unknown,0.0,0.0,0.0,0.0
7864,IPRU9194,ICICI Prudential Mutual Fund,INF109KB18T1,Unknown,Unknown,EQ,,Unknown,0.0,0.0,0.0,0.0
7873,IPRU3003,ICICI Prudential Mutual Fund,INF109KB11W0,Unknown,Unknown,EQ,,Unknown,0.0,0.0,0.0,0.0
8575,TOP15IETF,ICICI Prudential Mutual Fund,INF109K1A344,Unknown,Unknown,EQ,,Unknown,0.0,0.0,0.0,0.0
7874,IPRU3004,ICICI Prudential Mutual Fund,INF109KB12W8,Unknown,Unknown,EQ,,Unknown,0.0,0.0,0.0,0.0
7875,IPRU9205,ICICI Prudential Mutual Fund,INF109KB19V5,Unknown,Unknown,EQ,,Unknown,0.0,0.0,0.0,0.0
7876,IPRU9206,ICICI Prudential Mutual Fund,INF109KB10W2,Unknown,Unknown,EQ,,Unknown,0.0,0.0,0.0,0.0
7896,IPRU3013,ICICI Prudential Mutual Fund,INF109KB11Y6,Unknown,Unknown,EQ,,Unknown,0.0,0.0,0.0,0.0
7897,IPRU3014,ICICI Prudential Mutual Fund,INF109KB12Y4,Unknown,Unknown,EQ,,Unknown,0.0,0.0,0.0,0.0
7898,IPRU9215,ICICI Prudential Mutual Fund,INF109KB13Y2,Unknown,Unknown,EQ,,Unknown,0.0,0.0,0.0,0.0
7899,IPRU9216,ICICI Prudential Mutual Fund,INF109KB14Y0,Unknown,Unknown,EQ,,Unknown,0.0,0.0,0.0,0.0
7906,ICICIB22,ICICI Prudential Mutual Fund,INF109KB15Y7,Unknown,Unknown,EQ,,Unknown,0.0,0.0,0.0,0.0
7950,IPRU9237,ICICI Prudential Mutual Fund,INF109KC1366,Unknown,Unknown,EQ,,Unknown,0.0,0.0,0.0,0.0
7949,IPRU9236,ICICI Prudential Mutual Fund,INF109KC1358,Unknown,Unknown,EQ,,Unknown,0.0,0.0,0.0,0.0
7932,IPRU3018,ICICI Prudential Mutual Fund,INF109KB16Z2,Unknown,Unknown,EQ,,Unknown,0.0,0.0,0.0,0.0
7933,IPRU3019,ICICI Prudential Mutual Fund,INF109KB17Z0,Unknown,Unknown,EQ,,Unknown,0.0,0.0,0.0,0.0
7934,IPRU9220,ICICI Prudential Mutual Fund,INF109KB18Z8,Unknown,Unknown,EQ,,Unknown,0.0,0.0,0.0,0.0
7935,IPRU9221,ICICI Prudential Mutual Fund,INF109KB19Z6,Unknown,Unknown,EQ,,Unknown,0.0,0.0,0.0,0.0
7948,IPRU3035,ICICI Prudential Mutual Fund,INF109KC1341,Unknown,Unknown,EQ,,Unknown,0.0,0.0,0.0,0.0
7979,ISEC,ICICI Securities Limited,INE763G01038,Unknown,Unknown,EQ,,Unknown,0.0,0.0,0.0,0.0
8166,ICLORGANIC,ICL Organic Dairy Products Limited,INE0AU701018,Unknown,Unknown,EQ,,Unknown,0.0,0.0,0.0,0.0
8604,ICODEX,ICODEX PUBLISHING SOLUTIONS LIMITED,INE111601014,Unknown,Unknown,EQ,,Unknown,0.0,0.0,0.0,0.0
8574,ICON,Icon Facilitators Limited,INE0Y0E01012,Unknown,Unknown,EQ,,Unknown,0.0,0.0,0.0,0.0
3778,ICONIKSPEV,ICONIK SPORTS AND EVENTS LIMITED,INE088P01015,Unknown,Unknown,EQ,,Unknown,0.0,0.0,0.0,0.0
998,ICRA,ICRA Limited,INE725G01011,Unknown,Unknown,EQ,2007-04-13,Unknown,0.0,0.0,0.0,0.0
999,IDBI,IDBI Bank Limited,INE008A01015,Unknown,Unknown,EQ,1995-09-20,Unknown,0.0,0.0,0.0,0.0
6671,IDBIBANK,IDBI Bank Ltd,INE307A01011,Unknown,Unknown,EQ,,Unknown,0.0,0.0,0.0,0.0
1001,IDEAFORGE,Ideaforge Technology Limited,INE349Y01013,Unknown,Unknown,EQ,2023-07-07,Unknown,0.0,0.0,0.0,0.0
4905,IDEALCAR,Ideal Carpets Ltd.,INE710C01012,Unknown,Unknown,EQ,,Unknown,0.0,0.0,0.0,0.0
8558,IDENTIXWEB,Identixweb Limited,INE0PA401012,Unknown,Unknown,EQ,,Unknown,0.0,0.0,0.0,0.0
1002,IDFCFIRSTB,IDFC First Bank Limited,INE092T01019,Unknown,Unknown,EQ,2015-11-06,Unknown,0.0,0.0,0.0,0.0
6821,IDFC,IDFC LIMITED,INE043D01016,Unknown,Unknown,EQ,,Unknown,0.0,0.0,0.0,0.0
3510,IDI,IDI Ltd.,INE888A01010,Unknown,Unknown,EQ,,Unknown,0.0,0.0,0.0,0.0
3360,IDREAM,IDream Film Infrastructure Company Limited,INE459E01012,Unknown,Unknown,EQ,,Unknown,0.0,0.0,0.0,0.0
6474,IECEDU,IEC Education Limited,INE172B01017,Unknown,Unknown,EQ,,Unknown,0.0,0.0,0.0,0.0
9275,INDXTR-RE,IEL LIMITED,INE056E20016,Unknown,Unknown,EQ,,Unknown,0.0,0.0,0.0,0.0
4807,INDXTRA,IEL LIMITED,INE056E01024,Unknown,Unknown,EQ,,Unknown,0.0,0.0,0.0,0.0
1004,IFBAGRO,IFB Agro Industries Limited,INE076C01018,Unknown,Unknown,EQ,1996-04-03,Unknown,0.0,0.0,0.0,0.0
1005,IFBIND,IFB Industries Limited,INE559A01017,Unknown,Unknown,EQ,1995-03-29,Unknown,0.0,0.0,0.0,0.0
1006,IFCI,IFCI Limited,INE039A01010,Unknown,Unknown,EQ,1995-04-26,Unknown,0.0,0.0,0.0,0.0
1007,IFGLEXPOR,IFGL Refractories Limited,INE133Y01011,Unknown,Unknown,EQ,2017-11-14,Unknown,0.0,0.0,0.0,0.0
6640,IFGLREFRAC,IFGL Refractories Ltd,INE023B01012,Unknown,Unknown,EQ,,Unknown,0.0,0.0,0.0,0.0
9187,IFL-RE,IFL ENTERPRISES LIMITED,INE714U20016,Unknown,Unknown,EQ,,Unknown,0.0,0.0,0.0,0.0
7787,IFL,IFL ENTERPRISES LIMITED,INE714U01024,Unknown,Unknown,EQ,,Unknown,0.0,0.0,0.0,0.0
9326,IFL-RE1,IFL ENTERPRISES LIMITED,INE714U20024,Unknown,Unknown,EQ,,Unknown,0.0,0.0,0.0,0.0
3860,IFLPROMOT,IFL Promoters Ltd,INE326D01031,Unknown,Unknown,EQ,,Unknown,0.0,0.0,0.0,0.0
6570,IFSLLTD,IFSL LTD,INE414F01022,Unknown,Unknown,EQ,,Unknown,0.0,0.0,0.0,0.0
1012,IGPL,IG Petrochemicals Limited,INE204A01010,Unknown,Unknown,EQ,2007-01-29,Unknown,0.0,0.0,0.0,0.0
1008,IGARASHI,Igarashi Motors India Limited,INE188B01013,Unknown,Unknown,EQ,2003-10-09,Unknown,0.0,0.0,0.0,0.0
6715,IGATE,iGATE Global Solutions Ltd.,INE177B01016,Unknown,Unknown,EQ,,Unknown,0.0,0.0,0.0,0.0
7574,IGCIL,IGC Industries Limited,INE099S01016,Unknown,Unknown,EQ,,Unknown,0.0,0.0,0.0,0.0
9240,IGCIND-RE,IGC Industries Limited,INE099S20016,Unknown,Unknown,EQ,,Unknown,0.0,0.0,0.0,0.0
1014,IIFLCAPS,IIFL Capital Services Limited,INE489L01022,Unknown,Unknown,EQ,2019-09-20,Unknown,0.0,0.0,0.0,0.0
1013,IIFL,IIFL Finance Limited,INE530B01024,Unknown,Unknown,EQ,2005-05-17,Unknown,0.0,0.0,0.0,0.0
9176,IIFL-RE,IIFL FINANCE LIMITED ,INE530B20016,Unknown,Unknown,EQ,,Unknown,0.0,0.0,0.0,0.0
4963,IIRM,IIRM HOLDINGS INDIA LIMITED,INE670C01026,Unknown,Unknown,EQ,,Unknown,0.0,0.0,0.0,0.0
6554,IITLPROJ,IITL PROJECTS LIMITED,INE786E01018,Unknown,Unknown,EQ,,Unknown,0.0,0.0,0.0,0.0
5289,IKFIN,IKF Finance Ltd.,INE859C01017,Unknown,Unknown,EQ,,Unknown,0.0,0.0,0.0,0.0
6757,IKFTECH,IKF Technologies Ltd.,INE052C01027,Unknown,Unknown,EQ,,Unknown,0.0,0.0,0.0,0.0
9497,IKFPP,IKF Technologies Ltd.,IN9052C01017,Unknown,Unknown,EQ,,Unknown,0.0,0.0,0.0,0.0
1016,IKIO,IKIO Technologies Limited,INE0LOJ01019,Unknown,Unknown,EQ,2023-06-16,Unknown,0.0,0.0,0.0,0.0
6569,IKOMA,IKOMA TECHNOLOGIES LIMITED,INE164D01010,Unknown,Unknown,EQ,,Unknown,0.0,0.0,0.0,0.0
1018,IL&FSENGG,IL&FS Engineering and Construction Company Limited,INE369I01014,Unknown,Unknown,BZ,2007-10-25,Unknown,0.0,0.0,0.0,0.0
1100,IVC,IL&FS Investment Managers Limited,INE050B01023,Unknown,Unknown,EQ,1999-09-15,Unknown,0.0,0.0,0.0,0.0
1019,IL&FSTRANS,IL&FS Transportation Networks Limited,INE975G01012,Unknown,Unknown,BZ,2010-03-30,Unknown,0.0,0.0,0.0,0.0
1020,IMAGICAA,Imagicaaworld Entertainment Limited,INE172N01012,Unknown,Unknown,EQ,2015-04-06,Unknown,0.0,0.0,0.0,0.0
3433,IMCFINA,IMC Finance Ltd,INE170F01012,Unknown,Unknown,EQ,,Unknown,0.0,0.0,0.0,0.0
4064,IMEC,IMEC SERVICES LIMITED,INE611C01020,Unknown,Unknown,EQ,,Unknown,0.0,0.0,0.0,0.0
4356,INDLMETER,IMP Power Ltd.,INE065B01013,Unknown,Unknown,EQ,,Unknown,0.0,0.0,0.0,0.0
4162,IMPERA,IMPERA WORLDWIDE LIMITED,INE351D01013,Unknown,Unknown,EQ,,Unknown,0.0,0.0,0.0,0.0
1023,IMPEXFERRO,Impex Ferro Tech Limited,INE691G01015,Unknown,Unknown,BZ,2005-02-03,Unknown,0.0,0.0,0.0,0.0
4983,INHOUPROD,In House Productions Limited,INE120B01024,Unknown,Unknown,EQ,,Unknown,0.0,0.0,0.0,0.0
5422,INANI,Inani Marbles & Industries Ltd.,INE635D01027,Unknown,Unknown,EQ,,Unknown,0.0,0.0,0.0,0.0
6373,INANISEC,Inani Securities Ltd.,INE224C01014,Unknown,Unknown,EQ,,Unknown,0.0,0.0,0.0,0.0
5342,INCFS,Incap Financial Services Ltd.,INE800D01019,Unknown,Unknown,EQ,,Unknown,0.0,0.0,0.0,0.0
4313,INCAP,Incap Ltd,INE437C01012,Unknown,Unknown,EQ,,Unknown,0.0,0.0,0.0,0.0
7254,INCEPTUM,Inceptum Enterprises Limited,INE784P01035,Unknown,Unknown,EQ,,Unknown,0.0,0.0,0.0,0.0
6325,INCON,Incon Engineers Ltd.,INE507D01010,Unknown,Unknown,EQ,,Unknown,0.0,0.0,0.0,0.0
4543,INCEN,Incorporated Engineers Limited,INE801D01017,Unknown,Unknown,EQ,,Unknown,0.0,0.0,0.0,0.0
1025,INCREDIBLE,INCREDIBLE INDUSTRIES LIMITED,INE452L01012,Unknown,Unknown,EQ,2016-07-01,Unknown,0.0,0.0,0.0,0.0
4270,INDAGIV,Ind-Agiv Commerce Ltd.,INE115E01010,Unknown,Unknown,EQ,,Unknown,0.0,0.0,0.0,0.0
1054,INDSWFTLAB,Ind-Swift Laboratories Limited,INE915B01019,Unknown,Unknown,EQ,1997-07-02,Unknown,0.0,0.0,0.0,0.0
4815,INDSWFTLTD,Ind-Swift Ltd.,INE788B01028,Unknown,Unknown,EQ,,Unknown,0.0,0.0,0.0,0.0
4646,INDBNK,Ind Bank Housing Ltd,INE969D01012,Unknown,Unknown,EQ,,Unknown,0.0,0.0,0.0,0.0
7135,INDRENEW,IND Renewable Energy Ltd,INE138O01029,Unknown,Unknown,EQ,,Unknown,0.0,0.0,0.0,0.0
9140,INDREN-RE,IND Renewable Energy Ltd,INE138O20011,Unknown,Unknown,EQ,,Unknown,0.0,0.0,0.0,0.0
3695,INDAG,Indag Rubber Ltd.,INE802D01023,Unknown,Unknown,EQ,,Unknown,0.0,0.0,0.0,0.0
6678,INDAGERES,Indage Restaurants And Leisure Ltd,INE525H01013,Unknown,Unknown,EQ,,Unknown,0.0,0.0,0.0,0.0
4538,INDAGEVIN,Indage Vintners Ltd,INE194C01019,Unknown,Unknown,EQ,,Unknown,0.0,0.0,0.0,0.0
1026,INDBANK,Indbank Merchant Banking Services Limited,INE841B01017,Unknown,Unknown,EQ,2008-10-08,Unknown,0.0,0.0,0.0,0.0
291,BAJAJINDEF,Indef Manufacturing Limited,INE0O9T01021,Unknown,Unknown,EQ,2025-02-21,Unknown,0.0,0.0,0.0,0.0
1027,INDGN,Indegene Limited,INE065X01017,Unknown,Unknown,EQ,2024-05-13,Unknown,0.0,0.0,0.0,0.0
6269,INDERGR,Indergiri Finance ltd.,INE628F01019,Unknown,Unknown,EQ,,Unknown,0.0,0.0,0.0,0.0
3788,INDCEMCAP,India Cements Capital Limited,INE429D01017,Unknown,Unknown,EQ,,Unknown,0.0,0.0,0.0,0.0
5398,INDECOM,India E-Commerce Ltd.,INE416B01018,Unknown,Unknown,EQ,,Unknown,0.0,0.0,0.0,0.0
7115,IFINSEC,India Finsec Limited,INE474O01010,Unknown,Unknown,EQ,,Unknown,0.0,0.0,0.0,0.0
3717,INDIAFOI,India Foils Ltd,INE260A01020,Unknown,Unknown,EQ,,Unknown,0.0,0.0,0.0,0.0
5488,INDGELA,India Gelatine & Chemicals Ltd.,INE342D01012,Unknown,Unknown,EQ,,Unknown,0.0,0.0,0.0,0.0
1030,INDIAGLYCO,India Glycols Limited,INE560A01023,Unknown,Unknown,BE,2005-07-01,Unknown,0.0,0.0,0.0,0.0
7734,IGRL,India Green Reality Limited,INE373V01019,Unknown,Unknown,EQ,,Unknown,0.0,0.0,0.0,0.0
4589,INDIAGYP,India Gypsum Ltd,INE561A01013,Unknown,Unknown,EQ,,Unknown,0.0,0.0,0.0,0.0
5370,INDIAHOME,India Home Loan Limited,INE274E01015,Unknown,Unknown,EQ,,Unknown,0.0,0.0,0.0,0.0
4077,INDIAHOMES,India Homes Limited,INE072A01029,Unknown,Unknown,EQ,,Unknown,0.0,0.0,0.0,0.0
9482,ISIPP,India Homes Limited,IN9072A01027,Unknown,Unknown,EQ,,Unknown,0.0,0.0,0.0,0.0
6183,INDINFRA,India Infraspace Ltd,INE954M01031,Unknown,Unknown,EQ,,Unknown,0.0,0.0,0.0,0.0
5395,INDIM,India International Marketing Centre Ltd,INE506C01014,Unknown,Unknown,EQ,,Unknown,0.0,0.0,0.0,0.0
3066,INDLEASE,India Lease Devl. Ltd.,INE333C01013,Unknown,Unknown,EQ,,Unknown,0.0,0.0,0.0,0.0
1022,IMPAL,India Motor Parts and Accessories Limited,INE547E01014,Unknown,Unknown,EQ,2005-10-07,Unknown,0.0,0.0,0.0,0.0
1039,INDNIPPON,India Nippon Electricals Limited,INE092B01025,Unknown,Unknown,EQ,1997-05-07,Unknown,0.0,0.0,0.0,0.0
3228,INDIANVSH,India Nivesh Limited,INE131H01028,Unknown,Unknown,EQ,,Unknown,0.0,0.0,0.0,0.0
1080,IPL,India Pesticides Limited,INE0D6701023,Unknown,Unknown,EQ,2021-07-05,Unknown,0.0,0.0,0.0,0.0
3067,INDPOLY,"India Polyfibres Ltd.,",INE860C01015,Unknown,Unknown,EQ,,Unknown,0.0,0.0,0.0,0.0
4229,INDPOLYS,India Polyspin Ltd.,INE725D01018,Unknown,Unknown,EQ,,Unknown,0.0,0.0,0.0,0.0
3404,INRADIA,India Radiators Ltd.,INE461Y01016,Unknown,Unknown,EQ,,Unknown,0.0,0.0,0.0,0.0
3068,INDSEC,India Securities Ltd.,INE134A01035,Unknown,Unknown,EQ,,Unknown,0.0,0.0,0.0,0.0
1035,INDIASHLTR,India Shelter Finance Corporation Limited,INE922K01024,Unknown,Unknown,EQ,2023-12-20,Unknown,0.0,0.0,0.0,0.0
4460,INDIASTE,India Steamship Co. Ltd.,INE288C01019,Unknown,Unknown,EQ,,Unknown,0.0,0.0,0.0,0.0
1096,ITDC,India Tourism Development Corporation Limited,INE353K01014,Unknown,Unknown,EQ,2016-12-30,Unknown,0.0,0.0,0.0,0.0
8339,IEL,Indiabulls Enterprises Limited,INE059901020,Unknown,Unknown,EQ,,Unknown,0.0,0.0,0.0,0.0
6798,IBULLS,Indiabulls Financial Services Ltd.,INE894F01025,Unknown,Unknown,EQ,,Unknown,0.0,0.0,0.0,0.0
991,IBULLSLTD,Indiabulls Limited,INE126M01010,Unknown,Unknown,EQ,2011-08-18,Unknown,0.0,0.0,0.0,0.0
3484,INDIACO,Indiaco Ventures Limited,INE064E01028,Unknown,Unknown,EQ,,Unknown,0.0,0.0,0.0,0.0
1031,INDIAMART,Indiamart Intermesh Limited,INE933S01016,Unknown,Unknown,EQ,2019-07-04,Unknown,0.0,0.0,0.0,0.0
4160,INDIANACRY,Indian Acrylics Ltd,INE862B01013,Unknown,Unknown,EQ,,Unknown,0.0,0.0,0.0,0.0
3172,INDAL,Indian Aluminium Co. Ltd.,INE249A01015,Unknown,Unknown,EQ,,Unknown,0.0,0.0,0.0,0.0
1032,INDIANB,Indian Bank,INE562A01011,Unknown,Unknown,EQ,2007-03-01,Unknown,0.0,0.0,0.0,0.0
1033,INDIANCARD,Indian Card Clothing Company Limited,INE061A01014,Unknown,Unknown,EQ,1997-01-08,Unknown,0.0,0.0,0.0,0.0
4056,INDCHR,Indian Charge Chrome Ltd,INE801B01011,Unknown,Unknown,EQ,,Unknown,0.0,0.0,0.0,0.0
1003,IEX,Indian Energy Exchange Limited,INE022Q01020,Unknown,Unknown,EQ,2017-10-23,Unknown,0.0,0.0,0.0,0.0
1034,INDIANHUME,Indian Hume Pipe Company Limited,INE323C01030,Unknown,Unknown,EQ,1995-08-30,Unknown,0.0,0.0,0.0,0.0
9344,INDINF-RE1,Indian Infotech And Software Ltd.,INE300B20022,Unknown,Unknown,EQ,,Unknown,0.0,0.0,0.0,0.0
9148,INDINFO-RE,Indian Infotech And Software Ltd.,INE300B20014,Unknown,Unknown,EQ,,Unknown,0.0,0.0,0.0,0.0
3685,INDINFO,Indian Infotech And Software Ltd.,INE300B01022,Unknown,Unknown,EQ,,Unknown,0.0,0.0,0.0,0.0
3382,INLCM,Indian Link Chain Mnfrs. Ltd.,INE359D01024,Unknown,Unknown,EQ,,Unknown,0.0,0.0,0.0,0.0
1021,IMFA,Indian Metals & Ferro Alloys Limited,INE919H01018,Unknown,Unknown,EQ,2010-07-23,Unknown,0.0,0.0,0.0,0.0
1076,IOC,Indian Oil Corporation Limited,INE242A01010,Unknown,Unknown,EQ,1996-07-24,Unknown,0.0,0.0,0.0,0.0
1075,IOB,Indian Overseas Bank,INE565A01014,Unknown,Unknown,EQ,2000-12-07,Unknown,0.0,0.0,0.0,0.0
3032,IPCL,Indian Petrochemicals Corpn. Ltd.,INE006A01019,Unknown,Unknown,EQ,,Unknown,0.0,0.0,0.0,0.0
1084,IRCTC,Indian Railway Catering And Tourism Corporation Limited,INE335Y01020,Unknown,Unknown,EQ,2019-10-14,Unknown,0.0,0.0,0.0,0.0
1086,IRFC,Indian Railway Finance Corporation Limited,INE053F01010,Unknown,Unknown,EQ,2021-01-29,Unknown,0.0,0.0,0.0,0.0
1085,IREDA,Indian Renewable Energy Development Agency Limited,INE202E01016,Unknown,Unknown,EQ,2023-11-29,Unknown,0.0,0.0,0.0,0.0
3383,INSMT,"Indian Seamless Metal Tubes Ltd.,",INE501B01017,Unknown,Unknown,EQ,,Unknown,0.0,0.0,0.0,0.0
4079,INSSADM,Indian Seamless Steels & Alloys Ltd,INE879C01015,Unknown,Unknown,EQ,,Unknown,0.0,0.0,0.0,0.0
3115,INDSUCR,Indian Sucrose Ltd.,INE557C01017,Unknown,Unknown,EQ,,Unknown,0.0,0.0,0.0,0.0
1055,INDTERRAIN,Indian Terrain Fashions Limited,INE611L01021,Unknown,Unknown,EQ,2011-03-11,Unknown,0.0,0.0,0.0,0.0
4661,INDTONER,Indian Toners & Developers Ltd.,INE826B01026,Unknown,Unknown,EQ,,Unknown,0.0,0.0,0.0,0.0
1037,INDIGOPNTS,Indigo Paints Limited,INE09VQ01012,Unknown,Unknown,EQ,2021-02-02,Unknown,0.0,0.0,0.0,0.0
8982,IGRID-RE,IndiGrid Infrastructure Trust,INE219X20010,Unknown,Unknown,EQ,,Unknown,0.0,0.0,0.0,0.0
1038,INDIQUBE,Indiqube Spaces Limited,INE06ST01018,Unknown,Unknown,EQ,2025-07-30,Unknown,0.0,0.0,0.0,0.0
4346,INDITALIA,Inditalia Refcon Ltd.,INE149C01013,Unknown,Unknown,EQ,,Unknown,0.0,0.0,0.0,0.0
6855,INDICAP,Inditrade Capital Limited,INE347H01012,Unknown,Unknown,EQ,,Unknown,0.0,0.0,0.0,0.0
6375,INDOASIAP,Indo-Asian Projects Limited,INE559F01016,Unknown,Unknown,EQ,,Unknown,0.0,0.0,0.0,0.0
6623,INDOCITY,Indo-City Infotech Ltd.,INE456B01014,Unknown,Unknown,EQ,,Unknown,0.0,0.0,0.0,0.0
4440,INDOFREB,Indo-French Biotech Enterprises Ltd,INE867B01012,Unknown,Unknown,EQ,,Unknown,0.0,0.0,0.0,0.0
7570,INDOGLOBAL,Indo-Global Enterprises Limited,INE400S01016,Unknown,Unknown,EQ,,Unknown,0.0,0.0,0.0,0.0
1045,INDOMIM,INDO-MIM Limited,INE084101034,Unknown,Unknown,EQ,2026-07-30,Unknown,0.0,0.0,0.0,0.0
1578,NIPPOBATRY,Indo-National Limited,INE567A01028,Unknown,Unknown,EQ,1999-10-06,Unknown,0.0,0.0,0.0,0.0
1040,INDOAMIN,Indo Amines Limited,INE760F01028,Unknown,Unknown,BE,2022-04-29,Unknown,0.0,0.0,0.0,0.0
4303,INDOASFU,Indo Asian Fusegear Ltd.,INE814A01016,Unknown,Unknown,EQ,,Unknown,0.0,0.0,0.0,0.0
4385,INDBF,Indo Biotech Foods Ltd,INE183C01012,Unknown,Unknown,EQ,,Unknown,0.0,0.0,0.0,0.0
5404,INDOBONIT,Indo Bonito Multinational Limited,INE457B01012,Unknown,Unknown,EQ,,Unknown,0.0,0.0,0.0,0.0
1041,INDOBORAX,Indo Borax & Chemicals Limited,INE803D01021,Unknown,Unknown,EQ,2022-03-29,Unknown,0.0,0.0,0.0,0.0
5351,INDOBRIT,Indo Britain Agro Farms Ltd.,INE145C01011,Unknown,Unknown,EQ,,Unknown,0.0,0.0,0.0,0.0
7353,ICL,Indo Cotspin Limited,INE407P01017,Unknown,Unknown,EQ,,Unknown,0.0,0.0,0.0,0.0
997,ICIL,Indo Count Industries Limited,INE483B01026,Unknown,Unknown,EQ,2005-09-12,Unknown,0.0,0.0,0.0,0.0
5050,INDOCRED,Indo Credit Capital Ltd.,INE147D01015,Unknown,Unknown,EQ,,Unknown,0.0,0.0,0.0,0.0
4772,INDOEURO,Indo Euro Indchem Limited,INE319N01019,Unknown,Unknown,EQ,,Unknown,0.0,0.0,0.0,0.0
1043,INDOFARM,Indo Farm Equipment Limited,INE622H01018,Unknown,Unknown,EQ,2025-01-07,Unknown,0.0,0.0,0.0,0.0
4993,INDFL,Indo Flogates Ltd.,INE027B01013,Unknown,Unknown,EQ,,Unknown,0.0,0.0,0.0,0.0
3190,IGLCRDM,Indo Gulf Corporation Ltd,INE022A01016,Unknown,Unknown,EQ,,Unknown,0.0,0.0,0.0,0.0
6782,INDOGULFFE,Indo Gulf Fertilisers Limited,INE911F01019,Unknown,Unknown,EQ,,Unknown,0.0,0.0,0.0,0.0
3548,IGLFXPL-B,Indo Gulf Industries  Ltd.,INE684U01011,Unknown,Unknown,EQ,,Unknown,0.0,0.0,0.0,0.0
6308,INDOPACIFIC,Indo Pacific Projects Limited,INE077C01024,Unknown,Unknown,EQ,,Unknown,0.0,0.0,0.0,0.0
1046,INDORAMA,Indo Rama Synthetics (India) Limited,INE156A01020,Unknown,Unknown,EQ,2003-06-20,Unknown,0.0,0.0,0.0,0.0
6785,INDORAMTX,Indo Rama Textiles Limited.,INE059G01015,Unknown,Unknown,EQ,,Unknown,0.0,0.0,0.0,0.0
8717,INDOSMC,INDO SMC Limited,INE0WKY01013,Unknown,Unknown,EQ,,Unknown,0.0,0.0,0.0,0.0
1048,INDOTECH,Indo Tech Transformers Limited,INE332H01014,Unknown,Unknown,EQ,2006-03-16,Unknown,0.0,0.0,0.0,0.0
1049,INDOTHAI,Indo Thai Securities Limited,INE337M01021,Unknown,Unknown,EQ,2011-11-02,Unknown,0.0,0.0,0.0,0.0
1050,INDOUS,Indo Us Biotech Limited,INE250Z01010,Unknown,Unknown,EQ,2024-09-27,Unknown,0.0,0.0,0.0,0.0
8528,INDOBELL,Indobell Insulations Limited,INE0FK501019,Unknown,Unknown,EQ,,Unknown,0.0,0.0,0.0,0.0
1042,INDOCO,Indoco Remedies Limited,INE873D01024,Unknown,Unknown,EQ,2005-01-14,Unknown,0.0,0.0,0.0,0.0
1009,IGCL,Indogulf Cropsciences Limited,INE05J901018,Unknown,Unknown,EQ,2025-07-03,Unknown,0.0,0.0,0.0,0.0
1044,INDOKEM,Indokem Limited,INE716F01012,Unknown,Unknown,EQ,2026-08-17,Unknown,0.0,0.0,0.0,0.0
8348,INDONG,INDONG TEA COMPANY LIMITED,INE0KN201016,Unknown,Unknown,EQ,,Unknown,0.0,0.0,0.0,0.0
2507,WAAREEINDO,Indosolar Limited,INE866K01023,Unknown,Unknown,EQ,2010-09-29,Unknown,0.0,0.0,0.0,0.0
1047,INDOSTAR,IndoStar Capital Finance Limited,INE896L01010,Unknown,Unknown,EQ,2018-05-21,Unknown,0.0,0.0,0.0,0.0
1051,INDOWIND,Indowind Energy Limited,INE227G01018,Unknown,Unknown,EQ,2007-09-14,Unknown,0.0,0.0,0.0,0.0
9204,INDO-RE1,Indowind Energy Ltd.,INE227G20026,Unknown,Unknown,EQ,,Unknown,0.0,0.0,0.0,0.0
9082,INDO-RE,Indowind Energy Ltd.,INE227G20018,Unknown,Unknown,EQ,,Unknown,0.0,0.0,0.0,0.0
9386,INDO-RE2,Indowind Energy Ltd.,INE227G20034,Unknown,Unknown,EQ,,Unknown,0.0,0.0,0.0,0.0
1011,IGL,Indraprastha Gas Limited,INE203G01027,Unknown,Unknown,EQ,2003-12-26,Unknown,0.0,0.0,0.0,0.0
1053,INDRAMEDCO,Indraprastha Medical Corporation Limited,INE681B01017,Unknown,Unknown,EQ,1997-04-17,Unknown,0.0,0.0,0.0,0.0
4935,INDRANIB,Indrayani Biotech Ltd.,INE007C01021,Unknown,Unknown,EQ,,Unknown,0.0,0.0,0.0,0.0
4552,INDSILHYD,Indsil Hydro Power and Manganese Limited,INE867D01018,Unknown,Unknown,EQ,,Unknown,0.0,0.0,0.0,0.0
3347,INTRA,Indtradeco Ltd.,INE853B01020,Unknown,Unknown,EQ,,Unknown,0.0,0.0,0.0,0.0
3070,INDUNISS,Indu Nissan Oxo-Chemical Industries,INE599C01019,Unknown,Unknown,EQ,,Unknown,0.0,0.0,0.0,0.0
6571,INDCTST,Inducto Steels ltd.,INE146H01018,Unknown,Unknown,EQ,,Unknown,0.0,0.0,0.0,0.0
6537,INESODM,Indus-e-Solutions Ltd.,INE203B01010,Unknown,Unknown,EQ,,Unknown,0.0,0.0,0.0,0.0
6882,INDUSFILA,Indus Fila Limited,INE025I01012,Unknown,Unknown,EQ,,Unknown,0.0,0.0,0.0,0.0
6475,INDUSFINL,Indus Finance Limited,INE935D01013,Unknown,Unknown,EQ,,Unknown,0.0,0.0,0.0,0.0
6741,INDUSNET,Indus Networks Ltd.,INE006B01017,Unknown,Unknown,EQ,,Unknown,0.0,0.0,0.0,0.0
1057,INDUSTOWER,Indus Towers Limited,INE121J01017,Unknown,Unknown,EQ,2012-12-28,Unknown,0.0,0.0,0.0,0.0
1056,INDUSINDBK,IndusInd Bank Limited,INE095A01012,Unknown,Unknown,EQ,1998-01-28,Unknown,0.0,0.0,0.0,0.0
5421,INDFO,Indusmin Foods Ltd.,INE485E01017,Unknown,Unknown,EQ,,Unknown,0.0,0.0,0.0,0.0
1052,INDPRUD,Industrial & Prudential Investment Company Limited,INE620D01011,Unknown,Unknown,EQ,2026-04-20,Unknown,0.0,0.0,0.0,0.0
3328,INDSCBL,Industrial Cables (India) Ltd.,INE510J01011,Unknown,Unknown,EQ,,Unknown,0.0,0.0,0.0,0.0
1015,IITL,Industrial Investment Trust Limited,INE886A01014,Unknown,Unknown,EQ,2010-08-17,Unknown,0.0,0.0,0.0,0.0
4965,INDOX,Industrial Oxygen Co. Ltd.(Delisted for Takeover-21(3A)),INE321A01012,Unknown,Unknown,EQ,,Unknown,0.0,0.0,0.0,0.0
6989,INFINITE,Infinite Computer Solutions (India) Ltd,INE486J01014,Unknown,Unknown,EQ,,Unknown,0.0,0.0,0.0,0.0
8649,INFINITY,Infinity Infoway Limited,INE16XA01017,Unknown,Unknown,EQ,,Unknown,0.0,0.0,0.0,0.0
7965,INFLAME,Inflame Appliances Limited,INE464Z01017,Unknown,Unknown,EQ,,Unknown,0.0,0.0,0.0,0.0
5281,INFODRIVE,Info-Drive Software Ltd.,INE804D01029,Unknown,Unknown,EQ,,Unknown,0.0,0.0,0.0,0.0
1530,NAUKRI,Info Edge (India) Limited,INE663F01032,Unknown,Unknown,EQ,2006-11-21,Unknown,0.0,0.0,0.0,0.0
1058,INFOBEAN,InfoBeans Technologies Limited,INE344S01016,Unknown,Unknown,EQ,2019-07-15,Unknown,0.0,0.0,0.0,0.0
1059,INFOMEDIA,Infomedia Press Limited,INE669A01022,Unknown,Unknown,EQ,2006-10-12,Unknown,0.0,0.0,0.0,0.0
8561,INFONATIVE,INFONATIVE SOLUTIONS LIMITED,INE12IB01015,Unknown,Unknown,EQ,,Unknown,0.0,0.0,0.0,0.0
4687,ITIL,Information Technologies (India) Lt,INE569A01024,Unknown,Unknown,EQ,,Unknown,0.0,0.0,0.0,0.0
3384,INFORTEC,Informed Technologies India Ltd.,INE123E01014,Unknown,Unknown,EQ,,Unknown,0.0,0.0,0.0,0.0
3,INFY,Infosys Limited,INE009A01021,Unknown,Unknown,EQ,1995-02-08,Unknown,0.0,0.0,0.0,0.0
5308,INFRAIND,Infra Industries Ltd.,INE287D01019,Unknown,Unknown,EQ,,Unknown,0.0,0.0,0.0,0.0
6444,INFRAQUEST,Infraquest International Limited,INE786B01022,Unknown,Unknown,EQ,,Unknown,0.0,0.0,0.0,0.0
7203,INFRONICS,INFRONICS SYSTEMS LIMITED,INE463B01036,Unknown,Unknown,EQ,,Unknown,0.0,0.0,0.0,0.0
8892,INFRONICS1,INFRONICS SYSTEMS LIMITED,INE463B01028,Unknown,Unknown,EQ,,Unknown,0.0,0.0,0.0,0.0
6451,INGVYSYABK,ING Vysya Bank Ltd.,INE166A01011,Unknown,Unknown,EQ,,Unknown,0.0,0.0,0.0,0.0
1060,INGERRAND,Ingersoll Rand (India) Limited,INE177A01018,Unknown,Unknown,EQ,1999-04-15,Unknown,0.0,0.0,0.0,0.0
5313,INLANPR,Inland Printers Ltd.,INE055O01033,Unknown,Unknown,EQ,,Unknown,0.0,0.0,0.0,0.0
6529,INNOCORP,Innocorp Limited,INE214B01017,Unknown,Unknown,EQ,,Unknown,0.0,0.0,0.0,0.0
8373,INNOKAIZ,INNOKAIZ INDIA LIMITED,INE0LDI01022,Unknown,Unknown,EQ,,Unknown,0.0,0.0,0.0,0.0
1061,INNOVACAP,Innova Captab Limited,INE0DUT01020,Unknown,Unknown,EQ,2023-12-29,Unknown,0.0,0.0,0.0,0.0
1062,INNOVANA,Innovana Thinklabs Limited,INE403Y01018,Unknown,Unknown,EQ,2024-12-17,Unknown,0.0,0.0,0.0,0.0
7028,INOVSYNTH,INNOVASSYNTH TECHNOLOGIES (INDIA) LIMITED,INE690J01011,Unknown,Unknown,EQ,,Unknown,0.0,0.0,0.0,0.0
9437,INOVSYN-RE,INNOVASSYNTH TECHNOLOGIES (INDIA) LIMITED,INE690J20011,Unknown,Unknown,EQ,,Unknown,0.0,0.0,0.0,0.0
4328,INSOE,Innovation Software Exports Ltd.,INE568B01016,Unknown,Unknown,EQ,,Unknown,0.0,0.0,0.0,0.0
4382,INOVAFOOD,Innovative Foods Limited,INE827C01022,Unknown,Unknown,EQ,,Unknown,0.0,0.0,0.0,0.0
8048,INNOVATIVE,Innovative Ideals and Services (India) Limited,INE492Y01011,Unknown,Unknown,EQ,,Unknown,0.0,0.0,0.0,0.0
4703,INNOVTEC,Innovative Tech Pack Ltd,INE965C01038,Unknown,Unknown,EQ,,Unknown,0.0,0.0,0.0,0.0
7999,INNOVATORS,Innovators Facade Systems Limited,INE870Z01015,Unknown,Unknown,EQ,,Unknown,0.0,0.0,0.0,0.0
8394,INNOVATUS,Innovatus Entertainment Networks Limited,INE0LYO01018,Unknown,Unknown,EQ,,Unknown,0.0,0.0,0.0,0.0
7040,INNOIND,Innoventive Industries Limited,INE549I01011,Unknown,Unknown,EQ,,Unknown,0.0,0.0,0.0,0.0
3979,INNOVENT,Innoventive Venture Limited,INE322N01013,Unknown,Unknown,EQ,,Unknown,0.0,0.0,0.0,0.0
3999,INNOVIS,Innovision E-Commerce Ltd.,INE880C01021,Unknown,Unknown,EQ,,Unknown,0.0,0.0,0.0,0.0
1063,INNOVISION,Innovision Limited,INE0ADB01012,Unknown,Unknown,EQ,2026-03-23,Unknown,0.0,0.0,0.0,0.0
1064,INOXGREEN,Inox Green Energy Services Limited,INE510W01014,Unknown,Unknown,EQ,2022-11-23,Unknown,0.0,0.0,0.0,0.0
1065,INOXINDIA,INOX India Limited,INE616N01034,Unknown,Unknown,EQ,2023-12-21,Unknown,0.0,0.0,0.0,0.0
6667,INOXL,Inox Leasing & Finance Ltd.,INE608E01014,Unknown,Unknown,EQ,,Unknown,0.0,0.0,0.0,0.0
6843,INOXLEISUR,Inox Leisure Limited,INE312H01016,Unknown,Unknown,EQ,,Unknown,0.0,0.0,0.0,0.0
8227,IWEL,Inox Wind Energy Limited,INE0FLR01028,Unknown,Unknown,EQ,,Unknown,0.0,0.0,0.0,0.0
9345,INOXWI-RE,Inox Wind Limited,INE066P20011,Unknown,Unknown,EQ,,Unknown,0.0,0.0,0.0,0.0
1066,INOXWIND,Inox Wind Limited,INE066P01011,Unknown,Unknown,EQ,2015-04-09,Unknown,0.0,0.0,0.0,0.0
1067,INSECTICID,Insecticides (India) Limited,INE070I01018,Unknown,Unknown,EQ,2007-05-30,Unknown,0.0,0.0,0.0,0.0
3071,INSILCO,Insilco Ltd,INE901A01011,Unknown,Unknown,EQ,,Unknown,0.0,0.0,0.0,0.0
1024,INA,Insolation Energy Limited,INE0LGX01024,Unknown,Unknown,EQ,2026-03-09,Unknown,0.0,0.0,0.0,0.0
1068,INSPIRISYS,Inspirisys Solutions Limited,INE020G01017,Unknown,Unknown,EQ,2006-10-30,Unknown,0.0,0.0,0.0,0.0
3809,INSTAF,Insta Finance Limited,INE592M01021,Unknown,Unknown,EQ,,Unknown,0.0,0.0,0.0,0.0
5045,INTECCAP,Intec Capital Limited,INE017E01018,Unknown,Unknown,EQ,,Unknown,0.0,0.0,0.0,0.0
5523,INTCAPL,INTEGRA CAPITAL LIMITED,INE366H01012,Unknown,Unknown,EQ,,Unknown,0.0,0.0,0.0,0.0
3419,INTEGRAEN,Integra Engineering India Ltd.,INE984B01023,Unknown,Unknown,EQ,,Unknown,0.0,0.0,0.0,0.0
9441,ESSEN-RE3,Integra Essentia Limited,INE418N20043,Unknown,Unknown,EQ,,Unknown,0.0,0.0,0.0,0.0
710,ESSENTIA,Integra Essentia Limited,INE418N01035,Unknown,Unknown,EQ,2013-08-20,Unknown,0.0,0.0,0.0,0.0
9062,ESSEN-RE1,Integra Essentia Limited,INE418N20027,Unknown,Unknown,EQ,,Unknown,0.0,0.0,0.0,0.0
9036,ESSEN-RE,Integra Essentia Limited,INE418N20019,Unknown,Unknown,EQ,,Unknown,0.0,0.0,0.0,0.0
9192,ESSEN-RE2,Integra Essentia Limited,INE418N20035,Unknown,Unknown,EQ,,Unknown,0.0,0.0,0.0,0.0
4294,INTEGRA,Integra India Group Company Limited,INE288D01017,Unknown,Unknown,EQ,,Unknown,0.0,0.0,0.0,0.0
4325,INTEGSW,Integra Switchgear Ltd.,INE0IPL01018,Unknown,Unknown,EQ,,Unknown,0.0,0.0,0.0,0.0
7143,INTELSOFT,Integra Telecommunication & Software Limited,INE256F01019,Unknown,Unknown,EQ,,Unknown,0.0,0.0,0.0,0.0
7477,ICSL,Integrated Capital Services Ltd,INE682B01023,Unknown,Unknown,EQ,,Unknown,0.0,0.0,0.0,0.0
3808,INTEGENT,Integrated Enterprises (India) Ltd.,INE227A01011,Unknown,Unknown,EQ,,Unknown,0.0,0.0,0.0,0.0
3744,INTEGFIN,Integrated Finance Company Ltd.,INE787E01016,Unknown,Unknown,EQ,,Unknown,0.0,0.0,0.0,0.0
3072,IFSL,Integrated Financial Services Ltd.,INE898B01017,Unknown,Unknown,EQ,,Unknown,0.0,0.0,0.0,0.0
6695,INTEGHIT,Integrated Hi-tech ltd.,INE934A01012,Unknown,Unknown,EQ,,Unknown,0.0,0.0,0.0,0.0
4450,INTEGFD,Integrated Proteins Ltd.,INE177M01021,Unknown,Unknown,EQ,,Unknown,0.0,0.0,0.0,0.0
4658,INTRUBI,Integrated Rubian Exports Ltd.,INE509D01016,Unknown,Unknown,EQ,,Unknown,0.0,0.0,0.0,0.0
5354,INTETHR,Integrated Thermoplastics Ltd.,INE038N01015,Unknown,Unknown,EQ,,Unknown,0.0,0.0,0.0,0.0
1069,INTELLECT,Intellect Design Arena Limited,INE306R01017,Unknown,Unknown,EQ,2014-12-18,Unknown,0.0,0.0,0.0,0.0
6433,INTELVIS,Intellvisions Software Ltd,INE600C01015,Unknown,Unknown,EQ,,Unknown,0.0,0.0,0.0,0.0
1070,INTENTECH,Intense Technologies Limited,INE781A01025,Unknown,Unknown,EQ,2017-03-23,Unknown,0.0,0.0,0.0,0.0
3799,INTRGLB,Inter Globe Finance Ltd.,INE661M01016,Unknown,Unknown,EQ,,Unknown,0.0,0.0,0.0,0.0
5157,INTSTOIL,Inter State Oil Carrier Ltd,INE003B01014,Unknown,Unknown,EQ,,Unknown,0.0,0.0,0.0,0.0
9273,INTFIN-RE,INTERACTIVE FINANCIAL SERVICES LIMITED,INE064T20018,Unknown,Unknown,EQ,,Unknown,0.0,0.0,0.0,0.0
7639,IFINSER,INTERACTIVE FINANCIAL SERVICES LIMITED,INE064T01018,Unknown,Unknown,EQ,,Unknown,0.0,0.0,0.0,0.0
1071,INTERARCH,Interarch Building Solutions Limited,INE00M901018,Unknown,Unknown,EQ,2024-08-26,Unknown,0.0,0.0,0.0,0.0
5234,INTERFAC,Interface Financial Services Ltd.,INE778C01027,Unknown,Unknown,EQ,,Unknown,0.0,0.0,0.0,0.0
1036,INDIGO,InterGlobe Aviation Limited,INE646L01027,Unknown,Unknown,EQ,2015-11-10,Unknown,0.0,0.0,0.0,0.0
4690,IDISL,Intergrated Digital Info Services Ltd.,INE762G01014,Unknown,Unknown,EQ,,Unknown,0.0,0.0,0.0,0.0
4958,INTLNKP,Interlink Petroleum Ltd.,INE959G01016,Unknown,Unknown,EQ,,Unknown,0.0,0.0,0.0,0.0
3592,INBEFDM,International Bestfoods Ltd.,INE792A01014,Unknown,Unknown,EQ,,Unknown,0.0,0.0,0.0,0.0
3453,INTLCOMBQ,International Combustion (India) Lt,INE403C01014,Unknown,Unknown,EQ,,Unknown,0.0,0.0,0.0,0.0
1072,INTLCONV,International Conveyors Limited,INE575C01027,Unknown,Unknown,EQ,2021-09-16,Unknown,0.0,0.0,0.0,0.0
4266,IDM,International Data Managements Ltd.,INE649R01010,Unknown,Unknown,EQ,,Unknown,0.0,0.0,0.0,0.0
5136,INTERDIA,International Diamond Services Ltd.,INE248F01016,Unknown,Unknown,EQ,,Unknown,0.0,0.0,0.0,0.0
1010,IGIL,International Gemological Institute Limited,INE0Q9301021,Unknown,Unknown,EQ,2024-12-20,Unknown,0.0,0.0,0.0,0.0
4892,INTLHOME,International Hometex Ltd.,INE315D01018,Unknown,Unknown,EQ,,Unknown,0.0,0.0,0.0,0.0
5310,INTERHG,International Housing Finance Corpo,INE903G01014,Unknown,Unknown,EQ,,Unknown,0.0,0.0,0.0,0.0
5380,INTSE,International Securities Ltd.,INE086D01015,Unknown,Unknown,EQ,,Unknown,0.0,0.0,0.0,0.0
3073,ITHL,International Travel House Ltd,INE262B01016,Unknown,Unknown,EQ,,Unknown,0.0,0.0,0.0,0.0
6608,INTERDIGI,Interworld Digital Ltd.,INE177D01020,Unknown,Unknown,EQ,,Unknown,0.0,0.0,0.0,0.0
1090,ISFT,Intrasoft Technologies Limited,INE566K01011,Unknown,Unknown,EQ,2010-04-12,Unknown,0.0,0.0,0.0,0.0
4298,INTRODM,Intron Ltd,INE151C01019,Unknown,Unknown,EQ,,Unknown,0.0,0.0,0.0,0.0
1073,INVENTURE,Inventure Growth & Securities Limited,INE878H01024,Unknown,Unknown,EQ,2011-08-04,Unknown,0.0,0.0,0.0,0.0
9200,INVENT-RE,INVENTURE GROWTH & SECURITIES LIMITED,INE878H20016,Unknown,Unknown,EQ,,Unknown,0.0,0.0,0.0,0.0
1017,IKS,Inventurus Knowledge Solutions Limited,INE115Q01022,Unknown,Unknown,EQ,2024-12-19,Unknown,0.0,0.0,0.0,0.0
8834,IVZSENSEX,INVESCO MUTUAL FUND,INF205KA1CA1,Unknown,Unknown,EQ,,Unknown,0.0,0.0,0.0,0.0
1074,INVPRECQ,Investment & Precision Castings Limited,INE155E01016,Unknown,Unknown,BE,2026-04-20,Unknown,0.0,0.0,0.0,0.0
3871,INVIGO,Invigorated Business Consulting Limited,INE359A01012,Unknown,Unknown,EQ,,Unknown,0.0,0.0,0.0,0.0
1077,IOLCP,IOL Chemicals and Pharmaceuticals Limited,INE485C01029,Unknown,Unknown,EQ,2010-11-08,Unknown,0.0,0.0,0.0,0.0
9502,IOLBRODPP,IOL Netcom Ltd,IN9517C01027,Unknown,Unknown,EQ,,Unknown,0.0,0.0,0.0,0.0
3931,IOLN,IOL Netcom Ltd,INE517C01011,Unknown,Unknown,EQ,,Unknown,0.0,0.0,0.0,0.0
1078,IONEXCHANG,ION Exchange (India) Limited,INE570A01022,Unknown,Unknown,EQ,2022-02-22,Unknown,0.0,0.0,0.0,0.0
1081,IPRINGLTD,IP Rings Limited,INE558A01019,Unknown,Unknown,EQ,2026-08-17,Unknown,0.0,0.0,0.0,0.0
1079,IPCALAB,IPCA Laboratories Limited,INE571A01038,Unknown,Unknown,EQ,1995-02-08,Unknown,0.0,0.0,0.0,0.0
6760,IQINF,IQ Infotech Ltd.,INE679B01011,Unknown,Unknown,EQ,,Unknown,0.0,0.0,0.0,0.0
1082,IRB,IRB Infrastructure Developers Limited,INE821I01022,Unknown,Unknown,EQ,2008-02-25,Unknown,0.0,0.0,0.0,0.0
1083,IRCON,Ircon International Limited,INE962Y01021,Unknown,Unknown,EQ,2018-09-28,Unknown,0.0,0.0,0.0,0.0
1088,IRISDOREME,Iris Clothings Limited,INE01GN01025,Unknown,Unknown,EQ,2021-02-22,Unknown,0.0,0.0,0.0,0.0
1087,IRIS,IRIS RegTech Solutions Limited,INE864K01010,Unknown,Unknown,EQ,2021-11-08,Unknown,0.0,0.0,0.0,0.0
1089,IRMENERGY,IRM Energy Limited,INE07U701015,Unknown,Unknown,EQ,2023-10-26,Unknown,0.0,0.0,0.0,0.0
3656,IRONWOOD,IRONWOOD EDUCATION LIMITED,INE791H01011,Unknown,Unknown,EQ,,Unknown,0.0,0.0,0.0,0.0
7091,ISERA,iSERA LIFESCIENCES LIMITED,INE899M01020,Unknown,Unknown,EQ,,Unknown,0.0,0.0,0.0,0.0
9375,ISERA-RE,iSERA LIFESCIENCES LIMITED,INE899M20012,Unknown,Unknown,EQ,,Unknown,0.0,0.0,0.0,0.0
5041,ISFL,ISF LIMITED,INE973B01026,Unknown,Unknown,EQ,,Unknown,0.0,0.0,0.0,0.0
1091,ISGEC,Isgec Heavy Engineering Limited,INE858B01029,Unknown,Unknown,EQ,2021-05-05,Unknown,0.0,0.0,0.0,0.0
7725,IISL,ISHAAN INFRASTRUCTURE AND SHELTERS LIMITED,INE818R01011,Unknown,Unknown,EQ,,Unknown,0.0,0.0,0.0,0.0
1092,ISHANCH,Ishan Dyes and Chemicals Limited,INE561M01018,Unknown,Unknown,EQ,2025-03-24,Unknown,0.0,0.0,0.0,0.0
4760,ISHITADR,Ishita Drugs & Industries Ltd.,INE806D01016,Unknown,Unknown,EQ,,Unknown,0.0,0.0,0.0,0.0
3578,ISHMS,Ishwar Medical Services Ltd.,INE058C01024,Unknown,Unknown,EQ,,Unknown,0.0,0.0,0.0,0.0
3489,ISHWATR,Ishwarshakti Holdings & Traders Ltd,INE073I01012,Unknown,Unknown,EQ,,Unknown,0.0,0.0,0.0,0.0
3840,ISLCONSUL,ISL Consulting Ltd,INE569B01022,Unknown,Unknown,EQ,,Unknown,0.0,0.0,0.0,0.0
6777,ISMTLTD,ISMT Limited,INE732F01019,Unknown,Unknown,EQ,,Unknown,0.0,0.0,0.0,0.0
6249,ISPATPROF,Ispat Profile India Ltd,INE798A01011,Unknown,Unknown,EQ,,Unknown,0.0,0.0,0.0,0.0
4808,ISTRNETWK,iStreet Network Limited,INE532B01020,Unknown,Unknown,EQ,,Unknown,0.0,0.0,0.0,0.0
3120,ITBHPDM,ITC Bhadrachalam Paperboards Ltd.,INE076A01012,Unknown,Unknown,EQ,,Unknown,0.0,0.0,0.0,0.0
1095,ITCHOTELS,ITC Hotels Limited,INE379A01028,Unknown,Unknown,EQ,2025-01-29,Unknown,0.0,0.0,0.0,0.0
3074,ITCHOTEL,ITC Hotels Ltd Old,INE379A01010,Unknown,Unknown,EQ,,Unknown,0.0,0.0,0.0,0.0
1094,ITC,ITC Limited,INE154A01025,Unknown,Unknown,EQ,1995-08-23,Unknown,0.0,0.0,0.0,0.0
8358,ITCONS,ITCONS E-Solutions Limited,INE0O6A01019,Unknown,Unknown,EQ,,Unknown,0.0,0.0,0.0,0.0
1097,ITI,ITI Limited,INE248A01017,Unknown,Unknown,EQ,2003-09-15,Unknown,0.0,0.0,0.0,0.0
1098,ITL,ITL Industries Limited,INE478D01014,Unknown,Unknown,EQ,2026-08-17,Unknown,0.0,0.0,0.0,0.0
3075,ITWSGDM,ITW Signode India Ltd,INE240A01014,Unknown,Unknown,EQ,,Unknown,0.0,0.0,0.0,0.0
1099,IVALUE,Ivalue Infosolutions Limited,INE056801025,Unknown,Unknown,EQ,2025-09-25,Unknown,0.0,0.0,0.0,0.0
1101,IVP,IVP Limited,INE043C01018,Unknown,Unknown,BE,1995-09-13,Unknown,0.0,0.0,0.0,0.0
6908,IVRCLAH,IVRCL Assets & Holdings Limited,INE414I01018,Unknown,Unknown,EQ,,Unknown,0.0,0.0,0.0,0.0
5307,IVRCLINFRA,IVRCL LTD,INE875A01025,Unknown,Unknown,EQ,,Unknown,0.0,0.0,0.0,0.0
4567,IYKOTHITE,Iykot Hitech Toolroom Ltd,INE079L01013,Unknown,Unknown,EQ,,Unknown,0.0,0.0,0.0,0.0
9172,IYKOT-RE,Iykot Hitech Toolroom Ltd,INE079L20013,Unknown,Unknown,EQ,,Unknown,0.0,0.0,0.0,0.0
9605,IYKOTPP,Iykot Hitech Toolroom Ltd,IN9079L01011,Unknown,Unknown,EQ,,Unknown,0.0,0.0,0.0,0.0
1104,IZMO,IZMO Limited,INE848A01014,Unknown,Unknown,EQ,2007-02-05,Unknown,0.0,0.0,0.0,0.0
8368,JAFINANCE,J.A. Finance Limited,INE825B01010,Unknown,Unknown,EQ,,Unknown,0.0,0.0,0.0,0.0
3547,JBCHEPHARM,J.B. Chemicals & Pharmaceuticals Lt,INE572A01036,Unknown,Unknown,EQ,,Unknown,0.0,0.0,0.0,0.0
4697,JFLABS,J.F.Laboratories Limited,INE226C01019,Unknown,Unknown,EQ,,Unknown,0.0,0.0,0.0,0.0
1124,JGCHEM,J.G.Chemicals Limited,INE0MB501011,Unknown,Unknown,EQ,2024-03-13,Unknown,0.0,0.0,0.0,0.0
4588,JJFINCOR,J.J. Finance Corporation Ltd.,INE584C01011,Unknown,Unknown,EQ,,Unknown,0.0,0.0,0.0,0.0
5090,JJEXPO,J.J.Exporters Ltd.,INE408B01015,Unknown,Unknown,EQ,,Unknown,0.0,0.0,0.0,0.0
6473,JJSPECT,J.J.Spectrum Silk Ltd.,INE893B01018,Unknown,Unknown,EQ,,Unknown,0.0,0.0,0.0,0.0
3511,JKINVESTR,J.K.Investo Trade (India) Ltd.,INE361G01015,Unknown,Unknown,EQ,,Unknown,0.0,0.0,0.0,0.0
3076,JKPHARMA,J.K.Pharmachem Ltd.,INE335C01018,Unknown,Unknown,EQ,,Unknown,0.0,0.0,0.0,0.0
1137,JKIL,J.Kumar Infraprojects Limited,INE576I01022,Unknown,Unknown,EQ,2008-02-12,Unknown,0.0,0.0,0.0,0.0
3513,JLMORI,J.L. Morison (India) Ltd.,INE430D01015,Unknown,Unknown,EQ,,Unknown,0.0,0.0,0.0,0.0
7233,JACKSON,Jackson Investments Limited,INE508N01025,Unknown,Unknown,EQ,,Unknown,0.0,0.0,0.0,0.0
3945,ZJQARTCH,Jacqart Chemical Industries Ltd,INE966G01011,Unknown,Unknown,EQ,,Unknown,0.0,0.0,0.0,0.0
5285,JAGANLAM,Jagan Lamps Ltd.,INE144C01014,Unknown,Unknown,EQ,,Unknown,0.0,0.0,0.0,0.0
3559,JAGAJITIND,Jagatjit Industries Ltd.,INE574A01016,Unknown,Unknown,EQ,,Unknown,0.0,0.0,0.0,0.0
6885,JAGJANANI,JAGJANANI TEXTILES LIMITED,INE702H01018,Unknown,Unknown,EQ,,Unknown,0.0,0.0,0.0,0.0
1106,JAGRAN,Jagran Prakashan Limited,INE199G01027,Unknown,Unknown,EQ,2006-02-22,Unknown,0.0,0.0,0.0,0.0
4471,JAGSONAI,Jagson Airlines Ltd.,INE685B01018,Unknown,Unknown,EQ,,Unknown,0.0,0.0,0.0,0.0
1107,JAGSNPHARM,Jagsonpal Pharmaceuticals Limited,INE048B01035,Unknown,Unknown,EQ,2000-03-01,Unknown,0.0,0.0,0.0,0.0
5254,JAGSONSER,JAGSONPAL SERVICES LIMITED,INE582C01015,Unknown,Unknown,EQ,,Unknown,0.0,0.0,0.0,0.0
1108,JAIBALAJI,Jai Balaji Industries Limited,INE091G01026,Unknown,Unknown,EQ,2003-12-09,Unknown,0.0,0.0,0.0,0.0
1109,JAICORPLTD,Jai Corp Limited,INE070D01027,Unknown,Unknown,EQ,1997-11-26,Unknown,0.0,0.0,0.0,0.0
4647,JAIMATAG,Jai Mata Glass Ltd.,INE250C01027,Unknown,Unknown,EQ,,Unknown,0.0,0.0,0.0,0.0
4207,JAIMI,Jai Mata Industries Ltd.,INE562D01015,Unknown,Unknown,EQ,,Unknown,0.0,0.0,0.0,0.0
4457,JAPSP,Jai Parabolic Springs Ltd.,INE686B01016,Unknown,Unknown,EQ,,Unknown,0.0,0.0,0.0,0.0
3194,JAIPRAKASH,Jai Prakash Industries Ltd.,INE575A01013,Unknown,Unknown,EQ,,Unknown,0.0,0.0,0.0,0.0
4420,JAIDIND,Jaidka Industries Ltd.,INE733M01013,Unknown,Unknown,EQ,,Unknown,0.0,0.0,0.0,0.0
4190,JAIHIND,JAIHIND INDUSTRIES LIMITED,INE156E01014,Unknown,Unknown,EQ,,Unknown,0.0,0.0,0.0,0.0
5538,JAIHINDPRO,Jaihind Projects Ltd.,INE343D01010,Unknown,Unknown,EQ,,Unknown,0.0,0.0,0.0,0.0
1133,JISLDVREQS,Jain Irrigation Systems Limited,IN9175A01010,Unknown,Unknown,EQ,2011-11-30,Unknown,0.0,0.0,0.0,0.0
1134,JISLJALEQS,Jain Irrigation Systems Limited,INE175A01038,Unknown,Unknown,EQ,2001-08-13,Unknown,0.0,0.0,0.0,0.0
7458,JAINMARMO,Jain Marmo Industries Ltd.,INE780Q01015,Unknown,Unknown,EQ,,Unknown,0.0,0.0,0.0,0.0
1110,JAINREC,Jain Resource Recycling Limited,INE0YD401026,Unknown,Unknown,EQ,2025-10-01,Unknown,0.0,0.0,0.0,0.0
6587,JAINSTUDIO,Jain Studios Ltd.,INE486B01011,Unknown,Unknown,EQ,,Unknown,0.0,0.0,0.0,0.0
5043,JAINCO,Jainco Projects (India) Ltd.,INE966C01010,Unknown,Unknown,EQ,,Unknown,0.0,0.0,0.0,0.0
9385,JAINEX-RE,JAINEX AAMCOL LTD.,INE280F20019,Unknown,Unknown,EQ,,Unknown,0.0,0.0,0.0,0.0
3409,JAINEX,JAINEX AAMCOL LTD.,INE280F01019,Unknown,Unknown,EQ,,Unknown,0.0,0.0,0.0,0.0
3461,JAIPAN,Jaipan Industries Ltd,INE058D01030,Unknown,Unknown,EQ,,Unknown,0.0,0.0,0.0,0.0
6794,JPASSOCIAT,Jaiprakash Associates Limited,INE455F01025,Unknown,Unknown,EQ,,Unknown,0.0,0.0,0.0,0.0
1149,JPPOWER,Jaiprakash Power Ventures Limited,INE351F01018,Unknown,Unknown,EQ,2005-04-18,Unknown,0.0,0.0,0.0,0.0
3316,JAIPURPO,"Jaipur Polyspin Ltd.,",INE916B01017,Unknown,Unknown,EQ,,Unknown,0.0,0.0,0.0,0.0
9461,JDL,Jaisukh Dealers Limited,INE190P01019,Unknown,Unknown,EQ,,Unknown,0.0,0.0,0.0,0.0
4610,JALPAC,Jalpac India Ltd.,INE976B01011,Unknown,Unknown,EQ,,Unknown,0.0,0.0,0.0,0.0
4969,JAMEHOT,James Hotels ltd.,INE510D01014,Unknown,Unknown,EQ,,Unknown,0.0,0.0,0.0,0.0
7262,JAMESWARREN,James Warren Tea Limited,INE718P01017,Unknown,Unknown,EQ,,Unknown,0.0,0.0,0.0,0.0
1112,JAMNAAUTO,Jamna Auto Industries Limited,INE039C01032,Unknown,Unknown,EQ,2010-12-10,Unknown,0.0,0.0,0.0,0.0
3275,JAMSHRI,JAMSHRI REALTY LIMITED,INE462D01034,Unknown,Unknown,EQ,,Unknown,0.0,0.0,0.0,0.0
1150,JSFB,Jana Small Finance Bank Limited,INE953L01027,Unknown,Unknown,EQ,2024-02-14,Unknown,0.0,0.0,0.0,0.0
6564,JANTE,Janice Textiles Ltd.,INE090E01015,Unknown,Unknown,EQ,,Unknown,0.0,0.0,0.0,0.0
8162,JANUSCORP,Janus Corporation Limited,INE04OV01018,Unknown,Unknown,EQ,,Unknown,0.0,0.0,0.0,0.0
1113,JARO,Jaro Institute of Technology Management and Research Limited,INE00YJ01010,Unknown,Unknown,EQ,2025-09-30,Unknown,0.0,0.0,0.0,0.0
8442,JGTL,JASCH GAUGING TECHNOLOGIES LIMITED,INE0QXV01014,Unknown,Unknown,EQ,,Unknown,0.0,0.0,0.0,0.0
3077,JASCH,Jasch Industries Ltd.,INE711C01028,Unknown,Unknown,EQ,,Unknown,0.0,0.0,0.0,0.0
7794,JDML,Jash Dealmark Limited,INE801W01017,Unknown,Unknown,EQ,,Unknown,0.0,0.0,0.0,0.0
1114,JASH,Jash Engineering Limited,INE039O01029,Unknown,Unknown,EQ,2019-10-30,Unknown,0.0,0.0,0.0,0.0
4403,JATALIA,JATALIA GLOBAL VENTURES LIMITED,INE847M01011,Unknown,Unknown,EQ,,Unknown,0.0,0.0,0.0,0.0
4192,JATTAINDUS,Jattashankar Industries Limited,INE722N01014,Unknown,Unknown,EQ,,Unknown,0.0,0.0,0.0,0.0
4857,JAUSPOL,Jauss Polymers Ltd,INE593O01017,Unknown,Unknown,EQ,,Unknown,0.0,0.0,0.0,0.0
4936,JAYRAPID,Jay  Rapid Roller Ltd.,INE872D01018,Unknown,Unknown,EQ,,Unknown,0.0,0.0,0.0,0.0
8621,CITYSQUARE,JAY AMBE SUPERMARKETS LIMITED,INE1DRH01011,Unknown,Unknown,EQ,,Unknown,0.0,0.0,0.0,0.0
1116,JAYBARMARU,Jay Bharat Maruti Limited,INE571B01036,Unknown,Unknown,EQ,1996-01-03,Unknown,0.0,0.0,0.0,0.0
4961,JAYENGY,Jay Energy And S. Energies Limited,INE315L01029,Unknown,Unknown,EQ,,Unknown,0.0,0.0,0.0,0.0
4109,JAYIRST,Jay Iron & Steels Industries Ltd,INE986E01014,Unknown,Unknown,EQ,,Unknown,0.0,0.0,0.0,0.0
8453,JAYKAILASH,Jay Kailash Namkeen Limited,INE0MSS01019,Unknown,Unknown,EQ,,Unknown,0.0,0.0,0.0,0.0
8897,JAYMAHESH,Jay Mahesh Infraventures Ltd.,INE984L01014,Unknown,Unknown,EQ,,Unknown,0.0,0.0,0.0,0.0
4060,JAYUSH,Jay Ushin Ltd.,INE289D01015,Unknown,Unknown,EQ,,Unknown,0.0,0.0,0.0,0.0
3212,JAYBHCR,Jayabharat Credit Ltd.,INE998D01011,Unknown,Unknown,EQ,,Unknown,0.0,0.0,0.0,0.0
8932,JAYAGCRP,Jayant Agro-Organics Limited.,INE785A04012,Unknown,Unknown,EQ,,Unknown,0.0,0.0,0.0,0.0
1115,JAYAGROGN,Jayant Agro Organics Limited,INE785A01026,Unknown,Unknown,EQ,1996-04-17,Unknown,0.0,0.0,0.0,0.0
8295,JAYANT,JAYANT INFRATECH LIMITED,INE0KR801019,Unknown,Unknown,EQ,,Unknown,0.0,0.0,0.0,0.0
3921,JAYAMEL,Jayant Mercantile Co. Ltd,INE789G01025,Unknown,Unknown,EQ,,Unknown,0.0,0.0,0.0,0.0
1119,JAYNECOIND,Jayaswal Neco Industries Limited,INE854B01010,Unknown,Unknown,EQ,1995-05-10,Unknown,0.0,0.0,0.0,0.0
7412,JAYATMA,JAYATMA ENTERPRISES LIMITED,INE246D01015,Unknown,Unknown,EQ,,Unknown,0.0,0.0,0.0,0.0
5528,JAYIND,JAYATMA INDUSTRIES LIMITED,INE250D01017,Unknown,Unknown,EQ,,Unknown,0.0,0.0,0.0,0.0
6206,JAVNTPR,Jayavant Products Limited,INE364H01017,Unknown,Unknown,EQ,,Unknown,0.0,0.0,0.0,0.0
3944,JAYTEX,Jaybharat Textiles And Real Estate Limited,INE091E01039,Unknown,Unknown,EQ,,Unknown,0.0,0.0,0.0,0.0
9213,JAYKAY-RE,Jaykay Enterprises Limited,INE903A20017,Unknown,Unknown,EQ,,Unknown,0.0,0.0,0.0,0.0
1117,JAYKAY,Jaykay Enterprises Limited,INE903A01025,Unknown,Unknown,EQ,2025-12-03,Unknown,0.0,0.0,0.0,0.0
1118,JAYKAY-RE1,Jaykay Enterprises Limited-RE,INE903A20025,Unknown,Unknown,BE,2026-09-07,Unknown,0.0,0.0,0.0,0.0
3078,JPHOTEL,Jaypee Hotels Ltd.,INE851A01018,Unknown,Unknown,EQ,,Unknown,0.0,0.0,0.0,0.0
7002,JPINFRATEC,Jaypee Infratech Limited,INE099J01015,Unknown,Unknown,EQ,,Unknown,0.0,0.0,0.0,0.0
3512,JAYCH,Jayshree Chemicals Ltd.,INE693E01016,Unknown,Unknown,EQ,,Unknown,0.0,0.0,0.0,0.0
1120,JAYSREETEA,Jayshree Tea & Industries Limited,INE364A01020,Unknown,Unknown,EQ,1995-02-15,Unknown,0.0,0.0,0.0,0.0
3543,JAYSYN,Jaysynth Dyestuff (India) Ltd.,INE703C01025,Unknown,Unknown,EQ,,Unknown,0.0,0.0,0.0,0.0
4799,JAYSYNTH,JAYSYNTH ORGOCHEM LIMITED,INE263B01022,Unknown,Unknown,EQ,,Unknown,0.0,0.0,0.0,0.0
4147,JBFIND,JBF Industries Ltd.,INE187A01017,Unknown,Unknown,EQ,,Unknown,0.0,0.0,0.0,0.0
1121,JBMA,JBM Auto Limited,INE927D01051,Unknown,Unknown,EQ,2004-12-17,Unknown,0.0,0.0,0.0,0.0
3079,JCTEL,JCT Electronics Ltd.,INE264B01020,Unknown,Unknown,EQ,,Unknown,0.0,0.0,0.0,0.0
3080,JCTLTD,JCT Ltd,INE945A01026,Unknown,Unknown,EQ,,Unknown,0.0,0.0,0.0,0.0
8625,JDCABLES,JD CABLES LIMITED,INE14VP01014,Unknown,Unknown,EQ,,Unknown,0.0,0.0,0.0,0.0
1152,JSLL,Jeena Sikho Lifecare Limited,INE0J5801029,Unknown,Unknown,EQ,2025-08-11,Unknown,0.0,0.0,0.0,0.0
4040,ZJEETMAC,Jeet Machine Tools Ltd.,INE987E01012,Unknown,Unknown,EQ,,Unknown,0.0,0.0,0.0,0.0
7352,JSTL,Jeevan Scientific Technology Limited,INE237B01018,Unknown,Unknown,EQ,,Unknown,0.0,0.0,0.0,0.0
1122,JENBURPH,Jenburkt Pharmaceuticals Limited,INE354A01013,Unknown,Unknown,EQ,2026-08-17,Unknown,0.0,0.0,0.0,0.0
4662,JENSONICOL,Jenson & Nicholson (India) Ltd.,INE819B01021,Unknown,Unknown,EQ,,Unknown,0.0,0.0,0.0,0.0
3795,JNFSL,Jenson & Nicholson Financial Serv.L,INE004D01018,Unknown,Unknown,EQ,,Unknown,0.0,0.0,0.0,0.0
6805,JETAIRWAYS,Jet Airways (India) Ltd,INE802G01018,Unknown,Unknown,EQ,,Unknown,0.0,0.0,0.0,0.0
1123,JETFREIGHT,Jet Freight Logistics Limited,INE982V01025,Unknown,Unknown,EQ,2021-12-21,Unknown,0.0,0.0,0.0,0.0
9078,JETFRE-RE,Jet Freight Logistics Limited,INE982V20017,Unknown,Unknown,EQ,,Unknown,0.0,0.0,0.0,0.0
7339,JETSOLAR,JET SOLAR LIMITED,INE155R01018,Unknown,Unknown,EQ,,Unknown,0.0,0.0,0.0,0.0
4269,JETKINGQ,Jetking Infotrain Ltd.,INE919C01019,Unknown,Unknown,EQ,,Unknown,0.0,0.0,0.0,0.0
3393,JHAGCOP,Jhagadia Copper Limited,INE666A01028,Unknown,Unknown,EQ,,Unknown,0.0,0.0,0.0,0.0
7931,JFL,Jhandewalas Foods Limited,INE841Y01019,Unknown,Unknown,EQ,,Unknown,0.0,0.0,0.0,0.0
6301,JHACC,Jhaveri Credits & Capital Ltd.,INE865D01012,Unknown,Unknown,EQ,,Unknown,0.0,0.0,0.0,0.0
3608,JHAVFLEXO,Jhaveri Flexo India Limited,INE114C01025,Unknown,Unknown,EQ,,Unknown,0.0,0.0,0.0,0.0
1125,JHS,JHS Svendgaard Laboratories Limited,INE544H01014,Unknown,Unknown,EQ,2006-10-21,Unknown,0.0,0.0,0.0,0.0
1864,RETAIL,JHS Svendgaard Retail Ventures Limited,INE03DD01011,Unknown,Unknown,EQ,2024-06-26,Unknown,0.0,0.0,0.0,0.0
7853,JIGAR,Jigar Cables Limited,INE943X01015,Unknown,Unknown,EQ,,Unknown,0.0,0.0,0.0,0.0
9475,JIGYASA,Jigyasa Infrastructure Limited,INE107Q01011,Unknown,Unknown,EQ,,Unknown,0.0,0.0,0.0,0.0
3842,JIKIND,JIK Industries Ltd,INE026B01049,Unknown,Unknown,EQ,,Unknown,0.0,0.0,0.0,0.0
8095,JINAAM,JINAAM’S DRESS LIMITED,INE011201014,Unknown,Unknown,EQ,,Unknown,0.0,0.0,0.0,0.0
5197,JINDCAP,Jindal Capital Ltd.,INE356F01017,Unknown,Unknown,EQ,,Unknown,0.0,0.0,0.0,0.0
6983,JINDCOT,Jindal Cotex Limited,INE904J01016,Unknown,Unknown,EQ,,Unknown,0.0,0.0,0.0,0.0
1130,JINDRILL,Jindal Drilling And Industries Limited,INE742C01031,Unknown,Unknown,EQ,2006-12-22,Unknown,0.0,0.0,0.0,0.0
3637,JINDHOT,Jindal Hotels Ltd.,INE726D01016,Unknown,Unknown,EQ,,Unknown,0.0,0.0,0.0,0.0
3033,JINDALIRON,Jindal Iron & Steel Co Ltd.,INE020A01010,Unknown,Unknown,EQ,,Unknown,0.0,0.0,0.0,0.0
7689,JLL,JINDAL LEASEFIN LIMITED,INE919T01013,Unknown,Unknown,EQ,,Unknown,0.0,0.0,0.0,0.0
1126,JINDALPHOT,Jindal Photo Limited,INE796G01012,Unknown,Unknown,EQ,2005-04-07,Unknown,0.0,0.0,0.0,0.0
1127,JINDALPOLY,Jindal Poly Films Limited,INE197D01010,Unknown,Unknown,EQ,2002-01-21,Unknown,0.0,0.0,0.0,0.0
1148,JPOLYINVST,Jindal Poly Investment and Finance Company Limited,INE147P01019,Unknown,Unknown,EQ,2013-11-11,Unknown,0.0,0.0,0.0,0.0
1128,JINDALSAW,Jindal Saw Limited,INE324A01032,Unknown,Unknown,EQ,2003-04-29,Unknown,0.0,0.0,0.0,0.0
7616,JSLHISAR,Jindal Stainless (Hisar) Limited,INE455T01018,Unknown,Unknown,EQ,,Unknown,0.0,0.0,0.0,0.0
1151,JSL,Jindal Stainless Limited,INE220G01021,Unknown,Unknown,EQ,2003-11-17,Unknown,0.0,0.0,0.0,0.0
1129,JINDALSTEL,JINDAL STEEL LIMITED,INE749A01030,Unknown,Unknown,EQ,1999-12-29,Unknown,0.0,0.0,0.0,0.0
1131,JINDWORLD,Jindal Worldwide Limited,INE247D01039,Unknown,Unknown,EQ,2010-11-25,Unknown,0.0,0.0,0.0,0.0
1138,JKIPL,Jinkushal Industries Limited,INE1FF001016,Unknown,Unknown,EQ,2025-10-03,Unknown,0.0,0.0,0.0,0.0
8830,NIFTYJBLK,Jio BlackRock Mutual Fund,INF22M001184,Unknown,Unknown,EQ,,Unknown,0.0,0.0,0.0,0.0
1132,JIOFIN,Jio Financial Services Limited,INE758E01017,Unknown,Unknown,EQ,2023-08-21,Unknown,0.0,0.0,0.0,0.0
1135,JITFINFRA,JITF Infralogistics Limited,INE863T01013,Unknown,Unknown,EQ,2017-02-27,Unknown,0.0,0.0,0.0,0.0
8792,JIVIAL,Jivial Industries Limited,INE0V3T01017,Unknown,Unknown,EQ,,Unknown,0.0,0.0,0.0,0.0
7507,JIYAECO,Jiya Eco-Products Limited,INE023S01016,Unknown,Unknown,EQ,,Unknown,0.0,0.0,0.0,0.0
7127,JKAGRI,JK Agri Genetics Limited,INE690O01011,Unknown,Unknown,EQ,,Unknown,0.0,0.0,0.0,0.0
1136,JKCEMENT,JK Cement Limited,INE823G01014,Unknown,Unknown,EQ,2006-03-14,Unknown,0.0,0.0,0.0,0.0
1139,JKLAKSHMI,JK Lakshmi Cement Limited,INE786A01032,Unknown,Unknown,EQ,2006-06-19,Unknown,0.0,0.0,0.0,0.0
1140,JKPAPER,JK Paper Limited,INE789E01012,Unknown,Unknown,EQ,2005-06-16,Unknown,0.0,0.0,0.0,0.0
6792,JKSUGAR,JK Sugar Limited,INE210G01014,Unknown,Unknown,EQ,,Unknown,0.0,0.0,0.0,0.0
1141,JKTYRE,JK Tyre & Industries Limited,INE573A01042,Unknown,Unknown,EQ,2007-03-19,Unknown,0.0,0.0,0.0,0.0
7328,JSHL,JLA Infraville Shoppers Limited,INE401Q01018,Unknown,Unknown,EQ,,Unknown,0.0,0.0,0.0,0.0
1144,JMFINANCIL,JM Financial Limited,INE780C01023,Unknown,Unknown,EQ,2006-10-10,Unknown,0.0,0.0,0.0,0.0
4570,JMCPROJECT,JMC Projects (india) Ltd.,INE890A01024,Unknown,Unknown,EQ,,Unknown,0.0,0.0,0.0,0.0
3754,JMDVL,JMD Ventures Limited,INE047E01031,Unknown,Unknown,EQ,,Unknown,0.0,0.0,0.0,0.0
4757,JMDEPACKR,JMDE Packaging & Realties Limited,INE807C01024,Unknown,Unknown,EQ,,Unknown,0.0,0.0,0.0,0.0
4679,JMGCORP,JMG Corporation Ltd,INE745F01011,Unknown,Unknown,EQ,,Unknown,0.0,0.0,0.0,0.0
7351,JMJFIN,JMJ Fintech Limited,INE242Q01016,Unknown,Unknown,EQ,,Unknown,0.0,0.0,0.0,0.0
9337,JMJFIN-RE,JMJ Fintech Limited,INE242Q20016,Unknown,Unknown,EQ,,Unknown,0.0,0.0,0.0,0.0
9627,JMJFINPP,JMJ Fintech Limited,IN9242Q01014,Unknown,Unknown,EQ,,Unknown,0.0,0.0,0.0,0.0
1145,JNKINDIA,JNK India Limited,INE0OAF01028,Unknown,Unknown,EQ,2024-04-30,Unknown,0.0,0.0,0.0,0.0
1147,JOCIL,Jocil Limited,INE839G01010,Unknown,Unknown,BE,2008-10-08,Unknown,0.0,0.0,0.0,0.0
3627,JOGENG,Jog Engineering Ltd.,INE941A01017,Unknown,Unknown,EQ,,Unknown,0.0,0.0,0.0,0.0
496,COCKERILL,John Cockerill India Limited,INE515A01019,Unknown,Unknown,EQ,2026-04-20,Unknown,0.0,0.0,0.0,0.0
6646,JOHNPHARMA,JOHNSON PHARMACARE LIMITED,INE560F01022,Unknown,Unknown,EQ,,Unknown,0.0,0.0,0.0,0.0
6482,JOINDRE,Joindre Capital Services Ltd.,INE024B01010,Unknown,Unknown,EQ,,Unknown,0.0,0.0,0.0,0.0
7074,JOINTECAED,Jointeca Education Solutions Limited,INE131N01018,Unknown,Unknown,EQ,,Unknown,0.0,0.0,0.0,0.0
6516,JOJO,JOJO LIMITED,INE312M01024,Unknown,Unknown,EQ,,Unknown,0.0,0.0,0.0,0.0
3248,JOLLNEW,Jolly Boards Ltd.,INE532G01011,Unknown,Unknown,EQ,,Unknown,0.0,0.0,0.0,0.0
3635,JOLYPLS,Jolly Plastic Industries Ltd.,INE289M01016,Unknown,Unknown,EQ,,Unknown,0.0,0.0,0.0,0.0
5120,JOLLYRID,Jolly Rides Ltd.,INE996B01019,Unknown,Unknown,EQ,,Unknown,0.0,0.0,0.0,0.0
8082,JONJUA,Jonjua Overseas Limited,INE793Z01027,Unknown,Unknown,EQ,,Unknown,0.0,0.0,0.0,0.0
9256,JONJUA-RE,Jonjua Overseas Limited,INE793Z20019,Unknown,Unknown,EQ,,Unknown,0.0,0.0,0.0,0.0
3083,JORDENG-B,Jord Engineers India Ltd,INE666F01019,Unknown,Unknown,EQ,,Unknown,0.0,0.0,0.0,0.0
3454,JOSTS,Josts Engineering Co. Ltd.,INE636D01041,Unknown,Unknown,EQ,,Unknown,0.0,0.0,0.0,0.0
9350,JOSTS-RE,Josts Engineering Co. Ltd.,INE636D20017,Unknown,Unknown,EQ,,Unknown,0.0,0.0,0.0,0.0
5185,JOYHRDM,Joymat Hotel Resorts Ltd.,INE409D01019,Unknown,Unknown,EQ,,Unknown,0.0,0.0,0.0,0.0
5372,JPTSEC,JPT Securities Ltd.,INE630C01012,Unknown,Unknown,EQ,,Unknown,0.0,0.0,0.0,0.0
3468,JRIIIL,JRI Industries & Infrastructure Limited,INE022M01029,Unknown,Unknown,EQ,,Unknown,0.0,0.0,0.0,0.0
3330,JSLINDL,JSL Industries Ltd.,INE581L01018,Unknown,Unknown,EQ,,Unknown,0.0,0.0,0.0,0.0
1153,JSWCEMENT,JSW Cement Limited,INE718I01012,Unknown,Unknown,EQ,2025-08-14,Unknown,0.0,0.0,0.0,0.0
1154,JSWDULUX,JSW Dulux Limited,INE133A01011,Unknown,Unknown,EQ,2001-06-28,Unknown,0.0,0.0,0.0,0.0
1155,JSWENERGY,JSW Energy Limited,INE121E01018,Unknown,Unknown,EQ,2010-01-04,Unknown,0.0,0.0,0.0,0.0
1156,JSWHL,JSW Holdings Limited,INE824G01012,Unknown,Unknown,EQ,2005-06-21,Unknown,0.0,0.0,0.0,0.0
1157,JSWINFRA,JSW Infrastructure Limited,INE880J01026,Unknown,Unknown,EQ,2023-10-03,Unknown,0.0,0.0,0.0,0.0
4092,JSWISPL,JSW ISPAT SPECIAL PRODUCTS LIMITED,INE743C01021,Unknown,Unknown,EQ,,Unknown,0.0,0.0,0.0,0.0
7062,JSWISPLBBPH,JSW ISPAT SPECIAL PRODUCTS LIMITED,INEPHYC01013,Unknown,Unknown,EQ,,Unknown,0.0,0.0,0.0,0.0
3109,JSWISPAT,JSW ISPAT Steel Ltd,INE136A01022,Unknown,Unknown,EQ,,Unknown,0.0,0.0,0.0,0.0
1158,JSWSTEEL,JSW Steel Limited,INE019A01038,Unknown,Unknown,EQ,2005-03-23,Unknown,0.0,0.0,0.0,0.0
1159,JTEKTINDIA,Jtekt India Limited,INE643A01035,Unknown,Unknown,EQ,2004-01-12,Unknown,0.0,0.0,0.0,0.0
9343,JTEKT-RE,JTEKT India Limited,INE643A20019,Unknown,Unknown,EQ,,Unknown,0.0,0.0,0.0,0.0
7160,JTLDEFENCE,JTL DEFENCE LIMITED,INE140B01048,Unknown,Unknown,EQ,,Unknown,0.0,0.0,0.0,0.0
1160,JTLIND,JTL INDUSTRIES LIMITED,INE391J01032,Unknown,Unknown,EQ,2023-06-12,Unknown,0.0,0.0,0.0,0.0
1161,JUBLCPL,Jubilant Agri and Consumer Products Limited,INE03CC01015,Unknown,Unknown,EQ,2025-02-14,Unknown,0.0,0.0,0.0,0.0
1162,JUBLFOOD,Jubilant Foodworks Limited,INE797F01020,Unknown,Unknown,EQ,2010-02-08,Unknown,0.0,0.0,0.0,0.0
7030,JUBLINDS,Jubilant Industries Limited,INE645L01011,Unknown,Unknown,EQ,,Unknown,0.0,0.0,0.0,0.0
1163,JUBLINGREA,Jubilant Ingrevia Limited,INE0BY001018,Unknown,Unknown,EQ,2021-03-19,Unknown,0.0,0.0,0.0,0.0
1164,JUBLPHARMA,Jubilant Pharmova Limited,INE700A01033,Unknown,Unknown,EQ,2003-06-16,Unknown,0.0,0.0,0.0,0.0
7089,JUJHARLOGI,JUJHAR LOGISTICS  LIMITED,INE198N01017,Unknown,Unknown,EQ,,Unknown,0.0,0.0,0.0,0.0
7122,JULIEN,JULIEN AGRO INFRATECH LIMITED,INE890N01027,Unknown,Unknown,EQ,,Unknown,0.0,0.0,0.0,0.0
1143,JMA,Jullundur Motor Agency (Delhi) Limited,INE412C01023,Unknown,Unknown,EQ,2015-03-16,Unknown,0.0,0.0,0.0,0.0
4256,JUMBO,Jumbo Bag ltd.,INE699D01015,Unknown,Unknown,EQ,,Unknown,0.0,0.0,0.0,0.0
3748,JUMBFNL,Jumbo Finance Ltd.,INE122N01017,Unknown,Unknown,EQ,,Unknown,0.0,0.0,0.0,0.0
6550,JUNE,JUNE INDUSTRIES LIMITED,INE108B01029,Unknown,Unknown,EQ,,Unknown,0.0,0.0,0.0,0.0
8515,JUNGLECAMP,JUNGLE CAMPS INDIA LIMITED,INE0WCH01015,Unknown,Unknown,EQ,,Unknown,0.0,0.0,0.0,0.0
1146,JNPR,Juniper Green Energy Limited,INE05C901015,Unknown,Unknown,EQ,2026-08-06,Unknown,0.0,0.0,0.0,0.0
1165,JUNIPER,Juniper Hotels Limited,INE696F01016,Unknown,Unknown,EQ,2024-02-28,Unknown,0.0,0.0,0.0,0.0
4854,JUPITER,Jupiter Bioscience Ltd.,INE918B01013,Unknown,Unknown,EQ,,Unknown,0.0,0.0,0.0,0.0
4725,JUPIBIOT,Jupiter Biotech Ltd.,INE790E01010,Unknown,Unknown,EQ,,Unknown,0.0,0.0,0.0,0.0
3639,JPTRLES,Jupiter Industries & Leasing Ltd.,INE990E01016,Unknown,Unknown,EQ,,Unknown,0.0,0.0,0.0,0.0
7072,JUPITERIN,Jupiter Infomedia Limited,INE524N01014,Unknown,Unknown,EQ,,Unknown,0.0,0.0,0.0,0.0
1142,JLHL,Jupiter Life Line Hospitals Limited,INE682M01020,Unknown,Unknown,EQ,2023-09-18,Unknown,0.0,0.0,0.0,0.0
1167,JWL,Jupiter Wagons Limited,INE209L01016,Unknown,Unknown,EQ,2010-10-18,Unknown,0.0,0.0,0.0,0.0
1166,JUSTDIAL,Just Dial Limited,INE599M01018,Unknown,Unknown,EQ,2013-06-05,Unknown,0.0,0.0,0.0,0.0
8632,JUSTO,Justo Realfintech Limited,INE0W5Q01017,Unknown,Unknown,EQ,,Unknown,0.0,0.0,0.0,0.0
4392,JVLAGRO,JVL Agro Industries Limited,INE430G01026,Unknown,Unknown,EQ,,Unknown,0.0,0.0,0.0,0.0
8088,JYOTIN,Jyot International Marketing Limited,INE043R01016,Unknown,Unknown,EQ,,Unknown,0.0,0.0,0.0,0.0
6825,JYOTHYCONS,Jyothy Consumer Products Limited,INE099H01019,Unknown,Unknown,EQ,,Unknown,0.0,0.0,0.0,0.0
1168,JYOTHYLAB,Jyothy Labs Limited,INE668F01031,Unknown,Unknown,EQ,2007-12-19,Unknown,0.0,0.0,0.0,0.0
1169,JYOTICNC,Jyoti CNC Automation Limited,INE980O01024,Unknown,Unknown,EQ,2024-01-16,Unknown,0.0,0.0,0.0,0.0
3329,JYOTI,Jyoti Ltd.,INE511D01012,Unknown,Unknown,EQ,,Unknown,0.0,0.0,0.0,0.0
4710,JYOTIOVR,Jyoti Overseas Ltd,INE432D01011,Unknown,Unknown,EQ,,Unknown,0.0,0.0,0.0,0.0
1170,JYOTIRES,Jyoti Resins & Adhesives Limited,INE577D01013,Unknown,Unknown,EQ,2026-08-17,Unknown,0.0,0.0,0.0,0.0
1171,JYOTISTRUC,Jyoti Structures Limited,INE197A01024,Unknown,Unknown,EQ,1995-07-19,Unknown,0.0,0.0,0.0,0.0
9168,JYOTI-RE,Jyoti Structures Ltd.,INE197A20016,Unknown,Unknown,EQ,,Unknown,0.0,0.0,0.0,0.0
9492,JYOPP,Jyoti Structures Ltd.,IN9197A01014,Unknown,Unknown,EQ,,Unknown,0.0,0.0,0.0,0.0
9277,JYOTI-RE1,Jyoti Structures Ltd.,INE197A20024,Unknown,Unknown,EQ,,Unknown,0.0,0.0,0.0,0.0
4169,KLIFESTYL,K-Lifestyle & Industries Limited,INE218A01028,Unknown,Unknown,EQ,,Unknown,0.0,0.0,0.0,0.0
9467,KDTWL,K D Trend Wear Limited,INE098Q01012,Unknown,Unknown,EQ,,Unknown,0.0,0.0,0.0,0.0
3295,KKFIN,K K Fincorp Limited,INE509J01013,Unknown,Unknown,EQ,,Unknown,0.0,0.0,0.0,0.0
8676,KKSILK,K K SILK MILLS LIMITED,INE0EOJ01014,Unknown,Unknown,EQ,,Unknown,0.0,0.0,0.0,0.0
1232,KMCSHIL,K M C Speciality Hospitals (India) Limited,INE879K01018,Unknown,Unknown,EQ,2026-08-17,Unknown,0.0,0.0,0.0,0.0
4202,KRRAIL,K&R RAIL ENGINEERING LIMITED,INE078T01026,Unknown,Unknown,EQ,,Unknown,0.0,0.0,0.0,0.0
8687,KVTOYS,K. V. TOYS INDIA LIMITED,INE1IE301018,Unknown,Unknown,EQ,,Unknown,0.0,0.0,0.0,0.0
3085,KGDENIM,K.G.Denim Ltd,INE104A01012,Unknown,Unknown,EQ,,Unknown,0.0,0.0,0.0,0.0
1234,KMSUGAR,K.M.Sugar Mills Limited,INE157H01023,Unknown,Unknown,EQ,2007-05-31,Unknown,0.0,0.0,0.0,0.0
1249,KPEL,K.P. Energy Limited,INE127T01021,Unknown,Unknown,EQ,2024-11-14,Unknown,0.0,0.0,0.0,0.0
1253,KPRMILL,K.P.R. Mill Limited,INE930H01031,Unknown,Unknown,EQ,2007-08-28,Unknown,0.0,0.0,0.0,0.0
4896,KSOILS,K.S.Oils Ltd.,INE727D01022,Unknown,Unknown,EQ,,Unknown,0.0,0.0,0.0,0.0
3874,KZLFIN,K.Z.Leasing & Finance Ltd.,INE006C01015,Unknown,Unknown,EQ,,Unknown,0.0,0.0,0.0,0.0
7891,KAARYAFSL,Kaarya Facilities and Services Limited,INE282Y01016,Unknown,Unknown,EQ,,Unknown,0.0,0.0,0.0,0.0
6686,KAASHYAP,Kaashyap Technologies Limited,INE397B01028,Unknown,Unknown,EQ,,Unknown,0.0,0.0,0.0,0.0
7551,KCL,Kabra Commercial Limited,INE926E01010,Unknown,Unknown,EQ,,Unknown,0.0,0.0,0.0,0.0
4753,KABRADG,Kabra Drugs Ltd,INE323K01017,Unknown,Unknown,EQ,,Unknown,0.0,0.0,0.0,0.0
1172,KABRAEXTRU,Kabra Extrusion Technik Limited,INE900B01029,Unknown,Unknown,EQ,1995-09-06,Unknown,0.0,0.0,0.0,0.0
4819,KABSON,Kabsons Industries Ltd.,INE645C01010,Unknown,Unknown,EQ,,Unknown,0.0,0.0,0.0,0.0
6434,KACHCHH,Kachchh Minerals Ltd.,INE059E01010,Unknown,Unknown,EQ,,Unknown,0.0,0.0,0.0,0.0
8402,KAHAN,Kahan Packaging Limited,INE04T901017,Unknown,Unknown,EQ,,Unknown,0.0,0.0,0.0,0.0
3789,KAILASH,Kailash Auto Finance Ltd,INE410O01022,Unknown,Unknown,EQ,,Unknown,0.0,0.0,0.0,0.0
3387,KAIRA,Kaira Can Co. Ltd.,INE375D01012,Unknown,Unknown,EQ,,Unknown,0.0,0.0,0.0,0.0
9279,VOLKAI-RE,Kairosoft AI Solutions Limited,INE820M20018,Unknown,Unknown,EQ,,Unknown,0.0,0.0,0.0,0.0
3483,VOLKAI,Kairosoft AI Solutions Limited,INE820M01018,Unknown,Unknown,EQ,,Unknown,0.0,0.0,0.0,0.0
6436,KACL,Kaiser Corporation Limited,INE229G01022,Unknown,Unknown,EQ,,Unknown,0.0,0.0,0.0,0.0
7350,KAIZENAGRO,KAIZEN AGRO INFRABUILD LIMITED,INE891N01017,Unknown,Unknown,EQ,,Unknown,0.0,0.0,0.0,0.0
3923,KAJALSY,Kajal Synthetics and Silk Mills Ltd,INE956V01011,Unknown,Unknown,EQ,,Unknown,0.0,0.0,0.0,0.0
1173,KAJARIACER,Kajaria Ceramics Limited,INE217B01036,Unknown,Unknown,EQ,2004-06-01,Unknown,0.0,0.0,0.0,0.0
8387,KAKA,Kaka Industries Limited,INE0P3N01018,Unknown,Unknown,EQ,,Unknown,0.0,0.0,0.0,0.0
1174,KAKATCEM,Kakatiya Cement Sugar & Industries Limited,INE437B01014,Unknown,Unknown,EQ,1995-12-13,Unknown,0.0,0.0,0.0,0.0
4486,KAKTEX,Kakatiya Textiles Ltd.,INE092E01011,Unknown,Unknown,EQ,,Unknown,0.0,0.0,0.0,0.0
9352,KALIND-RE,Kalind Limited,INE377D20018,Unknown,Unknown,EQ,,Unknown,0.0,0.0,0.0,0.0
9403,KALIND-RE1,Kalind Limited,INE377D20026,Unknown,Unknown,EQ,,Unknown,0.0,0.0,0.0,0.0
5060,KALIND,Kalind Limited,INE377D01026,Unknown,Unknown,EQ,,Unknown,0.0,0.0,0.0,0.0
4569,KALINDEE,Kalindee Rail Nirman (Engineers) Lt,INE178D01010,Unknown,Unknown,EQ,,Unknown,0.0,0.0,0.0,0.0
5139,KALLAM,KALLAM TEXTILES LTD,INE629F01025,Unknown,Unknown,EQ,,Unknown,0.0,0.0,0.0,0.0
9040,KALLAM-RE,KALLAM TEXTILES LTD,INE629F20017,Unknown,Unknown,EQ,,Unknown,0.0,0.0,0.0,0.0
7420,KALPACOMME,Kalpa Commercial Limited,INE059Q01014,Unknown,Unknown,EQ,,Unknown,0.0,0.0,0.0,0.0
1176,KALPATARU,Kalpataru Limited,INE227J01012,Unknown,Unknown,EQ,2025-07-01,Unknown,0.0,0.0,0.0,0.0
1251,KPIL,Kalpataru Projects International Limited,INE220B01022,Unknown,Unknown,EQ,2000-12-15,Unknown,0.0,0.0,0.0,0.0
3681,KALPVIND,Kalpavriksha Industries Ltd.,INE815D01017,Unknown,Unknown,EQ,,Unknown,0.0,0.0,0.0,0.0
8856,KALPAPER,Kalptaru Papers ltd.,INE783C01019,Unknown,Unknown,EQ,,Unknown,0.0,0.0,0.0,0.0
7333,KALYANCAP,Kalyan Capitals Limited,INE149Q01021,Unknown,Unknown,EQ,,Unknown,0.0,0.0,0.0,0.0
1179,KALYANKJIL,Kalyan Jewellers India Limited,INE303R01014,Unknown,Unknown,EQ,2021-03-26,Unknown,0.0,0.0,0.0,0.0
1177,KALYANI,Kalyani Commercials Limited,INE610E01010,Unknown,Unknown,BE,2017-02-13,Unknown,0.0,0.0,0.0,0.0
1178,KALYANIFRG,Kalyani Forge Limited,INE314G01014,Unknown,Unknown,BE,2007-12-20,Unknown,0.0,0.0,0.0,0.0
1215,KICL,Kalyani Investment Company Limited,INE029L01018,Unknown,Unknown,EQ,2011-01-14,Unknown,0.0,0.0,0.0,0.0
1274,KSL,Kalyani Steels Limited,INE907A01026,Unknown,Unknown,EQ,2010-05-19,Unknown,0.0,0.0,0.0,0.0
3237,KLYNCEM,Kalyanpur Cement Ltd.,INE991E01022,Unknown,Unknown,EQ,,Unknown,0.0,0.0,0.0,0.0
1180,KAMAHOLD,Kama Holdings Limited,INE411F01010,Unknown,Unknown,EQ,2026-04-20,Unknown,0.0,0.0,0.0,0.0
4193,KAMADGIRI,Kamadgiri Fashion Limited,INE535C01013,Unknown,Unknown,EQ,,Unknown,0.0,0.0,0.0,0.0
1181,KAMANWALA,Kamanwala Housing Construction Limited,INE344D01018,Unknown,Unknown,EQ,2026-08-17,Unknown,0.0,0.0,0.0,0.0
5377,KAMAR,Kamar Chemicals & Industries ltd.,INE728D01012,Unknown,Unknown,EQ,,Unknown,0.0,0.0,0.0,0.0
1182,KAMATHOTEL,Kamat Hotels (I) Limited,INE967C01018,Unknown,Unknown,EQ,1996-05-29,Unknown,0.0,0.0,0.0,0.0
1183,KAMDHENU,Kamdhenu Limited,INE390H01020,Unknown,Unknown,BE,2006-05-09,Unknown,0.0,0.0,0.0,0.0
1184,KAMOPAINTS,Kamdhenu Ventures Limited,INE0BTI01037,Unknown,Unknown,EQ,2023-01-24,Unknown,0.0,0.0,0.0,0.0
3650,ZKAMPACO,Kampani Consultants Ltd.,INE590J01013,Unknown,Unknown,EQ,,Unknown,0.0,0.0,0.0,0.0
1185,KANANIIND,Kanani Industries Limited,INE879E01037,Unknown,Unknown,EQ,2011-12-14,Unknown,0.0,0.0,0.0,0.0
5125,KANCHAN,Kanchan International Ltd.,INE924C01019,Unknown,Unknown,EQ,,Unknown,0.0,0.0,0.0,0.0
1186,KANCHI,Kanchi Karpooram Limited,INE081G01019,Unknown,Unknown,EQ,2026-04-20,Unknown,0.0,0.0,0.0,0.0
8872,KANCOENT,Kanco Enterprises Limited,INE248D01011,Unknown,Unknown,EQ,,Unknown,0.0,0.0,0.0,0.0
1187,KANCOTEA,Kanco Tea & Industries Limited,INE398L01017,Unknown,Unknown,EQ,2026-08-17,Unknown,0.0,0.0,0.0,0.0
8896,OKANCOTEA,Kanco Tea & Industries Ltd,INF398L01017,Unknown,Unknown,EQ,,Unknown,0.0,0.0,0.0,0.0
4527,KANDAGIRI,Kandagiri Spinning Mills Ltd.,INE292D01019,Unknown,Unknown,EQ,,Unknown,0.0,0.0,0.0,0.0
3084,KANELIND,Kanel Industries Limited,INE252C01023,Unknown,Unknown,EQ,,Unknown,0.0,0.0,0.0,0.0
4377,KANVA,"Kanha Vanaspati Limited,",INE281C01014,Unknown,Unknown,EQ,,Unknown,0.0,0.0,0.0,0.0
6735,KANIKAIN,Kanika Infotech Ltd.,INE173B01023,Unknown,Unknown,EQ,,Unknown,0.0,0.0,0.0,0.0
8728,KANISHK,KANISHK ALUMINIUM INDIA LIMITED,INE163401016,Unknown,Unknown,EQ,,Unknown,0.0,0.0,0.0,0.0
4095,KANSHST,Kanishk Steel Industries Ltd,INE791E01018,Unknown,Unknown,EQ,,Unknown,0.0,0.0,0.0,0.0
1188,KANORICHEM,Kanoria Chemicals & Industries Limited,INE138C01024,Unknown,Unknown,BE,1995-02-08,Unknown,0.0,0.0,0.0,0.0
7620,KEIL,KANORIA ENERGY AND INFRASTRUCTURE LIMITED,INE534E01020,Unknown,Unknown,EQ,,Unknown,0.0,0.0,0.0,0.0
1189,KANPRPLA,Kanpur Plastipack Limited,INE694E01014,Unknown,Unknown,EQ,2021-01-01,Unknown,0.0,0.0,0.0,0.0
9548,KANPRPLAPP,Kanpur Plastipack Limited,IN9694E01012,Unknown,Unknown,EQ,,Unknown,0.0,0.0,0.0,0.0
1190,KANSAINER,Kansai Nerolac Paints Limited,INE531A01024,Unknown,Unknown,EQ,2003-09-15,Unknown,0.0,0.0,0.0,0.0
4059,KANTHDM,Kanthal India Limited.,INE513D01018,Unknown,Unknown,EQ,,Unknown,0.0,0.0,0.0,0.0
7816,KANUNGO,KANUNGO FINANCIERS LIMITED,INE453S01015,Unknown,Unknown,EQ,,Unknown,0.0,0.0,0.0,0.0
7633,KAPILRAJ,Kapil Raj Finance Ltd.,INE332Q01023,Unknown,Unknown,EQ,,Unknown,0.0,0.0,0.0,0.0
3545,KAPPH,Kappac Pharma Ltd.,INE601D01011,Unknown,Unknown,EQ,,Unknown,0.0,0.0,0.0,0.0
1191,KAPSTON,Kapston Services Limited,INE542Z01028,Unknown,Unknown,EQ,2020-05-27,Unknown,0.0,0.0,0.0,0.0
8861,KARMOB,KAR MOBILES LIMITED,INE916E01011,Unknown,Unknown,EQ,,Unknown,0.0,0.0,0.0,0.0
4880,KARANWO,Karan Woo-sin ltd.,INE327D01013,Unknown,Unknown,EQ,,Unknown,0.0,0.0,0.0,0.0
8620,KARBON,Karbonsteel Engineering Limited,INE0V8A01016,Unknown,Unknown,EQ,,Unknown,0.0,0.0,0.0,0.0
1192,KARMAENG,Karma Energy Limited,INE725L01011,Unknown,Unknown,EQ,2011-06-28,Unknown,0.0,0.0,0.0,0.0
4023,KARMA,KARMA INDUSTRIES LIMITED,INE416F01019,Unknown,Unknown,EQ,,Unknown,0.0,0.0,0.0,0.0
6,KARNATAKA,Karnataka Bank,,Banking,,,,Unknown,0.0,0.0,0.0,0.0
5223,KARNATFI,Karnataka Financial Services Ltd.,INE873B01010,Unknown,Unknown,EQ,,Unknown,0.0,0.0,0.0,0.0
4937,KARNAALF,Karnavati Alfa International Ltd.,INE901D01015,Unknown,Unknown,EQ,,Unknown,0.0,0.0,0.0,0.0
7388,KARNAVATI,Karnavati Finance Limited,INE554R01020,Unknown,Unknown,EQ,,Unknown,0.0,0.0,0.0,0.0
9285,KARNAWAT RE,Karnawati Innovation Limited,INE214D20013,Unknown,Unknown,EQ,,Unknown,0.0,0.0,0.0,0.0
6372,KARNAWATI,Karnawati Innovation Limited,INE214D01021,Unknown,Unknown,EQ,,Unknown,0.0,0.0,0.0,0.0
7187,KCSL,Karnimata Cold Storage Limited,INE576P01019,Unknown,Unknown,EQ,,Unknown,0.0,0.0,0.0,0.0
3205,KARTKIN,Kartik Investments Trust Ltd.,INE524U01019,Unknown,Unknown,EQ,,Unknown,0.0,0.0,0.0,0.0
6194,KARURKCP,Karur K.C.P. Packkagings Limited,INE727F01019,Unknown,Unknown,EQ,,Unknown,0.0,0.0,0.0,0.0
1193,KARURVYSYA,Karur Vysya Bank Limited,INE036D01028,Unknown,Unknown,EQ,2000-07-26,Unknown,0.0,0.0,0.0,0.0
6386,KGL,Karuturi Global Limited,INE299C01024,Unknown,Unknown,EQ,,Unknown,0.0,0.0,0.0,0.0
8723,KASTURI,KASTURI METAL COMPOSITE LIMITED,INE0T1301023,Unknown,Unknown,EQ,,Unknown,0.0,0.0,0.0,0.0
3276,KATRSPG,Katare Spinning Mills Ltd.,INE498G01015,Unknown,Unknown,EQ,,Unknown,0.0,0.0,0.0,0.0
5419,KATIPATANG,KATI PATANG LIFESTYLE LIMITED,INE237C01016,Unknown,Unknown,EQ,,Unknown,0.0,0.0,0.0,0.0
9625,PATANGPP,KATI PATANG LIFESTYLE LIMITED,IN9237C01014,Unknown,Unknown,EQ,,Unknown,0.0,0.0,0.0,0.0
9336,KATIPA-RE,KATI PATANG LIFESTYLE LIMITED,INE237C20016,Unknown,Unknown,EQ,,Unknown,0.0,0.0,0.0,0.0
7216,KAUSAMBI,Kausambi Vanijya Limited,INE223P01026,Unknown,Unknown,EQ,,Unknown,0.0,0.0,0.0,0.0
1194,KAUSHALYA,Kaushalya Infrastructure Development Corporation Limited,INE234I01028,Unknown,Unknown,BE,2007-12-14,Unknown,0.0,0.0,0.0,0.0
1269,KSCL,Kaveri Seed Company Limited,INE455I01029,Unknown,Unknown,EQ,2007-10-04,Unknown,0.0,0.0,0.0,0.0
1195,KAVDEFENCE,Kavveri Defence & Wireless Technologies Limited,INE641C01019,Unknown,Unknown,EQ,2008-01-29,Unknown,0.0,0.0,0.0,0.0
5155,KAYPOWR,Kay Power And Paper Ltd,INE961B01013,Unknown,Unknown,EQ,,Unknown,0.0,0.0,0.0,0.0
1196,KAYA,Kaya Limited,INE587G01015,Unknown,Unknown,BE,2015-08-14,Unknown,0.0,0.0,0.0,0.0
3331,KAYCEEI,Kaycee Industries Ltd.,INE813G01023,Unknown,Unknown,EQ,,Unknown,0.0,0.0,0.0,0.0
1197,KAYNES,Kaynes Technology India Limited,INE918Z01012,Unknown,Unknown,EQ,2022-11-22,Unknown,0.0,0.0,0.0,0.0
5186,KBSINDIA,KBS INDIA LIMITED,INE883D01023,Unknown,Unknown,EQ,,Unknown,0.0,0.0,0.0,0.0
4868,KCCLPLASTC,KCCL Plastic Ltd,INE100L01025,Unknown,Unknown,EQ,,Unknown,0.0,0.0,0.0,0.0
9111,KCD-RE,KCD INDUSTRIES INDIA LIMITED,INE185U20019,Unknown,Unknown,EQ,,Unknown,0.0,0.0,0.0,0.0
9590,KCDPP,KCD INDUSTRIES INDIA LIMITED,IN9185U01017,Unknown,Unknown,EQ,,Unknown,0.0,0.0,0.0,0.0
7869,KCDGROUP,KCD INDUSTRIES INDIA LIMITED,INE185U01035,Unknown,Unknown,EQ,,Unknown,0.0,0.0,0.0,0.0
9050,KCLINF-RE,KCL Infra Projects Limited,INE469F20018,Unknown,Unknown,EQ,,Unknown,0.0,0.0,0.0,0.0
9578,KCLINFPP,KCL Infra Projects Limited,IN9469F01016,Unknown,Unknown,EQ,,Unknown,0.0,0.0,0.0,0.0
6440,KCLINFRA,KCL Infra Projects Limited,INE469F01026,Unknown,Unknown,EQ,,Unknown,0.0,0.0,0.0,0.0
1198,KCP,KCP Limited,INE805C01028,Unknown,Unknown,EQ,1997-04-09,Unknown,0.0,0.0,0.0,0.0
1199,KCPSUGIND,KCP Sugar and Industries Corporation Limited,INE790B01024,Unknown,Unknown,BE,1997-06-11,Unknown,0.0,0.0,0.0,0.0
1201,KDGREEN,KD Green Industries Limited,INE348N01042,Unknown,Unknown,EQ,2026-08-17,Unknown,0.0,0.0,0.0,0.0
1200,KDDL,KDDL Limited,INE291D01011,Unknown,Unknown,EQ,2016-03-23,Unknown,0.0,0.0,0.0,0.0
8983,KDDL-RE,KDDL Ltd,INE291D20011,Unknown,Unknown,EQ,,Unknown,0.0,0.0,0.0,0.0
6689,KOPDRUGS,KDL Biotech Ltd.,INE746A01010,Unknown,Unknown,EQ,,Unknown,0.0,0.0,0.0,0.0
1202,KEC,KEC International Limited,INE389H01022,Unknown,Unknown,EQ,2006-03-10,Unknown,0.0,0.0,0.0,0.0
4825,KEDIACHE,Kedia Chemical Industries Ltd.,INE514D01016,Unknown,Unknown,EQ,,Unknown,0.0,0.0,0.0,0.0
3672,KEDIACN,Kedia Construction Co. Ltd.,INE511J01027,Unknown,Unknown,EQ,,Unknown,0.0,0.0,0.0,0.0
6557,KEDIN,Kedia Infotech Ltd.,INE245D01025,Unknown,Unknown,EQ,,Unknown,0.0,0.0,0.0,0.0
4358,KEERTHI,Keerthi Industries Ltd,INE145L01012,Unknown,Unknown,EQ,,Unknown,0.0,0.0,0.0,0.0
8,KEI,KEI Industries Limited,INE878B01027,Unknown,Unknown,EQ,2006-03-23,Unknown,0.0,0.0,0.0,0.0
1205,KELLTONTEC,Kellton Tech Solutions Limited,INE164B01030,Unknown,Unknown,EQ,2016-03-02,Unknown,0.0,0.0,0.0,0.0
3514,KELENRG,Keltech Energies Ltd.,INE881E01017,Unknown,Unknown,EQ,,Unknown,0.0,0.0,0.0,0.0
3916,KELVINFIN,Kelvin Fincap Ltd,INE232N01022,Unknown,Unknown,EQ,,Unknown,0.0,0.0,0.0,0.0
6315,KEMICARE,Kemicare  Products Ltd.,INE784C01017,Unknown,Unknown,EQ,,Unknown,0.0,0.0,0.0,0.0
5439,KEMISTAR,Kemistar Corporation Limited,INE971L01029,Unknown,Unknown,EQ,,Unknown,0.0,0.0,0.0,0.0
3515,KEMP,Kemp & Company Limited,INE060E01018,Unknown,Unknown,EQ,,Unknown,0.0,0.0,0.0,0.0
4859,KEMROCK,Kemrock Industries & Exports Limited,INE990B01012,Unknown,Unknown,EQ,,Unknown,0.0,0.0,0.0,0.0
5239,KENFIN,Ken Financial Services Ltd.,INE395E01018,Unknown,Unknown,EQ,,Unknown,0.0,0.0,0.0,0.0
4441,KENGI,Kengold (India) Ltd.,INE680C01025,Unknown,Unknown,EQ,,Unknown,0.0,0.0,0.0,0.0
1206,KENNAMET,Kennametal India Limited,INE717A01029,Unknown,Unknown,EQ,2026-04-20,Unknown,0.0,0.0,0.0,0.0
8563,KENRIK,Kenrik Industries Limited,INE0AOG01018,Unknown,Unknown,EQ,,Unknown,0.0,0.0,0.0,0.0
7951,KENVI,Kenvi Jewels Limited,INE923Y01023,Unknown,Unknown,EQ,,Unknown,0.0,0.0,0.0,0.0
5124,KERALAYUR,Kerala Ayurveda Limited,INE817B01025,Unknown,Unknown,EQ,,Unknown,0.0,0.0,0.0,0.0
1207,KERNEX,Kernex Microsystems (India) Limited,INE202H01019,Unknown,Unknown,EQ,2005-12-20,Unknown,0.0,0.0,0.0,0.0
3560,KESARENT,Kesar Enterprises Ltd.,INE133B01027,Unknown,Unknown,EQ,,Unknown,0.0,0.0,0.0,0.0
8293,KESAR,KESAR INDIA LIMITED,INE0L1C01019,Unknown,Unknown,EQ,,Unknown,0.0,0.0,0.0,0.0
4735,KESARPE,Kesar Petroproducts Ltd,INE133C01033,Unknown,Unknown,EQ,,Unknown,0.0,0.0,0.0,0.0
7021,KTIL,Kesar Terminals & Infrastructure Limited,INE096L01025,Unknown,Unknown,EQ,,Unknown,0.0,0.0,0.0,0.0
1208,KESORAMIND,Kesoram Industries Limited,INE087A01019,Unknown,Unknown,BE,1995-09-06,Unknown,0.0,0.0,0.0,0.0
9561,KILPP,Kesoram Industries Ltd,IN9087A01017,Unknown,Unknown,EQ,,Unknown,0.0,0.0,0.0,0.0
8993,KIL-RE,Kesoram Industries Ltd,INE087A20019,Unknown,Unknown,EQ,,Unknown,0.0,0.0,0.0,0.0
4163,KESWASY,Keswani Synthetics Industries Ltd,INE396E01016,Unknown,Unknown,EQ,,Unknown,0.0,0.0,0.0,0.0
8889,TAAZAINT2,Keto Motors Limited,INE392H01018,Unknown,Unknown,EQ,,Unknown,0.0,0.0,0.0,0.0
7162,KETOMOTORS,Keto Motors Limited,INE392H01026,Unknown,Unknown,EQ,,Unknown,0.0,0.0,0.0,0.0
6860,KEWIND,KEW Industries Limited,INE700H01012,Unknown,Unknown,EQ,,Unknown,0.0,0.0,0.0,0.0
1230,KKCL,Kewal Kiran Clothing Limited,INE401H01017,Unknown,Unknown,EQ,2006-04-13,Unknown,0.0,0.0,0.0,0.0
3629,KEYCORP,Key Corp Ltd,INE130F01016,Unknown,Unknown,EQ,,Unknown,0.0,0.0,0.0,0.0
1209,KEYFINSERV,Keynote Financial Services Limited,INE681C01015,Unknown,Unknown,EQ,1996-06-26,Unknown,0.0,0.0,0.0,0.0
1919,RUSTOMJEE,Keystone Realtors Limited,INE263M01029,Unknown,Unknown,EQ,2022-11-24,Unknown,0.0,0.0,0.0,0.0
1210,KFINTECH,Kfin Technologies Limited,INE138Y01010,Unknown,Unknown,EQ,2022-12-29,Unknown,0.0,0.0,0.0,0.0
6334,KGPETRO,KG Petrochem Ltd.,INE902G01016,Unknown,Unknown,EQ,,Unknown,0.0,0.0,0.0,0.0
7055,KGNENT,KGN ENTERPRISES LIMITED,INE755B01019,Unknown,Unknown,EQ,,Unknown,0.0,0.0,0.0,0.0
6337,KGNIND,KGN Industries Ltd.,INE196C01022,Unknown,Unknown,EQ,,Unknown,0.0,0.0,0.0,0.0
1211,KHADIM,Khadim India Limited,INE834I01025,Unknown,Unknown,BE,2017-11-14,Unknown,0.0,0.0,0.0,0.0
1213,KHAITANLTD,Khaitan (India) Limited,INE731C01018,Unknown,Unknown,EQ,1995-12-20,Unknown,0.0,0.0,0.0,0.0
1212,KHAICHEM,Khaitan Chemicals & Fertilizers Limited,INE745B01028,Unknown,Unknown,EQ,2020-10-30,Unknown,0.0,0.0,0.0,0.0
3341,KHAITANELE,Khaitan Electricals Ltd,INE761A01019,Unknown,Unknown,EQ,,Unknown,0.0,0.0,0.0,0.0
4373,ZKHANDEN,Khandelwal Extraction Ltd.,INE687W01010,Unknown,Unknown,EQ,,Unknown,0.0,0.0,0.0,0.0
1214,KHANDSE,Khandwala Securities Limited,INE060B01014,Unknown,Unknown,EQ,2001-02-07,Unknown,0.0,0.0,0.0,0.0
4499,KHTRFIB,Khator Fibre & Fabrics Ltd.,INE964G01016,Unknown,Unknown,EQ,,Unknown,0.0,0.0,0.0,0.0
8395,KHAZANCHI,Khazanchi Jewellers Limited,INE0OWC01011,Unknown,Unknown,EQ,,Unknown,0.0,0.0,0.0,0.0
7654,KDML,Khemani Distributors & Marketing Limited,INE030U01025,Unknown,Unknown,EQ,,Unknown,0.0,0.0,0.0,0.0
3569,KHODAY,Khoday India Ltd.,INE687B01014,Unknown,Unknown,EQ,,Unknown,0.0,0.0,0.0,0.0
6216,KHODIYAR,Khodiyar Industries ltd.,INE843C01011,Unknown,Unknown,EQ,,Unknown,0.0,0.0,0.0,0.0
9185,KHOOBSU-RE,Khoobsurat Ltd.,INE731G20019,Unknown,Unknown,EQ,,Unknown,0.0,0.0,0.0,0.0
7118,KHOOBSURAT,Khoobsurat Ltd.,INE731G01027,Unknown,Unknown,EQ,,Unknown,0.0,0.0,0.0,0.0
8508,KGVL,Khyati Global Ventures Limited,INE0S9501014,Unknown,Unknown,EQ,,Unknown,0.0,0.0,0.0,0.0
6390,KHYATI,Khyati Multimedia-Entertainment Ltd,INE593B01030,Unknown,Unknown,EQ,,Unknown,0.0,0.0,0.0,0.0
8741,KIAASA,KIAASA RETAIL LIMITED,INE1C3F01018,Unknown,Unknown,EQ,,Unknown,0.0,0.0,0.0,0.0
4134,KAJARIR,KIC Metaliks Ltd.,INE434C01027,Unknown,Unknown,EQ,,Unknown,0.0,0.0,0.0,0.0
7921,KMSL,Kids Medical Systems Limited,INE457Y01014,Unknown,Unknown,EQ,,Unknown,0.0,0.0,0.0,0.0
3628,KIDUJA,Kiduja  India  Ltd,INE845A01028,Unknown,Unknown,EQ,,Unknown,0.0,0.0,0.0,0.0
7110,KIFS,KIFS Financial Services Ltd,INE902D01013,Unknown,Unknown,EQ,,Unknown,0.0,0.0,0.0,0.0
4824,KILBURNC,Kilburn Chemicals Ltd.,INE655C01027,Unknown,Unknown,EQ,,Unknown,0.0,0.0,0.0,0.0
1231,KLBRENG-B,Kilburn Engineering Limited,INE338F01015,Unknown,Unknown,EQ,2026-04-20,Unknown,0.0,0.0,0.0,0.0
4607,KILBURN,Kilburn Office Automation Ltd.,INE793E01014,Unknown,Unknown,EQ,,Unknown,0.0,0.0,0.0,0.0
9338,KILITC-RE,Kilitch Drugs (I) Ltd.,INE729D20010,Unknown,Unknown,EQ,,Unknown,0.0,0.0,0.0,0.0
1216,KILITCH,Kilitch Drugs (India) Limited,INE729D01010,Unknown,Unknown,BE,2010-09-29,Unknown,0.0,0.0,0.0,0.0
3213,KILLICK,Killick Nixon Ltd,INE982A01011,Unknown,Unknown,EQ,,Unknown,0.0,0.0,0.0,0.0
5173,KIMIABL,KIMIA BIOSCIENCES LIMITED,INE285U01025,Unknown,Unknown,EQ,,Unknown,0.0,0.0,0.0,0.0
3086,KINETICENG,Kinetic Engineering Ltd.,INE266B01017,Unknown,Unknown,EQ,,Unknown,0.0,0.0,0.0,0.0
3408,KINETIC,Kinetic Motor Co. Ltd,INE267B01015,Unknown,Unknown,EQ,,Unknown,0.0,0.0,0.0,0.0
5501,KINETRU,Kinetic Trust Ltd.,INE674M01019,Unknown,Unknown,EQ,,Unknown,0.0,0.0,0.0,0.0
1218,KINGFA,Kingfa Science & Technology (India) Limited,INE473D01015,Unknown,Unknown,EQ,2016-11-15,Unknown,0.0,0.0,0.0,0.0
6857,KFA,Kingfisher Airlines Limited,INE438H01019,Unknown,Unknown,EQ,,Unknown,0.0,0.0,0.0,0.0
5143,KINGSINFR,Kings Infra Ventures Limited,INE050N01010,Unknown,Unknown,EQ,,Unknown,0.0,0.0,0.0,0.0
1219,KIOCL,KIOCL Limited,INE880L01014,Unknown,Unknown,EQ,2016-11-29,Unknown,0.0,0.0,0.0,0.0
6225,KIRANPR,Kiran Print-Pack Ltd.,INE516D01011,Unknown,Unknown,EQ,,Unknown,0.0,0.0,0.0,0.0
5211,KIRANSY-B,Kiran Syntex Ltd.,INE293D01017,Unknown,Unknown,EQ,,Unknown,0.0,0.0,0.0,0.0
1220,KIRANVYPAR,Kiran Vyapar Limited,INE555P01013,Unknown,Unknown,EQ,2026-04-20,Unknown,0.0,0.0,0.0,0.0
1221,KIRIINDUS,Kiri Industries Limited,INE415I01015,Unknown,Unknown,EQ,2008-04-22,Unknown,0.0,0.0,0.0,0.0
7022,KBIL,Kirloskar Brothers Investments Limited,INE920K01010,Unknown,Unknown,EQ,,Unknown,0.0,0.0,0.0,0.0
1223,KIRLOSBROS,Kirloskar Brothers Limited,INE732A01036,Unknown,Unknown,EQ,2010-04-20,Unknown,0.0,0.0,0.0,0.0
1203,KECL,Kirloskar Electric Company Limited,INE134B01017,Unknown,Unknown,EQ,2010-03-09,Unknown,0.0,0.0,0.0,0.0
1222,KIRLFER,Kirloskar Ferrous Industries Limited,INE884B01025,Unknown,Unknown,EQ,2026-04-20,Unknown,0.0,0.0,0.0,0.0
1225,KIRLOSIND,Kirloskar Industries Limited,INE250A01039,Unknown,Unknown,EQ,2010-06-24,Unknown,0.0,0.0,0.0,0.0
3781,KIRIF,Kirloskar Investment & Finance Ltd.,INE195B01018,Unknown,Unknown,EQ,,Unknown,0.0,0.0,0.0,0.0
6724,KIRLMU,Kirloskar Multimedia Ltd.,INE175B01010,Unknown,Unknown,EQ,,Unknown,0.0,0.0,0.0,0.0
1224,KIRLOSENG,Kirloskar Oil Engines Limited,INE146L01010,Unknown,Unknown,EQ,2010-12-24,Unknown,0.0,0.0,0.0,0.0
3087,KIRPNDM,Kirloskar Pneumatic Co. Ltd.,INE328A01017,Unknown,Unknown,EQ,,Unknown,0.0,0.0,0.0,0.0
1226,KIRLPNU,Kirloskar Pneumatic Company Limited,INE811A01038,Unknown,Unknown,EQ,2023-04-26,Unknown,0.0,0.0,0.0,0.0
4388,KISAAN,KISAAN PARIVAR INDUSTRIES LIMITED,INE102C01020,Unknown,Unknown,EQ,,Unknown,0.0,0.0,0.0,0.0
5117,KISAN,Kisan Mouldings Ltd.,INE017C01012,Unknown,Unknown,EQ,,Unknown,0.0,0.0,0.0,0.0
1228,KITEX,Kitex Garments Limited,INE602G01020,Unknown,Unknown,EQ,2012-09-25,Unknown,0.0,0.0,0.0,0.0
3265,KITPLY,Kitply Industries Ltd,INE147B01019,Unknown,Unknown,EQ,,Unknown,0.0,0.0,0.0,0.0
8489,KIZI,Kizi Apparels Limited,INE0RMR01013,Unknown,Unknown,EQ,,Unknown,0.0,0.0,0.0,0.0
6696,KJMCCORP,KJMC Corporate Advisors (India) Ltd.,INE602C01011,Unknown,Unknown,EQ,,Unknown,0.0,0.0,0.0,0.0
1229,KJMCFIN,KJMC Financial Services Limited,INE533C01018,Unknown,Unknown,EQ,2026-08-17,Unknown,0.0,0.0,0.0,0.0
8414,KKSHL,KK Shah Hospitals Limited,INE0OH401016,Unknown,Unknown,EQ,,Unknown,0.0,0.0,0.0,0.0
4924,KKALPANAIND,Kkalpana Industries (India) Ltd,INE301C01028,Unknown,Unknown,EQ,,Unknown,0.0,0.0,0.0,0.0
4670,KKPLASTICK,Kkalpana Plastick Limited,INE465K01016,Unknown,Unknown,EQ,,Unknown,0.0,0.0,0.0,0.0
5306,KLGCAP,KLG Capital Services Ltd.,INE929C01018,Unknown,Unknown,EQ,,Unknown,0.0,0.0,0.0,0.0
5497,KLGSYSTEL,KLG Systel ltd.,INE799A01019,Unknown,Unknown,EQ,,Unknown,0.0,0.0,0.0,0.0
5178,KMCAPIT,KM Capital Ltd.,INE339T01014,Unknown,Unknown,EQ,,Unknown,0.0,0.0,0.0,0.0
6314,KMFBLDR,KMF Builders & Developers Ltd.,INE580H01026,Unknown,Unknown,EQ,,Unknown,0.0,0.0,0.0,0.0
4417,KMGMILK,KMG Milk Food Limited,INE873N01015,Unknown,Unknown,EQ,,Unknown,0.0,0.0,0.0,0.0
7811,KMSMEDI,KMS Medisurgi Limited,INE870V01014,Unknown,Unknown,EQ,,Unknown,0.0,0.0,0.0,0.0
1236,KNAGRI,KN Agri Resources Limited,INE0KNW01016,Unknown,Unknown,EQ,2025-12-09,Unknown,0.0,0.0,0.0,0.0
1235,KNACK,Knack Packaging Limited,INE17QZ01016,Unknown,Unknown,EQ,2026-07-08,Unknown,0.0,0.0,0.0,0.0
6320,KNIWE,Knitworth Exports Ltd.,INE171C01017,Unknown,Unknown,EQ,,Unknown,0.0,0.0,0.0,0.0
1233,KMEW,Knowledge Marine & Engineering Works Limited,INE0CJD01029,Unknown,Unknown,EQ,2024-11-14,Unknown,0.0,0.0,0.0,0.0
1237,KNRCON,KNR Constructions Limited,INE634I01029,Unknown,Unknown,EQ,2008-02-18,Unknown,0.0,0.0,0.0,0.0
4334,KOATOOLIN,Koa Tools India Ltd,INE316B01036,Unknown,Unknown,EQ,,Unknown,0.0,0.0,0.0,0.0
6297,KOBO,KOBO BIOTECH LIMITED,INE881A01015,Unknown,Unknown,EQ,,Unknown,0.0,0.0,0.0,0.0
3193,KOCHIREF,Kochi Refineries Ltd,INE123A01012,Unknown,Unknown,EQ,,Unknown,0.0,0.0,0.0,0.0
3720,KODAKDM,Kodak India Ltd,INE377A01014,Unknown,Unknown,EQ,,Unknown,0.0,0.0,0.0,0.0
6330,KOFFBREAK,Koffee Break Pictures Limited,INE208D01023,Unknown,Unknown,EQ,,Unknown,0.0,0.0,0.0,0.0
6197,KOHINOORBRO,Kohinoor Broadcasting Corporation Ltd.,INE414E01017,Unknown,Unknown,EQ,,Unknown,0.0,0.0,0.0,0.0
1238,KOHINOOR,Kohinoor Foods Limited,INE080B01012,Unknown,Unknown,EQ,1999-10-20,Unknown,0.0,0.0,0.0,0.0
4433,KOHINOORT,Kohinoor Techno Engineers Limited,INE237D01014,Unknown,Unknown,EQ,,Unknown,0.0,0.0,0.0,0.0
9484,KOIYAINPP,KOIYA INTERNATIONAL LIMITED,IN9149B01013,Unknown,Unknown,EQ,,Unknown,0.0,0.0,0.0,0.0
5243,KOIYAIN,KOIYA INTERNATIONAL LIMITED,INE149B01015,Unknown,Unknown,EQ,,Unknown,0.0,0.0,0.0,0.0
6795,KOJAM,Kojam Fininvest Limited,INE336G01017,Unknown,Unknown,EQ,,Unknown,0.0,0.0,0.0,0.0
1239,KOKUYOCMLN,Kokuyo Camlin Limited,INE760A01029,Unknown,Unknown,EQ,2008-07-28,Unknown,0.0,0.0,0.0,0.0
6644,KOLARBIO,Kolar Biotech Ltd.,INE365A01027,Unknown,Unknown,EQ,,Unknown,0.0,0.0,0.0,0.0
1240,KOLTEPATIL,Kolte - Patil Developers Limited,INE094I01018,Unknown,Unknown,EQ,2007-12-13,Unknown,0.0,0.0,0.0,0.0
7679,KOCL,Kome-on Communication Limited,INE833C01012,Unknown,Unknown,EQ,,Unknown,0.0,0.0,0.0,0.0
4155,KONARKSY,Konark Synthetics  Ltd,INE517D01019,Unknown,Unknown,EQ,,Unknown,0.0,0.0,0.0,0.0
4920,KONTY,Konkan Tyres LTD.,INE730D01018,Unknown,Unknown,EQ,,Unknown,0.0,0.0,0.0,0.0
6748,KONNDOR,KONNDOR INDUSTRIES LIMITED,INE971A01014,Unknown,Unknown,EQ,,Unknown,0.0,0.0,0.0,0.0
1241,KOPRAN,Kopran Limited,INE082A01010,Unknown,Unknown,EQ,1999-06-09,Unknown,0.0,0.0,0.0,0.0
9506,KOPRANPP,Kopran Ltd.,IN9082A01018,Unknown,Unknown,EQ,,Unknown,0.0,0.0,0.0,0.0
1242,KOTAKBANK,Kotak Mahindra Bank Limited,INE237A01036,Unknown,Unknown,EQ,1995-12-20,Unknown,0.0,0.0,0.0,0.0
7997,KTKIND5DD,Kotak Mahindra Mutual Fund,INF174K014X0,Unknown,Unknown,EQ,,Unknown,0.0,0.0,0.0,0.0
8803,INSIFHLSRR,Kotak Mahindra Mutual Fund,INF174K30061,Unknown,Unknown,EQ,,Unknown,0.0,0.0,0.0,0.0
8802,INSIFHLSRD,Kotak Mahindra Mutual Fund,INF174K30053,Unknown,Unknown,EQ,,Unknown,0.0,0.0,0.0,0.0
8801,INSIFHLSRG,Kotak Mahindra Mutual Fund,INF174K30046,Unknown,Unknown,EQ,,Unknown,0.0,0.0,0.0,0.0
8800,INSIFHLSDR,Kotak Mahindra Mutual Fund,INF174K30038,Unknown,Unknown,EQ,,Unknown,0.0,0.0,0.0,0.0
8799,INSIFHLSDG,Kotak Mahindra Mutual Fund,INF174K30012,Unknown,Unknown,EQ,,Unknown,0.0,0.0,0.0,0.0
7471,KTKKIGFDD,Kotak Mahindra Mutual Fund,INF174K01P57,Unknown,Unknown,EQ,,Unknown,0.0,0.0,0.0,0.0
7470,KTKKIGFGD,Kotak Mahindra Mutual Fund,INF174K01P40,Unknown,Unknown,EQ,,Unknown,0.0,0.0,0.0,0.0
7469,KTKKIGFD,Kotak Mahindra Mutual Fund,INF174K01P32,Unknown,Unknown,EQ,,Unknown,0.0,0.0,0.0,0.0
7467,KTKKIGFG,Kotak Mahindra Mutual Fund,INF174K01P24,Unknown,Unknown,EQ,,Unknown,0.0,0.0,0.0,0.0
8043,KTKIND7DD,Kotak Mahindra Mutual Fund,INF174KA1533,Unknown,Unknown,EQ,,Unknown,0.0,0.0,0.0,0.0
8042,KTKIND7DG,Kotak Mahindra Mutual Fund,INF174KA1525,Unknown,Unknown,EQ,,Unknown,0.0,0.0,0.0,0.0
7955,KTINDF4RG,Kotak Mahindra Mutual Fund,INF174KA1GD3,Unknown,Unknown,EQ,,Unknown,0.0,0.0,0.0,0.0
7956,KTINDF4RD,Kotak Mahindra Mutual Fund,INF174KA1GE1,Unknown,Unknown,EQ,,Unknown,0.0,0.0,0.0,0.0
8041,KTKIND7RD,Kotak Mahindra Mutual Fund,INF174KA1517,Unknown,Unknown,EQ,,Unknown,0.0,0.0,0.0,0.0
7957,KTINDF4DG,Kotak Mahindra Mutual Fund,INF174KA1GG6,Unknown,Unknown,EQ,,Unknown,0.0,0.0,0.0,0.0
7958,KTINDF4DD,Kotak Mahindra Mutual Fund,INF174KA1GF8,Unknown,Unknown,EQ,,Unknown,0.0,0.0,0.0,0.0
8040,KTKIND7RG,Kotak Mahindra Mutual Fund,INF174KA1509,Unknown,Unknown,EQ,,Unknown,0.0,0.0,0.0,0.0
6946,SENSEX1,Kotak Mahindra Mutual Fund,INF174KA1JD7,Unknown,Unknown,EQ,,Unknown,0.0,0.0,0.0,0.0
7994,KTKIND5RG,Kotak Mahindra Mutual Fund,INF174K011X6,Unknown,Unknown,EQ,,Unknown,0.0,0.0,0.0,0.0
7995,KTKIND5RD,Kotak Mahindra Mutual Fund,INF174K012X4,Unknown,Unknown,EQ,,Unknown,0.0,0.0,0.0,0.0
7996,KTKIND5DG,Kotak Mahindra Mutual Fund,INF174K013X2,Unknown,Unknown,EQ,,Unknown,0.0,0.0,0.0,0.0
7184,NIFTY1,Kotak Mahindra Mutual Fund,INF174K014P6,Unknown,Unknown,EQ,,Unknown,0.0,0.0,0.0,0.0
8899,BANKNIFTY1,Kotak Mahindra Mutual Fund - Permitted,INF174KA1ZB7,Unknown,Unknown,EQ,,Unknown,0.0,0.0,0.0,0.0
8882,PSUBANK,Kotak Mahindra Mutual Fund - Permitted,INF174KA1A86,Unknown,Unknown,EQ,,Unknown,0.0,0.0,0.0,0.0
8887,KOTAKNIFTY2,Kotak Mahindra Mutual Fund - Permitted,INF174K01518,Unknown,Unknown,EQ,,Unknown,0.0,0.0,0.0,0.0
3576,KFBL,Kothari Fermanatation & Biochem Ltd,INE991B01010,Unknown,Unknown,EQ,,Unknown,0.0,0.0,0.0,0.0
1246,KOTIC,Kothari Industrial Corporation Limited,INE972A01020,Unknown,Unknown,EQ,2026-04-20,Unknown,0.0,0.0,0.0,0.0
1244,KOTHARIPET,Kothari Petrochemicals Limited,INE720A01015,Unknown,Unknown,EQ,1996-11-02,Unknown,0.0,0.0,0.0,0.0
1245,KOTHARIPRO,Kothari Products Limited,INE823A01017,Unknown,Unknown,EQ,1998-06-03,Unknown,0.0,0.0,0.0,0.0
3561,KOTHARIS,"Kothari Sugars & Chemicals Ltd.,",INE419A01014,Unknown,Unknown,EQ,,Unknown,0.0,0.0,0.0,0.0
1243,KOTARISUG,Kothari Sugars And Chemicals Limited,INE419A01022,Unknown,Unknown,BE,2004-12-13,Unknown,0.0,0.0,0.0,0.0
3761,KOTHARIFIN,Kothari World Finance Limited,INE988F01017,Unknown,Unknown,EQ,,Unknown,0.0,0.0,0.0,0.0
7618,KEL,Kotia Enterprises Limited,INE079C01012,Unknown,Unknown,EQ,,Unknown,0.0,0.0,0.0,0.0
1247,KOTYARK,Kotyark Industries Limited,INE0J0B01017,Unknown,Unknown,BE,2026-03-12,Unknown,0.0,0.0,0.0,0.0
8446,KOURA,KOURA FINE DIAMOND JEWELRY LIMITED,INE0M8R01011,Unknown,Unknown,EQ,,Unknown,0.0,0.0,0.0,0.0
6911,KOUTONS,Koutons Retail India Limited,INE406I01014,Unknown,Unknown,EQ,,Unknown,0.0,0.0,0.0,0.0
1248,KOVAI,Kovai Medical Center & Hospital Limited,INE177F01017,Unknown,Unknown,EQ,2026-04-20,Unknown,0.0,0.0,0.0,0.0
3437,ZKOVALIN,Kovalam Inv. & Trading Co.Ltd.,INE735U01011,Unknown,Unknown,EQ,,Unknown,0.0,0.0,0.0,0.0
3594,KLRFM,KOVILPATTI LAKSHMI ROLLER FLOUR MILLS  LTD,INE014E01015,Unknown,Unknown,EQ,,Unknown,0.0,0.0,0.0,0.0
8449,KPGEL,KP GREEN ENGINEERING LIMITED,INE0QVH01025,Unknown,Unknown,EQ,,Unknown,0.0,0.0,0.0,0.0
1250,KPIGREEN,KPI Green Energy Limited,INE542W01025,Unknown,Unknown,EQ,2021-07-27,Unknown,0.0,0.0,0.0,0.0
7,KPITTECH,KPIT Technologies Limited,INE04I401011,Unknown,Unknown,EQ,2019-04-22,Unknown,0.0,0.0,0.0,0.0
4728,KPLINT,KPL International Ltd,INE174B01013,Unknown,Unknown,EQ,,Unknown,0.0,0.0,0.0,0.0
3414,KPT,KPT INDUSTRIES LIMITED,INE731D01024,Unknown,Unknown,EQ,,Unknown,0.0,0.0,0.0,0.0
8083,KRANTI,Kranti Industries Limited,INE911T01010,Unknown,Unknown,EQ,,Unknown,0.0,0.0,0.0,0.0
8796,KRATIKAL,KRATIKAL TECH LIMITED,INE1L0M01019,Unknown,Unknown,EQ,,Unknown,0.0,0.0,0.0,0.0
1254,KRBL,KRBL Limited,INE001B01026,Unknown,Unknown,EQ,2002-01-21,Unknown,0.0,0.0,0.0,0.0
1255,KREBSBIO,Krebs Biochemicals and Industries Limited,INE268B01013,Unknown,Unknown,EQ,1996-01-03,Unknown,0.0,0.0,0.0,0.0
5114,KREONFIN,Kreon Finnancial Services Limited,INE302C01018,Unknown,Unknown,EQ,,Unknown,0.0,0.0,0.0,0.0
9236,KRETTO-RE,KRETTO SYSCON LIMITED,INE128R20015,Unknown,Unknown,EQ,,Unknown,0.0,0.0,0.0,0.0
5532,KRETTOSYS,KRETTO SYSCON LIMITED,INE128R01023,Unknown,Unknown,EQ,,Unknown,0.0,0.0,0.0,0.0
1256,KRIDHANINF,Kridhan Infra Limited,INE524L01026,Unknown,Unknown,BE,2015-12-11,Unknown,0.0,0.0,0.0,0.0
5019,KRIPIND,Kriptol Industries Limited,INE477C01034,Unknown,Unknown,EQ,,Unknown,0.0,0.0,0.0,0.0
7573,KRISHFAB,KRISHANA FABRICS LIMITED,INE627Q01018,Unknown,Unknown,EQ,,Unknown,0.0,0.0,0.0,0.0
1257,KRISHANA,Krishana Phoschem Limited,INE506W01020,Unknown,Unknown,EQ,2019-08-22,Unknown,0.0,0.0,0.0,0.0
4078,KVFORGE,KRISHANVEER FORGE LIMITED,INE013J01016,Unknown,Unknown,EQ,,Unknown,0.0,0.0,0.0,0.0
1258,KRISHIVAL,Krishival Foods Limited,INE0GGO01015,Unknown,Unknown,EQ,2025-06-20,Unknown,0.0,0.0,0.0,0.0
9392,KRISHFL-RE,KRISHIVAL FOODS LIMITED,INE0GGO20015,Unknown,Unknown,EQ,,Unknown,0.0,0.0,0.0,0.0
9637,KRISHPP,KRISHIVAL FOODS LIMITED,IN90GGO01013,Unknown,Unknown,EQ,,Unknown,0.0,0.0,0.0,0.0
7548,KRISHNACAP,Krishna Capital And Securities Limited,INE897B01019,Unknown,Unknown,EQ,,Unknown,0.0,0.0,0.0,0.0
1259,KRISHNADEF,Krishna Defence And Allied Industries Limited,INE0J5601015,Unknown,Unknown,EQ,2025-12-30,Unknown,0.0,0.0,0.0,0.0
4555,KRISHNAENG,Krishna Engineering Works Ltd.,INE409C01011,Unknown,Unknown,EQ,,Unknown,0.0,0.0,0.0,0.0
4126,KRISFEP,Krishna Ferro Products Ltd.,INE218L01017,Unknown,Unknown,EQ,,Unknown,0.0,0.0,0.0,0.0
3089,KRIFILIND,KRISHNA FILAMENT INDUSTRIES LIMITED,INE073A01019,Unknown,Unknown,EQ,,Unknown,0.0,0.0,0.0,0.0
1217,KIMS,Krishna Institute of Medical Sciences Limited,INE967H01025,Unknown,Unknown,EQ,2021-06-28,Unknown,0.0,0.0,0.0,0.0
3366,KRISHNA,Krishna Ventures Limited,INE537L01010,Unknown,Unknown,EQ,,Unknown,0.0,0.0,0.0,0.0
1260,KRITI,Kriti Industries (India) Limited,INE479D01038,Unknown,Unknown,EQ,2021-11-01,Unknown,0.0,0.0,0.0,0.0
1262,KRITINUT,Kriti Nutrients Limited,INE798K01010,Unknown,Unknown,EQ,2022-10-07,Unknown,0.0,0.0,0.0,0.0
1261,KRITIKA,Kritika Wires Limited,INE00Z501029,Unknown,Unknown,EQ,2022-05-04,Unknown,0.0,0.0,0.0,0.0
1263,KRN,KRN Heat Exchanger and Refrigeration Limited,INE0Q3J01015,Unknown,Unknown,EQ,2024-10-03,Unknown,0.0,0.0,0.0,0.0
1264,KRONOX,Kronox Lab Sciences Limited,INE0ATZ01017,Unknown,Unknown,BE,2024-06-10,Unknown,0.0,0.0,0.0,0.0
1265,KROSS,Kross Limited,INE0O6601022,Unknown,Unknown,EQ,2024-09-16,Unknown,0.0,0.0,0.0,0.0
1266,KRSNAA,Krsnaa Diagnostics Limited,INE08LI01020,Unknown,Unknown,EQ,2021-08-16,Unknown,0.0,0.0,0.0,0.0
8618,KRUPALU,Krupalu Metals Limited,INE0XZB01017,Unknown,Unknown,EQ,,Unknown,0.0,0.0,0.0,0.0
4655,KRYPTONQ,Krypton Industries Ltd,INE951B01014,Unknown,Unknown,EQ,,Unknown,0.0,0.0,0.0,0.0
1267,KRYSTAL,Krystal Integrated Services Limited,INE0QN801017,Unknown,Unknown,EQ,2024-03-21,Unknown,0.0,0.0,0.0,0.0
4252,KSSMART,KS Smart Technologies Limited,INE737E01011,Unknown,Unknown,EQ,,Unknown,0.0,0.0,0.0,0.0
1268,KSB,Ksb Limited,INE999A01023,Unknown,Unknown,EQ,1995-02-08,Unknown,0.0,0.0,0.0,0.0
1270,KSE,KSE Limited,INE953E01022,Unknown,Unknown,EQ,2026-08-17,Unknown,0.0,0.0,0.0,0.0
1271,KSHINTL,KSH International Limited,INE987S01020,Unknown,Unknown,EQ,2025-12-23,Unknown,0.0,0.0,0.0,0.0
1273,KSHITIJPOL,Kshitij Polyline Limited,INE013801027,Unknown,Unknown,EQ,2022-07-27,Unknown,0.0,0.0,0.0,0.0
1272,KSHITIJ-RE,Kshitij Polyline Ltd-RE,INE013820027,Unknown,Unknown,BE,2026-08-27,Unknown,0.0,0.0,0.0,0.0
6954,KSK,KSK Energy Ventures  Limited,INE143H01015,Unknown,Unknown,EQ,,Unknown,0.0,0.0,0.0,0.0
5118,KSLIND,KSL AND INDUSTRIES LTD,INE219A01026,Unknown,Unknown,EQ,,Unknown,0.0,0.0,0.0,0.0
1275,KSOLVES,Ksolves India Limited,INE0D6I01023,Unknown,Unknown,EQ,2022-09-23,Unknown,0.0,0.0,0.0,0.0
1276,KSR,KSR Footwear Limited,INE1SPP01016,Unknown,Unknown,EQ,2025-11-27,Unknown,0.0,0.0,0.0,0.0
6612,KSERASERA,KSS Limited,INE216D01026,Unknown,Unknown,EQ,,Unknown,0.0,0.0,0.0,0.0
1278,KUANTUM,Kuantum Papers Limited,INE529I01021,Unknown,Unknown,EQ,2019-10-23,Unknown,0.0,0.0,0.0,0.0
7562,KUBERJI,Kuber Udyog Limited,INE594R01018,Unknown,Unknown,EQ,,Unknown,0.0,0.0,0.0,0.0
8224,KGES,Kuberan Global Edu Solutions Limited,INE04CO01018,Unknown,Unknown,EQ,,Unknown,0.0,0.0,0.0,0.0
4136,KUMARWI,Kumar Wire Cloth Manufacturing Co.,INE840A01011,Unknown,Unknown,EQ,,Unknown,0.0,0.0,0.0,0.0
5044,KUMPFIN,Kumbhat Financial Services Ltd.,INE795E01019,Unknown,Unknown,EQ,,Unknown,0.0,0.0,0.0,0.0
5165,KUNALOVE,Kunal Overseas Ltd.,INE513B01012,Unknown,Unknown,EQ,,Unknown,0.0,0.0,0.0,0.0
3590,KUNDANMM,KUNDAN MINERALS AND METALS LIMITED,INE889B01016,Unknown,Unknown,EQ,,Unknown,0.0,0.0,0.0,0.0
4663,KUNSTOFF,Kunststoffe Industries Ltd.,INE638D01021,Unknown,Unknown,EQ,,Unknown,0.0,0.0,0.0,0.0
3747,KUSUMEL,Kusam Electrical Industies Ltd.,INE175Q01018,Unknown,Unknown,EQ,,Unknown,0.0,0.0,0.0,0.0
4173,KUSHIND,Kush Industries Limited,INE979D01011,Unknown,Unknown,EQ,,Unknown,0.0,0.0,0.0,0.0
7124,KUSHAL,KUSHAL LIMITED,INE647N01021,Unknown,Unknown,EQ,,Unknown,0.0,0.0,0.0,0.0
4125,KUSIS,Kusum Iron & Steel Ltd,INE397E01014,Unknown,Unknown,EQ,,Unknown,0.0,0.0,0.0,0.0
1279,KUSUMGAR,Kusumgar Limited,INE0ISX01025,Unknown,Unknown,EQ,2026-07-15,Unknown,0.0,0.0,0.0,0.0
5203,KUWERIN,Kuwer Industries Ltd.,INE430F01010,Unknown,Unknown,EQ,,Unknown,0.0,0.0,0.0,0.0
8640,KVSCASTING,KVS Castings Limited,INE163701019,Unknown,Unknown,EQ,,Unknown,0.0,0.0,0.0,0.0
5464,KWALITYCL,Kwality Credit & Leasing Ltd.,INE577C01015,Unknown,Unknown,EQ,,Unknown,0.0,0.0,0.0,0.0
6496,KWALITY,Kwality Limited,INE775B01025,Unknown,Unknown,EQ,,Unknown,0.0,0.0,0.0,0.0
1252,KPL,Kwality Pharmaceuticals Limited,INE552U01010,Unknown,Unknown,EQ,2026-04-20,Unknown,0.0,0.0,0.0,0.0
1280,KWIL,Kwality Wall's (India) Limited,INE2KCE01013,Unknown,Unknown,EQ,2026-02-16,Unknown,0.0,0.0,0.0,0.0
8839,KWICK,KWICK FORENSIC SOLUTIONS LIMITED,INE1SFA01019,Unknown,Unknown,EQ,,Unknown,0.0,0.0,0.0,0.0
5366,KYRALANDS,Kyra Landscapes Limited,INE094M01028,Unknown,Unknown,EQ,,Unknown,0.0,0.0,0.0,0.0
1338,LTF,L&T Finance Limited,INE498L01015,Unknown,Unknown,EQ,2011-08-12,Unknown,0.0,0.0,0.0,0.0
8975,LTF-RE,L&T Finance Limited,INE498L20015,Unknown,Unknown,EQ,,Unknown,0.0,0.0,0.0,0.0
1341,LTTS,L&T Technology Services Limited,INE010V01017,Unknown,Unknown,EQ,2016-09-23,Unknown,0.0,0.0,0.0,0.0
8623,LTELEVATOR,L. T. ELEVATOR LIMITED,INE0TJ801010,Unknown,Unknown,EQ,,Unknown,0.0,0.0,0.0,0.0
8543,LKMEHTA,L.K.MEHTA POLYMERS LIMITED,INE0FFF01017,Unknown,Unknown,EQ,,Unknown,0.0,0.0,0.0,0.0
3091,LML,L.M.L. Limited,INE862A01015,Unknown,Unknown,EQ,,Unknown,0.0,0.0,0.0,0.0
1294,LAOPALA,La Opala RG Limited,INE059D01020,Unknown,Unknown,EQ,2007-03-16,Unknown,0.0,0.0,0.0,0.0
9596,LATIMPP,La Tim Metal & Industries Limited,IN9501N01010,Unknown,Unknown,EQ,,Unknown,0.0,0.0,0.0,0.0
3448,LATIMMETAL,La Tim Metal & Industries Limited,INE501N01020,Unknown,Unknown,EQ,,Unknown,0.0,0.0,0.0,0.0
9139,LATIM-RE,La Tim Metal & Industries Limited,INE501N20012,Unknown,Unknown,EQ,,Unknown,0.0,0.0,0.0,0.0
8362,LABELKRAFT,LABELKRAFT TECHNOLOGIES LIMITED,INE0NLJ01011,Unknown,Unknown,EQ,,Unknown,0.0,0.0,0.0,0.0
5182,LABHCON,Labh Construction Ltd.,INE962A01013,Unknown,Unknown,EQ,,Unknown,0.0,0.0,0.0,0.0
4737,LACTOSE,Lactose (India) Ltd.,INE058I01013,Unknown,Unknown,EQ,,Unknown,0.0,0.0,0.0,0.0
7703,LAHL,Ladam Affortable Housing Limited,INE213U01019,Unknown,Unknown,EQ,,Unknown,0.0,0.0,0.0,0.0
1281,LADDERUP,Ladderup Finance Limited,INE519D01015,Unknown,Unknown,EQ,2026-08-17,Unknown,0.0,0.0,0.0,0.0
9280,LADDU-RE,LADDU GOPAL ONLINE SERVICES LIMITED,INE546I20017,Unknown,Unknown,EQ,,Unknown,0.0,0.0,0.0,0.0
7183,LADDU,LADDU GOPAL ONLINE SERVICES LIMITED,INE546I01025,Unknown,Unknown,EQ,,Unknown,0.0,0.0,0.0,0.0
4784,LAFFANSQ,Laffans Petrochemicals Ltd.,INE919B01011,Unknown,Unknown,EQ,,Unknown,0.0,0.0,0.0,0.0
1282,LAGNAM,Lagnam Spintex Limited,INE548Z01017,Unknown,Unknown,EQ,2021-09-30,Unknown,0.0,0.0,0.0,0.0
1283,LAHOTIOV,Lahoti Overseas Limited,INE515C01023,Unknown,Unknown,EQ,2026-04-20,Unknown,0.0,0.0,0.0,0.0
4451,LAKESHORE,LAKE SHORE REALTY LIMITED,INE734D01010,Unknown,Unknown,EQ,,Unknown,0.0,0.0,0.0,0.0
5405,LAKHANI,Lakhani India Ltd.,INE935C01015,Unknown,Unknown,EQ,,Unknown,0.0,0.0,0.0,0.0
7101,LAKHOTIA,LAKHOTIA POLYESTERS (INDIA) LIMITED,INE191O01010,Unknown,Unknown,EQ,,Unknown,0.0,0.0,0.0,0.0
4455,LAKSHMIAUTO,"Lakshmi Auto Components Ltd.,",INE871A01016,Unknown,Unknown,EQ,,Unknown,0.0,0.0,0.0,0.0
3340,LAKSELEC,Lakshmi Electrical Control Systems,INE284C01018,Unknown,Unknown,EQ,,Unknown,0.0,0.0,0.0,0.0
3415,LAKSHMIEW,LAKSHMI ENGINEERING AND WAREHOUSING LIMITED,INE718M01022,Unknown,Unknown,EQ,,Unknown,0.0,0.0,0.0,0.0
1311,LFIC,Lakshmi Finance & Industrial Corporation Limited,INE850E01012,Unknown,Unknown,EQ,2015-04-15,Unknown,0.0,0.0,0.0,0.0
1285,LAKSHMIMIL,Lakshmi Mills Company Limited,INE938C01019,Unknown,Unknown,EQ,2026-08-17,Unknown,0.0,0.0,0.0,0.0
4444,LAKSHMIO,Lakshmi Overseas Industries Ltd.,INE992B01026,Unknown,Unknown,EQ,,Unknown,0.0,0.0,0.0,0.0
1284,LAKPRE,Lakshmi Precision Screws Limited,INE651C01018,Unknown,Unknown,BZ,2006-09-26,Unknown,0.0,0.0,0.0,0.0
7075,LAKSHVILAS,LAKSHMI VILAS BANK LTD,INE694C01018,Unknown,Unknown,EQ,,Unknown,0.0,0.0,0.0,0.0
1287,LALITHAA,Lalithaa Jewellery Mart Limited,INE0K9O01026,Unknown,Unknown,EQ,2026-08-24,Unknown,0.0,0.0,0.0,0.0
1289,LAMBODHARA,Lambodhara Textiles Limited,INE112F01022,Unknown,Unknown,EQ,2015-02-04,Unknown,0.0,0.0,0.0,0.0
4638,LANESEDA,Lan Eseda Industries Ltd.,INE520B01017,Unknown,Unknown,EQ,,Unknown,0.0,0.0,0.0,0.0
1290,LANCER,Lancer Container Lines Limited,INE359U01028,Unknown,Unknown,EQ,2026-08-17,Unknown,0.0,0.0,0.0,0.0
6865,LITL,LANCO INFRATECH LTD.,INE785C01048,Unknown,Unknown,EQ,,Unknown,0.0,0.0,0.0,0.0
1291,LANCORHOL,Lancor Holdings Limited,INE572G01025,Unknown,Unknown,EQ,2024-03-12,Unknown,0.0,0.0,0.0,0.0
6682,LANDMARC,Landmarc Leisure Corporation Ltd.,INE394C01023,Unknown,Unknown,EQ,,Unknown,0.0,0.0,0.0,0.0
1292,LANDMARK,Landmark Cars Limited,INE559R01029,Unknown,Unknown,EQ,2022-12-23,Unknown,0.0,0.0,0.0,0.0
8532,LGLL,LANDMARK GLOBAL LEARNING LIMITED,INE12QA01010,Unknown,Unknown,EQ,,Unknown,0.0,0.0,0.0,0.0
1336,LPDC,Landmark Property Development Company Limited,INE197J01017,Unknown,Unknown,EQ,2008-08-12,Unknown,0.0,0.0,0.0,0.0
1293,LANDSMILL,Landsmill Green Limited,INE688J01023,Unknown,Unknown,EQ,2009-08-03,Unknown,0.0,0.0,0.0,0.0
6398,LANYARD,Lanyard Foods Ltd.,INE937E01017,Unknown,Unknown,EQ,,Unknown,0.0,0.0,0.0,0.0
8827,LAPL,LAPL AUTOMOTIVE LIMITED,INE0X9I01023,Unknown,Unknown,EQ,,Unknown,0.0,0.0,0.0,0.0
1337,LT,Larsen & Toubro Limited,INE018A01030,Unknown,Unknown,EQ,2004-06-23,Unknown,0.0,0.0,0.0,0.0
1295,LASA,Lasa Supergenerics Limited,INE670X01014,Unknown,Unknown,EQ,2017-09-21,Unknown,0.0,0.0,0.0,0.0
5440,LADIAMO,Laser Diamonds Ltd.,INE995E01015,Unknown,Unknown,EQ,,Unknown,0.0,0.0,0.0,0.0
1296,LASERPOWER,Laser Power & Infra Limited,INE17IR01028,Unknown,Unknown,EQ,2026-07-16,Unknown,0.0,0.0,0.0,0.0
5068,LASTMILE,LAST MILE ENTERPRISES LIMITED,INE404B01022,Unknown,Unknown,EQ,,Unknown,0.0,0.0,0.0,0.0
7678,LATENT,LATENT LIGHT FINANCE LIMITED.,INE515K01018,Unknown,Unknown,EQ,,Unknown,0.0,0.0,0.0,0.0
1297,LATENTVIEW,Latent View Analytics Limited,INE0I7C01011,Unknown,Unknown,EQ,2021-11-23,Unknown,0.0,0.0,0.0,0.0
1298,LATTEYS,Latteys Industries Limited,INE262Z01023,Unknown,Unknown,EQ,2023-05-23,Unknown,0.0,0.0,0.0,0.0
1299,LAURUSLABS,Laurus Labs Limited,INE947Q01028,Unknown,Unknown,EQ,2016-12-19,Unknown,0.0,0.0,0.0,0.0
1300,LAXMICOT,Laxmi Cotspin Limited,INE801V01019,Unknown,Unknown,EQ,2021-11-12,Unknown,0.0,0.0,0.0,0.0
1301,LAXMIDENTL,Laxmi Dental Limited,INE0WO601020,Unknown,Unknown,EQ,2025-01-20,Unknown,0.0,0.0,0.0,0.0
1314,LGHL,Laxmi Goldorna House Limited,INE258Y01016,Unknown,Unknown,EQ,2023-11-10,Unknown,0.0,0.0,0.0,0.0
1302,LAXMIINDIA,Laxmi India Finance Limited,INE06WU01026,Unknown,Unknown,EQ,2025-08-05,Unknown,0.0,0.0,0.0,0.0
1347,LXCHEM,Laxmi Organic Industries Limited,INE576O01020,Unknown,Unknown,EQ,2021-03-25,Unknown,0.0,0.0,0.0,0.0
7180,LAXMIPATI,LAXMIPATI ENGINEERING WORKS LIMITED,INE920P01019,Unknown,Unknown,EQ,,Unknown,0.0,0.0,0.0,0.0
7464,LAYLA,Layla Textile And Traders Limited,INE914Q01010,Unknown,Unknown,EQ,,Unknown,0.0,0.0,0.0,0.0
1303,LCCINFOTEC,LCC Infotech Limited,INE938A01021,Unknown,Unknown,EQ,2000-03-02,Unknown,0.0,0.0,0.0,0.0
7657,LELAVOIR,LE LAVOIR LIMITED,INE204S01012,Unknown,Unknown,EQ,,Unknown,0.0,0.0,0.0,0.0
1307,LEMERITE,Le Merite Exports Limited,INE0G1L01025,Unknown,Unknown,EQ,2025-12-12,Unknown,0.0,0.0,0.0,0.0
1103,IXIGO,Le Travenues Technology Limited,INE0HV901016,Unknown,Unknown,EQ,2024-06-18,Unknown,0.0,0.0,0.0,0.0
5426,LEWATERIN,Le Waterina Resorts & Hotels Limited,INE252K01026,Unknown,Unknown,EQ,,Unknown,0.0,0.0,0.0,0.0
5511,LEADFIN,Lead Financial Services  Ltd,INE531D01010,Unknown,Unknown,EQ,,Unknown,0.0,0.0,0.0,0.0
7785,LLFICL,LEADING LEASING FINANCE AND INVESTMENT CO. LIMITED,INE715Q01029,Unknown,Unknown,EQ,,Unknown,0.0,0.0,0.0,0.0
1305,LEAPIND,LEAP India Limited,INE00GO01025,Unknown,Unknown,EQ,2026-08-14,Unknown,0.0,0.0,0.0,0.0
8788,LESL,LEAPFROG ENGINEERING SERVICES LIMITED,INE0X6O01027,Unknown,Unknown,EQ,,Unknown,0.0,0.0,0.0,0.0
9463,LEAP,Learning Edge Academy of Professionals Limited,INE301Q01010,Unknown,Unknown,EQ,,Unknown,0.0,0.0,0.0,0.0
3805,LEASIFN,Leasing Finance India Ltd.,INE095F01011,Unknown,Unknown,EQ,,Unknown,0.0,0.0,0.0,0.0
3644,LEDOTEA,Ledo Tea Co. Ltd.,INE643B01017,Unknown,Unknown,EQ,,Unknown,0.0,0.0,0.0,0.0
1306,LEENEE,Lee & Nee Softwares Exports Limited,INE791B01014,Unknown,Unknown,BE,2026-08-17,Unknown,0.0,0.0,0.0,0.0
4345,LEEL,Leel Electricals Limited,INE245C01019,Unknown,Unknown,EQ,,Unknown,0.0,0.0,0.0,0.0
2302,THELEELA,Leela Palaces Hotels & Resorts Limited,INE0AQ201015,Unknown,Unknown,EQ,2025-06-02,Unknown,0.0,0.0,0.0,0.0
6886,LEHAR,LEHAR FOOTWEARS LIMITED,INE976H01018,Unknown,Unknown,EQ,,Unknown,0.0,0.0,0.0,0.0
1308,LEMONTREE,Lemon Tree Hotels Limited,INE970X01018,Unknown,Unknown,EQ,2018-04-09,Unknown,0.0,0.0,0.0,0.0
1309,LENSKART,Lenskart Solutions Limited,INE956O01016,Unknown,Unknown,EQ,2025-11-10,Unknown,0.0,0.0,0.0,0.0
8524,VANDU,LEO DRYFRUITS & SPICES TRADING LIMITED,INE0RH001011,Unknown,Unknown,EQ,,Unknown,0.0,0.0,0.0,0.0
3243,LERTHAI,LERTHAI FINANCE LIMITED,INE347D01011,Unknown,Unknown,EQ,,Unknown,0.0,0.0,0.0,0.0
9202,LESHIND-RE,Lesha Industries Limited,INE050L20014,Unknown,Unknown,EQ,,Unknown,0.0,0.0,0.0,0.0
7052,LESHAIND,Lesha Industries Limited,INE050L01048,Unknown,Unknown,EQ,,Unknown,0.0,0.0,0.0,0.0
7980,LEX,Lex Nimble Solutions Limited,INE860Y01019,Unknown,Unknown,EQ,,Unknown,0.0,0.0,0.0,0.0
3972,LEXGLOBAL,LEXORA GLOBAL LIMITED,INE745A01012,Unknown,Unknown,EQ,,Unknown,0.0,0.0,0.0,0.0
6540,LEXORAA,LEXORAA INDUSTRIES LIMITED,INE185D01015,Unknown,Unknown,EQ,,Unknown,0.0,0.0,0.0,0.0
1310,LEXUS,Lexus Granito (India) Limited,INE500X01013,Unknown,Unknown,EQ,2023-03-13,Unknown,0.0,0.0,0.0,0.0
1312,LGBBROSLTD,LG Balakrishnan & Bros Limited,INE337A01034,Unknown,Unknown,EQ,2010-03-30,Unknown,0.0,0.0,0.0,0.0
1313,LGEINDIA,LG Electronics India Limited,INE324D01010,Unknown,Unknown,EQ,2025-10-14,Unknown,0.0,0.0,0.0,0.0
6959,LGBFORGE,LGB Forge Limited,INE201J01017,Unknown,Unknown,EQ,,Unknown,0.0,0.0,0.0,0.0
8605,LGT,LGT GLOBAL HOSPITALITY LIMITED,INE191201016,Unknown,Unknown,EQ,,Unknown,0.0,0.0,0.0,0.0
1315,LIBAS,Libas Consumer Products Limited,INE908V01012,Unknown,Unknown,EQ,2019-07-23,Unknown,0.0,0.0,0.0,0.0
4389,LIBOMDM,Liberty Oil Mills Ltd,INE158E01010,Unknown,Unknown,EQ,,Unknown,0.0,0.0,0.0,0.0
5164,LIBERTYP,Liberty Phosphate Ltd,INE639D01011,Unknown,Unknown,EQ,,Unknown,0.0,0.0,0.0,0.0
1316,LIBERTSHOE,Liberty Shoes Limited,INE557B01019,Unknown,Unknown,EQ,1995-09-27,Unknown,0.0,0.0,0.0,0.0
3836,LIBORDFIN,Libord Finance Limited,INE212B01011,Unknown,Unknown,EQ,,Unknown,0.0,0.0,0.0,0.0
5387,LIBORD,Libord Securities Ltd.,INE267E01019,Unknown,Unknown,EQ,,Unknown,0.0,0.0,0.0,0.0
1317,LICHSGFIN,LIC Housing Finance Limited,INE115A01026,Unknown,Unknown,EQ,1998-07-29,Unknown,0.0,0.0,0.0,0.0
7399,LICNFR3G1,LIC Mutual Fund,INF767K01MZ6,Unknown,Unknown,EQ,,Unknown,0.0,0.0,0.0,0.0
7583,LICNETFN50,LIC Mutual Fund,INF767K01OS7,Unknown,Unknown,EQ,,Unknown,0.0,0.0,0.0,0.0
7400,LICNFR3D1,LIC Mutual Fund,INF767K01MY9,Unknown,Unknown,EQ,,Unknown,0.0,0.0,0.0,0.0
7199,LICNFR2GP,LIC Mutual Fund,INF767K01BP0,Unknown,Unknown,EQ,,Unknown,0.0,0.0,0.0,0.0
7200,LICNFR2DP,LIC Mutual Fund,INF767K01BQ8,Unknown,Unknown,EQ,,Unknown,0.0,0.0,0.0,0.0
7201,LICNFR2G1,LIC Mutual Fund,INF767K01BR6,Unknown,Unknown,EQ,,Unknown,0.0,0.0,0.0,0.0
8444,LICNMID100,LIC Mutual Fund,INF767K01RN1,Unknown,Unknown,EQ,,Unknown,0.0,0.0,0.0,0.0
7202,LICNFR2D1,LIC Mutual Fund,INF767K01BS4,Unknown,Unknown,EQ,,Unknown,0.0,0.0,0.0,0.0
7397,LICNFR3G,LIC Mutual Fund,INF767K01MX1,Unknown,Unknown,EQ,,Unknown,0.0,0.0,0.0,0.0
7398,LICNFR3D,LIC Mutual Fund,INF767K01MW3,Unknown,Unknown,EQ,,Unknown,0.0,0.0,0.0,0.0
7652,LICNFNHGP,LIC Mutual Fund,INF767K01PC8,Unknown,Unknown,EQ,,Unknown,0.0,0.0,0.0,0.0
7586,LICNETFSEN,LIC Mutual Fund,INF767K01OT5,Unknown,Unknown,EQ,,Unknown,0.0,0.0,0.0,0.0
1318,LICI,Life Insurance Corporation Of India,INE0J1Y01017,Unknown,Unknown,EQ,2022-05-17,Unknown,0.0,0.0,0.0,0.0
3481,LIFELINE,Lifeline Drugs & Pharma Ltd,INE776N01028,Unknown,Unknown,EQ,,Unknown,0.0,0.0,0.0,0.0
7683,LIKHAMI,LIKHAMI CONSULTING LIMITED,INE920T01011,Unknown,Unknown,EQ,,Unknown,0.0,0.0,0.0,0.0
1319,LIKHITHA,Likhitha Infrastructure Limited,INE060901027,Unknown,Unknown,EQ,2020-10-15,Unknown,0.0,0.0,0.0,0.0
3604,LIMECHM,Lime Chemicals Ltd.,INE891G01011,Unknown,Unknown,EQ,,Unknown,0.0,0.0,0.0,0.0
4332,LINAKS,Linaks Microelectronics Ltd.,INE028C01027,Unknown,Unknown,EQ,,Unknown,0.0,0.0,0.0,0.0
1320,LINC,Linc Limited,INE802B01027,Unknown,Unknown,EQ,2015-03-09,Unknown,0.0,0.0,0.0,0.0
1321,LINCOLN,Lincoln Pharmaceuticals Limited,INE405C01035,Unknown,Unknown,EQ,2015-12-17,Unknown,0.0,0.0,0.0,0.0
1322,LINDEINDIA,Linde India Limited,INE473A01011,Unknown,Unknown,EQ,1999-06-16,Unknown,0.0,0.0,0.0,0.0
4726,LINEARIND,Linear Industries Ltd,INE808D01012,Unknown,Unknown,EQ,,Unknown,0.0,0.0,0.0,0.0
4834,LINKPH,Link Pharma Chem Ltd.,INE302F01011,Unknown,Unknown,EQ,,Unknown,0.0,0.0,0.0,0.0
3973,LINKH,Linkhouse Industries Ltd.,INE080C01028,Unknown,Unknown,EQ,,Unknown,0.0,0.0,0.0,0.0
3669,LINKSONI,Linkson International Limited,INE996E01021,Unknown,Unknown,EQ,,Unknown,0.0,0.0,0.0,0.0
6272,LINTAS,Lintas Mercantile Ltd.,INE702D01017,Unknown,Unknown,EQ,,Unknown,0.0,0.0,0.0,0.0
8787,LIOTECH,LIOTECH INDUSTRIES LIMITED,INE0TKX01011,Unknown,Unknown,EQ,,Unknown,0.0,0.0,0.0,0.0
4982,LIPPISYS,Lippi Systems Ltd.,INE845B01018,Unknown,Unknown,EQ,,Unknown,0.0,0.0,0.0,0.0
6424,LIVERPO,Liverpool Finance Ltd.,INE376D01010,Unknown,Unknown,EQ,,Unknown,0.0,0.0,0.0,0.0
1323,LKPSEC,LKP Securities Limited,INE341H01023,Unknown,Unknown,EQ,2026-08-17,Unknown,0.0,0.0,0.0,0.0
6286,LLORF,Lloyd Rockfibres Ltd.,INE640D01019,Unknown,Unknown,EQ,,Unknown,0.0,0.0,0.0,0.0
1324,LLOYDSENGG,LLOYDS ENGINEERING WORKS LIMITED,INE093R01011,Unknown,Unknown,EQ,2016-07-18,Unknown,0.0,0.0,0.0,0.0
9621,LLOYDSENPP,LLOYDS ENGINEERING WORKS LIMITED,IN9093R01019,Unknown,Unknown,EQ,,Unknown,0.0,0.0,0.0,0.0
9138,LLOYDS-RE,LLOYDS ENGINEERING WORKS LIMITED,INE093R20011,Unknown,Unknown,EQ,,Unknown,0.0,0.0,0.0,0.0
9304,LLOYDS-RE1,LLOYDS ENGINEERING WORKS LIMITED,INE093R20029,Unknown,Unknown,EQ,,Unknown,0.0,0.0,0.0,0.0
1325,LLOYDSENT,Lloyds Enterprises Limited,INE080I01025,Unknown,Unknown,EQ,2024-10-17,Unknown,0.0,0.0,0.0,0.0
9349,LLOYDSE-RE,LLOYDS ENTERPRISES LIMITED,INE080I20017,Unknown,Unknown,EQ,,Unknown,0.0,0.0,0.0,0.0
9629,LLOYDPP,LLOYDS ENTERPRISES LIMITED,IN9080I01015,Unknown,Unknown,EQ,,Unknown,0.0,0.0,0.0,0.0
3615,LLOYDFIN,Lloyds Finance Ltd.,INE174A01015,Unknown,Unknown,EQ,,Unknown,0.0,0.0,0.0,0.0
1326,LLOYDSME,Lloyds Metals And Energy Limited,INE281B01032,Unknown,Unknown,EQ,2023-07-17,Unknown,0.0,0.0,0.0,0.0
1327,LMW,LMW Limited,INE269B01029,Unknown,Unknown,EQ,1995-03-29,Unknown,0.0,0.0,0.0,0.0
1328,LODHA,Lodha Developers Limited,INE670K01029,Unknown,Unknown,EQ,2021-04-19,Unknown,0.0,0.0,0.0,0.0
8344,LOGICA,LOGICA INFOWAY LIMITED,INE0BSU01018,Unknown,Unknown,EQ,,Unknown,0.0,0.0,0.0,0.0
8677,LOGICIEL,Logiciel Solutions Limited,INE1BA901016,Unknown,Unknown,EQ,,Unknown,0.0,0.0,0.0,0.0
1304,LCL,Lohia Corp Limited,INE0QJW01029,Unknown,Unknown,EQ,2026-07-30,Unknown,0.0,0.0,0.0,0.0
8870,LOHIASEC,Lohia Securities Limited,INE803B01017,Unknown,Unknown,EQ,,Unknown,0.0,0.0,0.0,0.0
3092,LOKHSG,Lok Housing & Construction Ltd.,INE367C01011,Unknown,Unknown,EQ,,Unknown,0.0,0.0,0.0,0.0
1329,LOKESHMACH,Lokesh Machines Limited,INE397H01017,Unknown,Unknown,EQ,2006-05-05,Unknown,0.0,0.0,0.0,0.0
3348,LONGSPUR,Longspur International Ventures Limited,INE180M01033,Unknown,Unknown,EQ,,Unknown,0.0,0.0,0.0,0.0
4972,LONTE,Longview Tea Company ltd.,INE696E01019,Unknown,Unknown,EQ,,Unknown,0.0,0.0,0.0,0.0
7066,LOOKS,Looks Health Services Limited,INE204N01013,Unknown,Unknown,EQ,,Unknown,0.0,0.0,0.0,0.0
5086,LORDSCH,Lords Chemicals Ltd.,INE554C01014,Unknown,Unknown,EQ,,Unknown,0.0,0.0,0.0,0.0
1330,LORDSCHLO,Lords Chloro Alkali Limited,INE846D01012,Unknown,Unknown,EQ,2023-08-28,Unknown,0.0,0.0,0.0,0.0
5098,LORDSHOTL,Lords Ishwar Hotels Limited,INE689J01013,Unknown,Unknown,EQ,,Unknown,0.0,0.0,0.0,0.0
3210,LORDSMARK,Lords Mark Industries Limited,INE567L01025,Unknown,Unknown,EQ,,Unknown,0.0,0.0,0.0,0.0
1286,LAL,Lorenzini Apparels Limited,INE740X01023,Unknown,Unknown,EQ,2023-04-10,Unknown,0.0,0.0,0.0,0.0
8849,LOTTE,Lotte India Corporation Ltd,INE185A01011,Unknown,Unknown,EQ,,Unknown,0.0,0.0,0.0,0.0
1331,LOTUSCHO,Lotus Chocolate Company Limited,INE026D01011,Unknown,Unknown,EQ,2026-08-17,Unknown,0.0,0.0,0.0,0.0
1333,LOTUSEYE,Lotus Eye Hospital and Institute Limited,INE947I01017,Unknown,Unknown,EQ,2008-07-11,Unknown,0.0,0.0,0.0,0.0
1334,LOVABLE,Lovable Lingerie Limited,INE597L01014,Unknown,Unknown,EQ,2011-03-24,Unknown,0.0,0.0,0.0,0.0
7508,LOYAL,Loyal Equipments Limited,INE876S01017,Unknown,Unknown,EQ,,Unknown,0.0,0.0,0.0,0.0
1335,LOYALTEX,Loyal Textile Mills Limited,INE970D01010,Unknown,Unknown,EQ,2022-08-11,Unknown,0.0,0.0,0.0,0.0
4216,LSIND,LS Industries Limited,INE345D01031,Unknown,Unknown,EQ,,Unknown,0.0,0.0,0.0,0.0
1339,LTFOODS,LT Foods Limited,INE818H01020,Unknown,Unknown,EQ,2006-12-18,Unknown,0.0,0.0,0.0,0.0
1340,LTM,LTM Limited,INE214T01019,Unknown,Unknown,EQ,2016-07-21,Unknown,0.0,0.0,0.0,0.0
4891,LUDLOWJUT,Ludlow Jute & Specialities Ltd,INE983C01015,Unknown,Unknown,EQ,,Unknown,0.0,0.0,0.0,0.0
1343,LUMAXTECH,Lumax Auto Technologies Limited,INE872H01027,Unknown,Unknown,EQ,2007-01-16,Unknown,0.0,0.0,0.0,0.0
6796,LUMAXAUTO,Lumax Automotive Systems Ltd.,INE547G01019,Unknown,Unknown,EQ,,Unknown,0.0,0.0,0.0,0.0
1342,LUMAXIND,Lumax Industries Limited,INE162B01018,Unknown,Unknown,EQ,1995-09-06,Unknown,0.0,0.0,0.0,0.0
4863,LUMITECH,Luminaire Technologies Ltd.,INE682C01021,Unknown,Unknown,EQ,,Unknown,0.0,0.0,0.0,0.0
1344,LUMINO,Lumino Industries Limited,INE185Q01025,Unknown,Unknown,EQ,2026-09-03,Unknown,0.0,0.0,0.0,0.0
3093,LUPINDM,Lupin Laboratories Ltd.,INE327A01019,Unknown,Unknown,EQ,,Unknown,0.0,0.0,0.0,0.0
1345,LUPIN,Lupin Limited,INE326A01037,Unknown,Unknown,EQ,2001-09-10,Unknown,0.0,0.0,0.0,0.0
1346,LUXIND,Lux Industries Limited,INE150G01020,Unknown,Unknown,EQ,2015-11-30,Unknown,0.0,0.0,0.0,0.0
8683,LUXURY,Luxury Time Limited,INE1CJB01013,Unknown,Unknown,EQ,,Unknown,0.0,0.0,0.0,0.0
9257,KNIT-RE,LWS Knitwear Ltd,INE281M20013,Unknown,Unknown,EQ,,Unknown,0.0,0.0,0.0,0.0
6217,LWSKNIT,LWS Knitwear Ltd,INE281M01013,Unknown,Unknown,EQ,,Unknown,0.0,0.0,0.0,0.0
1348,LYKALABS,Lyka Labs Limited,INE933A01014,Unknown,Unknown,BE,1995-02-08,Unknown,0.0,0.0,0.0,0.0
5276,LYKISLTD,Lykis Limited,INE624M01014,Unknown,Unknown,EQ,,Unknown,0.0,0.0,0.0,0.0
3416,LYNMC,Lynx Machinery & Commercials Ltd.,INE732D01014,Unknown,Unknown,EQ,,Unknown,0.0,0.0,0.0,0.0
6237,LYONSCO,Lyons Corporate Market Ltd.,INE100F01019,Unknown,Unknown,EQ,,Unknown,0.0,0.0,0.0,0.0
6494,LYOIE,Lyons Industrial Enterprises Ltd,INE333B01015,Unknown,Unknown,EQ,,Unknown,0.0,0.0,0.0,0.0
1417,MBEL,M & B Engineering Limited,INE08N601015,Unknown,Unknown,EQ,2025-08-06,Unknown,0.0,0.0,0.0,0.0
1459,MKPL,M K Proteins Limited,INE964W01021,Unknown,Unknown,EQ,2023-06-13,Unknown,0.0,0.0,0.0,0.0
3924,MLINDLTD,M LAKHAMSI INDUSTRIES LIMITED,INE808W01012,Unknown,Unknown,EQ,,Unknown,0.0,0.0,0.0,0.0
8639,MPKSTEELS,M P K STEELS (I) LIMITED,INE1PJP01015,Unknown,Unknown,EQ,,Unknown,0.0,0.0,0.0,0.0
1420,MCL,M TEK COPPER LIMITED,INE813V01022,Unknown,Unknown,EQ,2020-08-19,Unknown,0.0,0.0,0.0,0.0
6406,MCCIL,M.C.C.Investment & Leasing Co. Ltd.,INE786C01012,Unknown,Unknown,EQ,,Unknown,0.0,0.0,0.0,0.0
3603,MJPHADM,"M.J. Pharmaceuticals Ltd.,",INE434D01017,Unknown,Unknown,EQ,,Unknown,0.0,0.0,0.0,0.0
1458,MKEXIM,M.K. Exim (India) Limited,INE227F01010,Unknown,Unknown,EQ,2026-08-17,Unknown,0.0,0.0,0.0,0.0
3696,MMRUBBR-B,M.M. Rubber Company Ltd.,INE159E01026,Unknown,Unknown,EQ,,Unknown,0.0,0.0,0.0,0.0
3516,MPAGI,M.P. Agro Industries Ltd.,INE468C01017,Unknown,Unknown,EQ,,Unknown,0.0,0.0,0.0,0.0
5530,MPTELE,M.P.Telelinks Ltd.,INE003C01012,Unknown,Unknown,EQ,,Unknown,0.0,0.0,0.0,0.0
8766,MANIVENI,M.R.MANIVENI FOODS LIMITED,INE0YD301010,Unknown,Unknown,EQ,,Unknown,0.0,0.0,0.0,0.0
3753,MAAJTL,Maa Jagdambe Tradelinks Limited,INE403N01029,Unknown,Unknown,EQ,,Unknown,0.0,0.0,0.0,0.0
8325,MAAGHADV,MAAGH ADVERTISING AND MARKETING SERVICES LIMITED,INE0KY201021,Unknown,Unknown,EQ,,Unknown,0.0,0.0,0.0,0.0
1351,MAANALU,Maan Aluminium Limited,INE215I01027,Unknown,Unknown,EQ,2007-10-22,Unknown,0.0,0.0,0.0,0.0
6287,MAARSOFTW,Maars Software International Ltd.,INE390A01017,Unknown,Unknown,EQ,,Unknown,0.0,0.0,0.0,0.0
1419,MCCHRLS-B,Mac Charles India Limited,INE435D01014,Unknown,Unknown,EQ,2026-04-20,Unknown,0.0,0.0,0.0,0.0
8047,MACH,Mac Hotels Limited,INE004Z01011,Unknown,Unknown,EQ,,Unknown,0.0,0.0,0.0,0.0
8353,ROBU,Macfos Limited,INE0OLH01013,Unknown,Unknown,EQ,,Unknown,0.0,0.0,0.0,0.0
8499,MACHLTD,MACH TRAVEL SOLUTIONS LIMITED,INE0UYT01018,Unknown,Unknown,EQ,,Unknown,0.0,0.0,0.0,0.0
8383,MACIND,Machhar Industries Limited,INE01BT01015,Unknown,Unknown,EQ,,Unknown,0.0,0.0,0.0,0.0
4615,MACPLASQ,Machino Plastics Ltd,INE082B01018,Unknown,Unknown,EQ,,Unknown,0.0,0.0,0.0,0.0
3221,MACK,Mack Trading Co. Ltd.,INE436D01012,Unknown,Unknown,EQ,,Unknown,0.0,0.0,0.0,0.0
1352,MACPOWER,Macpower CNC Machines Limited,INE155Z01011,Unknown,Unknown,EQ,2020-08-19,Unknown,0.0,0.0,0.0,0.0
6719,MADALA,MADALA HOLDINGS LIMITED,INE002B01016,Unknown,Unknown,EQ,,Unknown,0.0,0.0,0.0,0.0
9486,SOFPP,MADALA HOLDINGS LIMITED,IN9002B01014,Unknown,Unknown,EQ,,Unknown,0.0,0.0,0.0,0.0
1354,MADHAVIPL,Madhav Infra Projects Limited,INE631R01026,Unknown,Unknown,EQ,2026-04-20,Unknown,0.0,0.0,0.0,0.0
1353,MADHAV,Madhav Marbles and Granites Limited,INE925C01016,Unknown,Unknown,EQ,2007-12-20,Unknown,0.0,0.0,0.0,0.0
1355,MADHUCON,Madhucon Projects Limited,INE378D01032,Unknown,Unknown,BE,2006-10-05,Unknown,0.0,0.0,0.0,0.0
3847,MADHURC,Madhur Capital & Finance Ltd.,INE107C01011,Unknown,Unknown,EQ,,Unknown,0.0,0.0,0.0,0.0
4395,MADHURIND,Madhur Industries Limited,INE110C01015,Unknown,Unknown,EQ,,Unknown,0.0,0.0,0.0,0.0
4235,MADHUDIN,Madhusudan Industries Ltd.,INE469C01023,Unknown,Unknown,EQ,,Unknown,0.0,0.0,0.0,0.0
1415,MBAPL,Madhya Bharat Agro Products Limited,INE900L01028,Unknown,Unknown,EQ,2019-08-22,Unknown,0.0,0.0,0.0,0.0
3369,MALCO,"Madras Aluminium Co. Ltd.,",INE223B01026,Unknown,Unknown,EQ,,Unknown,0.0,0.0,0.0,0.0
1356,MADRASFERT,Madras Fertilizers Limited,INE414A01015,Unknown,Unknown,EQ,1997-07-25,Unknown,0.0,0.0,0.0,0.0
3024,MADUCOA,Madura Coats Ltd,INE122A01014,Unknown,Unknown,EQ,,Unknown,0.0,0.0,0.0,0.0
7227,METSL,MAESTROS ELECTRONICS & TELECOMMUNICATIONS SYSTEMS LTD,INE318N01011,Unknown,Unknown,EQ,,Unknown,0.0,0.0,0.0,0.0
3208,MAESTROM,Maestros Mediline Systems Ltd.,INE408E01027,Unknown,Unknown,EQ,,Unknown,0.0,0.0,0.0,0.0
3219,MAFATDY,Mafatlal Dyes & Chemicals Ltd.,INE733D01012,Unknown,Unknown,EQ,,Unknown,0.0,0.0,0.0,0.0
1357,MAFATIND,Mafatlal Industries Limited,INE270B01035,Unknown,Unknown,EQ,2026-04-20,Unknown,0.0,0.0,0.0,0.0
4474,MAFLU,Mafatlal Lubricants Ltd.,INE521D01011,Unknown,Unknown,EQ,,Unknown,0.0,0.0,0.0,0.0
8316,MAFIA,MAFIA TRENDS LIMITED,INE0KQQ01011,Unknown,Unknown,EQ,,Unknown,0.0,0.0,0.0,0.0
1358,MAGADSUGAR,Magadh Sugar & Energy Limited,INE347W01011,Unknown,Unknown,EQ,2017-07-28,Unknown,0.0,0.0,0.0,0.0
5200,MAGIN,Magan Industries Ltd.,INE402B01026,Unknown,Unknown,EQ,,Unknown,0.0,0.0,0.0,0.0
1422,MCLOUD,Magellanic Cloud Limited,INE613C01026,Unknown,Unknown,EQ,2025-02-07,Unknown,0.0,0.0,0.0,0.0
8470,MAGENTA,Magenta Lifecare Limited,INE0QZ901011,Unknown,Unknown,EQ,,Unknown,0.0,0.0,0.0,0.0
4747,MAGNACOL,Magna Colors Limited,INE283N01017,Unknown,Unknown,EQ,,Unknown,0.0,0.0,0.0,0.0
4330,MAGNAELQ,Magna Electro Castings Ltd.,INE437D01010,Unknown,Unknown,EQ,,Unknown,0.0,0.0,0.0,0.0
4708,MAGNA,Magna Industries & Export Limited,INE113F01012,Unknown,Unknown,EQ,,Unknown,0.0,0.0,0.0,0.0
3980,MAGANTR,Magnanimous Trade & Finance Ltd.,INE664N01018,Unknown,Unknown,EQ,,Unknown,0.0,0.0,0.0,0.0
5184,MAGNUML,Magnum Limited.,INE591B01018,Unknown,Unknown,EQ,,Unknown,0.0,0.0,0.0,0.0
1359,MAGNUM,Magnum Ventures Limited,INE387I01016,Unknown,Unknown,EQ,2007-09-20,Unknown,0.0,0.0,0.0,0.0
9151,MAGNUM-RE,MAGNUM VENTURES LIMITED,INE387I20016,Unknown,Unknown,EQ,,Unknown,0.0,0.0,0.0,0.0
4304,MAGNUS,MAGNUS STEEL AND INFRA LIMITED,INE898E01011,Unknown,Unknown,EQ,,Unknown,0.0,0.0,0.0,0.0
9369,MAGNUS-RE,MAGNUS STEEL AND INFRA LIMITED,INE898E20011,Unknown,Unknown,EQ,,Unknown,0.0,0.0,0.0,0.0
1361,MAHAPEXLTD,Maha Rashtra Apex Corporation Limited,INE843B01013,Unknown,Unknown,EQ,1998-01-21,Unknown,0.0,0.0,0.0,0.0
9429,MAHAPE-RE,Maha Rashtra Apex Corporation Ltd,INE843B20013,Unknown,Unknown,EQ,,Unknown,0.0,0.0,0.0,0.0
1441,MFML,Mahalaxmi Fabric Mills Limited,INE0US801024,Unknown,Unknown,EQ,2024-08-27,Unknown,0.0,0.0,0.0,0.0
1445,MHLXMIRU,Mahalaxmi Rubtech Limited,INE112D01035,Unknown,Unknown,BE,2022-01-27,Unknown,0.0,0.0,0.0,0.0
4096,MAHALXSE,Mahalaxmi Seamless Ltd.,INE257F01017,Unknown,Unknown,EQ,,Unknown,0.0,0.0,0.0,0.0
8670,MAHALIFE,MAHAMAYA LIFESCIENCES LIMITED,INE0U9D01019,Unknown,Unknown,EQ,,Unknown,0.0,0.0,0.0,0.0
1362,MAHASTEEL,Mahamaya Steel Industries Limited,INE451L01014,Unknown,Unknown,BE,2016-07-01,Unknown,0.0,0.0,0.0,0.0
6276,MAHANIN,Mahan Industries Ltd.,INE735D01041,Unknown,Unknown,EQ,,Unknown,0.0,0.0,0.0,0.0
1444,MGL,Mahanagar Gas Limited,INE002S01010,Unknown,Unknown,EQ,2016-07-01,Unknown,0.0,0.0,0.0,0.0
1499,MTNL,Mahanagar Telephone Nigam Limited,INE153A01019,Unknown,Unknown,EQ,1999-02-17,Unknown,0.0,0.0,0.0,0.0
5210,MAHAN,Mahanivesh (India) Ltd.,INE641D01017,Unknown,Unknown,EQ,,Unknown,0.0,0.0,0.0,0.0
5094,MAHASHR,Maharaja Shree Umaid Mills Ltd.,INE087D01013,Unknown,Unknown,EQ,,Unknown,0.0,0.0,0.0,0.0
3429,MAHACORP,Maharashtra Corporation Ltd.,INE272E01027,Unknown,Unknown,EQ,,Unknown,0.0,0.0,0.0,0.0
9577,MAHACORPPP,Maharashtra Corporation Ltd.,IN9272E01025,Unknown,Unknown,EQ,,Unknown,0.0,0.0,0.0,0.0
9043,MAHACOP-RE,Maharashtra Corporation Ltd.,INE272E20027,Unknown,Unknown,EQ,,Unknown,0.0,0.0,0.0,0.0
3386,MAHELEK,Maharashtra Elecktrosmelt Ltd.,INE400E01016,Unknown,Unknown,EQ,,Unknown,0.0,0.0,0.0,0.0
4741,MAHAPOL,Maharashtra Polybutenes Ltd,INE488E01037,Unknown,Unknown,EQ,,Unknown,0.0,0.0,0.0,0.0
1367,MAHSCOOTER,Maharashtra Scooters Limited,INE288A01013,Unknown,Unknown,EQ,1995-02-08,Unknown,0.0,0.0,0.0,0.0
1368,MAHSEAMLES,Maharashtra Seamless Limited,INE271B01025,Unknown,Unknown,EQ,2004-08-25,Unknown,0.0,0.0,0.0,0.0
8931,MAHASEAMCRP,Maharashtra Seamless Ltd.,INE271B03013,Unknown,Unknown,EQ,,Unknown,0.0,0.0,0.0,0.0
5027,MHSGRMS,Mahasagar Travels Ltd.,INE007G01014,Unknown,Unknown,EQ,,Unknown,0.0,0.0,0.0,0.0
3969,MAHSHRE,Mahashree Trading Ltd.,INE924T01013,Unknown,Unknown,EQ,,Unknown,0.0,0.0,0.0,0.0
7547,MAHAVEER,Mahaveer Infoway Limited,INE019D01016,Unknown,Unknown,EQ,,Unknown,0.0,0.0,0.0,0.0
6388,MAHAREM,Mahavir Advanced Remedies Limited,INE716N01016,Unknown,Unknown,EQ,,Unknown,0.0,0.0,0.0,0.0
6368,MAHAV,Mahavir Impex Ltd.,INE997B01025,Unknown,Unknown,EQ,,Unknown,0.0,0.0,0.0,0.0
6357,MAHAVIRIND,Mahavir Industries Limited,INE987M01023,Unknown,Unknown,EQ,,Unknown,0.0,0.0,0.0,0.0
4159,MAHENPET,Mahendra Petrochemicals Ltd.,INE452H01010,Unknown,Unknown,EQ,,Unknown,0.0,0.0,0.0,0.0
3471,MAISF,Mahesh Agricultural Implements & Steel Forgings Limited,INE119D01014,Unknown,Unknown,EQ,,Unknown,0.0,0.0,0.0,0.0
8101,MAHESH,Mahesh Developers Limited,INE01MO01013,Unknown,Unknown,EQ,,Unknown,0.0,0.0,0.0,0.0
1364,MAHESHWARI,Maheshwari Logistics Limited,INE263W01010,Unknown,Unknown,BE,2019-04-15,Unknown,0.0,0.0,0.0,0.0
8963,M&MFIN-RE,Mahindra & Mahindra Financial Services Limited,INE774D20016,Unknown,Unknown,EQ,,Unknown,0.0,0.0,0.0,0.0
1350,M&MFIN,Mahindra & Mahindra Financial Services Limited,INE774D01024,Unknown,Unknown,EQ,2006-03-17,Unknown,0.0,0.0,0.0,0.0
9306,M&MFIN-RE1,Mahindra & Mahindra Financial Services Limited,INE774D20024,Unknown,Unknown,EQ,,Unknown,0.0,0.0,0.0,0.0
1349,M&M,Mahindra & Mahindra Limited,INE101A01026,Unknown,Unknown,EQ,1996-01-03,Unknown,0.0,0.0,0.0,0.0
4730,MAHINCOMP,Mahindra Composites Ltd.,INE219G01015,Unknown,Unknown,EQ,,Unknown,0.0,0.0,0.0,0.0
1363,MAHEPC,Mahindra EPC Irrigation Limited,INE215D01010,Unknown,Unknown,EQ,2020-02-14,Unknown,0.0,0.0,0.0,0.0
1446,MHRIL,Mahindra Holidays & Resorts India Limited,INE998I01010,Unknown,Unknown,EQ,2009-07-16,Unknown,0.0,0.0,0.0,0.0
1365,MAHLIFE,Mahindra Lifespace Developers Limited,INE813A01018,Unknown,Unknown,EQ,2000-05-10,Unknown,0.0,0.0,0.0,0.0
9313,MAHLIFE-RE,Mahindra Lifespace Developers Ltd.,INE813A20018,Unknown,Unknown,EQ,,Unknown,0.0,0.0,0.0,0.0
1366,MAHLOG,Mahindra Logistics Limited,INE766P01016,Unknown,Unknown,EQ,2017-11-10,Unknown,0.0,0.0,0.0,0.0
9341,MAHLOG-RE,Mahindra Logistics Limited,INE766P20016,Unknown,Unknown,EQ,,Unknown,0.0,0.0,0.0,0.0
3385,MAHINDUGIN,Mahindra Ugine Steel Co. Ltd.,INE850A01010,Unknown,Unknown,EQ,,Unknown,0.0,0.0,0.0,0.0
8085,MAHIP,Mahip Industries Limited,INE00CX01017,Unknown,Unknown,EQ,,Unknown,0.0,0.0,0.0,0.0
8369,MAIDEN,Maiden Forgings Limited,INE0O1T01010,Unknown,Unknown,EQ,,Unknown,0.0,0.0,0.0,0.0
4205,MAIKALFI,Maikaal Fibres Ltd.,INE341C01016,Unknown,Unknown,EQ,,Unknown,0.0,0.0,0.0,0.0
1369,MAITHANALL,Maithan Alloys Limited,INE683C01011,Unknown,Unknown,EQ,2011-07-05,Unknown,0.0,0.0,0.0,0.0
4090,MAITRI,Maitri Enterprises Limited,INE501L01024,Unknown,Unknown,EQ,,Unknown,0.0,0.0,0.0,0.0
1370,MAJESAUT,Majestic Auto Limited,INE201B01022,Unknown,Unknown,BE,2026-04-20,Unknown,0.0,0.0,0.0,0.0
7510,MRSS,Majestic Research Services and Solutions Limited,INE196R01012,Unknown,Unknown,EQ,,Unknown,0.0,0.0,0.0,0.0
1371,MAKERSL,Makers Laboratories Limited,INE987A01010,Unknown,Unknown,EQ,2026-08-17,Unknown,0.0,0.0,0.0,0.0
9029,MAKERSL-RE,Makers Laboratories Ltd.,INE987A20010,Unknown,Unknown,EQ,,Unknown,0.0,0.0,0.0,0.0
3617,MALABARB,"Malabar Building Products Ltd.,",INE093E01019,Unknown,Unknown,EQ,,Unknown,0.0,0.0,0.0,0.0
3222,MALTC,Malabar Trading Co. Ltd.,INE438D01018,Unknown,Unknown,EQ,,Unknown,0.0,0.0,0.0,0.0
1372,MALLCOM,Mallcom (India) Limited,INE389C01015,Unknown,Unknown,EQ,2022-02-02,Unknown,0.0,0.0,0.0,0.0
8537,MALPANI,MALPANI PIPES AND FITTINGS LIMITED,INE0YON01014,Unknown,Unknown,EQ,,Unknown,0.0,0.0,0.0,0.0
7608,MALTLAND,MALT LAND DISTILLERIES LIMITED,INE994N01019,Unknown,Unknown,EQ,,Unknown,0.0,0.0,0.0,0.0
1373,MALUPAPER,Malu Paper Mills Limited,INE383H01017,Unknown,Unknown,EQ,2006-04-05,Unknown,0.0,0.0,0.0,0.0
6598,MALVICAE,Malvica Engineering Ltd.,INE008D01019,Unknown,Unknown,EQ,,Unknown,0.0,0.0,0.0,0.0
5267,MALVI,Malvika Steel Ltd.,INE190A01011,Unknown,Unknown,EQ,,Unknown,0.0,0.0,0.0,0.0
3277,MALWACOTT,Malwa Cotton Spg. Mills Ltd.,INE272B01015,Unknown,Unknown,EQ,,Unknown,0.0,0.0,0.0,0.0
1374,MAMATA,Mamata Machinery Limited,INE0TO701015,Unknown,Unknown,EQ,2024-12-27,Unknown,0.0,0.0,0.0,0.0
1385,MANINDS,Man Industries (India) Limited,INE993A01026,Unknown,Unknown,EQ,2005-06-24,Unknown,0.0,0.0,0.0,0.0
1386,MANINFRA,Man Infraconstruction Limited,INE949H01023,Unknown,Unknown,EQ,2010-03-11,Unknown,0.0,0.0,0.0,0.0
1375,MANAKALUCO,Manaksia Aluminium Company Limited,INE859Q01017,Unknown,Unknown,EQ,2015-03-30,Unknown,0.0,0.0,0.0,0.0
1376,MANAKCOAT,Manaksia Coated Metals & Industries Limited,INE830Q01018,Unknown,Unknown,EQ,2015-03-30,Unknown,0.0,0.0,0.0,0.0
1377,MANAKSIA,Manaksia Limited,INE015D01022,Unknown,Unknown,EQ,2008-01-08,Unknown,0.0,0.0,0.0,0.0
1378,MANAKSTEEL,Manaksia Steels Limited,INE824Q01011,Unknown,Unknown,EQ,2015-03-30,Unknown,0.0,0.0,0.0,0.0
1379,MANALIPETC,Manali Petrochemicals Limited,INE201A01024,Unknown,Unknown,EQ,2006-12-06,Unknown,0.0,0.0,0.0,0.0
1380,MANAPPURAM,Manappuram Finance Limited,INE522D01027,Unknown,Unknown,EQ,2014-12-01,Unknown,0.0,0.0,0.0,0.0
7796,MANAS,Manas Properties Limited,INE800W01019,Unknown,Unknown,EQ,,Unknown,0.0,0.0,0.0,0.0
1381,MANBA,Manba Finance Limited,INE939X01013,Unknown,Unknown,EQ,2024-09-30,Unknown,0.0,0.0,0.0,0.0
8511,MANGALCOMP,Mangal Compusolution Limited,INE0RU901015,Unknown,Unknown,EQ,,Unknown,0.0,0.0,0.0,0.0
1382,MANCREDIT,Mangal Credit and Fincorp Limited,INE545L01039,Unknown,Unknown,EQ,2024-08-16,Unknown,0.0,0.0,0.0,0.0
1432,MEIL,Mangal Electrical Industries Limited,INE0PKD01011,Unknown,Unknown,EQ,2025-08-28,Unknown,0.0,0.0,0.0,0.0
1384,MANGLMCEM,Mangalam Cement Limited,INE347A01017,Unknown,Unknown,EQ,1996-01-03,Unknown,0.0,0.0,0.0,0.0
1383,MANGALAM,Mangalam Drugs And Organics Limited,INE584F01014,Unknown,Unknown,EQ,2005-05-23,Unknown,0.0,0.0,0.0,0.0
1443,MGEL,Mangalam Global Enterprise Limited,INE0APB01032,Unknown,Unknown,BE,2020-12-23,Unknown,0.0,0.0,0.0,0.0
9152,MANGIND-RE,Mangalam Industrial Finance Limited,INE717C20017,Unknown,Unknown,EQ,,Unknown,0.0,0.0,0.0,0.0
7188,MANGIND,Mangalam Industrial Finance Limited,INE717C01025,Unknown,Unknown,EQ,,Unknown,0.0,0.0,0.0,0.0
9371,MANGIN-RE,Mangalam Industrial Finance Limited,INE717C20025,Unknown,Unknown,EQ,,Unknown,0.0,0.0,0.0,0.0
1391,MANORG,Mangalam Organics Limited,INE370D01013,Unknown,Unknown,EQ,2021-11-02,Unknown,0.0,0.0,0.0,0.0
1493,MSL,Mangalam Seeds Limited,INE829S01016,Unknown,Unknown,EQ,2026-08-17,Unknown,0.0,0.0,0.0,0.0
4248,MANGTIMBER,Mangalam Timber Products Ltd.,INE805B01012,Unknown,Unknown,EQ,,Unknown,0.0,0.0,0.0,0.0
4230,MANGALVEN,Mangalam Ventures Limited,INE198E01016,Unknown,Unknown,EQ,,Unknown,0.0,0.0,0.0,0.0
1514,MWL,Mangalam Worldwide Limited,INE0JYY01029,Unknown,Unknown,EQ,2025-09-18,Unknown,0.0,0.0,0.0,0.0
5080,MANGCHEFER,Mangalore Chemicals & Fertilisers L,INE558B01017,Unknown,Unknown,EQ,,Unknown,0.0,0.0,0.0,0.0
1492,MRPL,Mangalore Refinery and Petrochemicals Limited,INE103A01014,Unknown,Unknown,EQ,2005-01-07,Unknown,0.0,0.0,0.0,0.0
3286,MANGLAM,Manglam Global Corporations Limited,INE733N01011,Unknown,Unknown,EQ,,Unknown,0.0,0.0,0.0,0.0
3625,MNPLFIN,Manipal Finance Corporation Ltd.,INE798E01013,Unknown,Unknown,EQ,,Unknown,0.0,0.0,0.0,0.0
1387,MANIPALHOS,Manipal Health Enterprises Limited,INE459N01021,Unknown,Unknown,EQ,2026-08-05,Unknown,0.0,0.0,0.0,0.0
6973,MANJEERA,Manjeera Constructions Limited,INE320D01018,Unknown,Unknown,EQ,,Unknown,0.0,0.0,0.0,0.0
6930,MANJUSHREE,Manjushree Technopack Ltd,INE435H01015,Unknown,Unknown,EQ,,Unknown,0.0,0.0,0.0,0.0
1388,MANKIND,Mankind Pharma Limited,INE634S01028,Unknown,Unknown,EQ,2023-05-09,Unknown,0.0,0.0,0.0,0.0
6449,MANNA,Manna Glass-Tech Industries Ltd.,INE552C01018,Unknown,Unknown,EQ,,Unknown,0.0,0.0,0.0,0.0
8425,MCPL,Manoj Ceramic Limited,INE0A6N01026,Unknown,Unknown,EQ,,Unknown,0.0,0.0,0.0,0.0
8565,MANOJJEWEL,Manoj Jewellers Limited,INE0MV001018,Unknown,Unknown,EQ,,Unknown,0.0,0.0,0.0,0.0
9455,MANOJ-RE,Manoj Jewellers Limited,INE0MV020018,Unknown,Unknown,EQ,,Unknown,0.0,0.0,0.0,0.0
1513,MVGJL,Manoj Vaibhav Gems N Jewellers Limited,INE0KNT01012,Unknown,Unknown,EQ,2023-10-03,Unknown,0.0,0.0,0.0,0.0
1389,MANOMAY,Manomay Tex India Limited,INE784W01015,Unknown,Unknown,EQ,2023-01-18,Unknown,0.0,0.0,0.0,0.0
1390,MANORAMA,Manorama Industries Limited,INE00VM01036,Unknown,Unknown,EQ,2022-07-01,Unknown,0.0,0.0,0.0,0.0
7498,MANPASAND,Manpasand Beverages Limited,INE122R01018,Unknown,Unknown,EQ,,Unknown,0.0,0.0,0.0,0.0
5236,MANRAJH,Manraj Housing Finance Ltd.,INE948I01015,Unknown,Unknown,EQ,,Unknown,0.0,0.0,0.0,0.0
3883,MANSIFIN,Mansi Finance (Chennai) Ltd,INE094E01017,Unknown,Unknown,EQ,,Unknown,0.0,0.0,0.0,0.0
3962,ZMANSOON,Mansoon Trading Co. Ltd.,INE776V01013,Unknown,Unknown,EQ,,Unknown,0.0,0.0,0.0,0.0
9606,SAVFIPP,Mantra Capital Limited,IN9304E01018,Unknown,Unknown,EQ,,Unknown,0.0,0.0,0.0,0.0
3833,MANTRA,Mantra Capital Limited,INE304E01010,Unknown,Unknown,EQ,,Unknown,0.0,0.0,0.0,0.0
9178,MANTRA-RE,Mantra Capital Limited,INE304E20010,Unknown,Unknown,EQ,,Unknown,0.0,0.0,0.0,0.0
1392,MANUGRAPH,Manugraph India Limited,INE867A01022,Unknown,Unknown,BE,2006-09-14,Unknown,0.0,0.0,0.0,0.0
5461,MAPLLEINF,Maplle Infraprojects Ltd.,INE809D01010,Unknown,Unknown,EQ,,Unknown,0.0,0.0,0.0,0.0
3724,MAPROIN,Mapro Industries Ltd,INE848M01019,Unknown,Unknown,EQ,,Unknown,0.0,0.0,0.0,0.0
1395,MARALOVER,Maral Overseas Limited,INE882A01013,Unknown,Unknown,EQ,1995-02-08,Unknown,0.0,0.0,0.0,0.0
1396,MARATHON,Marathon Nextgen Realty Limited,INE182D01020,Unknown,Unknown,EQ,2016-09-29,Unknown,0.0,0.0,0.0,0.0
5506,MARBLE,MARBLE CITY INDIA LIMITED,INE807H01023,Unknown,Unknown,EQ,,Unknown,0.0,0.0,0.0,0.0
8582,MARCLOIRE,MARC LOIRE FASHIONS LIMITED,INE0TBQ01014,Unknown,Unknown,EQ,,Unknown,0.0,0.0,0.0,0.0
3094,MARDIACH,"Mardia Chemicals Ltd.,",INE273B01013,Unknown,Unknown,EQ,,Unknown,0.0,0.0,0.0,0.0
5107,MAREXDM,Mardia Extrusions Ltd.,INE276E01010,Unknown,Unknown,EQ,,Unknown,0.0,0.0,0.0,0.0
4110,MSCTC,Mardia Samyoung Capillary Tubes Co.,INE277E01026,Unknown,Unknown,EQ,,Unknown,0.0,0.0,0.0,0.0
4138,MARDIAST,Mardia Steel Ltd.,INE439D01016,Unknown,Unknown,EQ,,Unknown,0.0,0.0,0.0,0.0
5237,MARG,Marg Ltd,INE941E01019,Unknown,Unknown,EQ,,Unknown,0.0,0.0,0.0,0.0
4130,MARGPROIN,Marg Projects and Infrastructure Limited,INE942E01017,Unknown,Unknown,EQ,,Unknown,0.0,0.0,0.0,0.0
7763,MTPL,MARG TECHNO PROJECTS LIMITED,INE245H01018,Unknown,Unknown,EQ,,Unknown,0.0,0.0,0.0,0.0
9447,MTPL-RE,MARG TECHNO PROJECTS LIMITED,INE245H20018,Unknown,Unknown,EQ,,Unknown,0.0,0.0,0.0,0.0
3069,MARGOFIN,Margo Finance Limited,INE680B01019,Unknown,Unknown,EQ,,Unknown,0.0,0.0,0.0,0.0
7246,MARICOKAYEL,Marico Kaya Enterprises Limited,INE432P01015,Unknown,Unknown,EQ,,Unknown,0.0,0.0,0.0,0.0
1397,MARICO,Marico Limited,INE196A01026,Unknown,Unknown,EQ,1996-05-01,Unknown,0.0,0.0,0.0,0.0
8928,MARICOCRP,Marico Limited,INE196A04012,Unknown,Unknown,EQ,,Unknown,0.0,0.0,0.0,0.0
1398,MARINE,Marine Electricals (India) Limited,INE01JE01028,Unknown,Unknown,EQ,2020-12-02,Unknown,0.0,0.0,0.0,0.0
6268,MARIS,Maris Spinners Ltd.,INE866D01010,Unknown,Unknown,EQ,,Unknown,0.0,0.0,0.0,0.0
5051,MKTCREAT,Market Creators Ltd.,INE944C01017,Unknown,Unknown,EQ,,Unknown,0.0,0.0,0.0,0.0
1399,MARKOLINES,Markolines Pavement Technologies Limited,INE0FW001016,Unknown,Unknown,EQ,2025-10-14,Unknown,0.0,0.0,0.0,0.0
9081,MARKO-RE,Markolines Pavement Technologies Limited,INE0FW020016,Unknown,Unknown,EQ,,Unknown,0.0,0.0,0.0,0.0
1400,MARKSANS,Marksans Pharma Limited,INE750C01026,Unknown,Unknown,EQ,2002-01-21,Unknown,0.0,0.0,0.0,0.0
8945,MARKSANPS,Marksans Pharma Ltd.,INE750C04012,Unknown,Unknown,EQ,,Unknown,0.0,0.0,0.0,0.0
4075,MRMGAST,Marmagoa Steels Ltd.,INE698E01023,Unknown,Unknown,EQ,,Unknown,0.0,0.0,0.0,0.0
1401,MARSONS,Marsons Limited,INE415B01044,Unknown,Unknown,EQ,2026-03-13,Unknown,0.0,0.0,0.0,0.0
4657,MARBU,Martin Burn Ltd,INE199D01016,Unknown,Unknown,EQ,,Unknown,0.0,0.0,0.0,0.0
5526,MGIL,MARUTI GLOBAL INDUSTRIES LIMITED,INE368C01019,Unknown,Unknown,EQ,,Unknown,0.0,0.0,0.0,0.0
6296,MAINFRA,Maruti Infrastructure Ltd.,INE392G01028,Unknown,Unknown,EQ,,Unknown,0.0,0.0,0.0,0.0
8269,SPITZE,Maruti Interior Products Limited,INE0JSJ01014,Unknown,Unknown,EQ,,Unknown,0.0,0.0,0.0,0.0
9423,SPITZE-RE,Maruti Interior Products Limited,INE0JSJ20014,Unknown,Unknown,EQ,,Unknown,0.0,0.0,0.0,0.0
1402,MARUTI,Maruti Suzuki India Limited,INE585B01010,Unknown,Unknown,EQ,2003-07-09,Unknown,0.0,0.0,0.0,0.0
5228,MARVEL,Marvel Capital & Finance (India) Lt,INE571D01016,Unknown,Unknown,EQ,,Unknown,0.0,0.0,0.0,0.0
6609,MARIN,Marvel Industries Ltd.,INE440D01014,Unknown,Unknown,EQ,,Unknown,0.0,0.0,0.0,0.0
6210,MARVINY,Marvel Vinyls Ltd,INE345L01018,Unknown,Unknown,EQ,,Unknown,0.0,0.0,0.0,0.0
1403,MASFIN,MAS Financial Services Limited,INE348L01012,Unknown,Unknown,EQ,2017-10-18,Unknown,0.0,0.0,0.0,0.0
5424,MASCONGLO,Mascon Global Ltd,INE896A01013,Unknown,Unknown,EQ,,Unknown,0.0,0.0,0.0,0.0
1404,MASKINVEST,Mask Investments Limited,INE885F01015,Unknown,Unknown,EQ,2016-10-14,Unknown,0.0,0.0,0.0,0.0
1405,MASTEK,Mastek Limited,INE759A01021,Unknown,Unknown,EQ,1995-05-10,Unknown,0.0,0.0,0.0,0.0
3535,MASCH,Master Chemicals Ltd.,INE523D01017,Unknown,Unknown,EQ,,Unknown,0.0,0.0,0.0,0.0
1406,MASTERTR,Master Trust Limited,INE677D01037,Unknown,Unknown,EQ,2024-11-12,Unknown,0.0,0.0,0.0,0.0
3169,MSTGN,Mastergain - 92  open ended not.45507/2000-30/3/00,INF189A01053,Unknown,Unknown,EQ,,Unknown,0.0,0.0,0.0,0.0
3008,UTIMRDM,Mastergrowth - 93 (Scheme Of UTI),INF189A01046,Unknown,Unknown,EQ,,Unknown,0.0,0.0,0.0,0.0
3035,MSTRP,Masterplus - 91 (Scheme of UTI)-OE.not.45507/00,INF189A01061,Unknown,Unknown,EQ,,Unknown,0.0,0.0,0.0,0.0
3199,MSTRSDM,Mastershares - 86,INF189A01038,Unknown,Unknown,EQ,,Unknown,0.0,0.0,0.0,0.0
6774,MPPLQ,Mather & Platt Pumps Ltd.,INE096E01012,Unknown,Unknown,EQ,,Unknown,0.0,0.0,0.0,0.0
3861,MATHEWE,Mathew Easow Research Securities Lt,INE963B01019,Unknown,Unknown,EQ,,Unknown,0.0,0.0,0.0,0.0
4995,MKEL,Matra Kaushal Enterprise Limited,INE265N01030,Unknown,Unknown,EQ,,Unknown,0.0,0.0,0.0,0.0
3927,MATRAREAL,Matra Realty Ltd,INE190E01021,Unknown,Unknown,EQ,,Unknown,0.0,0.0,0.0,0.0
1407,MATRIMONY,Matrimony.Com Limited,INE866R01028,Unknown,Unknown,EQ,2017-09-21,Unknown,0.0,0.0,0.0,0.0
4846,MATRIXLAB,Matrix Laboratories Ltd.,INE604D01023,Unknown,Unknown,EQ,,Unknown,0.0,0.0,0.0,0.0
7502,MUL,MAURIA UDYOG LIMITED,INE150D01027,Unknown,Unknown,EQ,,Unknown,0.0,0.0,0.0,0.0
8871,MAVENSBIO,MAVENS BIOTECH LTD.,INE856C01047,Unknown,Unknown,EQ,,Unknown,0.0,0.0,0.0,0.0
1408,MAWANASUG,Mawana Sugars Limited,INE636A01039,Unknown,Unknown,EQ,2009-03-20,Unknown,0.0,0.0,0.0,0.0
9520,SIELPP,Mawana Sugars Ltd,IN9636A01029,Unknown,Unknown,EQ,,Unknown,0.0,0.0,0.0,0.0
9517,MAWANPP,Mawana Sugars Ltd.,IN9255G01017,Unknown,Unknown,EQ,,Unknown,0.0,0.0,0.0,0.0
6788,MAWANA,Mawana Sugars Ltd.,INE255G01019,Unknown,Unknown,EQ,,Unknown,0.0,0.0,0.0,0.0
7068,MASL,MAX ALERT SYSTEMS LIMITED,INE253N01010,Unknown,Unknown,EQ,,Unknown,0.0,0.0,0.0,0.0
1409,MAXESTATES,Max Estates Limited,INE03EI01018,Unknown,Unknown,EQ,2023-10-30,Unknown,0.0,0.0,0.0,0.0
1442,MFSL,Max Financial Services Limited,INE180A01020,Unknown,Unknown,EQ,2000-05-17,Unknown,0.0,0.0,0.0,0.0
1410,MAXHEALTH,Max Healthcare Institute Limited,INE027H01010,Unknown,Unknown,EQ,2020-08-21,Unknown,0.0,0.0,0.0,0.0
7065,MAXHEIGHTS,Max heights Infrastucture Ltd,INE393F01010,Unknown,Unknown,EQ,,Unknown,0.0,0.0,0.0,0.0
1411,MAXIND,Max India Limited,INE0CG601016,Unknown,Unknown,EQ,2020-08-28,Unknown,0.0,0.0,0.0,0.0
7695,MAXINDIA-,Max India Ltd.,INE153U01017,Unknown,Unknown,EQ,,Unknown,0.0,0.0,0.0,0.0
7686,MAXVIL,Max Ventures and Industries Limited,INE154U01015,Unknown,Unknown,EQ,,Unknown,0.0,0.0,0.0,0.0
4508,MAXGROW,MAXGROW INDIA LIMITED,INE485D01043,Unknown,Unknown,EQ,,Unknown,0.0,0.0,0.0,0.0
4966,MAXIMAA,Maximaa Systems ltd.,INE161B01036,Unknown,Unknown,EQ,,Unknown,0.0,0.0,0.0,0.0
7795,MAXIMUS,Maximus International Limited,INE544W01021,Unknown,Unknown,EQ,,Unknown,0.0,0.0,0.0,0.0
8438,MCFL,Mayank Cattle Food Limited,INE0R5Z01015,Unknown,Unknown,EQ,,Unknown,0.0,0.0,0.0,0.0
5004,MAYHO,Mayank Hotels Ltd.,INE571C01018,Unknown,Unknown,EQ,,Unknown,0.0,0.0,0.0,0.0
4867,MAYOH,Mayo Hospitals Ltd,INE263C01012,Unknown,Unknown,EQ,,Unknown,0.0,0.0,0.0,0.0
5472,MAYURFL,Mayur Floorings Ltd.,INE262W01012,Unknown,Unknown,EQ,,Unknown,0.0,0.0,0.0,0.0
6380,MAYUR,Mayur Leather Products Ltd.,INE799E01011,Unknown,Unknown,EQ,,Unknown,0.0,0.0,0.0,0.0
1412,MAYURUNIQ,Mayur Uniquoters Ltd,INE040D01038,Unknown,Unknown,EQ,2012-09-25,Unknown,0.0,0.0,0.0,0.0
1414,MAZDOCK,Mazagon Dock Shipbuilders Limited,INE249Z01020,Unknown,Unknown,EQ,2020-10-12,Unknown,0.0,0.0,0.0,0.0
1413,MAZDA,Mazda Limited,INE885E01042,Unknown,Unknown,BE,2016-11-01,Unknown,0.0,0.0,0.0,0.0
4604,MAZDAPR,Mazda Properties Ltd.,INE245R01017,Unknown,Unknown,EQ,,Unknown,0.0,0.0,0.0,0.0
1418,MBLINFRA,MBL Infrastructure Limited,INE912H01013,Unknown,Unknown,EQ,2010-01-11,Unknown,0.0,0.0,0.0,0.0
3096,MCDWLDM,"Mcdowell & Co. Ltd.,",INE887A01012,Unknown,Unknown,EQ,,Unknown,0.0,0.0,0.0,0.0
6893,MCDHOLDING,McDowell Holdings Limited,INE836H01014,Unknown,Unknown,EQ,,Unknown,0.0,0.0,0.0,0.0
1421,MCLEODRUSS,Mcleod Russel India Limited,INE942G01012,Unknown,Unknown,EQ,2005-07-29,Unknown,0.0,0.0,0.0,0.0
1416,MBECL,Mcnally Bharat Engineering Company Limited,INE748A01024,Unknown,Unknown,BE,2006-10-06,Unknown,0.0,0.0,0.0,0.0
4608,MCSLTD,MCS Ltd,INE737A01019,Unknown,Unknown,EQ,,Unknown,0.0,0.0,0.0,0.0
1425,MEDIASSIST,Medi Assist Healthcare Services Limited,INE456Z01021,Unknown,Unknown,EQ,2024-01-23,Unknown,0.0,0.0,0.0,0.0
1427,MEDICAPQ,Medi Caps Limited,INE442D01010,Unknown,Unknown,EQ,2026-08-17,Unknown,0.0,0.0,0.0,0.0
1464,MMWL,Media Matrix Worldwide Limited,INE200D01020,Unknown,Unknown,EQ,2026-04-20,Unknown,0.0,0.0,0.0,0.0
3299,MEDIAONE,Mediaone Global Entertainment Limited,INE828I01019,Unknown,Unknown,EQ,,Unknown,0.0,0.0,0.0,0.0
1426,MEDICAMEQ,Medicamen Biotech Limited,INE646B01010,Unknown,Unknown,EQ,2021-10-27,Unknown,0.0,0.0,0.0,0.0
7684,MIL,Medico Intercontinental Limited,INE858Q01019,Unknown,Unknown,EQ,,Unknown,0.0,0.0,0.0,0.0
1428,MEDICO,Medico Remedies Limited,INE630Y01024,Unknown,Unknown,EQ,2022-05-26,Unknown,0.0,0.0,0.0,0.0
6627,MEDTEDM,Medicorp Technologies India Ltd.,INE904A01015,Unknown,Unknown,EQ,,Unknown,0.0,0.0,0.0,0.0
4908,MEDINOV,Medinova Diagnostic Services Ltd.,INE047C01019,Unknown,Unknown,EQ,,Unknown,0.0,0.0,0.0,0.0
1429,MEDPLUS,Medplus Health Services Limited,INE804L01022,Unknown,Unknown,EQ,2021-12-23,Unknown,0.0,0.0,0.0,0.0
8808,MEEIND,MEENAKSHI INDIA LIMITED,INE208H01016,Unknown,Unknown,EQ,,Unknown,0.0,0.0,0.0,0.0
4012,MEENST,Meenakshi Steel Industries Ltd.,INE721V01019,Unknown,Unknown,EQ,,Unknown,0.0,0.0,0.0,0.0
7817,MEERA,Meera Industries Limited,INE343X01026,Unknown,Unknown,EQ,,Unknown,0.0,0.0,0.0,0.0
1430,MEESHO,Meesho Limited,INE0VDM01015,Unknown,Unknown,EQ,2025-12-10,Unknown,0.0,0.0,0.0,0.0
3782,MEFCOM,Mefcom Agro Industries Ltd,INE188C01011,Unknown,Unknown,EQ,,Unknown,0.0,0.0,0.0,0.0
5448,MEFCOMCAP,Mefcom Capital Markets Ltd.,INE186C01023,Unknown,Unknown,EQ,,Unknown,0.0,0.0,0.0,0.0
6227,MEGACOR,Mega Corporation Ltd,INE804B01023,Unknown,Unknown,EQ,,Unknown,0.0,0.0,0.0,0.0
9264,MEGACO-RE,Mega Corporation Ltd,INE804B20015,Unknown,Unknown,EQ,,Unknown,0.0,0.0,0.0,0.0
6625,MEGFI,Mega Fin (India) Ltd.,INE524D01015,Unknown,Unknown,EQ,,Unknown,0.0,0.0,0.0,0.0
7650,MNIL,Mega Nirman & Industries Limited,INE216Q01010,Unknown,Unknown,EQ,,Unknown,0.0,0.0,0.0,0.0
4713,MEGAMONT,MEGAMONT LIMITED,INE317D01014,Unknown,Unknown,EQ,,Unknown,0.0,0.0,0.0,0.0
1431,MEGASTAR,Megastar Foods Limited,INE00EM01016,Unknown,Unknown,EQ,2022-02-16,Unknown,0.0,0.0,0.0,0.0
1475,MOL,Meghmani Organics Limited,INE0CT101020,Unknown,Unknown,EQ,2021-08-18,Unknown,0.0,0.0,0.0,0.0
6902,MEGH,Meghmani Organics Ltd.,INE974H01013,Unknown,Unknown,EQ,,Unknown,0.0,0.0,0.0,0.0
1450,MIIL,Meghna Infracon Infrastructure Limited,INE898Q01015,Unknown,Unknown,EQ,2026-08-17,Unknown,0.0,0.0,0.0,0.0
9053,MIIL-RE,Meghna Infracon Infrastructure Limited,INE898Q20015,Unknown,Unknown,EQ,,Unknown,0.0,0.0,0.0,0.0
3792,MEGLON,Meglon Infra-Real (India) Ltd.,INE218B01018,Unknown,Unknown,EQ,,Unknown,0.0,0.0,0.0,0.0
7418,MEGRISOFT,Megri Soft Limited,INE756R01013,Unknown,Unknown,EQ,,Unknown,0.0,0.0,0.0,0.0
7883,MEHAI,Mehai Technology  Limited,INE062Y01020,Unknown,Unknown,EQ,,Unknown,0.0,0.0,0.0,0.0
9360,MEHAI-RE,Mehai Technology  Limited,INE062Y20012,Unknown,Unknown,EQ,,Unknown,0.0,0.0,0.0,0.0
3796,MEHIF,Mehta Integrated Finance Ltd.,INE240B01012,Unknown,Unknown,EQ,,Unknown,0.0,0.0,0.0,0.0
3878,MEHSECU,Mehta Securities Ltd.,INE241B01010,Unknown,Unknown,EQ,,Unknown,0.0,0.0,0.0,0.0
8599,MEHUL,MEHUL COLOURS LIMITED,INE1KH601014,Unknown,Unknown,EQ,,Unknown,0.0,0.0,0.0,0.0
8756,MTL,MEHUL TELECOM LIMITED,INE1K0V01011,Unknown,Unknown,EQ,,Unknown,0.0,0.0,0.0,0.0
6698,MELSTAR,Melstar Information Technologies Ltd.,INE817A01019,Unknown,Unknown,EQ,,Unknown,0.0,0.0,0.0,0.0
5420,MENAMANI,MENA MANI INDUSTRIES LIMITED,INE148B01033,Unknown,Unknown,EQ,,Unknown,0.0,0.0,0.0,0.0
1434,MENONBE,Menon Bearings Limited,INE071D01033,Unknown,Unknown,BE,2015-03-09,Unknown,0.0,0.0,0.0,0.0
1433,MENNPIS,Menon Pistons Limited,INE650G01029,Unknown,Unknown,EQ,2026-04-20,Unknown,0.0,0.0,0.0,0.0
1435,MEP,MEP Infrastructure Developers Limited,INE776I01010,Unknown,Unknown,BZ,2015-05-06,Unknown,0.0,0.0,0.0,0.0
1436,MERCANTILE,Mercantile Ventures Limited,INE689O01013,Unknown,Unknown,EQ,2026-04-20,Unknown,0.0,0.0,0.0,0.0
4900,MERCATOR,Mercator Limited,INE934B01028,Unknown,Unknown,EQ,,Unknown,0.0,0.0,0.0,0.0
8941,MERCATORCRP,Mercator Limited,INE934B04014,Unknown,Unknown,EQ,,Unknown,0.0,0.0,0.0,0.0
1437,MERCURYEV,Mercury Ev-Tech Limited,INE763M01028,Unknown,Unknown,EQ,2026-06-02,Unknown,0.0,0.0,0.0,0.0
9048,MERCURY-RE,MERCURY EV-TECH LIMITED,INE763M20010,Unknown,Unknown,EQ,,Unknown,0.0,0.0,0.0,0.0
6411,MERCFUND,Mercury Fund Management Co. Ltd.,INE047D01017,Unknown,Unknown,EQ,,Unknown,0.0,0.0,0.0,0.0
7402,MERCURYLAB,Mercury Laboratories Limited,INE947G01011,Unknown,Unknown,EQ,,Unknown,0.0,0.0,0.0,0.0
3988,MERCTRD,Mercury Trade Links Ltd.,INE319T01016,Unknown,Unknown,EQ,,Unknown,0.0,0.0,0.0,0.0
9241,MERTRA-RE,Mercury Trade Links Ltd.,INE319T20024,Unknown,Unknown,EQ,,Unknown,0.0,0.0,0.0,0.0
9159,MERCTRD-RE,Mercury Trade Links Ltd.,INE319T20016,Unknown,Unknown,EQ,,Unknown,0.0,0.0,0.0,0.0
3539,MERIN,"Merind Ltd.,",INE215A01016,Unknown,Unknown,EQ,,Unknown,0.0,0.0,0.0,0.0
8771,MRTX,Merritronix Limited,INE1RQS01010,Unknown,Unknown,EQ,,Unknown,0.0,0.0,0.0,0.0
3097,MESPHAR-B,Mesco Pharmaceuticals Ltd.,INE839X01015,Unknown,Unknown,EQ,,Unknown,0.0,0.0,0.0,0.0
8585,METAINFO,META INFOTECH LIMITED,INE162901016,Unknown,Unknown,EQ,,Unknown,0.0,0.0,0.0,0.0
6452,METALCO,Metal Coatings (India) Ltd.,INE161E01014,Unknown,Unknown,EQ,,Unknown,0.0,0.0,0.0,0.0
4047,METAI,Metalman Industries Ltd,INE689B01010,Unknown,Unknown,EQ,,Unknown,0.0,0.0,0.0,0.0
4071,METALFORGE,Metalyst Forgings Limited,INE425A01011,Unknown,Unknown,EQ,,Unknown,0.0,0.0,0.0,0.0
8685,METHODHUB,Methodhub Software Limited,INE0QZR01017,Unknown,Unknown,EQ,,Unknown,0.0,0.0,0.0,0.0
6949,METKORE,Metkore Alloys & Industries Ltd,INE592I01029,Unknown,Unknown,EQ,,Unknown,0.0,0.0,0.0,0.0
1438,METROBRAND,Metro Brands Limited,INE317I01021,Unknown,Unknown,EQ,2021-12-22,Unknown,0.0,0.0,0.0,0.0
4820,METROCHE,Metrochem Industries Ltd.,INE732B01018,Unknown,Unknown,EQ,,Unknown,0.0,0.0,0.0,0.0
1439,METROGLOBL,Metroglobal Limited,INE085D01033,Unknown,Unknown,EQ,2026-04-20,Unknown,0.0,0.0,0.0,0.0
1440,METROPOLIS,Metropolis Healthcare Limited,INE112L01020,Unknown,Unknown,EQ,2019-04-15,Unknown,0.0,0.0,0.0,0.0
3948,MEUSEKARA,Meuse Kara & Sungrace Mafatlal Limited,INE756D01013,Unknown,Unknown,EQ,,Unknown,0.0,0.0,0.0,0.0
7732,MHEL,Mewar Hi-Tech Engineering Limited,INE957U01011,Unknown,Unknown,EQ,,Unknown,0.0,0.0,0.0,0.0
5480,MEWARPOL,Mewar Polytex Ltd.,INE404E01018,Unknown,Unknown,EQ,,Unknown,0.0,0.0,0.0,0.0
6338,MAL,Meyer Apparel Limited,INE100C01024,Unknown,Unknown,EQ,,Unknown,0.0,0.0,0.0,0.0
6332,MFLHF,MFL Housing Finance Ltd.,INE574C01012,Unknown,Unknown,EQ,,Unknown,0.0,0.0,0.0,0.0
4986,MFLINDIA,MFL India Ltd,INE244C01020,Unknown,Unknown,EQ,,Unknown,0.0,0.0,0.0,0.0
4141,MFSINTRCRP,MFS Intercorp Limited,INE614F01019,Unknown,Unknown,EQ,,Unknown,0.0,0.0,0.0,0.0
4174,MHMLIND,MH Mills & Industries Ltd,INE698F01020,Unknown,Unknown,EQ,,Unknown,0.0,0.0,0.0,0.0
1447,MICEL,MIC Electronics Limited,INE287C01037,Unknown,Unknown,BE,2021-12-17,Unknown,0.0,0.0,0.0,0.0
4579,MICROMT,Micro Forge (India) Ltd.,INE550E01018,Unknown,Unknown,EQ,,Unknown,0.0,0.0,0.0,0.0
4712,MICROINK,Micro Inks Ltd.,INE056A01014,Unknown,Unknown,EQ,,Unknown,0.0,0.0,0.0,0.0
6783,MICROTECH,Micro Technologies (India) Ltd.,INE358B01012,Unknown,Unknown,EQ,,Unknown,0.0,0.0,0.0,0.0
4628,MICROSE,Microse India Limited,INE809F01015,Unknown,Unknown,EQ,,Unknown,0.0,0.0,0.0,0.0
4904,MIDEASTP,Mid East Portfolio Management Ltd.,INE033E01015,Unknown,Unknown,EQ,,Unknown,0.0,0.0,0.0,0.0
3099,MIDINDIA,Mid India Industries Limited,INE401C01018,Unknown,Unknown,EQ,,Unknown,0.0,0.0,0.0,0.0
5456,MIDINFRA,Midas Infra Trade Limited,INE290M01022,Unknown,Unknown,EQ,,Unknown,0.0,0.0,0.0,0.0
5156,MIDAS,Midas Pharmasec Ltd.,INE113D01025,Unknown,Unknown,EQ,,Unknown,0.0,0.0,0.0,0.0
3100,MIDESTI-B,Mideast (India) Ltd.,INE844X01015,Unknown,Unknown,EQ,,Unknown,0.0,0.0,0.0,0.0
7890,MESCON,MIDEAST INTEGRATED STEELS LIMITED,INE170N01016,Unknown,Unknown,EQ,,Unknown,0.0,0.0,0.0,0.0
7008,MIDFIELD,Midfield Industries Limited,INE091K01010,Unknown,Unknown,EQ,,Unknown,0.0,0.0,0.0,0.0
4678,MIDLANDP,Midland Plastics Ltd,INE423F01015,Unknown,Unknown,EQ,,Unknown,0.0,0.0,0.0,0.0
6326,MIDPOLY,Midland Polymers Ltd.,INE046M01036,Unknown,Unknown,EQ,,Unknown,0.0,0.0,0.0,0.0
7026,MIDVAL,MidValley Entertainment Limited,INE422B01016,Unknown,Unknown,EQ,,Unknown,0.0,0.0,0.0,0.0
4973,REMAGNET,MIDWEST ENERGY LIMITED,INE519N01014,Unknown,Unknown,EQ,,Unknown,0.0,0.0,0.0,0.0
1449,MIDWESTLTD,Midwest Limited,INE0XAD01024,Unknown,Unknown,EQ,2025-10-24,Unknown,0.0,0.0,0.0,0.0
4431,MIHIJAM,Mihijam Vanaspati Ltd.,INE521C01013,Unknown,Unknown,EQ,,Unknown,0.0,0.0,0.0,0.0
7378,MIHIKA,Mihika Industries Ltd.,INE779Q01017,Unknown,Unknown,EQ,,Unknown,0.0,0.0,0.0,0.0
7992,MILEFUR,Milestone Furniture Limited,INE424Z01011,Unknown,Unknown,EQ,,Unknown,0.0,0.0,0.0,0.0
5537,MILESTONE,Milestone Global Limited,INE151H01018,Unknown,Unknown,EQ,,Unknown,0.0,0.0,0.0,0.0
3741,ZMILGFIN,MILGREY FINANCE & INVESTMENT LTD,INE679T01013,Unknown,Unknown,EQ,,Unknown,0.0,0.0,0.0,0.0
4406,MLKPIL,Milk Partners India Limited,INE301N01017,Unknown,Unknown,EQ,,Unknown,0.0,0.0,0.0,0.0
1460,MLKFOOD,Milkfood Limited,INE588G01021,Unknown,Unknown,EQ,2026-08-17,Unknown,0.0,0.0,0.0,0.0
1451,MILKYMIST,Milky Mist Dairy Food Limited,INE00IT01020,Unknown,Unknown,EQ,2026-08-18,Unknown,0.0,0.0,0.0,0.0
6538,MILLENCY,Millennium Cybertech Ltd,INE525D01038,Unknown,Unknown,EQ,,Unknown,0.0,0.0,0.0,0.0
3772,MILLENNIUM,Millennium Online Solutions (India) Ltd,INE570N01025,Unknown,Unknown,EQ,,Unknown,0.0,0.0,0.0,0.0
8805,MILLWORKS,MILLWORKS TECHNOLOGIES LIMITED,INE1SRC01010,Unknown,Unknown,EQ,,Unknown,0.0,0.0,0.0,0.0
1452,MINALIND,Minal Industries Limited,INE097E01028,Unknown,Unknown,BE,2026-08-17,Unknown,0.0,0.0,0.0,0.0
6243,MINAXI,Minaxi Textiles Ltd.,INE952C01028,Unknown,Unknown,EQ,,Unknown,0.0,0.0,0.0,0.0
1453,MINDACORP,Minda Corporation Limited,INE842C01021,Unknown,Unknown,EQ,2014-10-16,Unknown,0.0,0.0,0.0,0.0
7527,MINDAFIN,Minda Finance Limited,INE197E01018,Unknown,Unknown,EQ,,Unknown,0.0,0.0,0.0,0.0
1454,MINDTECK,Mindteck (India) Limited,INE110B01017,Unknown,Unknown,EQ,2016-08-02,Unknown,0.0,0.0,0.0,0.0
6880,MINDTREE,MindTree  Limited,INE018I01017,Unknown,Unknown,EQ,,Unknown,0.0,0.0,0.0,0.0
5364,MINDVISCAP,Mindvision Capital Ltd,INE259E01032,Unknown,Unknown,EQ,,Unknown,0.0,0.0,0.0,0.0
4634,MINID,Mini Diamonds (India) Ltd.,INE281E01028,Unknown,Unknown,EQ,,Unknown,0.0,0.0,0.0,0.0
4635,MINISOFT,Mini Soft Ltd.,INE178B01014,Unknown,Unknown,EQ,,Unknown,0.0,0.0,0.0,0.0
6650,MINOLTAF,Minolta Finance Ltd.,INE514C01026,Unknown,Unknown,EQ,,Unknown,0.0,0.0,0.0,0.0
9450,MINOLT-RE,Minolta Finance Ltd.,INE514C20018,Unknown,Unknown,EQ,,Unknown,0.0,0.0,0.0,0.0
4308,MINTAGE,Mintage  Electro Equipments Ltd.,INE726C01018,Unknown,Unknown,EQ,,Unknown,0.0,0.0,0.0,0.0
3457,MPCOSEMB,Mipco Seamless Rings (Gujarat) Ltd.,INE860N01012,Unknown,Unknown,EQ,,Unknown,0.0,0.0,0.0,0.0
8411,ITETF,Mirae Asset Mutual Fund,INF769K01KV5,Unknown,Unknown,EQ,,Unknown,0.0,0.0,0.0,0.0
8445,SMALLCAP,Mirae Asset Mutual Fund,INF769K01LC3,Unknown,Unknown,EQ,,Unknown,0.0,0.0,0.0,0.0
8466,MIDSMALL,Mirae Asset Mutual Fund,INF769K01LJ8,Unknown,Unknown,EQ,,Unknown,0.0,0.0,0.0,0.0
8063,NIFTYETF,Mirae Asset Mutual Fund,INF769K01EG9,Unknown,Unknown,EQ,,Unknown,0.0,0.0,0.0,0.0
8275,MIDCAPETF,Mirae Asset Mutual Fund,INF769K01IC9,Unknown,Unknown,EQ,,Unknown,0.0,0.0,0.0,0.0
8266,MAKEINDIA,Mirae Asset Mutual Fund,INF769K01IB1,Unknown,Unknown,EQ,,Unknown,0.0,0.0,0.0,0.0
8412,ALPHAETF,Mirae Asset Mutual Fund,INF769K01KU7,Unknown,Unknown,EQ,,Unknown,0.0,0.0,0.0,0.0
8481,EVINDIA,Mirae Asset Mutual Fund,INF769K01LQ3,Unknown,Unknown,EQ,,Unknown,0.0,0.0,0.0,0.0
8495,MULTICAP,Mirae Asset Mutual Fund,INF769K01LX9,Unknown,Unknown,EQ,,Unknown,0.0,0.0,0.0,0.0
8407,SENSEXETF,Mirae Asset Mutual Fund,INF769K01KT9,Unknown,Unknown,EQ,,Unknown,0.0,0.0,0.0,0.0
8701,TOP20,Mirae Asset Mutual Fund,INF769K01PZ5,Unknown,Unknown,EQ,,Unknown,0.0,0.0,0.0,0.0
8504,BANKPSU,Mirae Asset Mutual Fund,INF769K01LZ4,Unknown,Unknown,EQ,,Unknown,0.0,0.0,0.0,0.0
8255,MAHKTECH,Mirae Asset Mutual Fund,INF769K01HS7,Unknown,Unknown,EQ,,Unknown,0.0,0.0,0.0,0.0
8778,PHLSRG,Mirae Asset Mutual Fund,INF769K30019,Unknown,Unknown,EQ,,Unknown,0.0,0.0,0.0,0.0
8506,METAL,Mirae Asset Mutual Fund,INF769K01LY7,Unknown,Unknown,EQ,,Unknown,0.0,0.0,0.0,0.0
8779,PHLSRDI,Mirae Asset Mutual Fund,INF769K30027,Unknown,Unknown,EQ,,Unknown,0.0,0.0,0.0,0.0
8780,PHLSRDP,Mirae Asset Mutual Fund,INF769K30035,Unknown,Unknown,EQ,,Unknown,0.0,0.0,0.0,0.0
8781,PHLSDG,Mirae Asset Mutual Fund,INF769K30043,Unknown,Unknown,EQ,,Unknown,0.0,0.0,0.0,0.0
8550,SELECTIPO,Mirae Asset Mutual Fund,INF769K01ON4,Unknown,Unknown,EQ,,Unknown,0.0,0.0,0.0,0.0
8551,EQUAL200,Mirae Asset Mutual Fund,INF769K01OA1,Unknown,Unknown,EQ,,Unknown,0.0,0.0,0.0,0.0
8566,EQUAL50,Mirae Asset Mutual Fund,INF769K01OO2,Unknown,Unknown,EQ,,Unknown,0.0,0.0,0.0,0.0
8702,DIVIDEND,Mirae Asset Mutual Fund,INF769K01PY8,Unknown,Unknown,EQ,,Unknown,0.0,0.0,0.0,0.0
8782,PHLSDDI,Mirae Asset Mutual Fund,INF769K30050,Unknown,Unknown,EQ,,Unknown,0.0,0.0,0.0,0.0
8242,MASPTOP50,Mirae Asset Mutual Fund,INF769K01HP3,Unknown,Unknown,EQ,,Unknown,0.0,0.0,0.0,0.0
8583,INTERNET,Mirae Asset Mutual Fund,INF769K01PB6,Unknown,Unknown,EQ,,Unknown,0.0,0.0,0.0,0.0
8748,VALUE,Mirae Asset Mutual Fund,INF769K01QV2,Unknown,Unknown,EQ,,Unknown,0.0,0.0,0.0,0.0
8783,PHLSDDP,Mirae Asset Mutual Fund,INF769K30068,Unknown,Unknown,EQ,,Unknown,0.0,0.0,0.0,0.0
8736,DEFENCE,Mirae Asset Mutual Fund,INF769K01QC2,Unknown,Unknown,EQ,,Unknown,0.0,0.0,0.0,0.0
8735,INFRA,Mirae Asset Mutual Fund,INF769K01QB4,Unknown,Unknown,EQ,,Unknown,0.0,0.0,0.0,0.0
8232,BFSI,Mirae Asset Mutual Fund,INF769K01HI8,Unknown,Unknown,EQ,,Unknown,0.0,0.0,0.0,0.0
8734,HEALTHCARE,Mirae Asset Mutual Fund,INF769K01QA6,Unknown,Unknown,EQ,,Unknown,0.0,0.0,0.0,0.0
8225,MAFANG,Mirae Asset Mutual Fund,INF769K01HF4,Unknown,Unknown,EQ,,Unknown,0.0,0.0,0.0,0.0
8214,ESG,Mirae Asset Mutual Fund,INF769K01GS9,Unknown,Unknown,EQ,,Unknown,0.0,0.0,0.0,0.0
8520,CONSUMER,Mirae Asset Mutual Fund,INF769K01NS5,Unknown,Unknown,EQ,,Unknown,0.0,0.0,0.0,0.0
8367,LOWVOL,Mirae Asset Mutual Fund,INF769K01JU9,Unknown,Unknown,EQ,,Unknown,0.0,0.0,0.0,0.0
8807,MOMMIDCAP,Mirae Asset Mutual Fund,INF769K01RC0,Unknown,Unknown,EQ,,Unknown,0.0,0.0,0.0,0.0
8667,SMALL250,Mirae Asset Mutual Fund,INF769K01PQ4,Unknown,Unknown,EQ,,Unknown,0.0,0.0,0.0,0.0
8666,ENERGY,Mirae Asset Mutual Fund,INF769K01PR2,Unknown,Unknown,EQ,,Unknown,0.0,0.0,0.0,0.0
8831,LARGEMID50,Mirae Asset Mutual Fund,INF769K01RK3,Unknown,Unknown,EQ,,Unknown,0.0,0.0,0.0,0.0
8160,NEXT50,Mirae Asset Mutual Fund,INF769K01FN2,Unknown,Unknown,EQ,,Unknown,0.0,0.0,0.0,0.0
8390,BANKETF,Mirae Asset Mutual Fund,INF769K01KR3,Unknown,Unknown,EQ,,Unknown,0.0,0.0,0.0,0.0
1455,MIRZAINT,Mirza International Limited,INE771A01026,Unknown,Unknown,EQ,1999-04-28,Unknown,0.0,0.0,0.0,0.0
8415,MISHDESIGN,Mish Designs Limited,INE0QI101019,Unknown,Unknown,EQ,,Unknown,0.0,0.0,0.0,0.0
7503,MISHKA,Mishka Exim Limited,INE540S01019,Unknown,Unknown,EQ,,Unknown,0.0,0.0,0.0,0.0
3932,MISHKAFIN,Mishka Finance and Trading Limited,INE231N01024,Unknown,Unknown,EQ,,Unknown,0.0,0.0,0.0,0.0
1448,MIDHANI,Mishra Dhatu Nigam Limited,INE099Z01011,Unknown,Unknown,EQ,2018-04-04,Unknown,0.0,0.0,0.0,0.0
9166,MISHTAN-RE,Mishtann Foods Limited,INE094S20017,Unknown,Unknown,EQ,,Unknown,0.0,0.0,0.0,0.0
7613,MISHTANN,Mishtann Foods Limited,INE094S01041,Unknown,Unknown,EQ,,Unknown,0.0,0.0,0.0,0.0
8117,MISQUITA,Misquita Engineering Limited,INE957W01025,Unknown,Unknown,EQ,,Unknown,0.0,0.0,0.0,0.0
1456,MITCON,MITCON Consultancy & Engineering Services Limited,INE828O01033,Unknown,Unknown,BE,2022-03-17,Unknown,0.0,0.0,0.0,0.0
4693,MITSHI,Mitshi India Limited,INE844D01017,Unknown,Unknown,EQ,,Unknown,0.0,0.0,0.0,0.0
7711,MITSU,Mitsu Chem Plast Limited,INE317V01016,Unknown,Unknown,EQ,,Unknown,0.0,0.0,0.0,0.0
9603,MITSUPP,Mitsu Chem Plast Limited,IN9317V01014,Unknown,Unknown,EQ,,Unknown,0.0,0.0,0.0,0.0
9156,MITSU-RE,Mitsu Chem Plast Limited,INE317V20016,Unknown,Unknown,EQ,,Unknown,0.0,0.0,0.0,0.0
1457,MITTAL,Mittal Life Style Limited,INE997Y01027,Unknown,Unknown,EQ,2020-04-29,Unknown,0.0,0.0,0.0,0.0
8652,MITTALSTL,Mittal Sections Limited,INE833Q01012,Unknown,Unknown,EQ,,Unknown,0.0,0.0,0.0,0.0
4534,MIVENMACH,Miven Machine Tools Ltd.,INE338P01014,Unknown,Unknown,EQ,,Unknown,0.0,0.0,0.0,0.0
6293,MIZVEN,MIZZEN VENTURES LIMITED,INE681K01026,Unknown,Unknown,EQ,,Unknown,0.0,0.0,0.0,0.0
4528,MKPMOB,MKP Mobility Limited,INE676G01024,Unknown,Unknown,EQ,,Unknown,0.0,0.0,0.0,0.0
9101,MKVEN-RE,MKVENTURES CAPITAL LIMITED,INE874A20010,Unknown,Unknown,EQ,,Unknown,0.0,0.0,0.0,0.0
4172,MKVENTURES,MKVENTURES CAPITAL LIMITED,INE874A01010,Unknown,Unknown,EQ,,Unknown,0.0,0.0,0.0,0.0
1461,MMFL,MM Forgings Limited,INE227C01017,Unknown,Unknown,EQ,2006-12-20,Unknown,0.0,0.0,0.0,0.0
1462,MMP,MMP Industries Limited,INE511Y01018,Unknown,Unknown,EQ,2020-01-09,Unknown,0.0,0.0,0.0,0.0
7226,MMSINFRA,MMS Infrastructure ltd.,INE317N01013,Unknown,Unknown,EQ,,Unknown,0.0,0.0,0.0,0.0
1463,MMTC,MMTC Limited,INE123F01029,Unknown,Unknown,EQ,2012-04-09,Unknown,0.0,0.0,0.0,0.0
7636,MOBAVENUE,Mobavenue AI Tech Limited,INE622Q01027,Unknown,Unknown,EQ,,Unknown,0.0,0.0,0.0,0.0
6637,MOBILTEL,Mobile Telecommunications Ltd,INE770B01026,Unknown,Unknown,EQ,,Unknown,0.0,0.0,0.0,0.0
5338,MODFC,Model Financial Corporation Ltd.,INE166B01019,Unknown,Unknown,EQ,,Unknown,0.0,0.0,0.0,0.0
3306,MODWOOL,Modella Woollens Ltd.,INE380D01012,Unknown,Unknown,EQ,,Unknown,0.0,0.0,0.0,0.0
4398,MODAIRY,Modern Dairies Ltd.,INE617B01011,Unknown,Unknown,EQ,,Unknown,0.0,0.0,0.0,0.0
3177,MDRNSUT-B,Modern Denim Limited,INE01N301019,Unknown,Unknown,EQ,,Unknown,0.0,0.0,0.0,0.0
8711,MDRC,MODERN DIAGNOSTIC & RESEARCH CENTRE LIMITED,INE1HK501016,Unknown,Unknown,EQ,,Unknown,0.0,0.0,0.0,0.0
7649,MEAPL,MODERN ENGINEERING AND PROJECTS LIMITED,INE250S01015,Unknown,Unknown,EQ,,Unknown,0.0,0.0,0.0,0.0
9218,MODERN-RE,MODERN ENGINEERING AND PROJECTS LIMITED,INE250S20015,Unknown,Unknown,EQ,,Unknown,0.0,0.0,0.0,0.0
3278,MODERN,Modern India Ltd.,INE251D01023,Unknown,Unknown,EQ,,Unknown,0.0,0.0,0.0,0.0
4232,MODINSU,Modern Insulators Ltd.,INE219W01012,Unknown,Unknown,EQ,,Unknown,0.0,0.0,0.0,0.0
4307,MODMA,Modern Malleables Limited,INE834C01028,Unknown,Unknown,EQ,,Unknown,0.0,0.0,0.0,0.0
3723,MODRNSH,Modern Shares and Stockbrokers Ltd.,INE370A01019,Unknown,Unknown,EQ,,Unknown,0.0,0.0,0.0,0.0
4065,MDRNSTL,Modern Steels Limited,INE001F01019,Unknown,Unknown,EQ,,Unknown,0.0,0.0,0.0,0.0
1470,MODTHREAD,Modern Threads (India) Limited,INE794W01014,Unknown,Unknown,EQ,1995-11-22,Unknown,0.0,0.0,0.0,0.0
7154,MODEX,MODEX INTERNATIONAL SECURITIES LTD.,INE072D01015,Unknown,Unknown,EQ,,Unknown,0.0,0.0,0.0,0.0
5423,MODIHOOV,Modi Hoover International Ltd.,INE259D01018,Unknown,Unknown,EQ,,Unknown,0.0,0.0,0.0,0.0
1466,MODINATUR,Modi Naturals Limited,INE537F01012,Unknown,Unknown,EQ,2025-12-11,Unknown,0.0,0.0,0.0,0.0
1467,MODIRUBBER,Modi Rubber Limited,INE832A01018,Unknown,Unknown,EQ,1996-02-07,Unknown,0.0,0.0,0.0,0.0
3307,MODIPON,Modipon Ltd.,INE170C01019,Unknown,Unknown,EQ,,Unknown,0.0,0.0,0.0,0.0
1468,MODIS,Modis Navnirman Limited,INE0L0L01012,Unknown,Unknown,EQ,2025-11-14,Unknown,0.0,0.0,0.0,0.0
1469,MODISONLTD,MODISON LIMITED,INE737D01021,Unknown,Unknown,EQ,2021-05-03,Unknown,0.0,0.0,0.0,0.0
3342,MODULEX,MODULEX CONSTRUCTION TECHNOLOGIES LIMITED,INE064R01012,Unknown,Unknown,EQ,,Unknown,0.0,0.0,0.0,0.0
6616,MOH,Moh Ltd,INE179B01020,Unknown,Unknown,EQ,,Unknown,0.0,0.0,0.0,0.0
1472,MOHITIND,Mohit Industries Limited,INE954E01012,Unknown,Unknown,EQ,2013-03-14,Unknown,0.0,0.0,0.0,0.0
5127,MOHITPPR,Mohit Paper Mills Ltd.,INE388C01017,Unknown,Unknown,EQ,,Unknown,0.0,0.0,0.0,0.0
1471,MOHITE,Mohite Industries Limited,INE154B01023,Unknown,Unknown,EQ,2026-08-17,Unknown,0.0,0.0,0.0,0.0
5089,MOHOTAIND,Mohota Industries Limited,INE313D01013,Unknown,Unknown,EQ,,Unknown,0.0,0.0,0.0,0.0
1473,MOIL,MOIL Limited,INE490G01020,Unknown,Unknown,EQ,2010-12-15,Unknown,0.0,0.0,0.0,0.0
1474,MOKSH,Moksh Ornaments Limited,INE514Y01020,Unknown,Unknown,EQ,2021-05-21,Unknown,0.0,0.0,0.0,0.0
1476,MOLBIO,Molbio Diagnostics Limited,INE869T01028,Unknown,Unknown,EQ,2026-08-17,Unknown,0.0,0.0,0.0,0.0
1478,MOLDTKPAC,Mold-Tek Packaging Limited,INE893J01029,Unknown,Unknown,EQ,2015-02-23,Unknown,0.0,0.0,0.0,0.0
8971,MOLDTEK-RE,Mold-Tek Packaging Limited,INE893J20011,Unknown,Unknown,EQ,,Unknown,0.0,0.0,0.0,0.0
9556,MOLDTEKPP,Mold-Tek Packaging Limited,IN9893J01019,Unknown,Unknown,EQ,,Unknown,0.0,0.0,0.0,0.0
1477,MOLDTECH,Mold-Tek Technologies Limited,INE835B01035,Unknown,Unknown,BE,2016-07-07,Unknown,0.0,0.0,0.0,0.0
5240,MONINFO,Monalisa Infotech Ltd.,INE021B01024,Unknown,Unknown,EQ,,Unknown,0.0,0.0,0.0,0.0
1479,MONARCH,Monarch Networth Capital Limited,INE903D01011,Unknown,Unknown,EQ,2022-01-06,Unknown,0.0,0.0,0.0,0.0
8591,MSECL,Monarch Surveyors and Engineering Consultants Limited,INE0V0L01028,Unknown,Unknown,EQ,,Unknown,0.0,0.0,0.0,0.0
4418,MONESHIA,Moneshi Agro Industries Ltd,INE604C01017,Unknown,Unknown,EQ,,Unknown,0.0,0.0,0.0,0.0
7119,MMLF,Money Masters Leasing & Finance Limited,INE340O01021,Unknown,Unknown,EQ,,Unknown,0.0,0.0,0.0,0.0
1480,MONEYBOXX,Moneyboxx Finance Limited,INE296Q01012,Unknown,Unknown,EQ,2025-10-15,Unknown,0.0,0.0,0.0,0.0
4654,MONEL,Monica Electronics Ltd.,INE568C01014,Unknown,Unknown,EQ,,Unknown,0.0,0.0,0.0,0.0
8589,MONIKA,MONIKA ALCOBEV LIMITED,INE0LCG01010,Unknown,Unknown,EQ,,Unknown,0.0,0.0,0.0,0.0
6610,MONIND,MONIND LIMITED,INE407E01029,Unknown,Unknown,EQ,,Unknown,0.0,0.0,0.0,0.0
3418,MONOT,Monotype India Ltd.,INE811D01024,Unknown,Unknown,EQ,,Unknown,0.0,0.0,0.0,0.0
4559,MONOZYM,Monozyme India Ltd.,INE772D01010,Unknown,Unknown,EQ,,Unknown,0.0,0.0,0.0,0.0
4724,MONSANTO,Monsanto India Ltd.,INE274B01011,Unknown,Unknown,EQ,,Unknown,0.0,0.0,0.0,0.0
3102,MONTA,Montari Industries Ltd.,INE407C01015,Unknown,Unknown,EQ,,Unknown,0.0,0.0,0.0,0.0
1481,MONTECARLO,Monte Carlo Fashions Limited,INE950M01013,Unknown,Unknown,EQ,2014-12-19,Unknown,0.0,0.0,0.0,0.0
6186,MOONDRUG,Moon Drugs Ltd.,INE444C01018,Unknown,Unknown,EQ,,Unknown,0.0,0.0,0.0,0.0
5083,MOONB,Moonbeam Industries Ltd.,INE526D01010,Unknown,Unknown,EQ,,Unknown,0.0,0.0,0.0,0.0
9253,MOONGI-RE,Moongipa Capital Finance Ltd.,INE153K20018,Unknown,Unknown,EQ,,Unknown,0.0,0.0,0.0,0.0
5126,MONGIPA,Moongipa Capital Finance Ltd.,INE153K01018,Unknown,Unknown,EQ,,Unknown,0.0,0.0,0.0,0.0
8835,MOPSHOP,MOPSHOP DISTRIBUTION LIMITED,INE2F5H01015,Unknown,Unknown,EQ,,Unknown,0.0,0.0,0.0,0.0
6808,MORARJEE,Morarjee Textiles Limited,INE161G01027,Unknown,Unknown,EQ,,Unknown,0.0,0.0,0.0,0.0
3829,MORARKFI,Morarka Finance Ltd.,INE367A01015,Unknown,Unknown,EQ,,Unknown,0.0,0.0,0.0,0.0
1482,MOREPENLAB,Morepen Laboratories Limited,INE083A01026,Unknown,Unknown,EQ,1999-11-24,Unknown,0.0,0.0,0.0,0.0
4656,MRGNIND,Morgan Industries Ltd.,INE701E01017,Unknown,Unknown,EQ,,Unknown,0.0,0.0,0.0,0.0
3103,MSGF,Morgan Stanley Growth Fund,INF063A01019,Unknown,Unknown,EQ,,Unknown,0.0,0.0,0.0,0.0
4901,MORGAN,Morgan Ventures Ltd.,INE902C01015,Unknown,Unknown,EQ,,Unknown,0.0,0.0,0.0,0.0
1483,MOSCHIP,Moschip Technologies Limited,INE935B01025,Unknown,Unknown,EQ,2025-02-05,Unknown,0.0,0.0,0.0,0.0
4274,MOSERBAER,Moser-Baer (India) Ltd.,INE739A01015,Unknown,Unknown,EQ,,Unknown,0.0,0.0,0.0,0.0
8675,MNFL,Mother Nutri Foods Limited,INE0UH001016,Unknown,Unknown,EQ,,Unknown,0.0,0.0,0.0,0.0
1496,MSUMI,Motherson Sumi Wiring India Limited,INE0FS801015,Unknown,Unknown,EQ,2022-03-28,Unknown,0.0,0.0,0.0,0.0
1485,MOTILALOFS,Motilal Oswal Financial Services Limited,INE338I01027,Unknown,Unknown,EQ,2007-09-11,Unknown,0.0,0.0,0.0,0.0
7034,MON100,Motilal Oswal Mutual Fund,INF247L01AP3,Unknown,Unknown,EQ,,Unknown,0.0,0.0,0.0,0.0
8270,MOMOMENTUM,Motilal Oswal Mutual Fund,INF247L01BK2,Unknown,Unknown,EQ,,Unknown,0.0,0.0,0.0,0.0
8305,MOVALUE,Motilal Oswal Mutual Fund,INF247L01BE5,Unknown,Unknown,EQ,,Unknown,0.0,0.0,0.0,0.0
8306,MOQUALITY,Motilal Oswal Mutual Fund,INF247L01BH8,Unknown,Unknown,EQ,,Unknown,0.0,0.0,0.0,0.0
8298,MOHEALTH,Motilal Oswal Mutual Fund,INF247L01BB1,Unknown,Unknown,EQ,,Unknown,0.0,0.0,0.0,0.0
8279,MOLOWVOL,Motilal Oswal Mutual Fund,INF247L01BL0,Unknown,Unknown,EQ,,Unknown,0.0,0.0,0.0,0.0
7144,MOM100,Motilal Oswal Mutual Fund,INF247L01023,Unknown,Unknown,EQ,,Unknown,0.0,0.0,0.0,0.0
8258,MONQ50,Motilal Oswal Mutual Fund,INF247L01AU3,Unknown,Unknown,EQ,,Unknown,0.0,0.0,0.0,0.0
8908,MOMENTUM50,Motilal Oswal Mutual Fund-Permitted,INF247L01DK8,Unknown,Unknown,EQ,,Unknown,0.0,0.0,0.0,0.0
8909,MODEFENCE,Motilal Oswal Mutual Fund-Permitted,INF247L01DJ0,Unknown,Unknown,EQ,,Unknown,0.0,0.0,0.0,0.0
8910,MONIFTY500,Motilal Oswal Mutual Fund-Permitted,INF247L01BU1,Unknown,Unknown,EQ,,Unknown,0.0,0.0,0.0,0.0
8905,MOSMALL250,Motilal Oswal Mutual Fund-Permitted,INF247L01CH6,Unknown,Unknown,EQ,,Unknown,0.0,0.0,0.0,0.0
8890,MOM50,Motilal Oswal Mutual Fund-Permitted,INF247L01536,Unknown,Unknown,EQ,,Unknown,0.0,0.0,0.0,0.0
8907,MOREALTY,Motilal Oswal Mutual Fund-Permitted,INF247L01CI4,Unknown,Unknown,EQ,,Unknown,0.0,0.0,0.0,0.0
8906,MOCAPITAL,Motilal Oswal Mutual Fund-Permitted,INF247L01EV3,Unknown,Unknown,EQ,,Unknown,0.0,0.0,0.0,0.0
1486,MOTISONS,Motisons Jewellers Limited,INE0FRK01020,Unknown,Unknown,EQ,2023-12-26,Unknown,0.0,0.0,0.0,0.0
3550,MOTOROLSP,Motorol Speciality Oils Ltd,INE642B01019,Unknown,Unknown,EQ,,Unknown,0.0,0.0,0.0,0.0
5410,MOUNTEVE,Mount Everest Mineral Water Ltd.,INE690B01018,Unknown,Unknown,EQ,,Unknown,0.0,0.0,0.0,0.0
8153,MOUNT,MOUNT HOUSING AND INFRASTRUCTURE LIMITED,INE444X01014,Unknown,Unknown,EQ,,Unknown,0.0,0.0,0.0,0.0
3588,MOUNTSHIQ,Mount Shivalik Industries Ltd.,INE410C01019,Unknown,Unknown,EQ,,Unknown,0.0,0.0,0.0,0.0
6848,MOUNTEVTR,Mounteverest Trading & Investment Ltd.,INE492H01016,Unknown,Unknown,EQ,,Unknown,0.0,0.0,0.0,0.0
4925,MOVILEX,Movilex Irrigation Ltd.,INE857A01015,Unknown,Unknown,EQ,,Unknown,0.0,0.0,0.0,0.0
8850,MOVINGPI,Moving Picture Company (India) Ltd.,INE691B01016,Unknown,Unknown,EQ,,Unknown,0.0,0.0,0.0,0.0
1488,MPDL,MPDL Limited,INE493H01014,Unknown,Unknown,BE,2026-08-17,Unknown,0.0,0.0,0.0,0.0
6775,MPFSL,MPF Systems Limited,INE095E01022,Unknown,Unknown,EQ,,Unknown,0.0,0.0,0.0,0.0
1489,MPHASIS,MphasiS Limited,INE356A01018,Unknown,Unknown,EQ,2004-06-04,Unknown,0.0,0.0,0.0,0.0
3176,MPILCORPL,MPIL CORPORATION LIMITED,INE844C01027,Unknown,Unknown,EQ,,Unknown,0.0,0.0,0.0,0.0
4885,MPL,MPL Plastics Limited,INE343A01016,Unknown,Unknown,EQ,,Unknown,0.0,0.0,0.0,0.0
1490,MPSLTD,MPS Limited,INE943D01017,Unknown,Unknown,EQ,2002-01-21,Unknown,0.0,0.0,0.0,0.0
7919,MRCAGRO,MRC AGROTECH LIMITED,INE333Y01017,Unknown,Unknown,EQ,,Unknown,0.0,0.0,0.0,0.0
1491,MRF,MRF Limited,INE883A01011,Unknown,Unknown,EQ,1996-09-18,Unknown,0.0,0.0,0.0,0.0
8218,MRP,MRP Agro Limited,INE0D7801012,Unknown,Unknown,EQ,,Unknown,0.0,0.0,0.0,0.0
330,BECTORFOOD,Mrs. Bectors Food Specialities Limited,INE495P01020,Unknown,Unknown,EQ,2020-12-24,Unknown,0.0,0.0,0.0,0.0
3904,MRUTR,Mrugesh Trading Ltd.,INE738D01029,Unknown,Unknown,EQ,,Unknown,0.0,0.0,0.0,0.0
8730,MSAFE,Msafe Equipments Limited,INE2B5L01011,Unknown,Unknown,EQ,,Unknown,0.0,0.0,0.0,0.0
3738,MSLGLOBAL,MSL GLOBAL LIMITED,INE856D01011,Unknown,Unknown,EQ,,Unknown,0.0,0.0,0.0,0.0
4058,MSLIND,MSL Industries Ltd.,INE626C01010,Unknown,Unknown,EQ,,Unknown,0.0,0.0,0.0,0.0
1494,MSPL,MSP Steel & Power Limited,INE752G01015,Unknown,Unknown,EQ,2005-07-18,Unknown,0.0,0.0,0.0,0.0
3657,MSRINDIA,MSR India Limited,INE331L01026,Unknown,Unknown,EQ,,Unknown,0.0,0.0,0.0,0.0
1495,MSTCLTD,Mstc Limited,INE255X01014,Unknown,Unknown,EQ,2019-03-29,Unknown,0.0,0.0,0.0,0.0
1498,MTEDUCARE,MT Educare Limited,INE472M01018,Unknown,Unknown,BE,2012-04-12,Unknown,0.0,0.0,0.0,0.0
1497,MTARTECH,Mtar Technologies Limited,INE864I01014,Unknown,Unknown,BE,2021-03-15,Unknown,0.0,0.0,0.0,0.0
3098,MTZIND,MTZ Industries Ltd.,INE865A01018,Unknown,Unknown,EQ,,Unknown,0.0,0.0,0.0,0.0
3990,MTZPOLY,MTZ Polyfilms Ltd.,INE864A01011,Unknown,Unknown,EQ,,Unknown,0.0,0.0,0.0,0.0
6521,MUDITFN,Mudit Finlease Ltd.,INE220D01010,Unknown,Unknown,EQ,,Unknown,0.0,0.0,0.0,0.0
7658,MUDRA,Mudra Financial Services Ltd.,INE967S01014,Unknown,Unknown,EQ,,Unknown,0.0,0.0,0.0,0.0
7321,MUDUNURU,Mudunuru Limited,INE491C01027,Unknown,Unknown,EQ,,Unknown,0.0,0.0,0.0,0.0
1500,MUFIN,Mufin Green Finance Limited,INE08KJ01020,Unknown,Unknown,EQ,2023-11-06,Unknown,0.0,0.0,0.0,0.0
6621,MUKANDENGG,Mukand Engineers Ltd.,INE022B01014,Unknown,Unknown,EQ,,Unknown,0.0,0.0,0.0,0.0
1502,MUKANDLTD,Mukand Limited,INE304A01026,Unknown,Unknown,EQ,2004-02-23,Unknown,0.0,0.0,0.0,0.0
4702,MUKATPIP,Mukat Pipes Limited,INE862C01029,Unknown,Unknown,EQ,,Unknown,0.0,0.0,0.0,0.0
4254,MUKPA,Mukerian Papers Ltd.,INE348C01011,Unknown,Unknown,EQ,,Unknown,0.0,0.0,0.0,0.0
1503,MUKESHB,Mukesh Babu Financial Services Limited,INE596B01017,Unknown,Unknown,EQ,2026-08-17,Unknown,0.0,0.0,0.0,0.0
4061,MUKESTL,Mukesh Steels Ltd.,INE953G01019,Unknown,Unknown,EQ,,Unknown,0.0,0.0,0.0,0.0
4315,MUKSTRI,Mukesh Strips Ltd.,INE946G01013,Unknown,Unknown,EQ,,Unknown,0.0,0.0,0.0,0.0
1504,MUKKA,Mukka Proteins Limited,INE0CG401037,Unknown,Unknown,EQ,2024-03-07,Unknown,0.0,0.0,0.0,0.0
7095,MUKTA,Mukta Agriculture Limited,INE160O01031,Unknown,Unknown,EQ,,Unknown,0.0,0.0,0.0,0.0
1505,MUKTAARTS,Mukta Arts Limited,INE374B01019,Unknown,Unknown,BE,2000-09-12,Unknown,0.0,0.0,0.0,0.0
5179,MUKUIND,Mukunda Industrial Finance Ltd.,INE618B01019,Unknown,Unknown,EQ,,Unknown,0.0,0.0,0.0,0.0
3223,MULLER,Muller & Phipps (India) Ltd.,INE003F01015,Unknown,Unknown,EQ,,Unknown,0.0,0.0,0.0,0.0
4131,MULTIARC,Multi Arc India Ltd.,INE399B01016,Unknown,Unknown,EQ,,Unknown,0.0,0.0,0.0,0.0
1423,MCX,Multi Commodity Exchange of India Limited,INE745G01043,Unknown,Unknown,EQ,2012-03-09,Unknown,0.0,0.0,0.0,0.0
4888,MULTIBASE,Multibase India Ltd,INE678F01014,Unknown,Unknown,EQ,,Unknown,0.0,0.0,0.0,0.0
3439,MULTIIN,Multiplus Holdings Ltd.,INE886E01016,Unknown,Unknown,EQ,,Unknown,0.0,0.0,0.0,0.0
3352,ZMULTIPU,Multipurpose Trading & Agencies Ltd,INE017P01014,Unknown,Unknown,EQ,,Unknown,0.0,0.0,0.0,0.0
1506,MUNJALAU,Munjal Auto Industries Limited,INE672B01032,Unknown,Unknown,EQ,2006-07-19,Unknown,0.0,0.0,0.0,0.0
1507,MUNJALSHOW,Munjal Showa Limited,INE577A01027,Unknown,Unknown,EQ,2003-05-12,Unknown,0.0,0.0,0.0,0.0
3773,MUNCAPM,Munoth Capital Market Ltd,INE910G01027,Unknown,Unknown,EQ,,Unknown,0.0,0.0,0.0,0.0
3802,MCLTD,MUNOTH COMMUNICATION LIMITED,INE410E01015,Unknown,Unknown,EQ,,Unknown,0.0,0.0,0.0,0.0
6459,MUNOTHFI,Munoth Financial Services Ltd.,INE348D01019,Unknown,Unknown,EQ,,Unknown,0.0,0.0,0.0,0.0
9106,MURAE -RE,Murae Organisor Limited,INE060620015,Unknown,Unknown,EQ,,Unknown,0.0,0.0,0.0,0.0
8107,MURAE,Murae Organisor Limited,INE060601031,Unknown,Unknown,EQ,,Unknown,0.0,0.0,0.0,0.0
9263,MURAE-RE1,Murae Organisor Limited,INE060620023,Unknown,Unknown,EQ,,Unknown,0.0,0.0,0.0,0.0
4404,MURLIIND,Murli Industries Ltd.,INE806B01028,Unknown,Unknown,EQ,,Unknown,0.0,0.0,0.0,0.0
1508,MURUDCERA,Murudeshwar Ceramics Limited,INE692B01014,Unknown,Unknown,EQ,2004-05-28,Unknown,0.0,0.0,0.0,0.0
1811,RADIOCITY,Music Broadcast Limited,INE919I01024,Unknown,Unknown,EQ,2017-03-17,Unknown,0.0,0.0,0.0,0.0
1509,MUTHOOTCAP,Muthoot Capital Services Limited,INE296G01013,Unknown,Unknown,EQ,2015-08-24,Unknown,0.0,0.0,0.0,0.0
1510,MUTHOOTFIN,Muthoot Finance Limited,INE414G01012,Unknown,Unknown,EQ,2011-05-06,Unknown,0.0,0.0,0.0,0.0
1511,MUTHOOTMF,Muthoot Microfin Limited,INE046W01019,Unknown,Unknown,EQ,2023-12-26,Unknown,0.0,0.0,0.0,0.0
7564,MUZALI,MUZALI ARTS LIMITED,INE873S01022,Unknown,Unknown,EQ,,Unknown,0.0,0.0,0.0,0.0
1512,MVELECTRO,MV Electrosystems Limited,INE0OWZ01020,Unknown,Unknown,EQ,2026-08-06,Unknown,0.0,0.0,0.0,0.0
6950,MVL,MVL Limited,INE744I01034,Unknown,Unknown,EQ,,Unknown,0.0,0.0,0.0,0.0
6765,MWTEXX,MW Unitexx Limited,INE578D01011,Unknown,Unknown,EQ,,Unknown,0.0,0.0,0.0,0.0
7366,MYMONEY,My Money Securities Ltd.,INE232L01018,Unknown,Unknown,EQ,,Unknown,0.0,0.0,0.0,0.0
6476,MYMTECH,MYM Technologies Ltd.,INE378B01010,Unknown,Unknown,EQ,,Unknown,0.0,0.0,0.0,0.0
3252,MYSPAPE,Mysore Paper Mills Limited,INE924F01012,Unknown,Unknown,EQ,,Unknown,0.0,0.0,0.0,0.0
1515,MYSORPETRO,Mysore Petro Chemicals Limited,INE741A01011,Unknown,Unknown,BE,2026-08-17,Unknown,0.0,0.0,0.0,0.0
7096,MYSTICELE,Mystic Electronics Limited,INE159O01033,Unknown,Unknown,EQ,,Unknown,0.0,0.0,0.0,0.0
1597,NRAIL,N R Agarwal Industries Limited,INE740D01017,Unknown,Unknown,EQ,2017-04-05,Unknown,0.0,0.0,0.0,0.0
1538,NBIFIN,N. B. I. Industrial Finance Company Limited,INE365I01020,Unknown,Unknown,EQ,2016-11-23,Unknown,0.0,0.0,0.0,0.0
4613,NBFOOT,N.B. Footwear Ltd.,INE006F01018,Unknown,Unknown,EQ,,Unknown,0.0,0.0,0.0,0.0
3893,NDMETAL,N.D.Metal Industries Ltd,INE643D01013,Unknown,Unknown,EQ,,Unknown,0.0,0.0,0.0,0.0
5345,NGIND,N.G.Industries Ltd.,INE825C01018,Unknown,Unknown,EQ,,Unknown,0.0,0.0,0.0,0.0
6810,NRINTER,N.R.International Limited,INE605F01017,Unknown,Unknown,EQ,,Unknown,0.0,0.0,0.0,0.0
3956,NNTL,N2N Technologies Limited,INE043F01011,Unknown,Unknown,EQ,,Unknown,0.0,0.0,0.0,0.0
8238,NBL,Naapbooks Limited,INE0GOA01018,Unknown,Unknown,EQ,,Unknown,0.0,0.0,0.0,0.0
8519,NACDAC,NACDAC Infrastructure Limited,INE0LB101011,Unknown,Unknown,EQ,,Unknown,0.0,0.0,0.0,0.0
4196,NACHKNIT,Nachmo Knitex Ltd.,INE228C01015,Unknown,Unknown,EQ,,Unknown,0.0,0.0,0.0,0.0
9390,NACL-RE,NACL Industries Limited,INE295D20012,Unknown,Unknown,EQ,,Unknown,0.0,0.0,0.0,0.0
1516,NACLIND,NACL Industries Limited,INE295D01020,Unknown,Unknown,EQ,2017-04-07,Unknown,0.0,0.0,0.0,0.0
1541,NDGL,Naga Dhunseri Group Limited,INE756C01015,Unknown,Unknown,EQ,2016-08-29,Unknown,0.0,0.0,0.0,0.0
6467,NAGTECH,Nagarjuna Agritech Ltd.,INE793H01017,Unknown,Unknown,EQ,,Unknown,0.0,0.0,0.0,0.0
5097,NAGDRUG,Nagarjuna Drugs Ltd.,INE254C01011,Unknown,Unknown,EQ,,Unknown,0.0,0.0,0.0,0.0
3018,NAGARFER,Nagarjuna Fertiliser & Chem. Ltd.,INE580A01013,Unknown,Unknown,EQ,,Unknown,0.0,0.0,0.0,0.0
7681,NAGAFERT,NAGARJUNA FERTILIZERS AND CHEMICALS LTD.,INE454M01024,Unknown,Unknown,EQ,,Unknown,0.0,0.0,0.0,0.0
7063,NAGAROIL,NAGARJUNA OIL REFINERY LIMITED,INE453M01018,Unknown,Unknown,EQ,,Unknown,0.0,0.0,0.0,0.0
6732,NAGPI,Nagpur Power & Industries Ltd,INE099E01016,Unknown,Unknown,EQ,,Unknown,0.0,0.0,0.0,0.0
1517,NAGREEKCAP,Nagreeka Capital & Infrastructure Limited,INE245I01016,Unknown,Unknown,EQ,2007-09-18,Unknown,0.0,0.0,0.0,0.0
1518,NAGREEKEXP,Nagreeka Exports Limited,INE123B01028,Unknown,Unknown,EQ,2007-06-18,Unknown,0.0,0.0,0.0,0.0
9153,NAGREE-RE,Nagreeka Exports Ltd.,INE123B20010,Unknown,Unknown,EQ,,Unknown,0.0,0.0,0.0,0.0
1519,NAHARCAP,Nahar Capital and Financial Services Limited,INE049I01012,Unknown,Unknown,EQ,2008-03-11,Unknown,0.0,0.0,0.0,0.0
4168,NHRFBDM,Nahar Fibres Ltd.(amlg.with Nahar Exports Ltd.),INE309A01017,Unknown,Unknown,EQ,,Unknown,0.0,0.0,0.0,0.0
1520,NAHARINDUS,Nahar Industrial Enterprises Limited,INE289A01011,Unknown,Unknown,EQ,2005-12-15,Unknown,0.0,0.0,0.0,0.0
3389,NAHARINT,Nahar International Ltd,INE360A01010,Unknown,Unknown,EQ,,Unknown,0.0,0.0,0.0,0.0
1521,NAHARPOLY,Nahar Poly Films Limited,INE308A01027,Unknown,Unknown,EQ,2007-03-23,Unknown,0.0,0.0,0.0,0.0
1522,NAHARSPING,Nahar Spinning Mills Limited,INE290A01027,Unknown,Unknown,EQ,2007-03-23,Unknown,0.0,0.0,0.0,0.0
6196,NAISARG,Naisargik Agritech (India) Ltd.,INE360M01015,Unknown,Unknown,EQ,,Unknown,0.0,0.0,0.0,0.0
1562,NGIL,Nakoda Group of Industries Limited,INE236Y01012,Unknown,Unknown,EQ,2021-08-20,Unknown,0.0,0.0,0.0,0.0
9609,NGILPP,NAKODA GROUP OF INDUSTRIES LIMITED,IN9236Y01028,Unknown,Unknown,EQ,,Unknown,0.0,0.0,0.0,0.0
9193,NGIL-RE2,NAKODA GROUP OF INDUSTRIES LIMITED,INE236Y20038,Unknown,Unknown,EQ,,Unknown,0.0,0.0,0.0,0.0
9030,NGIL-RE,NAKODA GROUP OF INDUSTRIES LIMITED,INE236Y20012,Unknown,Unknown,EQ,,Unknown,0.0,0.0,0.0,0.0
9131,NGIL-RE1,NAKODA GROUP OF INDUSTRIES LIMITED,INE236Y20020,Unknown,Unknown,EQ,,Unknown,0.0,0.0,0.0,0.0
4481,NAKODA,Nakoda Limited,INE559B01023,Unknown,Unknown,EQ,,Unknown,0.0,0.0,0.0,0.0
7558,NAKSH,Naksh Precious Metals Limited,INE256S01012,Unknown,Unknown,EQ,,Unknown,0.0,0.0,0.0,0.0
5189,NAKSHTRINF,Nakshatra Infrastructure Limited,INE226B01011,Unknown,Unknown,EQ,,Unknown,0.0,0.0,0.0,0.0
5468,NLFL,Nalin Lease Finance Ltd.,INE606C01012,Unknown,Unknown,EQ,,Unknown,0.0,0.0,0.0,0.0
3081,JNDST,Nalwa Sons Investment Ltd,INE023A01014,Unknown,Unknown,EQ,,Unknown,0.0,0.0,0.0,0.0
1600,NSIL,Nalwa Sons Investments Limited,INE023A01030,Unknown,Unknown,EQ,2003-11-17,Unknown,0.0,0.0,0.0,0.0
7225,NAM,Nam Securities Ltd.,INE792G01011,Unknown,Unknown,EQ,,Unknown,0.0,0.0,0.0,0.0
4866,NAMASTEXP,Namaste Exports Ltd,INE583A01017,Unknown,Unknown,EQ,,Unknown,0.0,0.0,0.0,0.0
4297,NAMTECHELE,Namtech Electronic Devices Ltd.,INE607C01010,Unknown,Unknown,EQ,,Unknown,0.0,0.0,0.0,0.0
8286,NVENTURES,Nanavati Ventures Limited,INE0E5R01017,Unknown,Unknown,EQ,,Unknown,0.0,0.0,0.0,0.0
1542,NDL,Nandan Denim Limited,INE875G01048,Unknown,Unknown,EQ,2012-03-23,Unknown,0.0,0.0,0.0,0.0
1111,JAIPURKURT,Nandani Creation Limited,INE696V01013,Unknown,Unknown,EQ,2021-09-02,Unknown,0.0,0.0,0.0,0.0
8707,NANTA,NANTA TECH LIMITED,INE0YJA01011,Unknown,Unknown,EQ,,Unknown,0.0,0.0,0.0,0.0
3105,NAPEROL,Naperol Investments Limited,INE585A01020,Unknown,Unknown,EQ,,Unknown,0.0,0.0,0.0,0.0
8549,NAPSGLOBAL,NAPS Global India Limited,INE0VNH01014,Unknown,Unknown,EQ,,Unknown,0.0,0.0,0.0,0.0
6244,NARSM,Naraingarh Sugar Mills Ltd.,INE491E01015,Unknown,Unknown,EQ,,Unknown,0.0,0.0,0.0,0.0
4626,NARANGIN,Narang Industries Limited,INE172C01015,Unknown,Unknown,EQ,,Unknown,0.0,0.0,0.0,0.0
1564,NH,Narayana Hrudayalaya Ltd.,INE410P01011,Unknown,Unknown,EQ,2016-01-06,Unknown,0.0,0.0,0.0,0.0
4422,NARBADA,Narbada Gems and Jewellery Limited,INE540C01021,Unknown,Unknown,EQ,,Unknown,0.0,0.0,0.0,0.0
6226,NARPROP,Narendra Properties Ltd.,INE603F01012,Unknown,Unknown,EQ,,Unknown,0.0,0.0,0.0,0.0
9231,NARMA-RE,Narmada Agrobase Limited,INE117Z20011,Unknown,Unknown,EQ,,Unknown,0.0,0.0,0.0,0.0
1524,NARMADA,Narmada Agrobase Limited,INE117Z01029,Unknown,Unknown,EQ,2022-10-27,Unknown,0.0,0.0,0.0,0.0
3238,NARMC,"Narmada Cement Co. Ltd.,",INE344A01014,Unknown,Unknown,EQ,,Unknown,0.0,0.0,0.0,0.0
4814,NARMADACHEM,Narmada Chematur Petrochemicals Ltd,INE693B01012,Unknown,Unknown,EQ,,Unknown,0.0,0.0,0.0,0.0
5015,SHAWGELTIN,Narmada Gelatines Ltd.,INE869A01010,Unknown,Unknown,EQ,,Unknown,0.0,0.0,0.0,0.0
4327,NARMP,Narmada Macplast Drip Irrigation Sy,INE060D01028,Unknown,Unknown,EQ,,Unknown,0.0,0.0,0.0,0.0
8716,NARMADESH,Narmadesh Brass Industries Limited,INE0S1B01014,Unknown,Unknown,EQ,,Unknown,0.0,0.0,0.0,0.0
3492,NASHINV,Nashville Investment & Trading Co.,INE747F01017,Unknown,Unknown,EQ,,Unknown,0.0,0.0,0.0,0.0
7614,NATECO,Natco Economicals Limited,INE174S01017,Unknown,Unknown,EQ,,Unknown,0.0,0.0,0.0,0.0
1526,NATCOPHARM,Natco Pharma Limited,INE987B01026,Unknown,Unknown,EQ,1995-12-27,Unknown,0.0,0.0,0.0,0.0
1527,NATHBIOGEN,Nath Bio-Genes (India) Limited,INE448G01010,Unknown,Unknown,EQ,2014-01-28,Unknown,0.0,0.0,0.0,0.0
3263,NATHIND,NATH INDUSTRIES LIMITED,INE777A01023,Unknown,Unknown,EQ,,Unknown,0.0,0.0,0.0,0.0
3253,NATHPULP,Nath Pulp & Paper Mills Ltd.,INE776A01025,Unknown,Unknown,EQ,,Unknown,0.0,0.0,0.0,0.0
3104,NATAL,National Aluminium Co. Ltd.,INE139A01018,Unknown,Unknown,EQ,,Unknown,0.0,0.0,0.0,0.0
1528,NATIONALUM,National Aluminium Company Limited,INE139A01034,Unknown,Unknown,EQ,1999-04-28,Unknown,0.0,0.0,0.0,0.0
1561,NFL,National Fertilizers Limited,INE870D01012,Unknown,Unknown,EQ,2006-12-28,Unknown,0.0,0.0,0.0,0.0
5512,NATFIT,National Fittings Limited,INE643C01015,Unknown,Unknown,EQ,,Unknown,0.0,0.0,0.0,0.0
6511,NATFLASK,National Flask Industries Ltd.,INE350B01019,Unknown,Unknown,EQ,,Unknown,0.0,0.0,0.0,0.0
6360,NATGENI,National General Industries Ltd.,INE654H01011,Unknown,Unknown,EQ,,Unknown,0.0,0.0,0.0,0.0
3610,NOL,National Oxygen Ltd.,INE296D01010,Unknown,Unknown,EQ,,Unknown,0.0,0.0,0.0,0.0
8480,NPL,National Peroxide Limited,INE0PO601011,Unknown,Unknown,EQ,,Unknown,0.0,0.0,0.0,0.0
4985,NATPLAS,National Plastic Industries Ltd.,INE233D01013,Unknown,Unknown,EQ,,Unknown,0.0,0.0,0.0,0.0
5510,NATPLASTI,National Plastic Technologies Ltd,INE896D01017,Unknown,Unknown,EQ,,Unknown,0.0,0.0,0.0,0.0
4253,NATPLY,National Plywood Industries Ltd.,INE497C01016,Unknown,Unknown,EQ,,Unknown,0.0,0.0,0.0,0.0
8596,NSDL,National Securities Depository Limited,INE301O01023,Unknown,Unknown,EQ,,Unknown,0.0,0.0,0.0,0.0
1529,NATIONSTD,National Standard (India) Limited,INE166R01015,Unknown,Unknown,EQ,2026-04-20,Unknown,0.0,0.0,0.0,0.0
4052,NATNLSTEEL,National Steel & Agro Industries Ltd.,INE088B01015,Unknown,Unknown,EQ,,Unknown,0.0,0.0,0.0,0.0
5109,NATRAJPR,Natraj Proteins Ltd.,INE444D01016,Unknown,Unknown,EQ,,Unknown,0.0,0.0,0.0,0.0
6468,NATHUEC,Natura Hue Chem Ltd.,INE487B01019,Unknown,Unknown,EQ,,Unknown,0.0,0.0,0.0,0.0
8202,NATURAL,Natural Biocon (India) Limited,INE06MM01016,Unknown,Unknown,EQ,,Unknown,0.0,0.0,0.0,0.0
1525,NATCAPSUQ,Natural Capsules Limited,INE936B01015,Unknown,Unknown,BE,2025-02-14,Unknown,0.0,0.0,0.0,0.0
9007,NATCAPS-RE,Natural Capsules Ltd.,INE936B20015,Unknown,Unknown,EQ,,Unknown,0.0,0.0,0.0,0.0
9566,NATCAPSPP,Natural Capsules Ltd.,IN9936B01021,Unknown,Unknown,EQ,,Unknown,0.0,0.0,0.0,0.0
4128,NATUSTO,Natural Stone Exports Ltd.,INE893G01017,Unknown,Unknown,EQ,,Unknown,0.0,0.0,0.0,0.0
8497,NHL,Naturewings Holidays Limited,INE0N4701016,Unknown,Unknown,EQ,,Unknown,0.0,0.0,0.0,0.0
7387,NAPL,Naturite Agro Products Limited,INE223R01014,Unknown,Unknown,EQ,,Unknown,0.0,0.0,0.0,0.0
8308,NATURO,NATURO INDIABULL LIMITED,INE0JNB01012,Unknown,Unknown,EQ,,Unknown,0.0,0.0,0.0,0.0
1531,NAVA,NAVA LIMITED,INE725A01030,Unknown,Unknown,EQ,1996-04-03,Unknown,0.0,0.0,0.0,0.0
8404,NAVINIFTY,Navi Mutual Fund,INF959L01HI3,Unknown,Unknown,EQ,,Unknown,0.0,0.0,0.0,0.0
7597,NAVIGANT,Navigant Corporate Advisors Limited,INE364T01012,Unknown,Unknown,EQ,,Unknown,0.0,0.0,0.0,0.0
1532,NAVINFLUOR,Navin Fluorine International Limited,INE048G01026,Unknown,Unknown,EQ,2007-06-01,Unknown,0.0,0.0,0.0,0.0
9516,NAVINPP,Navin Fluorine International Limited,IN9048G01016,Unknown,Unknown,EQ,,Unknown,0.0,0.0,0.0,0.0
1533,NAVKARCORP,Navkar Corporation Limited,INE278M01019,Unknown,Unknown,EQ,2015-09-09,Unknown,0.0,0.0,0.0,0.0
1534,NAVKARURB,Navkar Urbanstructure Limited,INE268H01044,Unknown,Unknown,BE,2025-01-17,Unknown,0.0,0.0,0.0,0.0
7599,NAVKETAN,Navketan Merchants Limited,INE365G01016,Unknown,Unknown,EQ,,Unknown,0.0,0.0,0.0,0.0
1535,NAVNETEDUL,Navneet Education Limited,INE060A01024,Unknown,Unknown,EQ,1995-02-08,Unknown,0.0,0.0,0.0,0.0
8228,NAVODAYENT,Navoday Enterprises Limited,INE0DB001013,Unknown,Unknown,EQ,,Unknown,0.0,0.0,0.0,0.0
1536,NAZARA,Nazara Technologies Limited,INE418L01047,Unknown,Unknown,EQ,2021-03-30,Unknown,0.0,0.0,0.0,0.0
1537,NBCC,NBCC (India) Limited,INE095N01031,Unknown,Unknown,EQ,2012-04-12,Unknown,0.0,0.0,0.0,0.0
4437,NCCBLUE,NCC Bluewater Products Ltd.,INE630N01019,Unknown,Unknown,EQ,,Unknown,0.0,0.0,0.0,0.0
6241,NCCFIN,NCC Finance Ltd.,INE768B01012,Unknown,Unknown,EQ,,Unknown,0.0,0.0,0.0,0.0
1539,NCC,NCC Limited,INE868B01028,Unknown,Unknown,EQ,2003-10-14,Unknown,0.0,0.0,0.0,0.0
1540,NCLIND,NCL Industries Limited,INE732C01016,Unknown,Unknown,EQ,2007-04-03,Unknown,0.0,0.0,0.0,0.0
9460,NCL-RE,NCL Research And Financial Services,INE132F20020,Unknown,Unknown,EQ,,Unknown,0.0,0.0,0.0,0.0
9035,NCLRESE-RE,NCL Research And Financial Services,INE132F20012,Unknown,Unknown,EQ,,Unknown,0.0,0.0,0.0,0.0
5241,NCLRESE,NCL Research And Financial Services,INE132F01038,Unknown,Unknown,EQ,,Unknown,0.0,0.0,0.0,0.0
6661,NCLSECC,NCL Seccolar Ltd.,INE527D01018,Unknown,Unknown,EQ,,Unknown,0.0,0.0,0.0,0.0
3826,NDASEC,NDA Securities ltd.,INE026C01013,Unknown,Unknown,EQ,,Unknown,0.0,0.0,0.0,0.0
1543,NDLVENTURE,NDL Ventures Limited,INE353A01023,Unknown,Unknown,EQ,2007-04-24,Unknown,0.0,0.0,0.0,0.0
9000,NDLVEN-RE,NDL Ventures Limited,INE353A20015,Unknown,Unknown,EQ,,Unknown,0.0,0.0,0.0,0.0
1544,NDRAUTO,Ndr Auto Components Limited,INE07OG01012,Unknown,Unknown,EQ,2020-07-30,Unknown,0.0,0.0,0.0,0.0
1548,NECLIFE,Nectar Lifesciences Limited,INE023H01027,Unknown,Unknown,EQ,2005-07-18,Unknown,0.0,0.0,0.0,0.0
3779,NEDBKDM,"Nedungadi Bank Ltd.,",INE586A01010,Unknown,Unknown,EQ,,Unknown,0.0,0.0,0.0,0.0
1546,NEAGI,Neelamalai Agro Industries Limited,INE605D01012,Unknown,Unknown,EQ,2026-04-20,Unknown,0.0,0.0,0.0,0.0
4021,NEELKANTH,NEELKANTH LIMITED,INE581D01015,Unknown,Unknown,EQ,,Unknown,0.0,0.0,0.0,0.0
4922,NEELKNT,Neelkanth Motels & Hotels Ltd.,INE882F01012,Unknown,Unknown,EQ,,Unknown,0.0,0.0,0.0,0.0
5393,NEELKAN,Neelkanth Rockminerals ltd.,INE741D01015,Unknown,Unknown,EQ,,Unknown,0.0,0.0,0.0,0.0
7563,NEERAJ,NEERAJ PAPER MARKETING LIMITED,INE894J01019,Unknown,Unknown,EQ,,Unknown,0.0,0.0,0.0,0.0
8579,NEETUYOSHI,Neetu Yoshi Limited,INE0UZO01024,Unknown,Unknown,EQ,,Unknown,0.0,0.0,0.0,0.0
7189,NEGOTIUM,Negotium International Trade Limited,INE339P01046,Unknown,Unknown,EQ,,Unknown,0.0,0.0,0.0,0.0
4442,NEHAINT,Neha International Ltd.,INE874D01022,Unknown,Unknown,EQ,,Unknown,0.0,0.0,0.0,0.0
7422,NEIL,Neil Industries Ltd.,INE396C01010,Unknown,Unknown,EQ,,Unknown,0.0,0.0,0.0,0.0
1549,NELCAST,Nelcast Limited,INE189I01024,Unknown,Unknown,EQ,2007-06-27,Unknown,0.0,0.0,0.0,0.0
1550,NELCO,NELCO Limited,INE045B01015,Unknown,Unknown,EQ,2003-05-28,Unknown,0.0,0.0,0.0,0.0
4700,NEOCORP,Neo Corp International Ltd,INE851C01014,Unknown,Unknown,EQ,,Unknown,0.0,0.0,0.0,0.0
4197,NEOINFRA,Neo Infracon Ltd.,INE216I01017,Unknown,Unknown,EQ,,Unknown,0.0,0.0,0.0,0.0
4895,NOGMIND,Neogem India Limited,INE552E01014,Unknown,Unknown,EQ,,Unknown,0.0,0.0,0.0,0.0
1551,NEOGEN,Neogen Chemicals Limited,INE136S01016,Unknown,Unknown,EQ,2019-05-08,Unknown,0.0,0.0,0.0,0.0
8507,NPFL,NEOPOLITAN PIZZA AND FOODS LIMITED,INE471R01019,Unknown,Unknown,EQ,,Unknown,0.0,0.0,0.0,0.0
3178,NEPCAGRO,NEPC-Agro Foods Ltd.,INE587A01018,Unknown,Unknown,EQ,,Unknown,0.0,0.0,0.0,0.0
3106,NEPCMICON,NEPC India Ltd,INE588A01016,Unknown,Unknown,EQ,,Unknown,0.0,0.0,0.0,0.0
5402,NEPCPAPER,NEPC Paper And Board Ltd.,INE471B01013,Unknown,Unknown,EQ,,Unknown,0.0,0.0,0.0,0.0
4514,NEPCTEX,NEPC Textiles Ltd.,INE574B01014,Unknown,Unknown,EQ,,Unknown,0.0,0.0,0.0,0.0
1552,NEPHROPLUS,Nephrocare Health Services Limited,INE428V01029,Unknown,Unknown,EQ,2025-12-17,Unknown,0.0,0.0,0.0,0.0
4015,NEPTEXP,Neptune Exports Ltd.,INE066X01015,Unknown,Unknown,EQ,,Unknown,0.0,0.0,0.0,0.0
8704,NEPLOG,NEPTUNE LOGITEK LIMITED,INE1NQ501012,Unknown,Unknown,EQ,,Unknown,0.0,0.0,0.0,0.0
1553,NESCO,Nesco Limited,INE317F01035,Unknown,Unknown,EQ,2008-04-08,Unknown,0.0,0.0,0.0,0.0
1554,NESTLEIND,Nestle India Limited,INE239A01024,Unknown,Unknown,EQ,2023-08-01,Unknown,0.0,0.0,0.0,0.0
6918,NET4,Net 4 India Ltd.,INE553E01012,Unknown,Unknown,EQ,,Unknown,0.0,0.0,0.0,0.0
8215,NETPIX,Net Pix Shorts Digital Media Limited,INE0D5F01013,Unknown,Unknown,EQ,,Unknown,0.0,0.0,0.0,0.0
6898,NETFLIER,Netflier Finco Limited,INE068I01012,Unknown,Unknown,EQ,,Unknown,0.0,0.0,0.0,0.0
9507,VGRCONSPP,Netlink Solutions (India) Ltd.,IN9040F01015,Unknown,Unknown,EQ,,Unknown,0.0,0.0,0.0,0.0
3683,NETLINK,Netlink Solutions (India) Ltd.,INE040F01033,Unknown,Unknown,EQ,,Unknown,0.0,0.0,0.0,0.0
8061,NETRIPPLES,Netripples Software Limited,INE478B01018,Unknown,Unknown,EQ,,Unknown,0.0,0.0,0.0,0.0
3854,NETTLINX,Nettlinx Ltd.,INE027D01019,Unknown,Unknown,EQ,,Unknown,0.0,0.0,0.0,0.0
6575,NETVIS,NetVision Web Technologies Ltd.,INE286D01011,Unknown,Unknown,EQ,,Unknown,0.0,0.0,0.0,0.0
5323,NETVISTAIT,Netvista Information Tech. Ltd,INE738A01017,Unknown,Unknown,EQ,,Unknown,0.0,0.0,0.0,0.0
1555,NETWEB,Netweb Technologies India Limited,INE0NT901020,Unknown,Unknown,EQ,2023-07-27,Unknown,0.0,0.0,0.0,0.0
8953,NETW18PCCPS,Network 18 Media & Investments Limited,IN9870H03017,Unknown,Unknown,EQ,,Unknown,0.0,0.0,0.0,0.0
1596,NPST,Network People Services Technologies Limited,INE0FFK01017,Unknown,Unknown,EQ,2025-04-30,Unknown,0.0,0.0,0.0,0.0
1556,NETWORK18,Network18 Media & Investments Limited,INE870H01013,Unknown,Unknown,EQ,2007-02-02,Unknown,0.0,0.0,0.0,0.0
1557,NEUEON,Neueon Corporation Limited,INE333I01044,Unknown,Unknown,BE,2013-09-11,Unknown,0.0,0.0,0.0,0.0
1558,NEULANDLAB,Neuland Laboratories Limited,INE794A01010,Unknown,Unknown,EQ,2008-10-13,Unknown,0.0,0.0,0.0,0.0
1545,NDTV,New Delhi Television Limited,INE155G01029,Unknown,Unknown,EQ,2004-05-19,Unknown,0.0,0.0,0.0,0.0
9359,NDTV-RE,New Delhi Television Limited,INE155G20011,Unknown,Unknown,EQ,,Unknown,0.0,0.0,0.0,0.0
7756,NEWLIGHT,NEW LIGHT INDUSTRIES LIMITED,INE835U01027,Unknown,Unknown,EQ,,Unknown,0.0,0.0,0.0,0.0
3652,NEWMKTAVE,NEW MARKETS AVENUE LIMITED,INE800K01014,Unknown,Unknown,EQ,,Unknown,0.0,0.0,0.0,0.0
8428,SWANAGRO,New Swan Multitech Limited,INE0GEN01012,Unknown,Unknown,EQ,,Unknown,0.0,0.0,0.0,0.0
7130,NEWEVER,Newever Trade Wings Limited,INE596O01010,Unknown,Unknown,EQ,,Unknown,0.0,0.0,0.0,0.0
1559,NEWGEN,Newgen Software Technologies Limited,INE619B01017,Unknown,Unknown,EQ,2018-01-29,Unknown,0.0,0.0,0.0,0.0
6549,NEWINFRA,Newtime Infrastructure Limited,INE997D01021,Unknown,Unknown,EQ,,Unknown,0.0,0.0,0.0,0.0
9318,MARKOB-RE1,NEWTRAC FOODS & BEVERAGES LIMITED,INE229N20028,Unknown,Unknown,EQ,,Unknown,0.0,0.0,0.0,0.0
9169,MARKOB-RE,NEWTRAC FOODS & BEVERAGES LIMITED,INE229N20010,Unknown,Unknown,EQ,,Unknown,0.0,0.0,0.0,0.0
4148,NEWTRAC,NEWTRAC FOODS & BEVERAGES LIMITED,INE229N01010,Unknown,Unknown,EQ,,Unknown,0.0,0.0,0.0,0.0
6527,NEXCEN,Nexcen Softech Ltd.,INE180B01010,Unknown,Unknown,EQ,,Unknown,0.0,0.0,0.0,0.0
3655,NEXOME,NEXOME CAPITAL MARKETS LIMITED,INE641A01013,Unknown,Unknown,EQ,,Unknown,0.0,0.0,0.0,0.0
9421,NEXOME-RE,NEXOME CAPITAL MARKETS LIMITED,INE641A20013,Unknown,Unknown,EQ,,Unknown,0.0,0.0,0.0,0.0
1560,NEXTMEDIA,Next Mediaworks Limited,INE747B01016,Unknown,Unknown,EQ,2001-04-04,Unknown,0.0,0.0,0.0,0.0
6955,NEXTGENT,Nextgen Animation Mediaa Ltd,INE875I01010,Unknown,Unknown,EQ,,Unknown,0.0,0.0,0.0,0.0
4349,NEXUSSOF,Nexus Software Ltd.,INE901B01019,Unknown,Unknown,EQ,,Unknown,0.0,0.0,0.0,0.0
7370,NEXUSSURGL,NEXUS SURGICAL AND MEDICARE LIMITED,INE370Q01015,Unknown,Unknown,EQ,,Unknown,0.0,0.0,0.0,0.0
6596,NEXXOFT,Nexxoft Infotel Ltd.,INE249H01010,Unknown,Unknown,EQ,,Unknown,0.0,0.0,0.0,0.0
8503,NEXXUS,Nexxus Petro Industries Limited,INE0QUL01011,Unknown,Unknown,EQ,,Unknown,0.0,0.0,0.0,0.0
3244,NEYCERI,Neycer India Ltd.,INE275N01013,Unknown,Unknown,EQ,,Unknown,0.0,0.0,0.0,0.0
1563,NGLFINE,NGL Fine-Chem Limited,INE887E01022,Unknown,Unknown,EQ,2022-07-08,Unknown,0.0,0.0,0.0,0.0
9249,NHCFO-RE,NHC FOODS LIMITED,INE141C20010,Unknown,Unknown,EQ,,Unknown,0.0,0.0,0.0,0.0
4353,NHCFOODS,NHC FOODS LIMITED,INE141C01036,Unknown,Unknown,EQ,,Unknown,0.0,0.0,0.0,0.0
1565,NHPC,NHPC Limited,INE848E01016,Unknown,Unknown,EQ,2009-09-01,Unknown,0.0,0.0,0.0,0.0
1567,NIBE,NIBE Limited,INE149O01018,Unknown,Unknown,EQ,2025-02-07,Unknown,0.0,0.0,0.0,0.0
4606,NICCOUCO,Nicco-Uco Alliance Credit Ltd.,INE917B01023,Unknown,Unknown,EQ,,Unknown,0.0,0.0,0.0,0.0
6413,NICCOCORQ,Nicco Corporation Limited,INE241C01018,Unknown,Unknown,EQ,,Unknown,0.0,0.0,0.0,0.0
8854,NICCO,Nicco Corporation Ltd.,INE241C01026,Unknown,Unknown,EQ,,Unknown,0.0,0.0,0.0,0.0
1569,NICCOPAR,Nicco Parks & Resorts Limited,INE653C01022,Unknown,Unknown,EQ,2026-08-17,Unknown,0.0,0.0,0.0,0.0
3913,NIDHGRN,Nidhi Granites Limited,INE276H01013,Unknown,Unknown,EQ,,Unknown,0.0,0.0,0.0,0.0
5403,NIHARINF,Nihar Info Global Ltd.,INE876E01033,Unknown,Unknown,EQ,,Unknown,0.0,0.0,0.0,0.0
1571,NIITMTS,NIIT Learning Systems Limited,INE342G01023,Unknown,Unknown,EQ,2023-08-08,Unknown,0.0,0.0,0.0,0.0
1570,NIITLTD,NIIT Limited,INE161A01038,Unknown,Unknown,EQ,2004-08-16,Unknown,0.0,0.0,0.0,0.0
4378,NIJJER,Nijjer Agro Food Ltd.,INE847B01014,Unknown,Unknown,EQ,,Unknown,0.0,0.0,0.0,0.0
4886,NIKHILAD,Nikhil Adhesives Ltd.,INE926C01022,Unknown,Unknown,EQ,,Unknown,0.0,0.0,0.0,0.0
5499,NIKKIGL,Nikki Global Finance Ltd.,INE526C01012,Unknown,Unknown,EQ,,Unknown,0.0,0.0,0.0,0.0
8221,NIKSTECH,Niks Technology Limited,INE0GX601011,Unknown,Unknown,EQ,,Unknown,0.0,0.0,0.0,0.0
1572,NILAINFRA,Nila Infrastructures Limited,INE937C01029,Unknown,Unknown,EQ,2015-05-21,Unknown,0.0,0.0,0.0,0.0
1573,NILASPACES,Nila Spaces Limited,INE00S901012,Unknown,Unknown,EQ,2018-12-28,Unknown,0.0,0.0,0.0,0.0
8619,NCML,NILACHAL CARBO METALICKS LIMITED,INE346R01013,Unknown,Unknown,EQ,,Unknown,0.0,0.0,0.0,0.0
3247,NILACHAL,Nilachal Refractories Ltd.,INE416N01013,Unknown,Unknown,EQ,,Unknown,0.0,0.0,0.0,0.0
1574,NILE,Nile Limited,INE445D01013,Unknown,Unknown,EQ,2026-04-20,Unknown,0.0,0.0,0.0,0.0
1575,NILKAMAL,Nilkamal Limited,INE310A01015,Unknown,Unknown,EQ,1995-11-01,Unknown,0.0,0.0,0.0,0.0
3886,ZNILKENG,Nilkanth Engineering Ltd.,INE582V01015,Unknown,Unknown,EQ,,Unknown,0.0,0.0,0.0,0.0
6327,NIMBUSFOO,Nimbus Foods Industries Limited,INE301B01020,Unknown,Unknown,EQ,,Unknown,0.0,0.0,0.0,0.0
5367,NIMBUSI,Nimbus Industries ltd.,INE470M01020,Unknown,Unknown,EQ,,Unknown,0.0,0.0,0.0,0.0
1576,NIMBSPROJ,Nimbus Projects Limited,INE875B01015,Unknown,Unknown,EQ,2026-04-06,Unknown,0.0,0.0,0.0,0.0
1577,NINSYS,NINtec Systems Limited,INE395U01014,Unknown,Unknown,EQ,2023-02-21,Unknown,0.0,0.0,0.0,0.0
7395,RCBFIIBG,Nippon India Mutual Fund,INF204KA1ZG0,Unknown,Unknown,EQ,,Unknown,0.0,0.0,0.0,0.0
8216,INFRABEES,Nippon India Mutual Fund,INF732E01268,Unknown,Unknown,EQ,,Unknown,0.0,0.0,0.0,0.0
8200,11DPD,Nippon India Mutual Fund,INF204KB13U9,Unknown,Unknown,EQ,,Unknown,0.0,0.0,0.0,0.0
8199,11AQR,Nippon India Mutual Fund,INF204KB15T6,Unknown,Unknown,EQ,,Unknown,0.0,0.0,0.0,0.0
8198,11AQD,Nippon India Mutual Fund,INF204KB14T9,Unknown,Unknown,EQ,,Unknown,0.0,0.0,0.0,0.0
8197,11AMR,Nippon India Mutual Fund,INF204KB19T8,Unknown,Unknown,EQ,,Unknown,0.0,0.0,0.0,0.0
8196,11AMD,Nippon India Mutual Fund,INF204KB18T0,Unknown,Unknown,EQ,,Unknown,0.0,0.0,0.0,0.0
8195,11AGG,Nippon India Mutual Fund,INF204KB13T1,Unknown,Unknown,EQ,,Unknown,0.0,0.0,0.0,0.0
8194,11ADR,Nippon India Mutual Fund,INF204KB17T2,Unknown,Unknown,EQ,,Unknown,0.0,0.0,0.0,0.0
8193,11ADD,Nippon India Mutual Fund,INF204KB16T4,Unknown,Unknown,EQ,,Unknown,0.0,0.0,0.0,0.0
8192,11QPR,Nippon India Mutual Fund,INF204KB12U1,Unknown,Unknown,EQ,,Unknown,0.0,0.0,0.0,0.0
8191,11QPD,Nippon India Mutual Fund,INF204KB11U3,Unknown,Unknown,EQ,,Unknown,0.0,0.0,0.0,0.0
8190,11MPR,Nippon India Mutual Fund,INF204KB16U2,Unknown,Unknown,EQ,,Unknown,0.0,0.0,0.0,0.0
8189,11MPD,Nippon India Mutual Fund,INF204KB15U4,Unknown,Unknown,EQ,,Unknown,0.0,0.0,0.0,0.0
8188,11GPG,Nippon India Mutual Fund,INF204KB10U5,Unknown,Unknown,EQ,,Unknown,0.0,0.0,0.0,0.0
8187,11DPR,Nippon India Mutual Fund,INF204KB14U7,Unknown,Unknown,EQ,,Unknown,0.0,0.0,0.0,0.0
8184,08ADD,Nippon India Mutual Fund,INF204KB11S7,Unknown,Unknown,EQ,,Unknown,0.0,0.0,0.0,0.0
8183,08DPR,Nippon India Mutual Fund,INF204KB10T7,Unknown,Unknown,EQ,,Unknown,0.0,0.0,0.0,0.0
8182,08AQR,Nippon India Mutual Fund,INF204KB10S9,Unknown,Unknown,EQ,,Unknown,0.0,0.0,0.0,0.0
8181,08DPD,Nippon India Mutual Fund,INF204KB19S0,Unknown,Unknown,EQ,,Unknown,0.0,0.0,0.0,0.0
8180,08AQD,Nippon India Mutual Fund,INF204KB19R2,Unknown,Unknown,EQ,,Unknown,0.0,0.0,0.0,0.0
8179,08QPR,Nippon India Mutual Fund,INF204KB18S2,Unknown,Unknown,EQ,,Unknown,0.0,0.0,0.0,0.0
8178,08AGG,Nippon India Mutual Fund,INF204KB18R4,Unknown,Unknown,EQ,,Unknown,0.0,0.0,0.0,0.0
8177,08QPD,Nippon India Mutual Fund,INF204KB17S4,Unknown,Unknown,EQ,,Unknown,0.0,0.0,0.0,0.0
8176,08ABB,Nippon India Mutual Fund,INF204KB17R6,Unknown,Unknown,EQ,,Unknown,0.0,0.0,0.0,0.0
8175,08GPG,Nippon India Mutual Fund,INF204KB16S6,Unknown,Unknown,EQ,,Unknown,0.0,0.0,0.0,0.0
8174,08BPB,Nippon India Mutual Fund,INF204KB15S8,Unknown,Unknown,EQ,,Unknown,0.0,0.0,0.0,0.0
8173,08AMR,Nippon India Mutual Fund,INF204KB14S1,Unknown,Unknown,EQ,,Unknown,0.0,0.0,0.0,0.0
8172,08AMD,Nippon India Mutual Fund,INF204KB13S3,Unknown,Unknown,EQ,,Unknown,0.0,0.0,0.0,0.0
8171,08MPR,Nippon India Mutual Fund,INF204KB12T3,Unknown,Unknown,EQ,,Unknown,0.0,0.0,0.0,0.0
8170,08ADR,Nippon India Mutual Fund,INF204KB12S5,Unknown,Unknown,EQ,,Unknown,0.0,0.0,0.0,0.0
8169,08MPD,Nippon India Mutual Fund,INF204KB11T5,Unknown,Unknown,EQ,,Unknown,0.0,0.0,0.0,0.0
8149,NIESSPN,Nippon India Mutual Fund,INF204KB15F5,Unknown,Unknown,EQ,,Unknown,0.0,0.0,0.0,0.0
8148,NIESSPM,Nippon India Mutual Fund,INF204KB14F8,Unknown,Unknown,EQ,,Unknown,0.0,0.0,0.0,0.0
8147,NIESSPL,Nippon India Mutual Fund,INF204KB19E0,Unknown,Unknown,EQ,,Unknown,0.0,0.0,0.0,0.0
8146,NIEHSPL,Nippon India Mutual Fund,INF204KB18G7,Unknown,Unknown,EQ,,Unknown,0.0,0.0,0.0,0.0
8145,NIEHSPJ,Nippon India Mutual Fund,INF204KB17G9,Unknown,Unknown,EQ,,Unknown,0.0,0.0,0.0,0.0
8144,NIEHSPH,Nippon India Mutual Fund,INF204KB16G1,Unknown,Unknown,EQ,,Unknown,0.0,0.0,0.0,0.0
8143,NIEHSPG,Nippon India Mutual Fund,INF204KB16F3,Unknown,Unknown,EQ,,Unknown,0.0,0.0,0.0,0.0
8142,NIESSPK,Nippon India Mutual Fund,INF204KB13F0,Unknown,Unknown,EQ,,Unknown,0.0,0.0,0.0,0.0
8141,NIEHSPE,Nippon India Mutual Fund,INF204KB14G6,Unknown,Unknown,EQ,,Unknown,0.0,0.0,0.0,0.0
8140,NIESSPH,Nippon India Mutual Fund,INF204KB12E5,Unknown,Unknown,EQ,,Unknown,0.0,0.0,0.0,0.0
8139,NIEHSPD,Nippon India Mutual Fund,INF204KB13G8,Unknown,Unknown,EQ,,Unknown,0.0,0.0,0.0,0.0
8138,NIESSPF,Nippon India Mutual Fund,INF204KB16E6,Unknown,Unknown,EQ,,Unknown,0.0,0.0,0.0,0.0
8137,NIESSPE,Nippon India Mutual Fund,INF204KB11E7,Unknown,Unknown,EQ,,Unknown,0.0,0.0,0.0,0.0
8136,NIESSPD,Nippon India Mutual Fund,INF204KB15E8,Unknown,Unknown,EQ,,Unknown,0.0,0.0,0.0,0.0
8135,NIEHSPN,Nippon India Mutual Fund,INF204KB19G5,Unknown,Unknown,EQ,,Unknown,0.0,0.0,0.0,0.0
8134,NIEHSPM,Nippon India Mutual Fund,INF204KB19F7,Unknown,Unknown,EQ,,Unknown,0.0,0.0,0.0,0.0
8133,NIEHSPK,Nippon India Mutual Fund,INF204KB18F9,Unknown,Unknown,EQ,,Unknown,0.0,0.0,0.0,0.0
8132,NIEHSPI,Nippon India Mutual Fund,INF204KB17F1,Unknown,Unknown,EQ,,Unknown,0.0,0.0,0.0,0.0
8131,NIEHSPF,Nippon India Mutual Fund,INF204KB15G3,Unknown,Unknown,EQ,,Unknown,0.0,0.0,0.0,0.0
8130,NIEHSPC,Nippon India Mutual Fund,INF204KB12G0,Unknown,Unknown,EQ,,Unknown,0.0,0.0,0.0,0.0
8129,NIEHSPB,Nippon India Mutual Fund,INF204KB11G2,Unknown,Unknown,EQ,,Unknown,0.0,0.0,0.0,0.0
8128,NIEHSPA,Nippon India Mutual Fund,INF204KB10G4,Unknown,Unknown,EQ,,Unknown,0.0,0.0,0.0,0.0
8127,NIESSPG,Nippon India Mutual Fund,INF204KB17E4,Unknown,Unknown,EQ,,Unknown,0.0,0.0,0.0,0.0
8126,NIESSPA,Nippon India Mutual Fund,INF204KB18E2,Unknown,Unknown,EQ,,Unknown,0.0,0.0,0.0,0.0
8125,NIESSPP,Nippon India Mutual Fund,INF204KB11F4,Unknown,Unknown,EQ,,Unknown,0.0,0.0,0.0,0.0
8124,NIESSPC,Nippon India Mutual Fund,INF204KB14E1,Unknown,Unknown,EQ,,Unknown,0.0,0.0,0.0,0.0
8123,NIESSPO,Nippon India Mutual Fund,INF204KB10F6,Unknown,Unknown,EQ,,Unknown,0.0,0.0,0.0,0.0
8122,NIESSPB,Nippon India Mutual Fund,INF204KB10E9,Unknown,Unknown,EQ,,Unknown,0.0,0.0,0.0,0.0
8121,NIESSPI,Nippon India Mutual Fund,INF204KB13E3,Unknown,Unknown,EQ,,Unknown,0.0,0.0,0.0,0.0
8120,NIESSPJ,Nippon India Mutual Fund,INF204KB12F2,Unknown,Unknown,EQ,,Unknown,0.0,0.0,0.0,0.0
8111,SNXT50BEES,Nippon India Mutual Fund,INF204KB15D0,Unknown,Unknown,EQ,,Unknown,0.0,0.0,0.0,0.0
8052,NIOSADD,Nippon India Mutual Fund,INF204KB1I57,Unknown,Unknown,EQ,,Unknown,0.0,0.0,0.0,0.0
8051,NIOSADG,Nippon India Mutual Fund,INF204KB1I40,Unknown,Unknown,EQ,,Unknown,0.0,0.0,0.0,0.0
8050,NIOSAD,Nippon India Mutual Fund,INF204KB1I32,Unknown,Unknown,EQ,,Unknown,0.0,0.0,0.0,0.0
8049,NIOSAG,Nippon India Mutual Fund,INF204KB1I24,Unknown,Unknown,EQ,,Unknown,0.0,0.0,0.0,0.0
7146,RCLEDPLADD,Nippon India Mutual Fund,INF204K018R7,Unknown,Unknown,EQ,,Unknown,0.0,0.0,0.0,0.0
7940,NCBFIVDD,Nippon India Mutual Fund,INF204KB1TH0,Unknown,Unknown,EQ,,Unknown,0.0,0.0,0.0,0.0
7939,NCBFIVDDG,Nippon India Mutual Fund,INF204KB1TI8,Unknown,Unknown,EQ,,Unknown,0.0,0.0,0.0,0.0
7938,NCBFIVDG,Nippon India Mutual Fund,INF204KB1TG2,Unknown,Unknown,EQ,,Unknown,0.0,0.0,0.0,0.0
7937,NCBFIVDDD,Nippon India Mutual Fund,INF204KB1TJ6,Unknown,Unknown,EQ,,Unknown,0.0,0.0,0.0,0.0
7147,RCLEDPLADG,Nippon India Mutual Fund,INF204K017R9,Unknown,Unknown,EQ,,Unknown,0.0,0.0,0.0,0.0
7928,NCBFIVCD,Nippon India Mutual Fund,INF204KB1SR1,Unknown,Unknown,EQ,,Unknown,0.0,0.0,0.0,0.0
7927,NCBFIVBCG,Nippon India Mutual Fund,INF204KB1SS9,Unknown,Unknown,EQ,,Unknown,0.0,0.0,0.0,0.0
7926,NCBFIVCG,Nippon India Mutual Fund,INF204KB1SQ3,Unknown,Unknown,EQ,,Unknown,0.0,0.0,0.0,0.0
7925,NCBFIVBCD,Nippon India Mutual Fund,INF204KB1ST7,Unknown,Unknown,EQ,,Unknown,0.0,0.0,0.0,0.0
7148,RCLENDPLAD,Nippon India Mutual Fund,INF204K016R1,Unknown,Unknown,EQ,,Unknown,0.0,0.0,0.0,0.0
7149,RCLENDPLAG,Nippon India Mutual Fund,INF204K015R3,Unknown,Unknown,EQ,,Unknown,0.0,0.0,0.0,0.0
7903,NIVBGP,Nippon India Mutual Fund,INF204KB19X0,Unknown,Unknown,EQ,,Unknown,0.0,0.0,0.0,0.0
7902,NIVBDP,Nippon India Mutual Fund,INF204KB10Y7,Unknown,Unknown,EQ,,Unknown,0.0,0.0,0.0,0.0
7901,NIVBDGP,Nippon India Mutual Fund,INF204KB11Y5,Unknown,Unknown,EQ,,Unknown,0.0,0.0,0.0,0.0
7900,NIVBDDP,Nippon India Mutual Fund,INF204KB12Y3,Unknown,Unknown,EQ,,Unknown,0.0,0.0,0.0,0.0
7895,NCBFIVAG,Nippon India Mutual Fund,INF204KB1RO0,Unknown,Unknown,EQ,,Unknown,0.0,0.0,0.0,0.0
7894,NCBFIVAD,Nippon India Mutual Fund,INF204KB1RP7,Unknown,Unknown,EQ,,Unknown,0.0,0.0,0.0,0.0
7893,NCBFIVADG,Nippon India Mutual Fund,INF204KB1RQ5,Unknown,Unknown,EQ,,Unknown,0.0,0.0,0.0,0.0
7892,NCBFIVADD,Nippon India Mutual Fund,INF204KB1RR3,Unknown,Unknown,EQ,,Unknown,0.0,0.0,0.0,0.0
7156,RCLEDPLBDD,Nippon India Mutual Fund,INF204K012S8,Unknown,Unknown,EQ,,Unknown,0.0,0.0,0.0,0.0
7157,RCLEDPLBDG,Nippon India Mutual Fund,INF204K011S0,Unknown,Unknown,EQ,,Unknown,0.0,0.0,0.0,0.0
7158,RCLENDPLBD,Nippon India Mutual Fund,INF204K010S2,Unknown,Unknown,EQ,,Unknown,0.0,0.0,0.0,0.0
7159,RCLENDPLBG,Nippon India Mutual Fund,INF204K019R5,Unknown,Unknown,EQ,,Unknown,0.0,0.0,0.0,0.0
7165,NIF100BEES,Nippon India Mutual Fund,INF204K014N5,Unknown,Unknown,EQ,,Unknown,0.0,0.0,0.0,0.0
7166,RELNIFTY,Nippon India Mutual Fund,INF204KA1EU6,Unknown,Unknown,EQ,,Unknown,0.0,0.0,0.0,0.0
7209,CPSEETF,Nippon India Mutual Fund,INF457M01133,Unknown,Unknown,EQ,,Unknown,0.0,0.0,0.0,0.0
7229,RCLEDIIADD,Nippon India Mutual Fund,INF204KA1OW1,Unknown,Unknown,EQ,,Unknown,0.0,0.0,0.0,0.0
7230,RCLEDIIADG,Nippon India Mutual Fund,INF204KA1OV3,Unknown,Unknown,EQ,,Unknown,0.0,0.0,0.0,0.0
7231,RCLENDIIAD,Nippon India Mutual Fund,INF204KA1OU5,Unknown,Unknown,EQ,,Unknown,0.0,0.0,0.0,0.0
8570,SNXT30BEES,Nippon India Mutual Fund,INF204KC1EZ3,Unknown,Unknown,EQ,,Unknown,0.0,0.0,0.0,0.0
7232,RCLENDIIAG,Nippon India Mutual Fund,INF204KA1OT7,Unknown,Unknown,EQ,,Unknown,0.0,0.0,0.0,0.0
8606,MANUFGBEES,Nippon India Mutual Fund,INF204KC1GH6,Unknown,Unknown,EQ,,Unknown,0.0,0.0,0.0,0.0
7273,NCAPBULADD,Nippon India Mutual Fund,INF204KA1RY0,Unknown,Unknown,EQ,,Unknown,0.0,0.0,0.0,0.0
7274,NCAPBULADG,Nippon India Mutual Fund,INF204KA1RX2,Unknown,Unknown,EQ,,Unknown,0.0,0.0,0.0,0.0
7275,NCAPBUILAD,Nippon India Mutual Fund,INF204KA1RW4,Unknown,Unknown,EQ,,Unknown,0.0,0.0,0.0,0.0
7276,NCAPBUILAG,Nippon India Mutual Fund,INF204KA1RV6,Unknown,Unknown,EQ,,Unknown,0.0,0.0,0.0,0.0
7284,NCAPBULBDD,Nippon India Mutual Fund,INF204KA1SW2,Unknown,Unknown,EQ,,Unknown,0.0,0.0,0.0,0.0
7285,NCAPBULBDG,Nippon India Mutual Fund,INF204KA1SV4,Unknown,Unknown,EQ,,Unknown,0.0,0.0,0.0,0.0
7286,NCAPBUILBD,Nippon India Mutual Fund,INF204KA1SU6,Unknown,Unknown,EQ,,Unknown,0.0,0.0,0.0,0.0
7287,NCAPBUILBG,Nippon India Mutual Fund,INF204KA1ST8,Unknown,Unknown,EQ,,Unknown,0.0,0.0,0.0,0.0
7299,SENSEXBEES,Nippon India Mutual Fund,INF204KA1UN7,Unknown,Unknown,EQ,,Unknown,0.0,0.0,0.0,0.0
7312,RCAPBULCDD,Nippon India Mutual Fund,INF204KA1UE6,Unknown,Unknown,EQ,,Unknown,0.0,0.0,0.0,0.0
7313,RCAPBULCDG,Nippon India Mutual Fund,INF204KA1UD8,Unknown,Unknown,EQ,,Unknown,0.0,0.0,0.0,0.0
7314,RCAPBUILCD,Nippon India Mutual Fund,INF204KA1UC0,Unknown,Unknown,EQ,,Unknown,0.0,0.0,0.0,0.0
7315,RCAPBUILCG,Nippon India Mutual Fund,INF204KA1UB2,Unknown,Unknown,EQ,,Unknown,0.0,0.0,0.0,0.0
7496,RCBFIIIAG,Nippon India Mutual Fund,INF204KA13D7,Unknown,Unknown,EQ,,Unknown,0.0,0.0,0.0,0.0
7358,RCBFIIADD,Nippon India Mutual Fund,INF204KA1YL3,Unknown,Unknown,EQ,,Unknown,0.0,0.0,0.0,0.0
7495,RCBFIIIAD,Nippon India Mutual Fund,INF204KA14D5,Unknown,Unknown,EQ,,Unknown,0.0,0.0,0.0,0.0
7494,RCBFIIIAZ,Nippon India Mutual Fund,INF204KA15D2,Unknown,Unknown,EQ,,Unknown,0.0,0.0,0.0,0.0
7359,RCBFIIADG,Nippon India Mutual Fund,INF204KA1YK5,Unknown,Unknown,EQ,,Unknown,0.0,0.0,0.0,0.0
7493,RCBFIIIAX,Nippon India Mutual Fund,INF204KA16D0,Unknown,Unknown,EQ,,Unknown,0.0,0.0,0.0,0.0
7360,RCBFIIAD,Nippon India Mutual Fund,INF204KA1YJ7,Unknown,Unknown,EQ,,Unknown,0.0,0.0,0.0,0.0
7361,RCBFIIAG,Nippon India Mutual Fund,INF204KA1YI9,Unknown,Unknown,EQ,,Unknown,0.0,0.0,0.0,0.0
7437,RCBFIICG,Nippon India Mutual Fund,INF204KA1F52,Unknown,Unknown,EQ,,Unknown,0.0,0.0,0.0,0.0
7436,RCBFIICD,Nippon India Mutual Fund,INF204KA1F60,Unknown,Unknown,EQ,,Unknown,0.0,0.0,0.0,0.0
7435,RCBFIICDG,Nippon India Mutual Fund,INF204KA1F78,Unknown,Unknown,EQ,,Unknown,0.0,0.0,0.0,0.0
7434,RCBFIICDD,Nippon India Mutual Fund,INF204KA1F86,Unknown,Unknown,EQ,,Unknown,0.0,0.0,0.0,0.0
7392,RCBFIIBDD,Nippon India Mutual Fund,INF204KA1ZJ4,Unknown,Unknown,EQ,,Unknown,0.0,0.0,0.0,0.0
7393,RCBFIIBDG,Nippon India Mutual Fund,INF204KA1ZI6,Unknown,Unknown,EQ,,Unknown,0.0,0.0,0.0,0.0
7056,RELBANK,Nippon India Mutual Fund,INF733I01028,Unknown,Unknown,EQ,,Unknown,0.0,0.0,0.0,0.0
7394,RCBFIIBD,Nippon India Mutual Fund,INF204KA1ZH8,Unknown,Unknown,EQ,,Unknown,0.0,0.0,0.0,0.0
8902,ITBEES,Nippon India Mutual Fund - Permitted,INF204KB15V2,Unknown,Unknown,EQ,,Unknown,0.0,0.0,0.0,0.0
8904,MID150BEES,Nippon India Mutual Fund - Permitted,INF204KB1V68,Unknown,Unknown,EQ,,Unknown,0.0,0.0,0.0,0.0
8903,PHARMABEES,Nippon India Mutual Fund - Permitted,INF204KC1089,Unknown,Unknown,EQ,,Unknown,0.0,0.0,0.0,0.0
1523,NAM-INDIA,Nippon Life India Asset Management Limited,INE298J01013,Unknown,Unknown,EQ,2017-11-06,Unknown,0.0,0.0,0.0,0.0
1579,NIRAJ,Niraj Cement Structurals Limited,INE368I01016,Unknown,Unknown,EQ,2020-10-01,Unknown,0.0,0.0,0.0,0.0
1580,NIRAJISPAT,Niraj Ispat Industries Limited,INE326T01011,Unknown,Unknown,BE,2016-10-27,Unknown,0.0,0.0,0.0,0.0
3991,NIRAVCOM,Nirav Commercials Ltd.,INE242B01018,Unknown,Unknown,EQ,,Unknown,0.0,0.0,0.0,0.0
1581,NIRLON,Nirlon Limited,INE910A01012,Unknown,Unknown,EQ,2026-04-20,Unknown,0.0,0.0,0.0,0.0
3110,NIRMA,Nirma Ltd.,INE091A01029,Unknown,Unknown,EQ,,Unknown,0.0,0.0,0.0,0.0
6546,NIRMANC,Nirman Cements Ltd.,INE162E01012,Unknown,Unknown,EQ,,Unknown,0.0,0.0,0.0,0.0
8201,NIRMITEE,Nirmitee Robotics India Limited,INE0CPQ01010,Unknown,Unknown,EQ,,Unknown,0.0,0.0,0.0,0.0
6470,NIRSA,Niryat-Sam Apparels (India) Ltd.,INE645D01018,Unknown,Unknown,EQ,,Unknown,0.0,0.0,0.0,0.0
8608,NISMGMT,NIS MANAGEMENT LIMITED,INE0M3X01010,Unknown,Unknown,EQ,,Unknown,0.0,0.0,0.0,0.0
7530,NFIL,Nishtha Finance And Investment (India) Limited,INE217Q01018,Unknown,Unknown,EQ,,Unknown,0.0,0.0,0.0,0.0
6870,NCOPPER,Nissan Copper Limited,INE846H01039,Unknown,Unknown,EQ,,Unknown,0.0,0.0,0.0,0.0
8513,NISUS,NISUS FINANCE SERVICES CO LIMITED,INE0DQN01013,Unknown,Unknown,EQ,,Unknown,0.0,0.0,0.0,0.0
1582,NITCO,Nitco Limited,INE858F01012,Unknown,Unknown,EQ,2006-03-21,Unknown,0.0,0.0,0.0,0.0
3653,NITINCAST,Nitin Castings Limited,INE861H01020,Unknown,Unknown,EQ,,Unknown,0.0,0.0,0.0,0.0
6894,NITINFIRE,NITIN FIRE PROTECTION INDUSTRIES LIMITED,INE489H01020,Unknown,Unknown,EQ,,Unknown,0.0,0.0,0.0,0.0
1583,NITINSPIN,Nitin Spinners Limited,INE229H01012,Unknown,Unknown,EQ,2006-02-02,Unknown,0.0,0.0,0.0,0.0
1584,NITIRAJ,Nitiraj Engineers Limited,INE439T01012,Unknown,Unknown,EQ,2021-04-22,Unknown,0.0,0.0,0.0,0.0
1585,NITTAGELA,Nitta Gelatin India Limited,INE265B01019,Unknown,Unknown,EQ,2026-04-20,Unknown,0.0,0.0,0.0,0.0
1586,NIVABUPA,Niva Bupa Health Insurance Company Limited,INE995S01015,Unknown,Unknown,EQ,2024-11-14,Unknown,0.0,0.0,0.0,0.0
8072,NIVAKA,NIVAKA FASHIONS LIMITED,INE139E01028,Unknown,Unknown,EQ,,Unknown,0.0,0.0,0.0,0.0
3756,NIVEF,"Nivena Estate And Finance, Ltd.,",INE678D01019,Unknown,Unknown,EQ,,Unknown,0.0,0.0,0.0,0.0
3946,ZNIVITRD,Nivi Trading Ltd.,INE552F01011,Unknown,Unknown,EQ,,Unknown,0.0,0.0,0.0,0.0
4347,NIVINFRA,Nivyah Infrastructure & Telecom Services Ltd,INE303D01014,Unknown,Unknown,EQ,,Unknown,0.0,0.0,0.0,0.0
4478,NIWASSP,Niwas Spinning Mills Ltd.,INE163E01010,Unknown,Unknown,EQ,,Unknown,0.0,0.0,0.0,0.0
7331,NIYOGIN,Niyogin Fintech Limited,INE480D01010,Unknown,Unknown,EQ,,Unknown,0.0,0.0,0.0,0.0
1587,NKIND,NK Industries Limited,INE542C01019,Unknown,Unknown,EQ,1995-07-07,Unknown,0.0,0.0,0.0,0.0
1588,NLCINDIA,NLC India Limited,INE589A01014,Unknown,Unknown,EQ,2000-08-23,Unknown,0.0,0.0,0.0,0.0
1589,NMDC,NMDC Limited,INE584A01023,Unknown,Unknown,EQ,2008-03-03,Unknown,0.0,0.0,0.0,0.0
1601,NSLNISP,NMDC Steel Limited,INE0NNS01018,Unknown,Unknown,EQ,2023-02-20,Unknown,0.0,0.0,0.0,0.0
4575,NMSGLOBAL,NMS GLOBAL LIMITED,INE169F01014,Unknown,Unknown,EQ,,Unknown,0.0,0.0,0.0,0.0
3556,NOBLEXP,Noble Explochem Ltd.,INE875D01011,Unknown,Unknown,EQ,,Unknown,0.0,0.0,0.0,0.0
7492,NOBPOL,NOBLE POLYMERS LIMITED,INE203Q01026,Unknown,Unknown,EQ,,Unknown,0.0,0.0,0.0,0.0
1590,NOCIL,NOCIL Limited,INE163A01018,Unknown,Unknown,EQ,1996-01-17,Unknown,0.0,0.0,0.0,0.0
5026,NOELA,NOEL Agritech Ltd.,INE154C01013,Unknown,Unknown,EQ,,Unknown,0.0,0.0,0.0,0.0
5208,NOESISIND,Noesis Industries Limited,INE141B01020,Unknown,Unknown,EQ,,Unknown,0.0,0.0,0.0,0.0
4673,NOIMC,Noida Medicare Centre Ltd.,INE740C01019,Unknown,Unknown,EQ,,Unknown,0.0,0.0,0.0,0.0
1591,NOIDATOLL,Noida Toll Bridge Company Limited,INE781B01015,Unknown,Unknown,EQ,2002-12-06,Unknown,0.0,0.0,0.0,0.0
1592,NORBTEAEXP,Norben Tea & Exports Limited,INE369C01017,Unknown,Unknown,EQ,1996-06-26,Unknown,0.0,0.0,0.0,0.0
4764,NORRIS,Norris Medicines Ltd.,INE744C01029,Unknown,Unknown,EQ,,Unknown,0.0,0.0,0.0,0.0
1547,NECCLTD,North Eastern Carrying Corporation Limited,INE553C01016,Unknown,Unknown,BE,2016-03-02,Unknown,0.0,0.0,0.0,0.0
9115,NECLTD-RE,North Eastern Carrying Corporation Limited,INE553C20016,Unknown,Unknown,EQ,,Unknown,0.0,0.0,0.0,0.0
9591,NECCLTDPP,North Eastern Carrying Corporation Limited,IN9553C01014,Unknown,Unknown,EQ,,Unknown,0.0,0.0,0.0,0.0
1593,NORTHARC,Northern Arc Capital Limited,INE850M01015,Unknown,Unknown,EQ,2024-09-24,Unknown,0.0,0.0,0.0,0.0
3658,NORTHPR,Northern Projects Ltd.,INE01CZ01010,Unknown,Unknown,EQ,,Unknown,0.0,0.0,0.0,0.0
8093,NSL,Northern Spirits Limited,INE01BL01012,Unknown,Unknown,EQ,,Unknown,0.0,0.0,0.0,0.0
7452,NORTHLINK,Northlink Fiscal And Capital Services Ltd.,INE736P01019,Unknown,Unknown,EQ,,Unknown,0.0,0.0,0.0,0.0
7871,NEL,Nouritrans Exim Limited,INE555X01017,Unknown,Unknown,EQ,,Unknown,0.0,0.0,0.0,0.0
6250,NOUVEAU,Nouveau Global Ventures Limited,INE317B01042,Unknown,Unknown,EQ,,Unknown,0.0,0.0,0.0,0.0
1594,NOVAAGRI,Nova Agritech Limited,INE02H701025,Unknown,Unknown,BE,2024-01-31,Unknown,0.0,0.0,0.0,0.0
4113,NOVIS,Nova Iron & Steel Ltd.,INE608C01026,Unknown,Unknown,EQ,,Unknown,0.0,0.0,0.0,0.0
4080,NOVST,"Nova Steel (India) Ltd.,",INE587E01010,Unknown,Unknown,EQ,,Unknown,0.0,0.0,0.0,0.0
6443,NOVAGOLD,Novagold Petro-Resources Ltd,INE517G01012,Unknown,Unknown,EQ,,Unknown,0.0,0.0,0.0,0.0
1595,NOVARTIND,Novartis India Limited,INE234A01025,Unknown,Unknown,EQ,2026-04-20,Unknown,0.0,0.0,0.0,0.0
8116,NOVATEOR,Novateor Research Laboratories Limited,INE08JY01013,Unknown,Unknown,EQ,,Unknown,0.0,0.0,0.0,0.0
7128,NOVELIX,NOVELIX PHARMACEUTICALS LIMITED,INE314I01036,Unknown,Unknown,EQ,,Unknown,0.0,0.0,0.0,0.0
3111,NOVOPANIND,Novopan Industries Ltd.,INE460B01016,Unknown,Unknown,EQ,,Unknown,0.0,0.0,0.0,0.0
8747,NOVUS,Novus Loyalty Limited,INE1TFS01019,Unknown,Unknown,EQ,,Unknown,0.0,0.0,0.0,0.0
4409,NOVYRA,NOVYRA PHARMACHEM LIMITED,INE856E01019,Unknown,Unknown,EQ,,Unknown,0.0,0.0,0.0,0.0
5111,NPRFIN,NPR Finance Ltd.,INE446D01011,Unknown,Unknown,EQ,,Unknown,0.0,0.0,0.0,0.0
1598,NRBBEARING,NRB Bearing Limited,INE349A01021,Unknown,Unknown,EQ,2000-03-08,Unknown,0.0,0.0,0.0,0.0
1568,NIBL,NRB Industrial Bearings Limited,INE047O01014,Unknown,Unknown,EQ,2013-04-09,Unknown,0.0,0.0,0.0,0.0
3308,NRC,NRC Limited,INE953C01018,Unknown,Unknown,EQ,,Unknown,0.0,0.0,0.0,0.0
8651,NSBBPO,NSB BPO Solutions Limited,INE0SLP01017,Unknown,Unknown,EQ,,Unknown,0.0,0.0,0.0,0.0
1602,NTCIND,NTC Industries Limited,INE920C01017,Unknown,Unknown,EQ,2026-08-17,Unknown,0.0,0.0,0.0,0.0
1604,NTPCGREEN,NTPC Green Energy Limited,INE0ONG01011,Unknown,Unknown,EQ,2024-11-27,Unknown,0.0,0.0,0.0,0.0
1603,NTPC,NTPC Limited,INE733E01010,Unknown,Unknown,EQ,2004-11-05,Unknown,0.0,0.0,0.0,0.0
4910,NUTECH,Nu-Tech Corporate Services Ltd.,INE041C01012,Unknown,Unknown,EQ,,Unknown,0.0,0.0,0.0,0.0
6963,NUTEK,Nu Tek India Limited,INE318J01027,Unknown,Unknown,EQ,,Unknown,0.0,0.0,0.0,0.0
5292,NUBALIN,Nubal (India) Ltd,INE007F01016,Unknown,Unknown,EQ,,Unknown,0.0,0.0,0.0,0.0
3112,NUCHEM,Nuchem Ltd.,INE946A01016,Unknown,Unknown,EQ,,Unknown,0.0,0.0,0.0,0.0
1605,NUCLEUS,Nucleus Software Exports Limited,INE096B01018,Unknown,Unknown,EQ,2002-12-19,Unknown,0.0,0.0,0.0,0.0
8546,NUKLEUS,NUKLEUS OFFICE SOLUTIONS LIMITED,INE0VYX01018,Unknown,Unknown,EQ,,Unknown,0.0,0.0,0.0,0.0
3618,NUMEM,Numech Emballage Ltd.,INE679D01017,Unknown,Unknown,EQ,,Unknown,0.0,0.0,0.0,0.0
6561,NUMUP,Numero Uno Projects Ltd.,INE411A01011,Unknown,Unknown,EQ,,Unknown,0.0,0.0,0.0,0.0
1599,NRL,Nupur Recyclers Limited,INE0JM501013,Unknown,Unknown,BE,2023-01-12,Unknown,0.0,0.0,0.0,0.0
1606,NURECA,Nureca Limited,INE0DSF01015,Unknown,Unknown,BE,2021-02-25,Unknown,0.0,0.0,0.0,0.0
6501,NWIL,NURTURE WELL INDUSTRIES LIMITED,INE882B01037,Unknown,Unknown,EQ,,Unknown,0.0,0.0,0.0,0.0
5519,NUTECGLOB,Nutech Global Ltd.,INE960H01012,Unknown,Unknown,EQ,,Unknown,0.0,0.0,0.0,0.0
4840,NUTRA,Nutraplus India Limited,INE230G01020,Unknown,Unknown,EQ,,Unknown,0.0,0.0,0.0,0.0
5145,NUTRICIRCLE,Nutricircle Limited,INE536C01029,Unknown,Unknown,EQ,,Unknown,0.0,0.0,0.0,0.0
1607,NUVAMA,Nuvama Wealth Management Limited,INE531F01023,Unknown,Unknown,EQ,2023-09-26,Unknown,0.0,0.0,0.0,0.0
1608,NUVOCO,Nuvoco Vistas Corporation Limited,INE118D01016,Unknown,Unknown,EQ,2021-08-23,Unknown,0.0,0.0,0.0,0.0
6457,NUWAY,Nuway Organic Naturals (India) Ltd.,INE414L01012,Unknown,Unknown,EQ,,Unknown,0.0,0.0,0.0,0.0
3361,NYSSACORP,Nyssa Corporation Limited,INE812K01027,Unknown,Unknown,EQ,,Unknown,0.0,0.0,0.0,0.0
7456,OPCHAINS,O. P. Chains Limited,INE118Q01018,Unknown,Unknown,EQ,,Unknown,0.0,0.0,0.0,0.0
6438,OASISME,Oasis Media Matrix Ltd.,INE335D01024,Unknown,Unknown,EQ,,Unknown,0.0,0.0,0.0,0.0
9448,OASISE-RE,Oasis Securities Limited,INE876A20015,Unknown,Unknown,EQ,,Unknown,0.0,0.0,0.0,0.0
4008,OASISEC,Oasis Securities Limited,INE876A01023,Unknown,Unknown,EQ,,Unknown,0.0,0.0,0.0,0.0
4151,OASISTEX,Oasis Textiles Ltd,INE181W01014,Unknown,Unknown,EQ,,Unknown,0.0,0.0,0.0,0.0
7257,OASIS,Oasis Tradelink Limited,INE189Q01019,Unknown,Unknown,EQ,,Unknown,0.0,0.0,0.0,0.0
1611,OBCL,OBCL Limited,INE426Z01016,Unknown,Unknown,EQ,2022-04-07,Unknown,0.0,0.0,0.0,0.0
1612,OBEROIRLTY,Oberoi Realty Limited,INE093I01010,Unknown,Unknown,EQ,2010-10-20,Unknown,0.0,0.0,0.0,0.0
7113,OONE,ObjectOne Information Systems Ltd,INE860E01011,Unknown,Unknown,EQ,,Unknown,0.0,0.0,0.0,0.0
1613,OCCLLTD,OCCL Limited,INE0PK601023,Unknown,Unknown,BE,2024-10-29,Unknown,0.0,0.0,0.0,0.0
4434,OCEAGRO,Ocean Agro (India) Limited,INE049J01010,Unknown,Unknown,EQ,,Unknown,0.0,0.0,0.0,0.0
6615,OCENINFR,Ocean Infrastructure Ltd,INE789C01016,Unknown,Unknown,EQ,,Unknown,0.0,0.0,0.0,0.0
7208,OBIL,Oceanaa Biotek Industries Limited,INE732P01018,Unknown,Unknown,EQ,,Unknown,0.0,0.0,0.0,0.0
7798,OCEANIC,Oceanic Foods Limited,INE711V01010,Unknown,Unknown,EQ,,Unknown,0.0,0.0,0.0,0.0
3239,OCL,OCL India Ltd,INE290B01025,Unknown,Unknown,EQ,,Unknown,0.0,0.0,0.0,0.0
6960,OISL,OCL Iron and Steel Limited,INE196J01019,Unknown,Unknown,EQ,,Unknown,0.0,0.0,0.0,0.0
7377,OCTAL,Octal Credit Capital Ltd.,INE513C01010,Unknown,Unknown,EQ,,Unknown,0.0,0.0,0.0,0.0
6961,OCTAVINV,Octav Investments Limited,INE120J01019,Unknown,Unknown,EQ,,Unknown,0.0,0.0,0.0,0.0
8167,OCTAVIUSPL,Octavius Plantations Limited,INE117S01016,Unknown,Unknown,EQ,,Unknown,0.0,0.0,0.0,0.0
7799,OCTAWARE,Octaware Technologies Limited,INE208U01019,Unknown,Unknown,EQ,,Unknown,0.0,0.0,0.0,0.0
1614,ODIGMA,Odigma Consultancy Solutions Limited,INE054301028,Unknown,Unknown,EQ,2024-12-12,Unknown,0.0,0.0,0.0,0.0
5053,ODISEDM,Odissi Securities Ltd.,INE203C01018,Unknown,Unknown,EQ,,Unknown,0.0,0.0,0.0,0.0
1615,ODYCORP,Odyssey Corporation Limited,INE839E01023,Unknown,Unknown,EQ,2026-08-17,Unknown,0.0,0.0,0.0,0.0
5130,ODYSSEY,Odyssey Technologies Ltd.,INE213B01019,Unknown,Unknown,EQ,,Unknown,0.0,0.0,0.0,0.0
4333,ODVDC,Odyssey Video Communications Ltd.,INE342B01016,Unknown,Unknown,EQ,,Unknown,0.0,0.0,0.0,0.0
1631,ONGC,Oil & Natural Gas Corporation Limited,INE213A01029,Unknown,Unknown,EQ,1995-07-19,Unknown,0.0,0.0,0.0,0.0
1618,OILCOUNTUB,Oil Country Tubular Limited,INE591A01010,Unknown,Unknown,BE,1995-08-30,Unknown,0.0,0.0,0.0,0.0
1617,OIL,Oil India Limited,INE274J01014,Unknown,Unknown,EQ,2009-09-30,Unknown,0.0,0.0,0.0,0.0
4927,OJAST,Ojas Technochem Products Ltd.,INE696B01015,Unknown,Unknown,EQ,,Unknown,0.0,0.0,0.0,0.0
4926,OKPLA,OK Play India Ltd.,INE870B01024,Unknown,Unknown,EQ,,Unknown,0.0,0.0,0.0,0.0
1619,OLAELEC,Ola Electric Mobility Limited,INE0LXG01040,Unknown,Unknown,EQ,2024-08-09,Unknown,0.0,0.0,0.0,0.0
8307,OLATECH,Olatech Solutions Limited,INE0M3901015,Unknown,Unknown,EQ,,Unknown,0.0,0.0,0.0,0.0
1620,OLECTRA,Olectra Greentech Limited,INE260D01016,Unknown,Unknown,EQ,2002-03-20,Unknown,0.0,0.0,0.0,0.0
3859,OLYCAP,Olympia Capitals Ltd.,INE697B01013,Unknown,Unknown,EQ,,Unknown,0.0,0.0,0.0,0.0
4495,OLYMPTX,Olympia Industries Ltd.,INE482O01021,Unknown,Unknown,EQ,,Unknown,0.0,0.0,0.0,0.0
7064,OLPCL,Olympic Cards Limited,INE550L01013,Unknown,Unknown,EQ,,Unknown,0.0,0.0,0.0,0.0
3844,OLYMTFI,Olympic Management & Financial Serv,INE091N01014,Unknown,Unknown,EQ,,Unknown,0.0,0.0,0.0,0.0
3595,OLYOI,Olympic Oil Industries Ltd.,INE286E01019,Unknown,Unknown,EQ,,Unknown,0.0,0.0,0.0,0.0
1623,OMFREIGHT,Om Freight Forwarders Limited,INE1BZC01019,Unknown,Unknown,BE,2025-10-08,Unknown,0.0,0.0,0.0,0.0
1624,OMINFRAL,OM INFRA LIMITED,INE239D01028,Unknown,Unknown,EQ,2011-06-17,Unknown,0.0,0.0,0.0,0.0
8643,OML,OM METALLOGIC LIMITED,INE0R8Q01018,Unknown,Unknown,EQ,,Unknown,0.0,0.0,0.0,0.0
1626,OMPOWER,Om Power Transmission Limited,INE25E901019,Unknown,Unknown,EQ,2026-04-17,Unknown,0.0,0.0,0.0,0.0
1621,OMAXAUTO,Omax Autos Limited,INE090B01011,Unknown,Unknown,EQ,2003-02-20,Unknown,0.0,0.0,0.0,0.0
1622,OMAXE,Omaxe Limited,INE800H01010,Unknown,Unknown,EQ,2007-08-09,Unknown,0.0,0.0,0.0,0.0
4430,OMEAG,Omega Ag-Seeds (Punjab) ltd.,INE112B01013,Unknown,Unknown,EQ,,Unknown,0.0,0.0,0.0,0.0
3850,OMEGAIN,Omega Interactive Technologies Ltd.,INE113B01037,Unknown,Unknown,EQ,,Unknown,0.0,0.0,0.0,0.0
4761,OMEGALAB,Omega Laboratories Ltd.,INE006E01011,Unknown,Unknown,EQ,,Unknown,0.0,0.0,0.0,0.0
6265,OMKAR,Omkar Overseas ltd.,INE680D01015,Unknown,Unknown,EQ,,Unknown,0.0,0.0,0.0,0.0
6653,OMKARPH,Omkar Pharmachem Ltd.,INE501C01015,Unknown,Unknown,EQ,,Unknown,0.0,0.0,0.0,0.0
7029,OMKARCHEM,OMKAR SPECIALITY CHEMICALS LIMITED,INE474L01016,Unknown,Unknown,EQ,,Unknown,0.0,0.0,0.0,0.0
6717,OMNIAX,Omni Axs Software Ltd.,INE369B01019,Unknown,Unknown,EQ,,Unknown,0.0,0.0,0.0,0.0
4758,OMNDE,Omni Dye-Chem Exports Ltd.,INE529C01016,Unknown,Unknown,EQ,,Unknown,0.0,0.0,0.0,0.0
8253,OMNIPOTENT,Omnipotent Industries Limited,INE0JFE01012,Unknown,Unknown,EQ,,Unknown,0.0,0.0,0.0,0.0
1625,OMNI,Omnitech Engineering Limited,INE0UH301010,Unknown,Unknown,EQ,2026-03-05,Unknown,0.0,0.0,0.0,0.0
6909,OMNITECH,Omnitech InfoSolutions Limited,INE810H01019,Unknown,Unknown,EQ,,Unknown,0.0,0.0,0.0,0.0
4194,OMNITEX,Omnitex Industries (India) Ltd.,INE814D01010,Unknown,Unknown,EQ,,Unknown,0.0,0.0,0.0,0.0
1691,PAYTM,One 97 Communications Limited,INE982J01020,Unknown,Unknown,EQ,2021-11-18,Unknown,0.0,0.0,0.0,0.0
1627,ONEGLOBAL,One Global Service Provider Limited,INE670O01013,Unknown,Unknown,EQ,2026-08-17,Unknown,0.0,0.0,0.0,0.0
1465,MOBIKWIK,One Mobikwik Systems Limited,INE0HLU01028,Unknown,Unknown,EQ,2024-12-18,Unknown,0.0,0.0,0.0,0.0
1629,ONEPOINT,One Point One Solutions Limited,INE840Y01029,Unknown,Unknown,EQ,2019-05-09,Unknown,0.0,0.0,0.0,0.0
8820,ONEINDIG,Oneindig Technologies Limited,INE0UR501013,Unknown,Unknown,EQ,,Unknown,0.0,0.0,0.0,0.0
1628,ONELIFECAP,Onelife Capital Advisors Limited,INE912L01015,Unknown,Unknown,BE,2011-10-17,Unknown,0.0,0.0,0.0,0.0
9410,ONECAP-RE,Onelife Capital Advisors Ltd,INE912L20015,Unknown,Unknown,EQ,,Unknown,0.0,0.0,0.0,0.0
1227,KISSHT,OnEMI Technology Solutions Limited,INE12F801023,Unknown,Unknown,EQ,2026-05-08,Unknown,0.0,0.0,0.0,0.0
9296,OIVL-RE,ONESOURCE INDUSTRIES AND VENTURES LIMITED,INE125F20016,Unknown,Unknown,EQ,,Unknown,0.0,0.0,0.0,0.0
5320,OIVL,ONESOURCE INDUSTRIES AND VENTURES LIMITED,INE125F01032,Unknown,Unknown,EQ,,Unknown,0.0,0.0,0.0,0.0
1630,ONESOURCE,Onesource Specialty Pharma Limited,INE013P01021,Unknown,Unknown,EQ,2025-01-24,Unknown,0.0,0.0,0.0,0.0
1632,ONIDA,Onida Electronics Limited,INE831A01028,Unknown,Unknown,EQ,2004-05-24,Unknown,0.0,0.0,0.0,0.0
9332,ONIDA-RE,ONIDA ELECTRONICS LIMITED,INE831A20010,Unknown,Unknown,EQ,,Unknown,0.0,0.0,0.0,0.0
4283,ONIDASAV,Onida Savak Ltd.,INE303C01016,Unknown,Unknown,EQ,,Unknown,0.0,0.0,0.0,0.0
1633,ONIXSOLAR,Onix Solar Energy Limited,INE173M01012,Unknown,Unknown,EQ,2026-08-17,Unknown,0.0,0.0,0.0,0.0
9413,ONIX-RE,ONIX SOLAR ENERGY LIMITED,INE173M20012,Unknown,Unknown,EQ,,Unknown,0.0,0.0,0.0,0.0
9440,ONIX-RE1,ONIX SOLAR ENERGY LIMITED,INE173M20020,Unknown,Unknown,EQ,,Unknown,0.0,0.0,0.0,0.0
1634,ONMOBILE,OnMobile Global Limited,INE809I01019,Unknown,Unknown,BE,2008-02-19,Unknown,0.0,0.0,0.0,0.0
7793,ONTIC,Ontic Finserve Limited,INE989S01042,Unknown,Unknown,EQ,,Unknown,0.0,0.0,0.0,0.0
6801,ONTRACK,Ontrack Systems Ltd.,INE426B01033,Unknown,Unknown,EQ,,Unknown,0.0,0.0,0.0,0.0
1635,ONWARDTEC,Onward Technologies Limited,INE229A01017,Unknown,Unknown,EQ,2001-03-07,Unknown,0.0,0.0,0.0,0.0
4316,OPAL,Opal Industries Ltd,INE413E01019,Unknown,Unknown,EQ,,Unknown,0.0,0.0,0.0,0.0
5408,OPTEL,Optel telecommunications Ltd.,INE958B01019,Unknown,Unknown,EQ,,Unknown,0.0,0.0,0.0,0.0
1636,OPTIEMUS,Optiemus Infracom Limited,INE350C01017,Unknown,Unknown,EQ,2017-08-08,Unknown,0.0,0.0,0.0,0.0
1637,OPTIFIN,Optimus Finance Limited,INE031G01022,Unknown,Unknown,EQ,2026-08-17,Unknown,0.0,0.0,0.0,0.0
9491,OPTPP,Opto Circuits (India) Ltd.,IN9808B01014,Unknown,Unknown,EQ,,Unknown,0.0,0.0,0.0,0.0
6746,OPTOCIRCUI,Opto Circuits (India) Ltd.,INE808B01016,Unknown,Unknown,EQ,,Unknown,0.0,0.0,0.0,0.0
1616,OFSS,Oracle Financial Services Software Limited,INE881D01027,Unknown,Unknown,EQ,2002-06-28,Unknown,0.0,0.0,0.0,0.0
6890,ORBITCORP,ORBIT CORPORATION LIMITED,INE628H01015,Unknown,Unknown,EQ,,Unknown,0.0,0.0,0.0,0.0
1638,ORBTEXP,Orbit Exports Limited,INE231G01010,Unknown,Unknown,BE,2013-11-05,Unknown,0.0,0.0,0.0,0.0
6618,ORBIT,Orbit Multimedia Ltd.,INE471C01029,Unknown,Unknown,EQ,,Unknown,0.0,0.0,0.0,0.0
1639,ORCHASP,Orchasp Limited,INE215B01022,Unknown,Unknown,EQ,2025-02-07,Unknown,0.0,0.0,0.0,0.0
9510,CYBMIPPRI,ORCHASP LIMITED,IN9215B01012,Unknown,Unknown,EQ,,Unknown,0.0,0.0,0.0,0.0
1640,ORCHPHARMA,Orchid Pharma Limited,INE191A01027,Unknown,Unknown,EQ,2020-11-02,Unknown,0.0,0.0,0.0,0.0
4279,ORGINFO,ORG Informatics Ltd.,INE686D01012,Unknown,Unknown,EQ,,Unknown,0.0,0.0,0.0,0.0
5436,ORGCOAT,Organic Coatings Ltd.,INE412E01011,Unknown,Unknown,EQ,,Unknown,0.0,0.0,0.0,0.0
8406,ORGANICREC,ORGANIC RECYCLING SYSTEMS LIMITED,INE0MIO01019,Unknown,Unknown,EQ,,Unknown,0.0,0.0,0.0,0.0
1641,ORICONENT,Oricon Enterprises Limited,INE730A01022,Unknown,Unknown,EQ,2015-07-24,Unknown,0.0,0.0,0.0,0.0
1643,ORIENTBELL,Orient Bell Limited,INE607D01018,Unknown,Unknown,EQ,2007-02-14,Unknown,0.0,0.0,0.0,0.0
3600,ORIBEVER,Orient Beverages Ltd.,INE247F01018,Unknown,Unknown,EQ,,Unknown,0.0,0.0,0.0,0.0
1644,ORIENTCEM,Orient Cement Limited,INE876N01018,Unknown,Unknown,EQ,2013-07-12,Unknown,0.0,0.0,0.0,0.0
1645,ORIENTCER,ORIENT CERATECH LIMITED,INE569C01020,Unknown,Unknown,EQ,2005-12-15,Unknown,0.0,0.0,0.0,0.0
1646,ORIENTELEC,Orient Electric Limited,INE142Z01019,Unknown,Unknown,EQ,2018-05-14,Unknown,0.0,0.0,0.0,0.0
871,GREENPOWER,Orient Green Power Company Limited,INE999K01014,Unknown,Unknown,EQ,2010-10-08,Unknown,0.0,0.0,0.0,0.0
9128,GREEN-RE,Orient Green Power Company Limited,INE999K20014,Unknown,Unknown,EQ,,Unknown,0.0,0.0,0.0,0.0
9214,GREEN-RE1,Orient Green Power Company Limited,INE999K20022,Unknown,Unknown,EQ,,Unknown,0.0,0.0,0.0,0.0
5441,ORIENTINFO,Orient Information Technology Ltd.,INE067B01019,Unknown,Unknown,EQ,,Unknown,0.0,0.0,0.0,0.0
1649,ORIENTPPR,Orient Paper & Industries Limited,INE592A01026,Unknown,Unknown,EQ,1995-03-29,Unknown,0.0,0.0,0.0,0.0
9531,ORIENTPAPP,Orient Paper & Industries Ltd.,IN9592A01016,Unknown,Unknown,EQ,,Unknown,0.0,0.0,0.0,0.0
1648,ORIENTLTD,Orient Press Limited,INE609C01024,Unknown,Unknown,BE,2010-03-03,Unknown,0.0,0.0,0.0,0.0
1650,ORIENTTECH,Orient Technologies Limited,INE0PPK01015,Unknown,Unknown,EQ,2024-08-28,Unknown,0.0,0.0,0.0,0.0
6273,ORIENTTR,Orient Tradelink Ltd.,INE681D01039,Unknown,Unknown,EQ,,Unknown,0.0,0.0,0.0,0.0
1610,OAL,Oriental Aromatics Limited,INE959C01023,Unknown,Unknown,EQ,2019-07-11,Unknown,0.0,0.0,0.0,0.0
3113,ORIENTBANK,Oriental Bank Of Commerce,INE141A01014,Unknown,Unknown,EQ,,Unknown,0.0,0.0,0.0,0.0
1647,ORIENTHOT,Oriental Hotels Limited,INE750A01020,Unknown,Unknown,EQ,1998-08-27,Unknown,0.0,0.0,0.0,0.0
1651,ORIRAIL,Oriental Rail Infrastructure Limited,INE457G01029,Unknown,Unknown,EQ,2026-08-17,Unknown,0.0,0.0,0.0,0.0
9225,ORIENT-RE,Oriental Trimex Limited,INE998H20012,Unknown,Unknown,EQ,,Unknown,0.0,0.0,0.0,0.0
1642,ORIENTALTL,Oriental Trimex Limited,INE998H01012,Unknown,Unknown,EQ,2007-03-07,Unknown,0.0,0.0,0.0,0.0
4030,ORINEXP,Orind Exports LTD.,INE165E01015,Unknown,Unknown,EQ,,Unknown,0.0,0.0,0.0,0.0
3388,ORISSASP,Orissa Sponge Iron And Steel Limited,INE228D01013,Unknown,Unknown,EQ,,Unknown,0.0,0.0,0.0,0.0
1653,ORKLAINDIA,Orkla India Limited,INE16NZ01023,Unknown,Unknown,EQ,2025-11-06,Unknown,0.0,0.0,0.0,0.0
6345,OROSMITHS,Orosil Smiths India Limited,INE628B01034,Unknown,Unknown,EQ,,Unknown,0.0,0.0,0.0,0.0
7421,ORTEL,Ortel Communications Limited,INE849L01019,Unknown,Unknown,EQ,,Unknown,0.0,0.0,0.0,0.0
1654,ORTINGLOBE,ORTIN GLOBAL LIMITED,INE749B01020,Unknown,Unknown,EQ,2021-03-30,Unknown,0.0,0.0,0.0,0.0
8866,ORTIN,ORTIN LABORATORIES LTD,INE749B01012,Unknown,Unknown,EQ,,Unknown,0.0,0.0,0.0,0.0
5129,OSCARGLO,Oscar Global Ltd,INE473F01010,Unknown,Unknown,EQ,,Unknown,0.0,0.0,0.0,0.0
3207,OSCAR,Oscar Investments Ltd.,INE221D01018,Unknown,Unknown,EQ,,Unknown,0.0,0.0,0.0,0.0
3725,OSEASPR,Oseaspre Consultants Ltd.,INE880P01015,Unknown,Unknown,EQ,,Unknown,0.0,0.0,0.0,0.0
1655,OSIAHYPER,Osia Hyper Retail Limited,INE06IR01021,Unknown,Unknown,BE,2022-12-01,Unknown,0.0,0.0,0.0,0.0
7751,OSIAJEE,OSIAJEE TEXFAB LIMITED,INE186R01013,Unknown,Unknown,EQ,,Unknown,0.0,0.0,0.0,0.0
6341,OSIAIND,Osian Industries ltd.,INE634M01013,Unknown,Unknown,EQ,,Unknown,0.0,0.0,0.0,0.0
1656,OSWALAGRO,Oswal Agro Mills Limited,INE142A01012,Unknown,Unknown,EQ,1995-03-29,Unknown,0.0,0.0,0.0,0.0
1657,OSWALGREEN,Oswal Greentech Limited,INE143A01010,Unknown,Unknown,EQ,1996-08-28,Unknown,0.0,0.0,0.0,0.0
3691,OSWALEA,Oswal Leasing Ltd.,INE811Q01018,Unknown,Unknown,EQ,,Unknown,0.0,0.0,0.0,0.0
5399,OSWALOR,Oswal Overseas Ltd,INE906K01027,Unknown,Unknown,EQ,,Unknown,0.0,0.0,0.0,0.0
1658,OSWALPUMPS,Oswal Pumps Limited,INE0BYP01024,Unknown,Unknown,EQ,2025-06-20,Unknown,0.0,0.0,0.0,0.0
3114,OSSWM,Oswal Spinning & Weaving Mills Ltd.,INE716C01027,Unknown,Unknown,EQ,,Unknown,0.0,0.0,0.0,0.0
4218,OSWAYRN,Oswal Yarns Ltd.,INE670H01017,Unknown,Unknown,EQ,,Unknown,0.0,0.0,0.0,0.0
4599,OTCO,Otco International Ltd,INE910B01028,Unknown,Unknown,EQ,,Unknown,0.0,0.0,0.0,0.0
3333,OTISEDM,"Otis Elevator Co. (India) Ltd.,",INE099A01014,Unknown,Unknown,EQ,,Unknown,0.0,0.0,0.0,0.0
3455,OTOKLIN,Otoklin Plants & Equipments Ltd.,INE304C01014,Unknown,Unknown,EQ,,Unknown,0.0,0.0,0.0,0.0
9532,OUDHSUGARPP,Oudh Sugar Mills Ltd.,IN9594A01012,Unknown,Unknown,EQ,,Unknown,0.0,0.0,0.0,0.0
3562,OUDHSUG,Oudh Sugar Mills Ltd.,INE594A01014,Unknown,Unknown,EQ,,Unknown,0.0,0.0,0.0,0.0
8609,OVAL,OVAL PROJECTS ENGINEERING LIMITED,INE0RTI01017,Unknown,Unknown,EQ,,Unknown,0.0,0.0,0.0,0.0
5297,OVOBELE,Ovobel Foods Ltd.,INE812S01012,Unknown,Unknown,EQ,,Unknown,0.0,0.0,0.0,0.0
3322,OXEM BAP,Oxemberg Apparels Ltd.,INE583O01018,Unknown,Unknown,EQ,,Unknown,0.0,0.0,0.0,0.0
4212,OXFORDIN,Oxford Industries ltd.,INE114D01015,Unknown,Unknown,EQ,,Unknown,0.0,0.0,0.0,0.0
4637,OXIDE,Oxides & Specialities Ltd.,INE597D01011,Unknown,Unknown,EQ,,Unknown,0.0,0.0,0.0,0.0
4811,OXYGENTAPH,OXYGENTA PHARMACEUTICAL LIMITED,INE102E01018,Unknown,Unknown,EQ,,Unknown,0.0,0.0,0.0,0.0
3046,PHCAP,P H CAPITAL LIMITED,INE160F01013,Unknown,Unknown,EQ,,Unknown,0.0,0.0,0.0,0.0
1735,PNGJL,P N Gadgil Jewellers Limited,INE953R01016,Unknown,Unknown,EQ,2024-09-17,Unknown,0.0,0.0,0.0,0.0
7543,PBFL,P. B. Films Limited,INE212Q01019,Unknown,Unknown,EQ,,Unknown,0.0,0.0,0.0,0.0
5017,PGFOILQ,P.G.Foils Ltd.,INE078D01012,Unknown,Unknown,EQ,,Unknown,0.0,0.0,0.0,0.0
4083,PMTELELIN,P.M. Telelinnks Limited,INE092C01015,Unknown,Unknown,EQ,,Unknown,0.0,0.0,0.0,0.0
4362,PRCEM,P.R.Cements Ltd,INE447D01019,Unknown,Unknown,EQ,,Unknown,0.0,0.0,0.0,0.0
1660,PACEDIGITK,Pace Digitek Limited,INE0S3G01027,Unknown,Unknown,EQ,2025-10-06,Unknown,0.0,0.0,0.0,0.0
8329,PACE,PACE E-COMMERCE VENTURES LIMITED,INE0N1L01018,Unknown,Unknown,EQ,,Unknown,0.0,0.0,0.0,0.0
5416,SILSPL,Pacific Cotspin Ltd.,INE034C01017,Unknown,Unknown,EQ,,Unknown,0.0,0.0,0.0,0.0
1661,PACIFICI,Pacific Industries Limited,INE883C01025,Unknown,Unknown,EQ,2026-08-17,Unknown,0.0,0.0,0.0,0.0
9077,PACIFIC-RE,Pacific Industries ltd.,INE883C20017,Unknown,Unknown,EQ,,Unknown,0.0,0.0,0.0,0.0
7401,PACT,Pact Industries Ltd.,INE494K01024,Unknown,Unknown,EQ,,Unknown,0.0,0.0,0.0,0.0
6211,PADAMCO,Padam Cotton Yarns Ltd.,INE448D01025,Unknown,Unknown,EQ,,Unknown,0.0,0.0,0.0,0.0
9415,PADAM-RE,Padam Cotton Yarns Ltd.,INE448D20017,Unknown,Unknown,EQ,,Unknown,0.0,0.0,0.0,0.0
6723,PADMALAYAT,Padmalaya Telefilms Ltd.,INE243B01016,Unknown,Unknown,EQ,,Unknown,0.0,0.0,0.0,0.0
6435,PADALPO,Padmanabh Alloys & Polymers Ltd.,INE630U01014,Unknown,Unknown,EQ,,Unknown,0.0,0.0,0.0,0.0
5056,PADMAIND,Padmanabh Industries Limited,INE743D01011,Unknown,Unknown,EQ,,Unknown,0.0,0.0,0.0,0.0
3116,PADMINIT,Padmini Technologies Ltd.,INE114B01019,Unknown,Unknown,EQ,,Unknown,0.0,0.0,0.0,0.0
1662,PAGEIND,Page Industries Limited,INE761H01022,Unknown,Unknown,EQ,2007-03-16,Unknown,0.0,0.0,0.0,0.0
1663,PAISALO,Paisalo Digital Limited,INE420C01059,Unknown,Unknown,EQ,2011-10-17,Unknown,0.0,0.0,0.0,0.0
8699,PAJSON,Pajson Agro India Limited,INE14LM01012,Unknown,Unknown,EQ,,Unknown,0.0,0.0,0.0,0.0
1664,PAKKA,PAKKA LIMITED,INE551D01018,Unknown,Unknown,EQ,2023-07-11,Unknown,0.0,0.0,0.0,0.0
3784,PALCRED,Pal Credit & Capital Ltd.,INE983B01025,Unknown,Unknown,EQ,,Unknown,0.0,0.0,0.0,0.0
1665,PALASHSECU,Palash Securities Limited,INE471W01019,Unknown,Unknown,EQ,2017-07-28,Unknown,0.0,0.0,0.0,0.0
7460,PALCO,Palco Metals Limited,INE239L01013,Unknown,Unknown,EQ,,Unknown,0.0,0.0,0.0,0.0
8002,PALMJEWELS,Palm Jewels Limited,INE838Z01012,Unknown,Unknown,EQ,,Unknown,0.0,0.0,0.0,0.0
1666,PALREDTEC,Palred Technologies Limited,INE218G01033,Unknown,Unknown,BE,2016-05-09,Unknown,0.0,0.0,0.0,0.0
3837,PALSOFT,Palsoft Infosystems Ltd.,INE969B01016,Unknown,Unknown,EQ,,Unknown,0.0,0.0,0.0,0.0
8840,PALUCK,Paluck Technologies Limited,INE0LHB01010,Unknown,Unknown,EQ,,Unknown,0.0,0.0,0.0,0.0
4650,PAMDIDM,Pampasar Distillery Ltd.,INE263D01010,Unknown,Unknown,EQ,,Unknown,0.0,0.0,0.0,0.0
4320,PANELEC,Pan Electronics India Ltd.,INE648E01010,Unknown,Unknown,EQ,,Unknown,0.0,0.0,0.0,0.0
8733,PANHR,PAN HR SOLUTION LIMITED,INE1N9E01015,Unknown,Unknown,EQ,,Unknown,0.0,0.0,0.0,0.0
3824,PANINDIAC,Pan India Corporation Ltd,INE376A01032,Unknown,Unknown,EQ,,Unknown,0.0,0.0,0.0,0.0
6280,PANIND,Pan India Resorts & Land Developmen,INE381D01010,Unknown,Unknown,EQ,,Unknown,0.0,0.0,0.0,0.0
7320,PANABYTE,PANABYTE TECHNOLOGIES LIMITED,INE516E01019,Unknown,Unknown,EQ,,Unknown,0.0,0.0,0.0,0.0
1667,PANACEABIO,Panacea Biotec Limited,INE922B01023,Unknown,Unknown,EQ,1996-04-17,Unknown,0.0,0.0,0.0,0.0
1668,PANACHE,Panache Digilife Limited,INE895W01019,Unknown,Unknown,BE,2020-01-06,Unknown,0.0,0.0,0.0,0.0
7364,PANAFIC,PANAFIC INDUSTRIALS LTD,INE655P01029,Unknown,Unknown,EQ,,Unknown,0.0,0.0,0.0,0.0
9434,PANAFIC-RE,PANAFIC INDUSTRIALS LTD,INE655P20011,Unknown,Unknown,EQ,,Unknown,0.0,0.0,0.0,0.0
1669,PANAMAPET,Panama Petrochem Limited,INE305C01029,Unknown,Unknown,EQ,2011-09-30,Unknown,0.0,0.0,0.0,0.0
4623,PANASONIC,Panasonic Appliances India Company Ltd,INE841C01015,Unknown,Unknown,EQ,,Unknown,0.0,0.0,0.0,0.0
6655,PAVCI,Panasonic AVC Networks Ltd.,INE071B01011,Unknown,Unknown,EQ,,Unknown,0.0,0.0,0.0,0.0
3661,PANCARBON,Panasonic Carbon India Co.Ltd,INE013E01017,Unknown,Unknown,EQ,,Unknown,0.0,0.0,0.0,0.0
3332,PANAENERG,Panasonic Energy India Co. Ltd.,INE795A01017,Unknown,Unknown,EQ,,Unknown,0.0,0.0,0.0,0.0
1670,PANCHMAHQ,Panchmahal Steel Limited,INE798F01010,Unknown,Unknown,EQ,2026-08-17,Unknown,0.0,0.0,0.0,0.0
6407,PANCHSHEEL,Panchsheel Organic Ltd.,INE316G01019,Unknown,Unknown,EQ,,Unknown,0.0,0.0,0.0,0.0
4914,PANJON,Panjon Ltd.,INE744D01019,Unknown,Unknown,EQ,,Unknown,0.0,0.0,0.0,0.0
5505,PANKAJPO,Pankaj Polymers Ltd.,INE698B01011,Unknown,Unknown,EQ,,Unknown,0.0,0.0,0.0,0.0
1671,PANORAMA,Panorama Studios International Limited,INE258R01028,Unknown,Unknown,EQ,2026-08-17,Unknown,0.0,0.0,0.0,0.0
6456,PANORAMUNI,Panoramic Universal Limited,INE194B01029,Unknown,Unknown,EQ,,Unknown,0.0,0.0,0.0,0.0
1672,PANSARI,Pansari Developers Limited,INE697V01011,Unknown,Unknown,EQ,2021-10-18,Unknown,0.0,0.0,0.0,0.0
7476,PANTH,PANTH INFINITY LIMITED,INE945O01019,Unknown,Unknown,EQ,,Unknown,0.0,0.0,0.0,0.0
4721,PANIDPR,Panther Industrial Products Ltd.,INE181D01014,Unknown,Unknown,EQ,,Unknown,0.0,0.0,0.0,0.0
3117,PANCM,Panyam Cements & Mineral Inds. Ltd.,INE167E01037,Unknown,Unknown,EQ,,Unknown,0.0,0.0,0.0,0.0
5169,PAOS,PAOS INDUSTRIES LIMITED,INE791C01012,Unknown,Unknown,EQ,,Unknown,0.0,0.0,0.0,0.0
1673,PAR,Par Drugs And Chemicals Limited,INE04LG01015,Unknown,Unknown,BE,2021-09-16,Unknown,0.0,0.0,0.0,0.0
4076,PARINFRA,Parab Infra Limited,INE713M01023,Unknown,Unknown,EQ,,Unknown,0.0,0.0,0.0,0.0
7004,PARABDRUGS,Parabolic Drugs Ltd,INE618H01016,Unknown,Unknown,EQ,,Unknown,0.0,0.0,0.0,0.0
8555,PPARIVAH,PARADEEP PARIVAHAN LIMITED,INE0SMW01011,Unknown,Unknown,EQ,,Unknown,0.0,0.0,0.0,0.0
1675,PARADEEP,Paradeep Phosphates Limited,INE088F01024,Unknown,Unknown,EQ,2022-05-27,Unknown,0.0,0.0,0.0,0.0
1676,PARAGMILK,Parag Milk Foods Limited,INE883N01014,Unknown,Unknown,EQ,2016-05-19,Unknown,0.0,0.0,0.0,0.0
5489,PARAGONF,Paragon Finance Ltd.,INE015E01012,Unknown,Unknown,EQ,,Unknown,0.0,0.0,0.0,0.0
1674,PARACABLES,Paramount Communications Limited,INE074B01023,Unknown,Unknown,EQ,2007-01-03,Unknown,0.0,0.0,0.0,0.0
3636,PARMCOS-B,Paramount Cosmetics (India) Ltd,INE143I01013,Unknown,Unknown,EQ,,Unknown,0.0,0.0,0.0,0.0
7037,PARAPRINT,Paramount Printpackaging Limited,INE702L01010,Unknown,Unknown,EQ,,Unknown,0.0,0.0,0.0,0.0
1677,PARAS,Paras Defence and Space Technologies Limited,INE045601023,Unknown,Unknown,EQ,2021-10-01,Unknown,0.0,0.0,0.0,0.0
1678,PARASPETRO,Paras Petrofils Limited,INE162C01024,Unknown,Unknown,EQ,1996-02-14,Unknown,0.0,0.0,0.0,0.0
6800,PARAL,Parekh Aluminex Ltd.,INE620C01013,Unknown,Unknown,EQ,,Unknown,0.0,0.0,0.0,0.0
3225,PARDI,Parekh Distributors Ltd.,INE528D01016,Unknown,Unknown,EQ,,Unknown,0.0,0.0,0.0,0.0
3118,PAREKHPLAT,Parekh Platinum Ltd.,INE598A01015,Unknown,Unknown,EQ,,Unknown,0.0,0.0,0.0,0.0
4822,PARENTLD,Parenteral Drug (India) Ltd.,INE904D01019,Unknown,Unknown,EQ,,Unknown,0.0,0.0,0.0,0.0
3430,ZPARICIN,Parichay Investments Ltd.,INE701F01014,Unknown,Unknown,EQ,,Unknown,0.0,0.0,0.0,0.0
7584,PARIKSHA,Pariksha Fin-Invest-Lease Limited,INE270F01010,Unknown,Unknown,EQ,,Unknown,0.0,0.0,0.0,0.0
1679,PARKHOSPS,Park Medi World Limited,INE119201023,Unknown,Unknown,EQ,2025-12-17,Unknown,0.0,0.0,0.0,0.0
3188,PARKD,Parke Davis (India) Ltd.,INE254A01015,Unknown,Unknown,EQ,,Unknown,0.0,0.0,0.0,0.0
4810,PARKERAC,Parker Agro Chem Export Ltd.,INE750B01010,Unknown,Unknown,EQ,,Unknown,0.0,0.0,0.0,0.0
6917,PARLEIND,PARLE INDUSTRIES LIMITED,INE272G01014,Unknown,Unknown,EQ,,Unknown,0.0,0.0,0.0,0.0
7784,PARMAX,Parmax Pharma Limited,INE240T01014,Unknown,Unknown,EQ,,Unknown,0.0,0.0,0.0,0.0
8525,PARMESHWAR,PARMESHWAR METAL LIMITED,INE0QQJ01021,Unknown,Unknown,EQ,,Unknown,0.0,0.0,0.0,0.0
7810,PARMSILK,PARMESHWARI SILK MILLS LIMITED,INE808R01012,Unknown,Unknown,EQ,,Unknown,0.0,0.0,0.0,0.0
1681,PARNAXLAB,Parnax Lab Limited,INE383L01019,Unknown,Unknown,EQ,2026-08-17,Unknown,0.0,0.0,0.0,0.0
3054,PARRYSUGAR,Parrys  Sugar  Industries Limited,INE353B01021,Unknown,Unknown,EQ,,Unknown,0.0,0.0,0.0,0.0
8105,PARSHVA,Parshva Enterprises Limited,INE05MV01019,Unknown,Unknown,EQ,,Unknown,0.0,0.0,0.0,0.0
3770,PARSHWANA,Parshwanath Corporation Limited,INE635I01018,Unknown,Unknown,EQ,,Unknown,0.0,0.0,0.0,0.0
5100,PARSOLI,Parsoli Corporation Ltd.,INE905D01016,Unknown,Unknown,EQ,,Unknown,0.0,0.0,0.0,0.0
1682,PARSVNATH,Parsvnath Developers Limited,INE561H01026,Unknown,Unknown,BE,2006-11-30,Unknown,0.0,0.0,0.0,0.0
7301,PARTANI,Partani Appliances Limited,INE217P01010,Unknown,Unknown,EQ,,Unknown,0.0,0.0,0.0,0.0
7998,PARVATI,Parvati Sweetners and Power Ltd.,INE295Z01015,Unknown,Unknown,EQ,,Unknown,0.0,0.0,0.0,0.0
9091,PARVATI-RE,Parvati Sweetners and Power Ltd.,INE295Z20015,Unknown,Unknown,EQ,,Unknown,0.0,0.0,0.0,0.0
4491,PASARI,Pasari Spinning Mills Ltd.,INE604F01010,Unknown,Unknown,EQ,,Unknown,0.0,0.0,0.0,0.0
5379,PASCHIM,Paschim Petrochem Ltd.,INE066B01011,Unknown,Unknown,EQ,,Unknown,0.0,0.0,0.0,0.0
1683,PASHUPATI,Pashupati Cotspin Limited,INE124Y01028,Unknown,Unknown,EQ,2025-07-17,Unknown,0.0,0.0,0.0,0.0
4917,PASHUSEO,Pashupati Seohung Ltd.,INE322D01014,Unknown,Unknown,EQ,,Unknown,0.0,0.0,0.0,0.0
1684,PASUPTAC,Pasupati Acrylon Limited,INE818B01023,Unknown,Unknown,BE,2021-10-12,Unknown,0.0,0.0,0.0,0.0
6606,PASUPATIF,Pasupati Fabrics Ltd.,INE095D01016,Unknown,Unknown,EQ,,Unknown,0.0,0.0,0.0,0.0
3876,PASUFIN,Pasupati Fincap Ltd.,INE527C01010,Unknown,Unknown,EQ,,Unknown,0.0,0.0,0.0,0.0
3279,PASUSPG,Pasupati Spg. & Wvg. Mills Ltd.,INE909B01020,Unknown,Unknown,EQ,,Unknown,0.0,0.0,0.0,0.0
1685,PATANJALI,Patanjali Foods Limited,INE619A01035,Unknown,Unknown,EQ,2020-01-24,Unknown,0.0,0.0,0.0,0.0
7557,PJL,Patdiam Jewellery Limited,INE473T01011,Unknown,Unknown,EQ,,Unknown,0.0,0.0,0.0,0.0
8593,PATELCHEM,PATEL CHEM SPECIALITIES LIMITED,INE161701011,Unknown,Unknown,EQ,,Unknown,0.0,0.0,0.0,0.0
1686,PATELENG,Patel Engineering Limited,INE244B01030,Unknown,Unknown,EQ,2005-02-24,Unknown,0.0,0.0,0.0,0.0
9388,PATELEG-RE,Patel Engineering Ltd,INE244B20022,Unknown,Unknown,EQ,,Unknown,0.0,0.0,0.0,0.0
9087,PATEL-RE,Patel Engineering Ltd,INE244B20014,Unknown,Unknown,EQ,,Unknown,0.0,0.0,0.0,0.0
1688,PATINTLOG,Patel Integrated Logistics Limited,INE529D01014,Unknown,Unknown,BE,2008-01-11,Unknown,0.0,0.0,0.0,0.0
8998,PATINT-RE1,Patel Integrated Logistics Ltd,INE529D20022,Unknown,Unknown,EQ,,Unknown,0.0,0.0,0.0,0.0
8976,PATINT-RE,Patel Integrated Logistics Ltd,INE529D20014,Unknown,Unknown,EQ,,Unknown,0.0,0.0,0.0,0.0
9564,PATINTPP,Patel Integrated Logistics Ltd,IN9529D01012,Unknown,Unknown,EQ,,Unknown,0.0,0.0,0.0,0.0
9224,PATINT-RE2,Patel Integrated Logistics Ltd,INE529D20030,Unknown,Unknown,EQ,,Unknown,0.0,0.0,0.0,0.0
4981,PATELON,Patel On-Board Couriers Ltd.,INE128C01017,Unknown,Unknown,EQ,,Unknown,0.0,0.0,0.0,0.0
1687,PATELRMART,Patel Retail Limited,INE0R8B01010,Unknown,Unknown,EQ,2025-08-26,Unknown,0.0,0.0,0.0,0.0
4324,PATELSAI,Patels Airtemp (I) Ltd.,INE082C01024,Unknown,Unknown,EQ,,Unknown,0.0,0.0,0.0,0.0
4718,PATIDAR,Patidar Buildcon Limited,INE637N01014,Unknown,Unknown,EQ,,Unknown,0.0,0.0,0.0,0.0
6790,PATNI,Patni Computer Systems Limited,INE660F01012,Unknown,Unknown,EQ,,Unknown,0.0,0.0,0.0,0.0
8354,PATRON,Patron Exim Limited,INE0NPA01011,Unknown,Unknown,EQ,,Unknown,0.0,0.0,0.0,0.0
4195,PATSPINLTD,Patspin India Ltd.,INE790C01014,Unknown,Unknown,EQ,,Unknown,0.0,0.0,0.0,0.0
1729,PML,Paul Merchants Limited,INE291E01019,Unknown,Unknown,EQ,2026-04-20,Unknown,0.0,0.0,0.0,0.0
1689,PAUSHAKLTD,Paushak Limited,INE111F01024,Unknown,Unknown,EQ,2025-12-01,Unknown,0.0,0.0,0.0,0.0
3528,PAUSHAK,"Paushak Ltd.,",INE449D01015,Unknown,Unknown,EQ,,Unknown,0.0,0.0,0.0,0.0
1690,PAVNAIND,Pavna Industries Limited,INE07S101038,Unknown,Unknown,EQ,2023-06-01,Unknown,0.0,0.0,0.0,0.0
7114,PAWANSUT,Pawansut Holdings Limited,INE260M01017,Unknown,Unknown,EQ,,Unknown,0.0,0.0,0.0,0.0
3346,PAZEL,PAZEL INTERNATIONAL LIMITED,INE040N01029,Unknown,Unknown,EQ,,Unknown,0.0,0.0,0.0,0.0
1741,POLICYBZR,PB Fintech Limited,INE417T01026,Unknown,Unknown,EQ,2021-11-15,Unknown,0.0,0.0,0.0,0.0
3519,PBGLOBAL,PB Global Limited,INE615W01011,Unknown,Unknown,EQ,,Unknown,0.0,0.0,0.0,0.0
6828,PBAINFRA,PBA INFRASTRUCTURE LTD.,INE160H01019,Unknown,Unknown,EQ,,Unknown,0.0,0.0,0.0,0.0
1692,PBMPOLY,PBM Polytex Limited,INE501F01018,Unknown,Unknown,EQ,2026-08-17,Unknown,0.0,0.0,0.0,0.0
1694,PCJEWELLER,PC Jeweller Limited,INE785M01021,Unknown,Unknown,EQ,2012-12-27,Unknown,0.0,0.0,0.0,0.0
1693,PCBL,PCBL Chemical Limited,INE602A01031,Unknown,Unknown,EQ,1995-03-29,Unknown,0.0,0.0,0.0,0.0
4273,PCS,PCS Technology Ltd.,INE834B01012,Unknown,Unknown,EQ,,Unknown,0.0,0.0,0.0,0.0
8552,PSPL,PDP Shipping & Projects Limited,INE0ABU01016,Unknown,Unknown,EQ,,Unknown,0.0,0.0,0.0,0.0
1696,PDSL,PDS Limited,INE111Q01021,Unknown,Unknown,EQ,2014-10-21,Unknown,0.0,0.0,0.0,0.0
4971,PEPL,Pearl Engineering Polymers Ltd.,INE843A01023,Unknown,Unknown,EQ,,Unknown,0.0,0.0,0.0,0.0
1710,PGIL,Pearl Global Industries Limited,INE940H01022,Unknown,Unknown,EQ,2007-02-15,Unknown,0.0,0.0,0.0,0.0
4497,PEARLGLO,Pearl Global Ltd.,INE787B01012,Unknown,Unknown,EQ,,Unknown,0.0,0.0,0.0,0.0
8291,PGCRL,Pearl Green Clubs and Resorts Limited,INE0GTX01019,Unknown,Unknown,EQ,,Unknown,0.0,0.0,0.0,0.0
1697,PEARLPOLY,Pearl Polymers Limited,INE844A01013,Unknown,Unknown,EQ,1995-10-11,Unknown,0.0,0.0,0.0,0.0
7519,PECOS,PECOS Hotels And Pubs Limited,INE484S01010,Unknown,Unknown,EQ,,Unknown,0.0,0.0,0.0,0.0
4729,PCCOSMA,Pee Cee Cosma Sope Ltd.,INE417E01010,Unknown,Unknown,EQ,,Unknown,0.0,0.0,0.0,0.0
6189,PEETISEC,Peeti Securities Ltd.,INE328D01011,Unknown,Unknown,EQ,,Unknown,0.0,0.0,0.0,0.0
1699,PENINLAND,Peninsula Land Limited,INE138A01028,Unknown,Unknown,BE,1995-02-08,Unknown,0.0,0.0,0.0,0.0
4084,PENNARALUM,Pennar Aluminium Co. Ltd,INE057C01018,Unknown,Unknown,EQ,,Unknown,0.0,0.0,0.0,0.0
5116,PENNA,Pennar Aqua Exports Ltd.,INE810B01012,Unknown,Unknown,EQ,,Unknown,0.0,0.0,0.0,0.0
7538,PENPEBS,Pennar Engineered Building Systems Limited,INE455O01019,Unknown,Unknown,EQ,,Unknown,0.0,0.0,0.0,0.0
1698,PENIND,Pennar Industries Limited,INE932A01024,Unknown,Unknown,EQ,2010-11-25,Unknown,0.0,0.0,0.0,0.0
5315,PENTAPH,Penta Pharmadyes Ltd.,INE195C01016,Unknown,Unknown,EQ,,Unknown,0.0,0.0,0.0,0.0
6702,PENTAGLO,Pentagon Global Solutions Ltd,INE968A01010,Unknown,Unknown,EQ,,Unknown,0.0,0.0,0.0,0.0
3119,PENTAGRAPH,Pentamedia Graphics Ltd,INE202A01022,Unknown,Unknown,EQ,,Unknown,0.0,0.0,0.0,0.0
6264,PENTASOFTTE,Pentasoft Technologies Ltd.,INE408A01017,Unknown,Unknown,EQ,,Unknown,0.0,0.0,0.0,0.0
4739,PNTKYOR,Pentokey Organy (India) Ltd.,INE702E01015,Unknown,Unknown,EQ,,Unknown,0.0,0.0,0.0,0.0
3203,PEOPLIN,Peoples Investments Ltd.,INE644U01015,Unknown,Unknown,EQ,,Unknown,0.0,0.0,0.0,0.0
4488,OCTAVE,Perfect-Octave Media Projects Ltd,INE814L01013,Unknown,Unknown,EQ,,Unknown,0.0,0.0,0.0,0.0
3456,PERCI,Perfect Circle India Ltd.,INE222D01032,Unknown,Unknown,EQ,,Unknown,0.0,0.0,0.0,0.0
4930,PERFEPA,Perfectpac Limited,INE759I01024,Unknown,Unknown,EQ,,Unknown,0.0,0.0,0.0,0.0
1700,PERMAGN,Permanent Magnets Limited,INE418E01018,Unknown,Unknown,EQ,2026-08-17,Unknown,0.0,0.0,0.0,0.0
1701,PERSISTENT,Persistent Systems Limited,INE262H01021,Unknown,Unknown,EQ,2010-04-06,Unknown,0.0,0.0,0.0,0.0
4278,PERVASIVE,Pervasive Commodities Limited,INE443P01038,Unknown,Unknown,EQ,,Unknown,0.0,0.0,0.0,0.0
4720,PETPLST,Pet Plastics Ltd.,INE704F01018,Unknown,Unknown,EQ,,Unknown,0.0,0.0,0.0,0.0
5190,PETRONENGG,Petron Engineering Construction Ltd,INE742A01019,Unknown,Unknown,EQ,,Unknown,0.0,0.0,0.0,0.0
1702,PETRONET,Petronet LNG Limited,INE347G01014,Unknown,Unknown,EQ,2004-03-26,Unknown,0.0,0.0,0.0,0.0
1704,PFIZER,Pfizer Limited,INE182A01018,Unknown,Unknown,EQ,1999-04-28,Unknown,0.0,0.0,0.0,0.0
6429,PFLINFOTC,PFL Infotech Ltd.,INE600F01018,Unknown,Unknown,EQ,,Unknown,0.0,0.0,0.0,0.0
1707,PGEL,PG Electroplast Limited,INE457L01029,Unknown,Unknown,EQ,2011-09-26,Unknown,0.0,0.0,0.0,0.0
4664,PHRMASI,Phaarmasia Limited.,INE486I01016,Unknown,Unknown,EQ,,Unknown,0.0,0.0,0.0,0.0
3530,PHARMACIAH,Pharmacia Healthcare Ltd.,INE252B01025,Unknown,Unknown,EQ,,Unknown,0.0,0.0,0.0,0.0
4792,PHARMAID,Pharmaids Pharmaceuticals Ltd.,INE117D01018,Unknown,Unknown,EQ,,Unknown,0.0,0.0,0.0,0.0
4243,PHILIPSGLDM,Philips Glass India Ltd,INE545C01012,Unknown,Unknown,EQ,,Unknown,0.0,0.0,0.0,0.0
3183,PEICO,"Philips India Limited.,",INE319A01016,Unknown,Unknown,EQ,,Unknown,0.0,0.0,0.0,0.0
1712,PHOENXINTL,Phoenix International Limited,INE245B01011,Unknown,Unknown,EQ,2026-08-17,Unknown,0.0,0.0,0.0,0.0
4302,PHOENIXLL,Phoenix Lamps Limited,INE455B01016,Unknown,Unknown,EQ,,Unknown,0.0,0.0,0.0,0.0
3689,PHOTON,Photon Capital Advisors Ltd,INE107J01016,Unknown,Unknown,EQ,,Unknown,0.0,0.0,0.0,0.0
4978,PHOTOQUP,Photoquip India Ltd.,INE813B01016,Unknown,Unknown,EQ,,Unknown,0.0,0.0,0.0,0.0
8843,PHYCHEM,Phychem Technologies Limited,INE24YP01017,Unknown,Unknown,EQ,,Unknown,0.0,0.0,0.0,0.0
1797,PWL,Physicswallah Limited,INE0LP301011,Unknown,Unknown,EQ,2025-11-18,Unknown,0.0,0.0,0.0,0.0
4850,PHYTO,Phyto Chem (India) Ltd.,INE037C01010,Unknown,Unknown,EQ,,Unknown,0.0,0.0,0.0,0.0
1716,PIIND,PI Industries Limited,INE603J01030,Unknown,Unknown,EQ,2011-06-15,Unknown,0.0,0.0,0.0,0.0
1713,PICCADIL,Piccadily Agro Industries Limited,INE546C01010,Unknown,Unknown,EQ,2025-07-02,Unknown,0.0,0.0,0.0,0.0
3583,PICCASUG,Piccadily Sugar  & Allied Ltd.,INE544C01023,Unknown,Unknown,EQ,,Unknown,0.0,0.0,0.0,0.0
6727,PICTUREHS,Picturehouse Media Limited,INE448B01029,Unknown,Unknown,EQ,,Unknown,0.0,0.0,0.0,0.0
1714,PIDILITIND,Pidilite Industries Limited,INE318A01026,Unknown,Unknown,EQ,1995-03-29,Unknown,0.0,0.0,0.0,0.0
1718,PILITA,PIL ITALICA LIFESTYLE LIMITED,INE600A01035,Unknown,Unknown,EQ,2013-10-07,Unknown,0.0,0.0,0.0,0.0
1717,PILANIINVS,Pilani Investment and Industries Corporation Limited,INE417C01014,Unknown,Unknown,EQ,2015-12-08,Unknown,0.0,0.0,0.0,0.0
7413,PINCONLIFE,Pincon Lifestyle Limited,INE115R01012,Unknown,Unknown,EQ,,Unknown,0.0,0.0,0.0,0.0
7330,PINCON,Pincon Spirit Limited,INE675G01018,Unknown,Unknown,EQ,,Unknown,0.0,0.0,0.0,0.0
3806,PINEANIM,Pine Animation Limited,INE452N01026,Unknown,Unknown,EQ,,Unknown,0.0,0.0,0.0,0.0
1719,PINELABS,Pine Labs Limited,INE15B701018,Unknown,Unknown,EQ,2025-11-14,Unknown,0.0,0.0,0.0,0.0
4419,PIONAGR,Pioneer Agro Extracts ltd.,INE062E01014,Unknown,Unknown,EQ,,Unknown,0.0,0.0,0.0,0.0
6493,PIONDIST,Pioneer Distilleries Ltd.,INE889E01010,Unknown,Unknown,EQ,,Unknown,0.0,0.0,0.0,0.0
1720,PIONEEREMB,Pioneer Embroideries Limited,INE156C01018,Unknown,Unknown,EQ,2006-05-16,Unknown,0.0,0.0,0.0,0.0
1721,PIONRINV,Pioneer Investcorp Limited,INE746D01014,Unknown,Unknown,BE,2026-04-20,Unknown,0.0,0.0,0.0,0.0
8465,PIOTEX,PIOTEX INDUSTRIES LIMITED,INE0R4W01015,Unknown,Unknown,EQ,,Unknown,0.0,0.0,0.0,0.0
7250,PIPAN,PIPAN OILS LIMITED,INE378P01036,Unknown,Unknown,EQ,,Unknown,0.0,0.0,0.0,0.0
3107,PEL,Piramal Enterprises Limited,INE140A01024,Unknown,Unknown,EQ,,Unknown,0.0,0.0,0.0,0.0
8938,NICHOLASPS,Piramal Enterprises Limited,INE140A04036,Unknown,Unknown,EQ,,Unknown,0.0,0.0,0.0,0.0
8939,NICHOPS,Piramal Enterprises Limited,INE140A04028,Unknown,Unknown,EQ,,Unknown,0.0,0.0,0.0,0.0
1722,PIRAMALFIN,Piramal Finance Limited,INE202B01038,Unknown,Unknown,EQ,2025-11-07,Unknown,0.0,0.0,0.0,0.0
6929,PIRAMGLAS,Piramal Glass Ltd,INE748E01018,Unknown,Unknown,EQ,,Unknown,0.0,0.0,0.0,0.0
3537,PIRHL,Piramal Holdings Ltd.(Delisted for Takeover-21(3A),INE144A01018,Unknown,Unknown,EQ,,Unknown,0.0,0.0,0.0,0.0
1754,PPLPHARMA,Piramal Pharma Limited,INE0DK501011,Unknown,Unknown,EQ,2022-10-19,Unknown,0.0,0.0,0.0,0.0
9127,PLPHAR-RE,PIRAMAL PHARMA LIMITED,INE0DK520011,Unknown,Unknown,EQ,,Unknown,0.0,0.0,0.0,0.0
6943,PIRPHYTO,Piramal Phytocare limited,INE122J01015,Unknown,Unknown,EQ,,Unknown,0.0,0.0,0.0,0.0
5312,PITAMBER,Pitambar Coated Papers Ltd.,INE189C01019,Unknown,Unknown,EQ,,Unknown,0.0,0.0,0.0,0.0
5275,PITHP,Pithampur Poly Products Ltd.,INE747D01012,Unknown,Unknown,EQ,,Unknown,0.0,0.0,0.0,0.0
4123,PITHMST,Pithampur Steels Ltd.,INE077H01015,Unknown,Unknown,EQ,,Unknown,0.0,0.0,0.0,0.0
1723,PITTIENG,Pitti Engineering Limited,INE450D01021,Unknown,Unknown,EQ,2007-02-02,Unknown,0.0,0.0,0.0,0.0
4019,PITFI,Pittie Finance Ltd.,INE331B01019,Unknown,Unknown,EQ,,Unknown,0.0,0.0,0.0,0.0
5427,PITTSIRON,Pittsburgh Iron and Steels Limited,INE765E01012,Unknown,Unknown,EQ,,Unknown,0.0,0.0,0.0,0.0
1724,PIXTRANS,Pix Transmissions Limited,INE751B01018,Unknown,Unknown,EQ,2022-04-28,Unknown,0.0,0.0,0.0,0.0
1726,PLASTIBLEN,Plastiblends India Limited,INE083C01022,Unknown,Unknown,EQ,2006-12-28,Unknown,0.0,0.0,0.0,0.0
6632,PLATINUM,Platinum Corporation Ltd,INE219B01024,Unknown,Unknown,EQ,,Unknown,0.0,0.0,0.0,0.0
1727,PLATIND,Platinum Industries Limited,INE0PT501018,Unknown,Unknown,EQ,2024-03-05,Unknown,0.0,0.0,0.0,0.0
8239,POBS,PlatinumOne Business Services Limited,INE0DTJ01015,Unknown,Unknown,EQ,,Unknown,0.0,0.0,0.0,0.0
1728,PLAZACABLE,Plaza Wires Limited,INE0INJ01017,Unknown,Unknown,EQ,2023-10-12,Unknown,0.0,0.0,0.0,0.0
6852,PLETHICO,Plethico Pharmaceuticals Ltd.,INE491H01018,Unknown,Unknown,EQ,,Unknown,0.0,0.0,0.0,0.0
9242,PMCFIN-RE,PMC Fincorp Limited,INE793G20019,Unknown,Unknown,EQ,,Unknown,0.0,0.0,0.0,0.0
7058,PMCFIN,PMC Fincorp Limited,INE793G01035,Unknown,Unknown,EQ,,Unknown,0.0,0.0,0.0,0.0
1731,PNBGILTS,PNB Gilts Limited,INE859A01011,Unknown,Unknown,EQ,2000-09-18,Unknown,0.0,0.0,0.0,0.0
1732,PNBHOUSING,PNB Housing Finance Limited,INE572E01012,Unknown,Unknown,EQ,2016-11-07,Unknown,0.0,0.0,0.0,0.0
9100,PNB-RE,PNB Housing Finance Limited,INE572E20012,Unknown,Unknown,EQ,,Unknown,0.0,0.0,0.0,0.0
6190,PNCCAP,PNC Capital Trust Ltd.,INE346C01015,Unknown,Unknown,EQ,,Unknown,0.0,0.0,0.0,0.0
1734,PNCINFRA,PNC Infratech Limited,INE195J01029,Unknown,Unknown,EQ,2015-05-26,Unknown,0.0,0.0,0.0,0.0
7541,PHL,Pneumatic Holdings Limited ,INE096T01010,Unknown,Unknown,EQ,,Unknown,0.0,0.0,0.0,0.0
8336,GARGI,PNGS GARGI FASHION JEWELLERY LIMITED,INE0NT601018,Unknown,Unknown,EQ,,Unknown,0.0,0.0,0.0,0.0
1736,PNGSREVA,PNGS Reva Diamond Jewellery Limited,INE1RDG01013,Unknown,Unknown,EQ,2026-03-04,Unknown,0.0,0.0,0.0,0.0
6875,POCHIRAJU,Pochiraju   Industries Limited,INE332G01032,Unknown,Unknown,EQ,,Unknown,0.0,0.0,0.0,0.0
1739,POEL,POCL Enterprises Limited,INE035S01028,Unknown,Unknown,EQ,2026-08-17,Unknown,0.0,0.0,0.0,0.0
4666,PODDARHOUS,Poddar Housing and Development Limited,INE888B01018,Unknown,Unknown,EQ,,Unknown,0.0,0.0,0.0,0.0
1738,PODDARMENT,Poddar Pigments Limited,INE371C01013,Unknown,Unknown,EQ,2016-11-22,Unknown,0.0,0.0,0.0,0.0
4865,POINTPL,Point Plast ltd.,INE494E01019,Unknown,Unknown,EQ,,Unknown,0.0,0.0,0.0,0.0
1740,POKARNA,Pokarna Limited,INE637C01025,Unknown,Unknown,EQ,2016-07-07,Unknown,0.0,0.0,0.0,0.0
3344,POLARIND,Polar Industries Ltd,INE057B01010,Unknown,Unknown,EQ,,Unknown,0.0,0.0,0.0,0.0
4627,POLARPH,Polar Pharma India Ltd.,INE145D01019,Unknown,Unknown,EQ,,Unknown,0.0,0.0,0.0,0.0
6675,POLARIS,Polaris Consulting & Services Limited,INE763A01023,Unknown,Unknown,EQ,,Unknown,0.0,0.0,0.0,0.0
5001,POLOHOT,Polo Hotels Ltd.,INE084C01012,Unknown,Unknown,EQ,,Unknown,0.0,0.0,0.0,0.0
7878,PQIF,Polo Queen Industrial and Fintech Limited ,INE689M01025,Unknown,Unknown,EQ,,Unknown,0.0,0.0,0.0,0.0
3596,POLSON,Polson Ltd.,INE339F01021,Unknown,Unknown,EQ,,Unknown,0.0,0.0,0.0,0.0
1743,POLYMED,Poly Medicure Limited,INE205C01021,Unknown,Unknown,EQ,2011-12-07,Unknown,0.0,0.0,0.0,0.0
1742,POLYCAB,Polycab India Limited,INE455K01017,Unknown,Unknown,EQ,2019-04-16,Unknown,0.0,0.0,0.0,0.0
3520,POLYCHEM,Polychem Ltd,INE752B01024,Unknown,Unknown,EQ,,Unknown,0.0,0.0,0.0,0.0
6213,POLYCON,Polycon International Ltd.,INE262C01014,Unknown,Unknown,EQ,,Unknown,0.0,0.0,0.0,0.0
4227,POLTC,Polygenta Technologies Ltd.,INE441D01020,Unknown,Unknown,EQ,,Unknown,0.0,0.0,0.0,0.0
6242,POLYLINK,Polylink Polymers (india) Ltd.,INE323D01020,Unknown,Unknown,EQ,,Unknown,0.0,0.0,0.0,0.0
7170,POLYMAC,Polymac Thermoformers Limited,INE826P01018,Unknown,Unknown,EQ,,Unknown,0.0,0.0,0.0,0.0
4862,POLYCHMP,Polymechplast Machines Ltd.,INE809B01014,Unknown,Unknown,EQ,,Unknown,0.0,0.0,0.0,0.0
1744,POLYPLEX,Polyplex Corporation Limited,INE633B01018,Unknown,Unknown,EQ,2003-04-11,Unknown,0.0,0.0,0.0,0.0
1745,POLYSPIN,Polyspin Exports Limited,INE914G01029,Unknown,Unknown,EQ,2026-08-17,Unknown,0.0,0.0,0.0,0.0
8863,POLYSPIN1,Polyspin Exports Ltd.,INE914G01011,Unknown,Unknown,EQ,,Unknown,0.0,0.0,0.0,0.0
4005,POLYTEX,Polytex India Ltd.,INE012F01016,Unknown,Unknown,EQ,,Unknown,0.0,0.0,0.0,0.0
1737,POCL,Pondy Oxides & Chemicals Limited,INE063E01061,Unknown,Unknown,EQ,2023-03-06,Unknown,0.0,0.0,0.0,0.0
1746,PONNIERODE,Ponni Sugars (Erode) Limited,INE838E01017,Unknown,Unknown,EQ,2002-04-16,Unknown,0.0,0.0,0.0,0.0
3568,PONNI,Ponni Sugars (Orissa) Ltd.,INE096D01022,Unknown,Unknown,EQ,,Unknown,0.0,0.0,0.0,0.0
8815,PPEL,POOJAA PRECISION ENGG. LIMITED,INE288301026,Unknown,Unknown,EQ,,Unknown,0.0,0.0,0.0,0.0
7881,POOJA,Poojawestern Metaliks Limited,INE973X01012,Unknown,Unknown,EQ,,Unknown,0.0,0.0,0.0,0.0
4410,POONADAL,Poona Dal And Oil Industries Ltd.,INE809E01018,Unknown,Unknown,EQ,,Unknown,0.0,0.0,0.0,0.0
1747,POONAWALLA,Poonawalla Fincorp Limited,INE511C01022,Unknown,Unknown,EQ,2004-04-27,Unknown,0.0,0.0,0.0,0.0
6555,POPEES,POPEES BABY CARE INDIA LIMITED,INE167F01018,Unknown,Unknown,EQ,,Unknown,0.0,0.0,0.0,0.0
6489,POPULARES,Popular Estate Management Ltd,INE370C01015,Unknown,Unknown,EQ,,Unknown,0.0,0.0,0.0,0.0
8502,PFL,POPULAR FOUNDATIONS LIMITED,INE0PZB01013,Unknown,Unknown,EQ,,Unknown,0.0,0.0,0.0,0.0
1796,PVSL,Popular Vehicles and Services Limited,INE772T01024,Unknown,Unknown,EQ,2024-03-19,Unknown,0.0,0.0,0.0,0.0
6925,PORWAL,PORWAL AUTO COMPONENTS LIMITED,INE386I01018,Unknown,Unknown,EQ,,Unknown,0.0,0.0,0.0,0.0
7484,PELTD,Positive Electronics Limited,INE813P01016,Unknown,Unknown,EQ,,Unknown,0.0,0.0,0.0,0.0
1715,PIGL,Power & Instrumentation (Gujarat) Limited,INE557Z01018,Unknown,Unknown,EQ,2023-05-17,Unknown,0.0,0.0,0.0,0.0
1703,PFC,Power Finance Corporation Limited,INE134E01011,Unknown,Unknown,EQ,2007-02-23,Unknown,0.0,0.0,0.0,0.0
1748,POWERGRID,Power Grid Corporation of India Limited,INE752E01010,Unknown,Unknown,EQ,2007-10-05,Unknown,0.0,0.0,0.0,0.0
1751,POWERMECH,Power Mech Projects Limited,INE211R01019,Unknown,Unknown,EQ,2015-08-26,Unknown,0.0,0.0,0.0,0.0
1749,POWERICA,Powerica Limited,INE921L01032,Unknown,Unknown,EQ,2026-04-02,Unknown,0.0,0.0,0.0,0.0
6851,POWERSOF,Powersoft Global Solutions Ltd.,INE979C01013,Unknown,Unknown,EQ,,Unknown,0.0,0.0,0.0,0.0
1752,PPAP,PPAP Automotive Limited,INE095I01015,Unknown,Unknown,BE,2008-01-11,Unknown,0.0,0.0,0.0,0.0
1755,PRABHA,Prabha Energy Limited,INE0I0M01023,Unknown,Unknown,EQ,2025-03-19,Unknown,0.0,0.0,0.0,0.0
9424,PRABHA-RE,Prabha Energy Limited,INE0I0M20015,Unknown,Unknown,EQ,,Unknown,0.0,0.0,0.0,0.0
9641,PRABHAPP,Prabha Energy Limited,IN90I0M01022,Unknown,Unknown,EQ,,Unknown,0.0,0.0,0.0,0.0
7542,PRABHAT,Prabhat Dairy Limited,INE302M01033,Unknown,Unknown,EQ,,Unknown,0.0,0.0,0.0,0.0
7704,PTIL,PRABHAT TECHNOLOGIES (INDIA) LIMITED,INE171P01019,Unknown,Unknown,EQ,,Unknown,0.0,0.0,0.0,0.0
6356,PRABHATAM,PRABHATAM INFRA VENTURE LIMITED,INE265C01025,Unknown,Unknown,EQ,,Unknown,0.0,0.0,0.0,0.0
6480,PRABHAVIN,Prabhav Industries Limited,INE538J01012,Unknown,Unknown,EQ,,Unknown,0.0,0.0,0.0,0.0
5187,PRABHHANS,PRABHHANS INDUSTRIES LIMITED,INE428P01013,Unknown,Unknown,EQ,,Unknown,0.0,0.0,0.0,0.0
3472,ZPRBHSTE,Prabhu Steel Industries Ltd.,INE821R01015,Unknown,Unknown,EQ,,Unknown,0.0,0.0,0.0,0.0
1756,PRADPME,Pradeep Metals Limited,INE770A01010,Unknown,Unknown,BE,2026-04-20,Unknown,0.0,0.0,0.0,0.0
9248,PRADH-RE,PRADHIN LIMITED,INE656B20019,Unknown,Unknown,EQ,,Unknown,0.0,0.0,0.0,0.0
5104,PRADHIN,PRADHIN LIMITED,INE656B01027,Unknown,Unknown,EQ,,Unknown,0.0,0.0,0.0,0.0
6996,PRADIP,Pradip Overseas Limited,INE495J01015,Unknown,Unknown,EQ,,Unknown,0.0,0.0,0.0,0.0
3063,PRAGBOS,Prag Bosimi Synthetics Ltd.,INE962B01011,Unknown,Unknown,EQ,,Unknown,0.0,0.0,0.0,0.0
1758,PRAJIND,Praj Industries Limited,INE074A01025,Unknown,Unknown,EQ,1995-10-11,Unknown,0.0,0.0,0.0,0.0
1757,PRAENG,Prajay Engineers Syndicate Limited,INE505C01016,Unknown,Unknown,EQ,2007-01-02,Unknown,0.0,0.0,0.0,0.0
1759,PRAKASH,Prakash Industries Limited,INE603A01013,Unknown,Unknown,EQ,1995-05-10,Unknown,0.0,0.0,0.0,0.0
4590,PRALE,Prakash Leasing Ltd.,INE816D01015,Unknown,Unknown,EQ,,Unknown,0.0,0.0,0.0,0.0
1753,PPL,Prakash Pipes Limited,INE050001010,Unknown,Unknown,BE,2019-06-14,Unknown,0.0,0.0,0.0,0.0
1760,PRAKASHSTL,Prakash Steelage Limited,INE696K01024,Unknown,Unknown,EQ,2010-08-25,Unknown,0.0,0.0,0.0,0.0
6236,PWASML,Prakash Woollen & Synthetic Mills Ltd ,INE523I01016,Unknown,Unknown,EQ,,Unknown,0.0,0.0,0.0,0.0
5513,PRAMFIN,Pramada Finvest Ltd.,INE475F01015,Unknown,Unknown,EQ,,Unknown,0.0,0.0,0.0,0.0
5445,PRANAVSP,Pranavaditya Spg Mills Ltd.,INE569D01028,Unknown,Unknown,EQ,,Unknown,0.0,0.0,0.0,0.0
8629,PRARUH,PRARUH TECHNOLOGIES LIMITED,INE0TI501017,Unknown,Unknown,EQ,,Unknown,0.0,0.0,0.0,0.0
4369,PRSNTIN,Prashant India Ltd,INE100E01012,Unknown,Unknown,EQ,,Unknown,0.0,0.0,0.0,0.0
603,DIAMONDYD,Prataap Snacks Limited,INE393P01035,Unknown,Unknown,EQ,2017-10-05,Unknown,0.0,0.0,0.0,0.0
6847,PRATIBHA,Pratibha Industries Ltd.,INE308H01022,Unknown,Unknown,EQ,,Unknown,0.0,0.0,0.0,0.0
4949,PRATIK,Pratik Panels Ltd.,INE206C01029,Unknown,Unknown,EQ,,Unknown,0.0,0.0,0.0,0.0
1761,PRAVEG,Praveg Limited,INE722B01019,Unknown,Unknown,EQ,2026-04-20,Unknown,0.0,0.0,0.0,0.0
1762,PRAXIS,Praxis Home Retail Limited,INE546Y01022,Unknown,Unknown,EQ,2018-01-31,Unknown,0.0,0.0,0.0,0.0
8990,PRAXIS-RE,Praxis Home Retail Limited ,INE546Y20014,Unknown,Unknown,EQ,,Unknown,0.0,0.0,0.0,0.0
9112,PRAXIS-RE1,Praxis Home Retail Limited ,INE546Y20022,Unknown,Unknown,EQ,,Unknown,0.0,0.0,0.0,0.0
9346,PRAXIS-RE2,Praxis Home Retail Limited ,INE546Y20030,Unknown,Unknown,EQ,,Unknown,0.0,0.0,0.0,0.0
3480,PRECTRA,Precious Trading & Invt. Ltd.,INE629R01012,Unknown,Unknown,EQ,,Unknown,0.0,0.0,0.0,0.0
1763,PRECAM,Precision Camshafts Limited,INE484I01029,Unknown,Unknown,EQ,2016-02-08,Unknown,0.0,0.0,0.0,0.0
4295,PRECISIO,Precision Electronics Ltd.,INE143C01024,Unknown,Unknown,EQ,,Unknown,0.0,0.0,0.0,0.0
4557,PRFASDM,Precision Fasteners Ltd.,INE604A01011,Unknown,Unknown,EQ,,Unknown,0.0,0.0,0.0,0.0
1765,PRECWIRE,Precision Wires India Limited,INE372C01037,Unknown,Unknown,EQ,1995-09-06,Unknown,0.0,0.0,0.0,0.0
1764,PRECOT,Precot Limited,INE283A01014,Unknown,Unknown,EQ,2005-08-19,Unknown,0.0,0.0,0.0,0.0
1766,PREMCO,Premco Global Limited,INE001E01012,Unknown,Unknown,EQ,2026-04-20,Unknown,0.0,0.0,0.0,0.0
3740,PREMCAP,Premier Capital Services Ltd.,INE946K01023,Unknown,Unknown,EQ,,Unknown,0.0,0.0,0.0,0.0
9465,PCPL,Premier Chennai Properties Limited,INE245Q01019,Unknown,Unknown,EQ,,Unknown,0.0,0.0,0.0,0.0
1769,PREMIERENE,Premier Energies Limited,INE0BS701011,Unknown,Unknown,EQ,2024-09-03,Unknown,0.0,0.0,0.0,0.0
6981,PEIL,Premier Energy and Infrastructure  Limited,INE429K01012,Unknown,Unknown,EQ,,Unknown,0.0,0.0,0.0,0.0
1767,PREMEXPLN,Premier Explosives Limited,INE863B01029,Unknown,Unknown,EQ,2016-06-17,Unknown,0.0,0.0,0.0,0.0
1768,PREMIER,Premier Limited,INE342A01018,Unknown,Unknown,BE,1996-04-03,Unknown,0.0,0.0,0.0,0.0
4063,PREMPIPES,Premier Pipes Limited,INE448N01024,Unknown,Unknown,EQ,,Unknown,0.0,0.0,0.0,0.0
1770,PREMIERPOL,Premier Polyfilm Limited,INE309M01020,Unknown,Unknown,EQ,1995-12-13,Unknown,0.0,0.0,0.0,0.0
3726,PREMSYN,Premier Synthetics Ltd.,INE940N01012,Unknown,Unknown,EQ,,Unknown,0.0,0.0,0.0,0.0
3855,PREMCAPM,Premium Capital Market & Investment,INE555D01019,Unknown,Unknown,EQ,,Unknown,0.0,0.0,0.0,0.0
9104,PRERNA-RE,Prerna Infrabuild Limited,INE426H20014,Unknown,Unknown,EQ,,Unknown,0.0,0.0,0.0,0.0
6450,PRERINFRA,Prerna Infrabuild Limited,INE426H01014,Unknown,Unknown,EQ,,Unknown,0.0,0.0,0.0,0.0
4124,PRESHAMET,Presha Metallurgical Ltd,INE908L01013,Unknown,Unknown,EQ,,Unknown,0.0,0.0,0.0,0.0
3688,PRESSMN,PRESSMAN ADVERTISING LTD,INE980A01023,Unknown,Unknown,EQ,,Unknown,0.0,0.0,0.0,0.0
5022,PRESSURS,Pressure Sensitive Systems (India),INE891E01024,Unknown,Unknown,EQ,,Unknown,0.0,0.0,0.0,0.0
1771,PRESTIGE,Prestige Estates Projects Limited,INE811K01011,Unknown,Unknown,EQ,2010-10-27,Unknown,0.0,0.0,0.0,0.0
5003,PRETLEA,Pretto Leather Industries Ltd.,INE384M01015,Unknown,Unknown,EQ,,Unknown,0.0,0.0,0.0,0.0
8241,PREVEST,Prevest Denpro Limited,INE0GAO01018,Unknown,Unknown,EQ,,Unknown,0.0,0.0,0.0,0.0
8973,PRICOL-RE,Pricol Limited,INE726V20018,Unknown,Unknown,EQ,,Unknown,0.0,0.0,0.0,0.0
1772,PRICOLLTD,Pricol Limited,INE726V01018,Unknown,Unknown,EQ,2017-02-10,Unknown,0.0,0.0,0.0,0.0
4878,PRICOL,Pricol Ltd.,INE605A01026,Unknown,Unknown,EQ,,Unknown,0.0,0.0,0.0,0.0
4393,PRIMAGR,Prima Agro Ltd.,INE297D01018,Unknown,Unknown,EQ,,Unknown,0.0,0.0,0.0,0.0
5483,PRIMAIN,Prima Industries Ltd.,INE723N01012,Unknown,Unknown,EQ,,Unknown,0.0,0.0,0.0,0.0
8822,PRIMAINNO,Prima Innovation Limited,INE13LA01027,Unknown,Unknown,EQ,,Unknown,0.0,0.0,0.0,0.0
5251,PRIMAPLA,Prima Plastics Ltd.,INE573B01016,Unknown,Unknown,EQ,,Unknown,0.0,0.0,0.0,0.0
7109,PRIMECAPM,Prime Capital Market Limited,INE748D01010,Unknown,Unknown,EQ,,Unknown,0.0,0.0,0.0,0.0
1705,PFOCUS,Prime Focus Limited,INE367G01038,Unknown,Unknown,EQ,2006-06-20,Unknown,0.0,0.0,0.0,0.0
7797,PRIMEFRESH,PRIME FRESH LIMITED,INE442V01012,Unknown,Unknown,EQ,,Unknown,0.0,0.0,0.0,0.0
4400,PRIMIND,Prime Industries Ltd.,INE543F01028,Unknown,Unknown,EQ,,Unknown,0.0,0.0,0.0,0.0
4743,PRIMEPT,Prime Petro Products Ltd.,INE189F01012,Unknown,Unknown,EQ,,Unknown,0.0,0.0,0.0,0.0
5278,PRIMEPRO,Prime Property Development Corporation Ltd.,INE233C01023,Unknown,Unknown,EQ,,Unknown,0.0,0.0,0.0,0.0
1773,PRIMESECU,Prime Securities Limited,INE032B01021,Unknown,Unknown,EQ,2005-06-17,Unknown,0.0,0.0,0.0,0.0
4505,PRIMEURB,Prime Urban Development India Ltd,INE419E01024,Unknown,Unknown,EQ,,Unknown,0.0,0.0,0.0,0.0
1774,PRIMO,Primo Chemicals Limited,INE607A01022,Unknown,Unknown,EQ,2025-04-22,Unknown,0.0,0.0,0.0,0.0
1775,PRINCEPIPE,Prince Pipes And Fittings Limited,INE689W01016,Unknown,Unknown,EQ,2019-12-30,Unknown,0.0,0.0,0.0,0.0
1776,PRIORITY,Priority Jewels Limited,INE15EH01014,Unknown,Unknown,BE,2026-09-04,Unknown,0.0,0.0,0.0,0.0
6414,PRISMFN,Prism Finance Ltd.,INE429Q01019,Unknown,Unknown,EQ,,Unknown,0.0,0.0,0.0,0.0
3432,PRISMINFO,PRISM INFORMATICS LTD.,INE389J01028,Unknown,Unknown,EQ,,Unknown,0.0,0.0,0.0,0.0
1784,PRSMJOHNSN,Prism Johnson Limited,INE010A01011,Unknown,Unknown,EQ,2003-08-20,Unknown,0.0,0.0,0.0,0.0
3940,PRISMMEDI,Prism Medico and Pharmacy Ltd.,INE730E01016,Unknown,Unknown,EQ,,Unknown,0.0,0.0,0.0,0.0
1777,PRISMX,Prismx Global Ventures Limited,INE286N01028,Unknown,Unknown,EQ,2026-08-17,Unknown,0.0,0.0,0.0,0.0
9571,PRISMXPP,PRISMX GLOBAL VENTURES LIMITED,IN9286N01018,Unknown,Unknown,EQ,,Unknown,0.0,0.0,0.0,0.0
9022,PRISMX-RE,PRISMX GLOBAL VENTURES LIMITED,INE286N20010,Unknown,Unknown,EQ,,Unknown,0.0,0.0,0.0,0.0
6387,PRITHVIEXCH,Prithvi Exchange (India) Limited,INE621B01021,Unknown,Unknown,EQ,,Unknown,0.0,0.0,0.0,0.0
6827,PRITHVI,Prithvi Information Solutions Ltd.,INE700C01013,Unknown,Unknown,EQ,,Unknown,0.0,0.0,0.0,0.0
1778,PRITI,Priti International Limited,INE974Z01015,Unknown,Unknown,BE,2022-03-02,Unknown,0.0,0.0,0.0,0.0
1779,PRITIKAUTO,Pritika Auto Industries Limited,INE583R01029,Unknown,Unknown,BE,2021-08-10,Unknown,0.0,0.0,0.0,0.0
9476,PRITIKAST,Pritika Autocast Limited,INE070R01019,Unknown,Unknown,EQ,,Unknown,0.0,0.0,0.0,0.0
1733,PNC,Pritish Nandy Communications Limited,INE392B01011,Unknown,Unknown,EQ,2000-12-11,Unknown,0.0,0.0,0.0,0.0
1780,PRIVISCL,Privi Speciality Chemicals Limited,INE959A01019,Unknown,Unknown,EQ,2015-05-08,Unknown,0.0,0.0,0.0,0.0
4795,PRIYALT,Priya Limited.,INE686C01014,Unknown,Unknown,EQ,,Unknown,0.0,0.0,0.0,0.0
3318,PRIYADSP,Priyadarshini Spinning Mills Ltd.,INE165C01019,Unknown,Unknown,EQ,,Unknown,0.0,0.0,0.0,0.0
7872,PROCLB,PRO CLB GLOBAL LIMITED,INE438C01010,Unknown,Unknown,EQ,,Unknown,0.0,0.0,0.0,0.0
9266,PROFIN-RE,Pro Fin Capital Services Ltd,INE732K20019,Unknown,Unknown,EQ,,Unknown,0.0,0.0,0.0,0.0
3830,PROFINC,Pro Fin Capital Services Ltd,INE732K01027,Unknown,Unknown,EQ,,Unknown,0.0,0.0,0.0,0.0
3914,PROAIMENT,Proaim Enterprises Limited,INE490J01032,Unknown,Unknown,EQ,,Unknown,0.0,0.0,0.0,0.0
4858,PROCAL,Procal Electronics India Ltd,INE700B01015,Unknown,Unknown,EQ,,Unknown,0.0,0.0,0.0,0.0
1709,PGHL,Procter & Gamble Health Limited,INE199A01012,Unknown,Unknown,EQ,1996-04-24,Unknown,0.0,0.0,0.0,0.0
1708,PGHH,Procter & Gamble Hygiene and Health Care Limited,INE179A01014,Unknown,Unknown,EQ,2004-07-07,Unknown,0.0,0.0,0.0,0.0
8688,PRODOCS,PRODOCS SOLUTIONS LIMITED,INE10XK01019,Unknown,Unknown,EQ,,Unknown,0.0,0.0,0.0,0.0
5495,PROGREXV,PROGREX VENTURES LIMITED,INE421E01012,Unknown,Unknown,EQ,,Unknown,0.0,0.0,0.0,0.0
6547,PROLINSO,Proline Software & Finance Ltd,INE303B01018,Unknown,Unknown,EQ,,Unknown,0.0,0.0,0.0,0.0
4951,PROMACT,Promact Plastics Limited,INE818D01011,Unknown,Unknown,EQ,,Unknown,0.0,0.0,0.0,0.0
8246,PROMAX,Promax Power Limited,INE0I2F01015,Unknown,Unknown,EQ,,Unknown,0.0,0.0,0.0,0.0
8359,PCL,PROSPECT CONSUMER PRODUCTS LIMITED,INE0OKG01017,Unknown,Unknown,EQ,,Unknown,0.0,0.0,0.0,0.0
1781,PROSTARM,Prostarm Info Systems Limited,INE0BX301013,Unknown,Unknown,EQ,2025-06-03,Unknown,0.0,0.0,0.0,0.0
4727,PROTCHEM,Protchem Industries (India) Ltd.,INE819D01019,Unknown,Unknown,EQ,,Unknown,0.0,0.0,0.0,0.0
1782,PROTEAN,Protean eGov Technologies Limited,INE004A01022,Unknown,Unknown,EQ,2025-02-06,Unknown,0.0,0.0,0.0,0.0
5099,PROTODEV,Proto Developers & Technologies Ltd,INE749D01026,Unknown,Unknown,EQ,,Unknown,0.0,0.0,0.0,0.0
6815,PROVOGE,Provogue (India) Ltd.,INE968G01033,Unknown,Unknown,EQ,,Unknown,0.0,0.0,0.0,0.0
1783,PROZONER,Prozone Realty Limited,INE195N01013,Unknown,Unknown,EQ,2012-09-12,Unknown,0.0,0.0,0.0,0.0
1785,PRUDENT,Prudent Corporate Advisory Services Limited,INE00F201020,Unknown,Unknown,EQ,2022-05-20,Unknown,0.0,0.0,0.0,0.0
6252,PRSBS,Prudential Stock Broking Services L,INE049D01013,Unknown,Unknown,EQ,,Unknown,0.0,0.0,0.0,0.0
1786,PRUDMOULI,Prudential Sugar Corporation Limited,INE024D01016,Unknown,Unknown,BE,1995-05-10,Unknown,0.0,0.0,0.0,0.0
3423,PSITINFRA,PS IT Infrastructure & Services Limited,INE953M01033,Unknown,Unknown,EQ,,Unknown,0.0,0.0,0.0,0.0
6662,PSI,PSI Data Systems Ltd.,INE299A01010,Unknown,Unknown,EQ,,Unknown,0.0,0.0,0.0,0.0
5029,PSL,PSL Limited,INE474B01017,Unknown,Unknown,EQ,,Unknown,0.0,0.0,0.0,0.0
1788,PSPPROJECT,PSP Projects Limited,INE488V01015,Unknown,Unknown,EQ,2017-05-29,Unknown,0.0,0.0,0.0,0.0
1706,PFS,PTC India Financial Services Limited,INE560K01014,Unknown,Unknown,EQ,2011-03-30,Unknown,0.0,0.0,0.0,0.0
1789,PTC,PTC India Limited,INE877F01012,Unknown,Unknown,EQ,2004-04-07,Unknown,0.0,0.0,0.0,0.0
1790,PTCIL,PTC Industries Limited,INE596F01018,Unknown,Unknown,EQ,2023-06-09,Unknown,0.0,0.0,0.0,0.0
9044,PTCIN-RE,PTC Industries Ltd.,INE596F20018,Unknown,Unknown,EQ,,Unknown,0.0,0.0,0.0,0.0
1791,PTL,PTL Enterprises Limited,INE034D01049,Unknown,Unknown,EQ,2007-01-29,Unknown,0.0,0.0,0.0,0.0
1695,PDMJEPAPER,Pudumjee Paper Products Limited,INE865T01018,Unknown,Unknown,EQ,2016-03-30,Unknown,0.0,0.0,0.0,0.0
9394,PULSRIN-RE,Pulsar International Limited,INE183U20014,Unknown,Unknown,EQ,,Unknown,0.0,0.0,0.0,0.0
4026,PULSRIN,Pulsar International Limited,INE183U01022,Unknown,Unknown,EQ,,Unknown,0.0,0.0,0.0,0.0
4001,PUNCTRD,Punctual Trading Ltd.,INE07NX01019,Unknown,Unknown,EQ,,Unknown,0.0,0.0,0.0,0.0
8447,PESB,Pune E - Stock Broking Limited,INE510U01018,Unknown,Unknown,EQ,,Unknown,0.0,0.0,0.0,0.0
6837,PUNJLLOYD,Punj LLoyd Ltd,INE701B01021,Unknown,Unknown,EQ,,Unknown,0.0,0.0,0.0,0.0
1787,PSB,Punjab & Sind Bank,INE608A01012,Unknown,Unknown,EQ,2010-12-30,Unknown,0.0,0.0,0.0,0.0
3343,PUALIDM,"Punjab Anand Lamp Industries Ltd.,",INE276B01016,Unknown,Unknown,EQ,,Unknown,0.0,0.0,0.0,0.0
1792,PUNJABCHEM,Punjab Chemicals & Crop Protection Limited,INE277B01014,Unknown,Unknown,EQ,2007-03-08,Unknown,0.0,0.0,0.0,0.0
3122,PUNJCOMMU,Punjab Communications Limited,INE609A01010,Unknown,Unknown,EQ,,Unknown,0.0,0.0,0.0,0.0
1730,PNB,Punjab National Bank,INE160A01022,Unknown,Unknown,EQ,2002-04-24,Unknown,0.0,0.0,0.0,0.0
3121,PUNJABTRAC,Punjab Tractors Ltd.,INE170A01013,Unknown,Unknown,EQ,,Unknown,0.0,0.0,0.0,0.0
3123,PUNWRDM,"Punjab Wireless Systems Limited.,",INE181A01010,Unknown,Unknown,EQ,,Unknown,0.0,0.0,0.0,0.0
3727,PUNWOOLC,Punjab Woolcombers Ltd.,INE556C01019,Unknown,Unknown,EQ,,Unknown,0.0,0.0,0.0,0.0
4267,PUNSUMI,Punsumi India Ltd.,INE045C01013,Unknown,Unknown,EQ,,Unknown,0.0,0.0,0.0,0.0
1793,PURVA,Puravankara Limited,INE323I01011,Unknown,Unknown,EQ,2007-08-30,Unknown,0.0,0.0,0.0,0.0
5101,PURETROP,PURETROP FRUITS LIMITED,INE795D01011,Unknown,Unknown,EQ,,Unknown,0.0,0.0,0.0,0.0
4625,PURITY,Purity Flex Pack Ltd,INE898O01010,Unknown,Unknown,EQ,,Unknown,0.0,0.0,0.0,0.0
7411,PUROHITCON,Purohit Construction Limited,INE147J01012,Unknown,Unknown,EQ,,Unknown,0.0,0.0,0.0,0.0
7736,PURPLE,PURPLE AGROTECH INDUSTRIES LIMITED,INE905R01016,Unknown,Unknown,EQ,,Unknown,0.0,0.0,0.0,0.0
9233,PURFIN-RE,Purple Finance Limited,INE0CYK20015,Unknown,Unknown,EQ,,Unknown,0.0,0.0,0.0,0.0
8473,PURPLEFIN,Purple Finance Limited,INE0CYK01015,Unknown,Unknown,EQ,,Unknown,0.0,0.0,0.0,0.0
9312,PURFIN-RE1,Purple Finance Limited,INE0CYK20023,Unknown,Unknown,EQ,,Unknown,0.0,0.0,0.0,0.0
8842,PERNIASPOP,PURPLE STYLE LABS LIMITED,INE0I1B01016,Unknown,Unknown,EQ,,Unknown,0.0,0.0,0.0,0.0
8679,PURPLEWAVE,PURPLE WAVE INFOCOM LIMITED,INE0VDK01019,Unknown,Unknown,EQ,,Unknown,0.0,0.0,0.0,0.0
7290,PURSHOTTAM,Purshottam Investofin Limited,INE729C01020,Unknown,Unknown,EQ,,Unknown,0.0,0.0,0.0,0.0
1794,PVP,PVP Ventures Limited,INE362A01016,Unknown,Unknown,EQ,1996-04-03,Unknown,0.0,0.0,0.0,0.0
1795,PVRINOX,PVR INOX Limited,INE191H01014,Unknown,Unknown,EQ,2006-01-04,Unknown,0.0,0.0,0.0,0.0
8961,PVRINOX-RE,PVR INOX LIMITED,INE191H20014,Unknown,Unknown,EQ,,Unknown,0.0,0.0,0.0,0.0
9638,PVVIPP,PVV Infra Limited,IN9428B01029,Unknown,Unknown,EQ,,Unknown,0.0,0.0,0.0,0.0
9407,PVVIN-RE,PVV Infra Limited,INE428B20013,Unknown,Unknown,EQ,,Unknown,0.0,0.0,0.0,0.0
7131,PVVINFRA,PVV Infra Limited,INE428B01021,Unknown,Unknown,EQ,,Unknown,0.0,0.0,0.0,0.0
6871,PSTL,PYRAMID SAIMIRA THEATRE LTD.,INE165H01018,Unknown,Unknown,EQ,,Unknown,0.0,0.0,0.0,0.0
1798,PYRAMID,Pyramid Technoplast Limited,INE0MIS01010,Unknown,Unknown,EQ,2023-08-29,Unknown,0.0,0.0,0.0,0.0
7061,PYXISFIN,Pyxis Finvest Limited,INE883L01018,Unknown,Unknown,EQ,,Unknown,0.0,0.0,0.0,0.0
8829,QTFOODS,Q&T FOODS LIMITED,INE13G401012,Unknown,Unknown,EQ,,Unknown,0.0,0.0,0.0,0.0
7289,QGO,QGO FINANCE LIMITED,INE837C01013,Unknown,Unknown,EQ,,Unknown,0.0,0.0,0.0,0.0
1799,QMSMEDI,QMS Medical Allied Services Limited,INE0FMW01018,Unknown,Unknown,BE,2026-06-18,Unknown,0.0,0.0,0.0,0.0
3477,QPRO,Qpro Infotech Ltd.,INE824F01014,Unknown,Unknown,EQ,,Unknown,0.0,0.0,0.0,0.0
1801,QUADFUTURE,Quadrant Future Tek Limited,INE0LRY01011,Unknown,Unknown,EQ,2025-01-14,Unknown,0.0,0.0,0.0,0.0
3759,QUADRANT,Quadrant Televentures Limited,INE527B01020,Unknown,Unknown,EQ,,Unknown,0.0,0.0,0.0,0.0
8431,QLL,Qualitek Labs Limited,INE0Q1R01012,Unknown,Unknown,EQ,,Unknown,0.0,0.0,0.0,0.0
1800,QPOWER,Quality Power Electrical Equipments Limited,INE0SII01026,Unknown,Unknown,EQ,2025-02-24,Unknown,0.0,0.0,0.0,0.0
8267,QRIL,Quality RO Industries Limited,INE0KAF01018,Unknown,Unknown,EQ,,Unknown,0.0,0.0,0.0,0.0
8885,QNIFTY,Quantum Asset Management Co. Pvt. Ltd.,INF082J01499,Unknown,Unknown,EQ,,Unknown,0.0,0.0,0.0,0.0
5166,QUANTDIA,Quantum Digital Vision (India) Ltd.,INE373C01019,Unknown,Unknown,EQ,,Unknown,0.0,0.0,0.0,0.0
9260,QUASAR-RE,Quasar India Limited,INE855P20017,Unknown,Unknown,EQ,,Unknown,0.0,0.0,0.0,0.0
7239,QUASAR,Quasar India Limited,INE855P01041,Unknown,Unknown,EQ,,Unknown,0.0,0.0,0.0,0.0
1802,QUESS,Quess Corp Limited,INE615P01015,Unknown,Unknown,EQ,2016-07-12,Unknown,0.0,0.0,0.0,0.0
3014,QUESTCAP,QUEST CAPITAL MARKETS LIMITED,INE418C01012,Unknown,Unknown,EQ,,Unknown,0.0,0.0,0.0,0.0
7692,QFSL,Quest Financial Services Ltd.,INE064D01012,Unknown,Unknown,EQ,,Unknown,0.0,0.0,0.0,0.0
8403,QUESTFLOW,QUEST FLOW CONTROLS LIMITED,INE0OYE01013,Unknown,Unknown,EQ,,Unknown,0.0,0.0,0.0,0.0
1803,QUICKHEAL,Quick Heal Technologies Limited,INE306L01010,Unknown,Unknown,BE,2016-02-18,Unknown,0.0,0.0,0.0,0.0
1804,QUINT,Quint Digital Limited,INE641R01017,Unknown,Unknown,EQ,2026-04-20,Unknown,0.0,0.0,0.0,0.0
9073,QUINT-RE,Quint Digital Limited,INE641R20017,Unknown,Unknown,EQ,,Unknown,0.0,0.0,0.0,0.0
9457,QUINT-RE1,Quint Digital Limited,INE641R20025,Unknown,Unknown,EQ,,Unknown,0.0,0.0,0.0,0.0
6681,QUINTEGRA,Quintegra Solutions Ltd.,INE033B01011,Unknown,Unknown,EQ,,Unknown,0.0,0.0,0.0,0.0
7125,RJBIOTECH,R J BIO-TECH LIMITED,INE594O01015,Unknown,Unknown,EQ,,Unknown,0.0,0.0,0.0,0.0
1879,RKSWAMY,R K Swamy Limited,INE0NQ801033,Unknown,Unknown,EQ,2024-03-12,Unknown,0.0,0.0,0.0,0.0
1881,RMDRIP,R M Drip and Sprinklers Systems Limited,INE219Y01026,Unknown,Unknown,BE,2025-07-30,Unknown,0.0,0.0,0.0,0.0
1902,RRKABEL,R R Kabel Limited,INE777K01022,Unknown,Unknown,EQ,2023-09-20,Unknown,0.0,0.0,0.0,0.0
1907,RSYSTEMS,R Systems International Limited,INE411H01032,Unknown,Unknown,EQ,2006-04-26,Unknown,0.0,0.0,0.0,0.0
1883,RNBDENIMS,R&B Denims Limited,INE012Q01039,Unknown,Unknown,EQ,2025-09-04,Unknown,0.0,0.0,0.0,0.0
1905,RSSOFTWARE,R. S. Software (India) Limited,INE165B01029,Unknown,Unknown,EQ,1999-05-19,Unknown,0.0,0.0,0.0,0.0
3728,RJSHAH,R.J. Shah & Co. Ltd.,INE712Z01019,Unknown,Unknown,EQ,,Unknown,0.0,0.0,0.0,0.0
1896,RPPINFRA,R.P.P. Infra Projects Limited,INE324L01013,Unknown,Unknown,EQ,2010-12-06,Unknown,0.0,0.0,0.0,0.0
3843,RRFIN,R.R.Financial Consultants Ltd.,INE229D01011,Unknown,Unknown,EQ,,Unknown,0.0,0.0,0.0,0.0
5353,RRSECUR,R.R.Securities Ltd.,INE474H01014,Unknown,Unknown,EQ,,Unknown,0.0,0.0,0.0,0.0
6396,RSCORP,R.S Corporation Ltd.,INE246G01018,Unknown,Unknown,EQ,,Unknown,0.0,0.0,0.0,0.0
4777,RAAJMEDI,Raaj Medisafe India Limited,INE548H01015,Unknown,Unknown,EQ,,Unknown,0.0,0.0,0.0,0.0
5231,RAJMI,Raajratna Metal Industries Ltd.,INE182B01016,Unknown,Unknown,EQ,,Unknown,0.0,0.0,0.0,0.0
7253,RAAMA,RAAMA FINANCE LIMITED,INE516P01015,Unknown,Unknown,EQ,,Unknown,0.0,0.0,0.0,0.0
3124,RASIC,"Raasi Cement Ltd.,",INE231A01013,Unknown,Unknown,EQ,,Unknown,0.0,0.0,0.0,0.0
3245,RASSIREF,Raasi Refractories Limited.,INE858D01017,Unknown,Unknown,EQ,,Unknown,0.0,0.0,0.0,0.0
1805,RACE,Race Eco Chain Limited,INE084Q01012,Unknown,Unknown,EQ,2023-05-09,Unknown,0.0,0.0,0.0,0.0
8612,RACHIT,Rachit Prints Limited,INE0ZN101029,Unknown,Unknown,EQ,,Unknown,0.0,0.0,0.0,0.0
1806,RACLGEAR,RACL Geartech Limited,INE704B01017,Unknown,Unknown,EQ,2024-11-27,Unknown,0.0,0.0,0.0,0.0
8021,RACONTEUR,RACONTEUR GLOBAL RESOURCES LIMITED,INE00WY01013,Unknown,Unknown,EQ,,Unknown,0.0,0.0,0.0,0.0
1807,RADAAN,Radaan Mediaworks India Limited,INE874F01027,Unknown,Unknown,EQ,2003-02-27,Unknown,0.0,0.0,0.0,0.0
5242,RADGLOBAL,Radford Global Limited,INE783M01026,Unknown,Unknown,EQ,,Unknown,0.0,0.0,0.0,0.0
6836,RMCL,Radha Madhav Corporation Ltd.,INE172H01014,Unknown,Unknown,EQ,,Unknown,0.0,0.0,0.0,0.0
7632,RCL,Radhagobind Commercial Limited,INE792P01020,Unknown,Unknown,EQ,,Unknown,0.0,0.0,0.0,0.0
5500,RADHEDE,Radhe Developers (India) ltd.,INE986B01044,Unknown,Unknown,EQ,,Unknown,0.0,0.0,0.0,0.0
1808,RADHIKAJWE,Radhika Jeweltech Limited,INE583V01021,Unknown,Unknown,EQ,2022-07-18,Unknown,0.0,0.0,0.0,0.0
4529,RADHIKAS,Radhika Spinning Mills Ltd.,INE938B01011,Unknown,Unknown,EQ,,Unknown,0.0,0.0,0.0,0.0
1809,RADIANTCMS,Radiant Cash Management Services Limited,INE855R01021,Unknown,Unknown,EQ,2023-01-04,Unknown,0.0,0.0,0.0,0.0
6285,RADRO,Radiant Rotogravure Ltd.,INE864C01017,Unknown,Unknown,EQ,,Unknown,0.0,0.0,0.0,0.0
3785,RADKHFI,Radico Khaitan Finance Ltd.,INE146D01017,Unknown,Unknown,EQ,,Unknown,0.0,0.0,0.0,0.0
1810,RADICO,Radico Khaitan Limited,INE944F01028,Unknown,Unknown,EQ,2003-06-18,Unknown,0.0,0.0,0.0,0.0
6672,RADKHDM,"Radico Khaitan Ltd.,",INE381B01014,Unknown,Unknown,EQ,,Unknown,0.0,0.0,0.0,0.0
6224,RADIXIND,Radix Industries (India) Limited,INE576N01014,Unknown,Unknown,EQ,,Unknown,0.0,0.0,0.0,0.0
4940,RAGHAVIN,Raghav Industries Ltd,INE492C01017,Unknown,Unknown,EQ,,Unknown,0.0,0.0,0.0,0.0
1893,RPEL,Raghav Productivity Enhancers Limited,INE912T01018,Unknown,Unknown,EQ,2024-08-08,Unknown,0.0,0.0,0.0,0.0
6346,RAGHAVAEPL,Raghava Estates and Properties Ltd,INE348J01016,Unknown,Unknown,EQ,,Unknown,0.0,0.0,0.0,0.0
5031,RAGHUNAT,Raghunath International Ltd.,INE753B01014,Unknown,Unknown,EQ,,Unknown,0.0,0.0,0.0,0.0
6302,RAGHUTOB,Raghunath Tobacco Co. Ltd.,INE754B01012,Unknown,Unknown,EQ,,Unknown,0.0,0.0,0.0,0.0
7382,RAFL,Raghuvansh Agrofarms Limited,INE865P01016,Unknown,Unknown,EQ,,Unknown,0.0,0.0,0.0,0.0
4191,RAGHUSYN,Raghuvir Synthetics Ltd.,INE969C01022,Unknown,Unknown,EQ,,Unknown,0.0,0.0,0.0,0.0
7772,RAIDEEPIND,Raideep Industries Limited,INE923R01019,Unknown,Unknown,EQ,,Unknown,0.0,0.0,0.0,0.0
1921,RVNL,Rail Vikas Nigam Limited,INE415G01027,Unknown,Unknown,EQ,2019-04-11,Unknown,0.0,0.0,0.0,0.0
1812,RAILTEL,Railtel Corporation Of India Limited,INE0DD101019,Unknown,Unknown,EQ,2021-02-26,Unknown,0.0,0.0,0.0,0.0
6645,RAINCALCIN,Rain Calcining Ltd.,INE329A01015,Unknown,Unknown,EQ,,Unknown,0.0,0.0,0.0,0.0
1813,RAIN,Rain Industries Limited,INE855B01025,Unknown,Unknown,EQ,2008-03-03,Unknown,0.0,0.0,0.0,0.0
1814,RAINBOW,Rainbow Childrens Medicare Limited,INE961O01016,Unknown,Unknown,EQ,2022-05-10,Unknown,0.0,0.0,0.0,0.0
6764,RAINBOWDQ,Rainbow Denim Ltd.,INE820D01025,Unknown,Unknown,EQ,,Unknown,0.0,0.0,0.0,0.0
9025,RAINBOWF-RE,Rainbow Foundations Ltd,INE230F20014,Unknown,Unknown,EQ,,Unknown,0.0,0.0,0.0,0.0
6392,RAINBOWF,Rainbow Foundations Ltd,INE230F01014,Unknown,Unknown,EQ,,Unknown,0.0,0.0,0.0,0.0
4652,RAINBOWPAP,Rainbow Papers Ltd.,INE028D01025,Unknown,Unknown,EQ,,Unknown,0.0,0.0,0.0,0.0
4085,RAIPF,Raj Irrigation Pipes & Fittings Ltd,INE649D01010,Unknown,Unknown,EQ,,Unknown,0.0,0.0,0.0,0.0
1887,ROML,Raj Oil Mills Limited,INE294G01026,Unknown,Unknown,EQ,2020-10-06,Unknown,0.0,0.0,0.0,0.0
9090,ROML-RE,RAJ OIL MILLS LIMITED,INE294G20018,Unknown,Unknown,EQ,,Unknown,0.0,0.0,0.0,0.0
5106,RAJPACK,Raj Packaging Industries Ltd.,INE639C01013,Unknown,Unknown,EQ,,Unknown,0.0,0.0,0.0,0.0
1820,RAJRILTD,Raj Rayon Industries Limited,INE533D01032,Unknown,Unknown,BE,2022-03-16,Unknown,0.0,0.0,0.0,0.0
1822,RAJTV,Raj Television Network Limited,INE952H01027,Unknown,Unknown,EQ,2007-03-16,Unknown,0.0,0.0,0.0,0.0
3280,RAJABAH,Raja Bahadur International Ltd,INE491N01016,Unknown,Unknown,EQ,,Unknown,0.0,0.0,0.0,0.0
9075,RAJAPAL-RE,Rajapalayam Mills Limited,INE296E20026,Unknown,Unknown,EQ,,Unknown,0.0,0.0,0.0,0.0
1818,RAJPALAYAM,Rajapalayam Mills Limited,INE296E01026,Unknown,Unknown,EQ,2026-04-20,Unknown,0.0,0.0,0.0,0.0
8979,RAJAPLM-RE,Rajapalayam Mills Limited,INE296E20018,Unknown,Unknown,EQ,,Unknown,0.0,0.0,0.0,0.0
7303,RCCL,Rajasthan Cylinders & Containers Limited,INE929D01016,Unknown,Unknown,EQ,,Unknown,0.0,0.0,0.0,0.0
3552,RAJSPTR,Rajasthan Petro Synthetics Ltd.,INE374C01017,Unknown,Unknown,EQ,,Unknown,0.0,0.0,0.0,0.0
4149,RAJPOLY,Rajasthan Polyesters Ltd.,INE702B01011,Unknown,Unknown,EQ,,Unknown,0.0,0.0,0.0,0.0
5046,RAJSEC,RAJASTHAN SECURITIES LIMITED,INE184D01026,Unknown,Unknown,EQ,,Unknown,0.0,0.0,0.0,0.0
5154,RAJTUBE,Rajasthan Tube Mfg. Co,INE497E01020,Unknown,Unknown,EQ,,Unknown,0.0,0.0,0.0,0.0
192,ARENTERP,Rajdarshan Industries Limited,INE610C01014,Unknown,Unknown,EQ,1995-10-18,Unknown,0.0,0.0,0.0,0.0
4583,RAJDHNIL,Rajdhani Leasing & Ind. Ltd.,INE608D01016,Unknown,Unknown,EQ,,Unknown,0.0,0.0,0.0,0.0
5034,RACCL,RAJENDRA CATERERS & CONFECTIONERS LIMITED,INE151O01014,Unknown,Unknown,EQ,,Unknown,0.0,0.0,0.0,0.0
1815,RAJESHEXPO,Rajesh Exports Limited,INE343B01030,Unknown,Unknown,BZ,2000-02-09,Unknown,0.0,0.0,0.0,0.0
8512,RAJESH,RAJESH POWER SERVICES LIMITED ,INE0VN801010,Unknown,Unknown,EQ,,Unknown,0.0,0.0,0.0,0.0
4439,RAJSOLV,Rajesh Solvex Ltd.,INE893E01012,Unknown,Unknown,EQ,,Unknown,0.0,0.0,0.0,0.0
8222,RCAN,Rajeshwari Cans Limited,INE0CQ101015,Unknown,Unknown,EQ,,Unknown,0.0,0.0,0.0,0.0
5032,RAJINFRA,Rajeswari Infrastructure Limited,INE016C01014,Unknown,Unknown,EQ,,Unknown,0.0,0.0,0.0,0.0
4145,RAJKSYN,Rajkamal Synthetics Ltd.,INE376L01013,Unknown,Unknown,EQ,,Unknown,0.0,0.0,0.0,0.0
7591,RAJKOTINV,Rajkot Investment Trust Limited,INE176R01014,Unknown,Unknown,EQ,,Unknown,0.0,0.0,0.0,0.0
3967,RAJLXIN,Rajlaxmi Industries Ltd.,INE400O01023,Unknown,Unknown,EQ,,Unknown,0.0,0.0,0.0,0.0
8769,RFIL,Rajnandini Fashion India Limited,INE1GM501015,Unknown,Unknown,EQ,,Unknown,0.0,0.0,0.0,0.0
1816,RAJMET,Rajnandini Metal Limited,INE00KV01022,Unknown,Unknown,EQ,2021-02-16,Unknown,0.0,0.0,0.0,0.0
5235,RRETAIL,RAJNISH RETAIL LIMITED,INE786J01033,Unknown,Unknown,EQ,,Unknown,0.0,0.0,0.0,0.0
9330,RAJNI-RE,Rajnish Wellness Limited,INE685Z20017,Unknown,Unknown,EQ,,Unknown,0.0,0.0,0.0,0.0
8006,RAJNISH,Rajnish Wellness Limited,INE685Z01033,Unknown,Unknown,EQ,,Unknown,0.0,0.0,0.0,0.0
1817,RAJOOENG,Rajoo Engineers Limited,INE535F01024,Unknown,Unknown,BE,2025-05-29,Unknown,0.0,0.0,0.0,0.0
7440,RAJPUTANA,Rajputana Investment and Finance Ltd.,INE751R01014,Unknown,Unknown,EQ,,Unknown,0.0,0.0,0.0,0.0
1904,RSL,Rajputana Stainless Limited,INE313L01016,Unknown,Unknown,EQ,2026-03-19,Unknown,0.0,0.0,0.0,0.0
1819,RAJRATAN,Rajratan Global Wire Limited,INE451D01029,Unknown,Unknown,EQ,2020-05-22,Unknown,0.0,0.0,0.0,0.0
4214,RAJRS,Rajratan Synthetics Ltd.,INE522C01011,Unknown,Unknown,EQ,,Unknown,0.0,0.0,0.0,0.0
3986,RAJSAN,Rajsanket Realty Limited,INE314F01016,Unknown,Unknown,EQ,,Unknown,0.0,0.0,0.0,0.0
1897,RPPL,Rajshree Polypack Limited,INE760W01023,Unknown,Unknown,BE,2021-11-26,Unknown,0.0,0.0,0.0,0.0
1821,RAJSREESUG,Rajshree Sugars & Chemicals Limited,INE562B01019,Unknown,Unknown,EQ,1995-03-29,Unknown,0.0,0.0,0.0,0.0
3771,RAJVI,RAJVI LOGITRADE LIMITED,INE381N01019,Unknown,Unknown,EQ,,Unknown,0.0,0.0,0.0,0.0
6823,RAJVIR,Rajvir Industries Limited,INE011H01014,Unknown,Unknown,EQ,,Unknown,0.0,0.0,0.0,0.0
1823,RALLIS,Rallis India Limited,INE613A01020,Unknown,Unknown,EQ,1999-04-01,Unknown,0.0,0.0,0.0,0.0
7083,RMCHEM,Ram Minerals And Chemicals Limited,INE174N01026,Unknown,Unknown,EQ,,Unknown,0.0,0.0,0.0,0.0
1832,RAMRAT,Ram Ratna Wires Limited,INE207E01023,Unknown,Unknown,EQ,2022-07-29,Unknown,0.0,0.0,0.0,0.0
3125,RAMAPPR-B,Rama Paper Mills Limited,INE425E01013,Unknown,Unknown,EQ,,Unknown,0.0,0.0,0.0,0.0
3126,RAMAPETRO,Rama Petrochemicals Ltd,INE783A01013,Unknown,Unknown,EQ,,Unknown,0.0,0.0,0.0,0.0
1825,RAMAPHO,Rama Phosphates Limited,INE809A01032,Unknown,Unknown,EQ,2022-08-05,Unknown,0.0,0.0,0.0,0.0
1826,RAMASTEEL,Rama Steel Tubes Limited,INE230R01035,Unknown,Unknown,BE,2015-08-19,Unknown,0.0,0.0,0.0,0.0
4619,RAMAVISION,Rama Vision Ltd,INE763B01013,Unknown,Unknown,EQ,,Unknown,0.0,0.0,0.0,0.0
4241,RAMASIGNS,Ramasigns Industries Limited,INE650D01026,Unknown,Unknown,EQ,,Unknown,0.0,0.0,0.0,0.0
1829,RAMCOIND,Ramco Industries Limited,INE614A01028,Unknown,Unknown,EQ,1996-11-06,Unknown,0.0,0.0,0.0,0.0
6772,RAMCOSUP,Ramco Super Leathers Ltd.,INE108F01012,Unknown,Unknown,EQ,,Unknown,0.0,0.0,0.0,0.0
1830,RAMCOSYS,Ramco Systems Limited,INE246B01019,Unknown,Unknown,EQ,2000-04-12,Unknown,0.0,0.0,0.0,0.0
9512,RAMCOSYPP,Ramco Systems Ltd,IN9246B01017,Unknown,Unknown,EQ,,Unknown,0.0,0.0,0.0,0.0
4170,RAMGOPOLY,Ramgopal Polytex Ltd,INE410D01017,Unknown,Unknown,EQ,,Unknown,0.0,0.0,0.0,0.0
5362,RAMINFO,RAMINFO LIMITED,INE357B01022,Unknown,Unknown,EQ,,Unknown,0.0,0.0,0.0,0.0
4133,JMTAUTOLTD,RAMKRISHNA CASTING SOLUTIONS LIMITED,INE988E01036,Unknown,Unknown,EQ,,Unknown,0.0,0.0,0.0,0.0
1878,RKFORGE,Ramkrishna Forgings Limited,INE399G01023,Unknown,Unknown,EQ,2004-05-05,Unknown,0.0,0.0,0.0,0.0
1831,RAMKY,Ramky Infrastructure Limited,INE874I01013,Unknown,Unknown,EQ,2010-10-08,Unknown,0.0,0.0,0.0,0.0
6834,RAMSARUP,Ramsarup Industries Ltd.,INE005D01015,Unknown,Unknown,EQ,,Unknown,0.0,0.0,0.0,0.0
5356,RAMSONS,Ramsons Projects Ltd.,INE609D01014,Unknown,Unknown,EQ,,Unknown,0.0,0.0,0.0,0.0
1833,RANASUG,Rana Sugars Limited,INE625B01014,Unknown,Unknown,EQ,2005-02-24,Unknown,0.0,0.0,0.0,0.0
3127,RANBAXY,Ranbaxy Laboratories Ltd.,INE015A01028,Unknown,Unknown,EQ,,Unknown,0.0,0.0,0.0,0.0
5476,RANDER,Rander Corporation Ltd.,INE821D01031,Unknown,Unknown,EQ,,Unknown,0.0,0.0,0.0,0.0
1882,RML,Rane (Madras) Limited,INE050H01012,Unknown,Unknown,EQ,2005-08-30,Unknown,0.0,0.0,0.0,0.0
6947,RBL,Rane Brake Lining Limited,INE244J01017,Unknown,Unknown,EQ,,Unknown,0.0,0.0,0.0,0.0
6711,RANEBRAKE,Rane Brake Linings Ltd.,INE413A01017,Unknown,Unknown,EQ,,Unknown,0.0,0.0,0.0,0.0
4875,RANCC,Rane Computers Consultancy Ltd,INE749C01010,Unknown,Unknown,EQ,,Unknown,0.0,0.0,0.0,0.0
6948,RANEENGINE,Rane Engine Valve Limited,INE222J01013,Unknown,Unknown,EQ,,Unknown,0.0,0.0,0.0,0.0
6781,RANENGIN,Rane Engine Valves Ltd.,INE385A01017,Unknown,Unknown,EQ,,Unknown,0.0,0.0,0.0,0.0
1834,RANEHOLDIN,Rane Holdings Limited,INE384A01010,Unknown,Unknown,EQ,1997-09-24,Unknown,0.0,0.0,0.0,0.0
8045,RANJEET,Ranjeet Mechatronics Limited,INE01A501027,Unknown,Unknown,EQ,,Unknown,0.0,0.0,0.0,0.0
4143,RANJEEV,Ranjeev Alloys Ltd.,INE478F01019,Unknown,Unknown,EQ,,Unknown,0.0,0.0,0.0,0.0
6312,RANJITSE,Ranjit Securities Ltd.,INE863D01017,Unknown,Unknown,EQ,,Unknown,0.0,0.0,0.0,0.0
8867,RANKLIN,Ranklin Solutions Ltd.,INE619C01015,Unknown,Unknown,EQ,,Unknown,0.0,0.0,0.0,0.0
6651,RANSISOF,Ransi Softwares India Ltd,INE247B01017,Unknown,Unknown,EQ,,Unknown,0.0,0.0,0.0,0.0
6318,RAP,RAP CORP LIMITED,INE483D01014,Unknown,Unknown,EQ,,Unknown,0.0,0.0,0.0,0.0
3128,RAPICUT,Rapicut Carbides Ltd.,INE350D01015,Unknown,Unknown,EQ,,Unknown,0.0,0.0,0.0,0.0
9230,RAPINV-RE,Rapid Investments Ltd.,INE154M20012,Unknown,Unknown,EQ,,Unknown,0.0,0.0,0.0,0.0
3214,RAPIDIN,Rapid Investments Ltd.,INE154M01012,Unknown,Unknown,EQ,,Unknown,0.0,0.0,0.0,0.0
8494,RAPID,RAPID MULTIMODAL LOGISTICS LIMITED,INE0QA901010,Unknown,Unknown,EQ,,Unknown,0.0,0.0,0.0,0.0
4692,RASEXTR,Ras Extrusions Ltd.,INE014F01020,Unknown,Unknown,EQ,,Unknown,0.0,0.0,0.0,0.0
3129,RASPRO,Ras Propack Lamipack Ltd,INE279B01028,Unknown,Unknown,EQ,,Unknown,0.0,0.0,0.0,0.0
3634,RASRESOR,Ras Resorts & Apart Hotels Ltd.,INE651D01016,Unknown,Unknown,EQ,,Unknown,0.0,0.0,0.0,0.0
4561,RASANDIK,Rasandik Engg. Industries India Ltd,INE682D01011,Unknown,Unknown,EQ,,Unknown,0.0,0.0,0.0,0.0
6600,RASHELAG,Rashel Agrotech Ltd.,INE029D01015,Unknown,Unknown,EQ,,Unknown,0.0,0.0,0.0,0.0
1899,RPTECH,Rashi Peripherals Limited,INE0J1F01024,Unknown,Unknown,EQ,2024-02-14,Unknown,0.0,0.0,0.0,0.0
1844,RCF,Rashtriya Chemicals and Fertilizers Limited,INE027A01015,Unknown,Unknown,EQ,1998-01-07,Unknown,0.0,0.0,0.0,0.0
5477,RASIELEC,Rasi Electrodes Ltd.,INE822D01021,Unknown,Unknown,EQ,,Unknown,0.0,0.0,0.0,0.0
3597,RASOI,Rasoi Ltd.,INE349E01023,Unknown,Unknown,EQ,,Unknown,0.0,0.0,0.0,0.0
6282,RASOYPR,Rasoya Proteins Ltd.,INE904G01038,Unknown,Unknown,EQ,,Unknown,0.0,0.0,0.0,0.0
3981,RATANGLI,RATAN GLITTER INDUSTRIES LTD.,INE348E01017,Unknown,Unknown,EQ,,Unknown,0.0,0.0,0.0,0.0
1835,RATEGAIN,Rategain Travel Technologies Limited,INE0CLI01024,Unknown,Unknown,EQ,2021-12-17,Unknown,0.0,0.0,0.0,0.0
6922,RATHIBAR,RATHI BARS LIMITED,INE575I01016,Unknown,Unknown,EQ,,Unknown,0.0,0.0,0.0,0.0
4806,RATHIGRA,Rathi Graphics Technologies ltd.,INE886C01010,Unknown,Unknown,EQ,,Unknown,0.0,0.0,0.0,0.0
3390,RATHISPA,Rathi Ispat Ltd.,INE235D01018,Unknown,Unknown,EQ,,Unknown,0.0,0.0,0.0,0.0
3391,RATHIST,Rathi Steel & Power Ltd,INE336C01016,Unknown,Unknown,EQ,,Unknown,0.0,0.0,0.0,0.0
6209,RATNABAL,Ratnabali Capital Markets ltd.,INE050D01011,Unknown,Unknown,EQ,,Unknown,0.0,0.0,0.0,0.0
7913,RATNABHUMI,Ratnabhumi Developers Limited,INE821Y01011,Unknown,Unknown,EQ,,Unknown,0.0,0.0,0.0,0.0
5151,RATNAKAR,RATNAKAR SECURITIES LIMITED,INE820B01029,Unknown,Unknown,EQ,,Unknown,0.0,0.0,0.0,0.0
3598,RATNAMAGRO,Ratnamani Agro Industries Limited,INE679N01016,Unknown,Unknown,EQ,,Unknown,0.0,0.0,0.0,0.0
1836,RATNAMANI,Ratnamani Metals & Tubes Limited,INE703B01027,Unknown,Unknown,EQ,2006-05-09,Unknown,0.0,0.0,0.0,0.0
1837,RATNAVEER,Ratnaveer Precision Engineering Limited,INE05CZ01011,Unknown,Unknown,EQ,2023-09-11,Unknown,0.0,0.0,0.0,0.0
9458,RATNA-RE,Ratnaveer Precision Engineering Limited,INE05CZ20011,Unknown,Unknown,EQ,,Unknown,0.0,0.0,0.0,0.0
4425,RATVA,Rattan Vanaspati ltd.,INE330C01019,Unknown,Unknown,EQ,,Unknown,0.0,0.0,0.0,0.0
1908,RTNINDIA,RattanIndia Enterprises Limited,INE834M01019,Unknown,Unknown,EQ,2012-07-30,Unknown,0.0,0.0,0.0,0.0
1909,RTNPOWER,RattanIndia Power Limited,INE399K01017,Unknown,Unknown,EQ,2009-10-30,Unknown,0.0,0.0,0.0,0.0
7191,RAUNAQ,RAUNAQ INTERNATIONAL LIMITED,INE523K01012,Unknown,Unknown,EQ,,Unknown,0.0,0.0,0.0,0.0
8681,RAVEL,Ravelcare Limited,INE0W4D01018,Unknown,Unknown,EQ,,Unknown,0.0,0.0,0.0,0.0
1876,RKDL,Ravi Kumar Distilleries Limited,INE722J01012,Unknown,Unknown,EQ,2010-12-27,Unknown,0.0,0.0,0.0,0.0
4877,RALEGRA,Ravileela Granites Limited,INE427E01027,Unknown,Unknown,EQ,,Unknown,0.0,0.0,0.0,0.0
1920,RVHL,Ravinder Heights Limited,INE09E501017,Unknown,Unknown,EQ,2020-12-18,Unknown,0.0,0.0,0.0,0.0
1857,RELTD,Ravindra Energy Limited,INE206N01018,Unknown,Unknown,EQ,2024-07-30,Unknown,0.0,0.0,0.0,0.0
9445,RELTD-RE,RAVINDRA ENERGY LIMITED,INE206N20018,Unknown,Unknown,EQ,,Unknown,0.0,0.0,0.0,0.0
8009,RAWEDGE,Raw Edge Industrial Solutions Limited,INE960Z01014,Unknown,Unknown,EQ,,Unknown,0.0,0.0,0.0,0.0
3002,RAYBAN,Rayban Sun Optics India Ltd.,INE854A01012,Unknown,Unknown,EQ,,Unknown,0.0,0.0,0.0,0.0
1839,RAYMONDLSL,Raymond Lifestyle Limited,INE02ID01020,Unknown,Unknown,EQ,2024-09-05,Unknown,0.0,0.0,0.0,0.0
1838,RAYMOND,Raymond Limited,INE301A01014,Unknown,Unknown,EQ,1995-10-18,Unknown,0.0,0.0,0.0,0.0
1840,RAYMONDREL,Raymond Realty Limited,INE1SY401010,Unknown,Unknown,EQ,2025-07-01,Unknown,0.0,0.0,0.0,0.0
1842,RBLBANK,RBL Bank Limited,INE976G01028,Unknown,Unknown,EQ,2016-08-31,Unknown,0.0,0.0,0.0,0.0
1843,RBZJEWEL,RBZ Jewellers Limited,INE0PEQ01016,Unknown,Unknown,EQ,2023-12-27,Unknown,0.0,0.0,0.0,0.0
6462,RCCEMEN,RCC Cements Ltd,INE335N01015,Unknown,Unknown,EQ,,Unknown,0.0,0.0,0.0,0.0
5355,RCLFOODS,RCL Foods Limited,INE008F01014,Unknown,Unknown,EQ,,Unknown,0.0,0.0,0.0,0.0
7019,RDBIPL,RDB INFRASTRUCTURE AND POWER LIMITED,INE245L01028,Unknown,Unknown,EQ,,Unknown,0.0,0.0,0.0,0.0
7053,RDBRL,RDB Rasayans Limited,INE123M01017,Unknown,Unknown,EQ,,Unknown,0.0,0.0,0.0,0.0
1900,RRECL,RDB Real Estate Constructions Limited,INE0AK901016,Unknown,Unknown,EQ,2026-08-17,Unknown,0.0,0.0,0.0,0.0
5091,REALECO,REAL ECO-ENERGY LIMITED,INE055E01034,Unknown,Unknown,EQ,,Unknown,0.0,0.0,0.0,0.0
7638,RGCORP,REAL GROWTH CORPORATION LIMITED,INE836D01013,Unknown,Unknown,EQ,,Unknown,0.0,0.0,0.0,0.0
4112,REALSTR,Real Strips Ltd.,INE183B01014,Unknown,Unknown,EQ,,Unknown,0.0,0.0,0.0,0.0
7283,RTFL,Real Touch Finance Limited,INE840I01014,Unknown,Unknown,EQ,,Unknown,0.0,0.0,0.0,0.0
3131,REVAP,Real Value Appliances Ltd,INE980C01011,Unknown,Unknown,EQ,,Unknown,0.0,0.0,0.0,0.0
1846,RECLTD,REC Limited,INE020B01018,Unknown,Unknown,EQ,2008-03-12,Unknown,0.0,0.0,0.0,0.0
3191,RCKBEDM,Reckitt Benckiser (India) Ltd.,INE274A01013,Unknown,Unknown,EQ,,Unknown,0.0,0.0,0.0,0.0
8757,RECODE,RECODE STUDIOS LIMITED,INE2B6701015,Unknown,Unknown,EQ,,Unknown,0.0,0.0,0.0,0.0
9508,RECRONSYN,Recron Synthetics Ltd.,IN9616A01013,Unknown,Unknown,EQ,,Unknown,0.0,0.0,0.0,0.0
3130,RECRON,Recron Synthetics Ltd.,INE616A01023,Unknown,Unknown,EQ,,Unknown,0.0,0.0,0.0,0.0
1847,REDINGTON,Redington Limited,INE891D01026,Unknown,Unknown,EQ,2007-02-15,Unknown,0.0,0.0,0.0,0.0
1848,REDTAPE,Redtape Limited,INE0LXT01019,Unknown,Unknown,EQ,2023-08-11,Unknown,0.0,0.0,0.0,0.0
8319,REETECH,REETECH INTERNATIONAL LIMITED,INE0MKO01015,Unknown,Unknown,EQ,,Unknown,0.0,0.0,0.0,0.0
1849,REFEX,Refex Industries Limited,INE056I01025,Unknown,Unknown,EQ,2009-12-03,Unknown,0.0,0.0,0.0,0.0
8962,REFEX-RE,Refex Industries Limited,INE056I20017,Unknown,Unknown,EQ,,Unknown,0.0,0.0,0.0,0.0
5492,REFEXRENEW,Refex Renewables & Infrastructure Limited,INE332F01018,Unknown,Unknown,EQ,,Unknown,0.0,0.0,0.0,0.0
5324,REFNOL,Refnol Resins & Chemicals Ltd.,INE428C01011,Unknown,Unknown,EQ,,Unknown,0.0,0.0,0.0,0.0
1850,REGAAL,Regaal Resources Limited,INE0MHO01029,Unknown,Unknown,EQ,2025-08-20,Unknown,0.0,0.0,0.0,0.0
9430,REGAL-RE,Regal Entertainment & Consultants Ltd.,INE101E20010,Unknown,Unknown,EQ,,Unknown,0.0,0.0,0.0,0.0
5389,REGAL,Regal Entertainment & Consultants Ltd.,INE101E01010,Unknown,Unknown,EQ,,Unknown,0.0,0.0,0.0,0.0
5321,REGALIAA,REGALIAA REALTY LTD.,INE098H01011,Unknown,Unknown,EQ,,Unknown,0.0,0.0,0.0,0.0
4319,REGANTO,REGANTO ENTERPRISES LIMITED,INE043B01028,Unknown,Unknown,EQ,,Unknown,0.0,0.0,0.0,0.0
1851,REGENCERAM,Regency Ceramics Limited,INE277C01012,Unknown,Unknown,EQ,1996-06-05,Unknown,0.0,0.0,0.0,0.0
7739,REGENCY,REGENCY FINCORP LIMITED,INE964R01013,Unknown,Unknown,EQ,,Unknown,0.0,0.0,0.0,0.0
4923,RGNYMIS,Regency Hospital Ltd.,INE581K01010,Unknown,Unknown,EQ,,Unknown,0.0,0.0,0.0,0.0
4033,REGENTRP,Regent Enterprises Limited,INE769D01016,Unknown,Unknown,EQ,,Unknown,0.0,0.0,0.0,0.0
8203,REGIS,REGIS INDUSTRIES LIMITED,INE745R01024,Unknown,Unknown,EQ,,Unknown,0.0,0.0,0.0,0.0
6626,REIAGROLTD,Rei Agro Ltd.,INE385B01031,Unknown,Unknown,EQ,,Unknown,0.0,0.0,0.0,0.0
6971,REISIXTEN,REI Six Ten Retail Limited,INE849J01021,Unknown,Unknown,EQ,,Unknown,0.0,0.0,0.0,0.0
3459,REILELEC,REIL Electricals India Limited,INE814K01015,Unknown,Unknown,EQ,,Unknown,0.0,0.0,0.0,0.0
4871,VINRKLB,Rekvina Laboratories Ltd,INE092O01028,Unknown,Unknown,EQ,,Unknown,0.0,0.0,0.0,0.0
1852,RELAXO,Relaxo Footwears Limited,INE131B01039,Unknown,Unknown,EQ,2011-06-17,Unknown,0.0,0.0,0.0,0.0
1854,RELIABLE,Reliable Data Services Limited,INE375Y01018,Unknown,Unknown,EQ,2024-07-10,Unknown,0.0,0.0,0.0,0.0
6636,RELIABVEN,Reliable Ventures India Ltd,INE419H01019,Unknown,Unknown,EQ,,Unknown,0.0,0.0,0.0,0.0
6986,RBN,Reliance Broadcast Network Limited,INE445K01018,Unknown,Unknown,EQ,,Unknown,0.0,0.0,0.0,0.0
3034,RELCAPITAL,Reliance Capital Limited,INE013A01015,Unknown,Unknown,EQ,,Unknown,0.0,0.0,0.0,0.0
6841,RCAPVL,Reliance Capital Ventures Limited,INE331H01016,Unknown,Unknown,EQ,,Unknown,0.0,0.0,0.0,0.0
1853,RELCHEMQ,Reliance Chemotex Industries Limited,INE750D01016,Unknown,Unknown,EQ,2022-05-25,Unknown,0.0,0.0,0.0,0.0
1845,RCOM,Reliance Communications Limited,INE330H01018,Unknown,Unknown,BE,2006-03-06,Unknown,0.0,0.0,0.0,0.0
6842,RENVL,Reliance Energy Ventures Limited,INE329H01010,Unknown,Unknown,EQ,,Unknown,0.0,0.0,0.0,0.0
1867,RHFL,Reliance Home Finance Limited,INE217K01011,Unknown,Unknown,BZ,2017-09-22,Unknown,0.0,0.0,0.0,0.0
1871,RIIL,Reliance Industrial Infrastructure Limited,INE046A01015,Unknown,Unknown,EQ,1995-11-29,Unknown,0.0,0.0,0.0,0.0
1,RELIANCE,Reliance Industries Limited,INE002A01018,Unknown,Unknown,EQ,1995-11-29,Unknown,0.0,0.0,0.0,0.0
8957,RELIANCELR,Reliance Industries Ltd,INE002A20018,Unknown,Unknown,EQ,,Unknown,0.0,0.0,0.0,0.0
9552,RELIANCEPP,Reliance Industries Ltd,IN9002A01032,Unknown,Unknown,EQ,,Unknown,0.0,0.0,0.0,0.0
1856,RELINFRA,Reliance Infrastructure Limited,INE036A01016,Unknown,Unknown,BE,1995-02-08,Unknown,0.0,0.0,0.0,0.0
6749,RELMEDIA,Reliance MediaWorks Limited,INE540B01015,Unknown,Unknown,EQ,,Unknown,0.0,0.0,0.0,0.0
8883,PSUBNKBEES,Reliance Mutual Fund-Permitted,INF204KB16I7,Unknown,Unknown,EQ,,Unknown,0.0,0.0,0.0,0.0
8884,SHARIABEES,Reliance Mutual Fund-Permitted,INF732E01128,Unknown,Unknown,EQ,,Unknown,0.0,0.0,0.0,0.0
8881,BANKBEES,Reliance Mutual Fund-Permitted,INF204KB15I9,Unknown,Unknown,EQ,,Unknown,0.0,0.0,0.0,0.0
8880,JUNIORBEES,Reliance Mutual Fund-Permitted,INF732E01045,Unknown,Unknown,EQ,,Unknown,0.0,0.0,0.0,0.0
8888,HNGSNGBEES,Reliance Mutual Fund-Permitted,INF204KB19I1,Unknown,Unknown,EQ,,Unknown,0.0,0.0,0.0,0.0
8879,NIFTYBEES,Reliance Mutual Fund-Permitted,INF204KB14I2,Unknown,Unknown,EQ,,Unknown,0.0,0.0,0.0,0.0
6844,RNRL,Reliance Natural Resources Limited,INE328H01012,Unknown,Unknown,EQ,,Unknown,0.0,0.0,0.0,0.0
6853,RPL,Reliance Petroleum Limited,INE475H01011,Unknown,Unknown,EQ,,Unknown,0.0,0.0,0.0,0.0
3132,REPETDM,Reliance Petroleum Ltd.,INE014A01013,Unknown,Unknown,EQ,,Unknown,0.0,0.0,0.0,0.0
1895,RPOWER,Reliance Power Limited,INE614G01033,Unknown,Unknown,EQ,2008-02-11,Unknown,0.0,0.0,0.0,0.0
3870,RELICTEC,Relic Technologies Ltd.,INE452B01013,Unknown,Unknown,EQ,,Unknown,0.0,0.0,0.0,0.0
7647,RELICAB,Relicab Cable Manufacturing Limited,INE773T01014,Unknown,Unknown,EQ,,Unknown,0.0,0.0,0.0,0.0
1855,RELIGARE,Religare Enterprises Limited,INE621H01010,Unknown,Unknown,EQ,2007-11-21,Unknown,0.0,0.0,0.0,0.0
5260,RELIGLOBE,Religare Technova Global Solutions Limited,INE603B01029,Unknown,Unknown,EQ,,Unknown,0.0,0.0,0.0,0.0
7808,RELSTRUCT,Relstruct Buildcon Limited,INE792V01010,Unknown,Unknown,EQ,,Unknown,0.0,0.0,0.0,0.0
4042,REMIEDEL,Remi Edelstahl Tubulars Limited,INE158G01015,Unknown,Unknown,EQ,,Unknown,0.0,0.0,0.0,0.0
4007,REMIELEK,Remi Elektrotechnik Limited,INE512H01011,Unknown,Unknown,EQ,,Unknown,0.0,0.0,0.0,0.0
3441,REMIPRO,Remi Process Plant & Machinery Ltd,INE513H01019,Unknown,Unknown,EQ,,Unknown,0.0,0.0,0.0,0.0
3354,REMISIN,Remi Sales & Engineering Ltd.,INE130I01010,Unknown,Unknown,EQ,,Unknown,0.0,0.0,0.0,0.0
3766,REMITR,Remi Securities Ltd.,INE592J01019,Unknown,Unknown,EQ,,Unknown,0.0,0.0,0.0,0.0
1858,REMSONSIND,Remsons Industries Limited,INE474C01023,Unknown,Unknown,EQ,1996-01-31,Unknown,0.0,0.0,0.0,0.0
1865,RGL,Renaissance Global Limited,INE722H01024,Unknown,Unknown,EQ,2007-12-12,Unknown,0.0,0.0,0.0,0.0
1860,REPCOHOME,Repco Home Finance Limited,INE612J01015,Unknown,Unknown,EQ,2013-04-01,Unknown,0.0,0.0,0.0,0.0
8594,REPONO,REPONO LIMITED,INE15WN01014,Unknown,Unknown,EQ,,Unknown,0.0,0.0,0.0,0.0
1862,REPRO,Repro India Limited,INE461B01014,Unknown,Unknown,EQ,2005-12-22,Unknown,0.0,0.0,0.0,0.0
8357,RESGEN,RESGEN LIMITED,INE0NYN01016,Unknown,Unknown,EQ,,Unknown,0.0,0.0,0.0,0.0
4740,RESONANCE,Resonance Specialties Limited,INE486D01017,Unknown,Unknown,EQ,,Unknown,0.0,0.0,0.0,0.0
8493,RAL,Resourceful Automobile Limited,INE0SK201011,Unknown,Unknown,EQ,,Unknown,0.0,0.0,0.0,0.0
7214,RESPONSINF,Response Informatics Limited,INE401B01010,Unknown,Unknown,EQ,,Unknown,0.0,0.0,0.0,0.0
1863,RESPONIND,Responsive Industries Limited,INE688D01026,Unknown,Unknown,EQ,2010-10-29,Unknown,0.0,0.0,0.0,0.0
1841,RBA,Restaurant Brands Asia Limited,INE07T201019,Unknown,Unknown,EQ,2020-12-14,Unknown,0.0,0.0,0.0,0.0
4237,RESTILE,Restile Ceramics Ltd.,INE298E01022,Unknown,Unknown,EQ,,Unknown,0.0,0.0,0.0,0.0
6965,RMMIL,Resurgere Mines & Minerals India Limited,INE774I01031,Unknown,Unknown,EQ,,Unknown,0.0,0.0,0.0,0.0
8559,RETAGGIO,Retaggio Industries Limited,INE0KWJ01014,Unknown,Unknown,EQ,,Unknown,0.0,0.0,0.0,0.0
8372,RETINA,Retina Paints Limited,INE0NTC01019,Unknown,Unknown,EQ,,Unknown,0.0,0.0,0.0,0.0
4381,RGRL,Retro Green Revolution Limited,INE601N01010,Unknown,Unknown,EQ,,Unknown,0.0,0.0,0.0,0.0
1922,RVTH,Revathi Equipment India Limited,INE0DAB01012,Unknown,Unknown,EQ,2024-09-11,Unknown,0.0,0.0,0.0,0.0
4778,REVAMEDIA,REVATI MEDIA LIMITED,INE270D01015,Unknown,Unknown,EQ,,Unknown,0.0,0.0,0.0,0.0
8342,REXSEAL,Rex Sealing and Packing Industries Limited,INE0MFT01014,Unknown,Unknown,EQ,,Unknown,0.0,0.0,0.0,0.0
6500,REXNORD,Rexnord Electronics & Controls Ltd.,INE687C01012,Unknown,Unknown,EQ,,Unknown,0.0,0.0,0.0,0.0
6355,RFLINT,RFL International Ltd.,INE701D01035,Unknown,Unknown,EQ,,Unknown,0.0,0.0,0.0,0.0
7631,RGF,RGF Capital Markets Limited,INE684D01025,Unknown,Unknown,EQ,,Unknown,0.0,0.0,0.0,0.0
1866,RHETAN,Rhetan TMT Limited,INE0KKN01029,Unknown,Unknown,EQ,2025-09-26,Unknown,0.0,0.0,0.0,0.0
1868,RHIM,RHI MAGNESITA INDIA LIMITED,INE743M01012,Unknown,Unknown,EQ,2012-03-12,Unknown,0.0,0.0,0.0,0.0
3500,RHODIA,Rhodia Specialty Chemicals India Ltd.,INE255B01010,Unknown,Unknown,EQ,,Unknown,0.0,0.0,0.0,0.0
3527,RHONPDM,Rhone-Poulence (India) Ltd.,INE223A01010,Unknown,Unknown,EQ,,Unknown,0.0,0.0,0.0,0.0
6544,RIBATEX,Riba Textiles Ltd.,INE811H01017,Unknown,Unknown,EQ,,Unknown,0.0,0.0,0.0,0.0
6348,RICHF,Rich Gold Finance And Securities Lt,INE885D01010,Unknown,Unknown,EQ,,Unknown,0.0,0.0,0.0,0.0
5163,RICHUNV,Rich Universe Network Ltd,INE652D01014,Unknown,Unknown,EQ,,Unknown,0.0,0.0,0.0,0.0
6863,RICHAIND,Richa Industries Limited,INE516H01012,Unknown,Unknown,EQ,,Unknown,0.0,0.0,0.0,0.0
7572,RFSL,Richfield Financial Services Ltd.,INE201C01012,Unknown,Unknown,EQ,,Unknown,0.0,0.0,0.0,0.0
9468,RICHWAY,Richway International Trade Limited,INE591Q01016,Unknown,Unknown,EQ,,Unknown,0.0,0.0,0.0,0.0
1870,RICOAUTO,Rico Auto Industries Limited,INE209B01025,Unknown,Unknown,EQ,2003-05-12,Unknown,0.0,0.0,0.0,0.0
4341,RICOHQ,Ricoh India Ltd.,INE291B01015,Unknown,Unknown,EQ,,Unknown,0.0,0.0,0.0,0.0
7829,RIDDHICORP,Riddhi Corporate Services Limited,INE325X01015,Unknown,Unknown,EQ,,Unknown,0.0,0.0,0.0,0.0
8686,RDEL,Riddhi Display Equipments Limited,INE1DKT01011,Unknown,Unknown,EQ,,Unknown,0.0,0.0,0.0,0.0
4774,RIDDHI,Riddhi Siddhi Gluco Biols Ltd,INE249D01019,Unknown,Unknown,EQ,,Unknown,0.0,0.0,0.0,0.0
7714,RSTL,Riddhi Steel and Tube Limited,INE367U01013,Unknown,Unknown,EQ,,Unknown,0.0,0.0,0.0,0.0
3356,RIDHISYN,Ridhi Synthetics Ltd.,INE07LK01010,Unknown,Unknown,EQ,,Unknown,0.0,0.0,0.0,0.0
9009,RIDHISYN-RE,Ridhi Synthetics Ltd.,INE07LK20010,Unknown,Unknown,EQ,,Unknown,0.0,0.0,0.0,0.0
7977,RIDINGS,Ridings Consulting Engineers India Limited,INE314Z01014,Unknown,Unknown,EQ,,Unknown,0.0,0.0,0.0,0.0
3585,RIGASUG,Riga Sugar Company Ltd.,INE909C01010,Unknown,Unknown,EQ,,Unknown,0.0,0.0,0.0,0.0
8531,RIKHAV,Rikhav Securities Limited,INE0CFH01028,Unknown,Unknown,EQ,,Unknown,0.0,0.0,0.0,0.0
4586,RINKIPET,Rinki Petrochemicals & Industries L,INE726B01010,Unknown,Unknown,EQ,,Unknown,0.0,0.0,0.0,0.0
1872,RIR,RIR Power Electronics Limited,INE302D01024,Unknown,Unknown,EQ,2026-07-16,Unknown,0.0,0.0,0.0,0.0
5153,RISAINTL,Risa International Limited,INE001O01029,Unknown,Unknown,EQ,,Unknown,0.0,0.0,0.0,0.0
5470,RISHABFIN,Rishab Financial Services Ltd,INE346D01013,Unknown,Unknown,EQ,,Unknown,0.0,0.0,0.0,0.0
6295,RISHDIGA,Rishabh Digha Steel And Allied Prod,INE864D01015,Unknown,Unknown,EQ,,Unknown,0.0,0.0,0.0,0.0
1873,RISHABH,Rishabh Instruments Limited,INE0N2P01017,Unknown,Unknown,EQ,2023-09-11,Unknown,0.0,0.0,0.0,0.0
6975,RDEVCAB,RISHABHDEV TECHNOCABLE LIMITED,INE685F01019,Unknown,Unknown,EQ,,Unknown,0.0,0.0,0.0,0.0
5042,RISHILASE,Rishi Laser  Ltd.,INE988D01012,Unknown,Unknown,EQ,,Unknown,0.0,0.0,0.0,0.0
4582,RISHITECH,Rishi Techtex Limited,INE989D01010,Unknown,Unknown,EQ,,Unknown,0.0,0.0,0.0,0.0
4950,RISHIROOP,Rishiroop Limited,INE582D01013,Unknown,Unknown,EQ,,Unknown,0.0,0.0,0.0,0.0
4671,RISHIRUB,Rishiroop Rubber (International) Lt,INE887C01018,Unknown,Unknown,EQ,,Unknown,0.0,0.0,0.0,0.0
8217,RFLL,RITA FINANCE AND LEASING LIMITED,INE018S01016,Unknown,Unknown,EQ,,Unknown,0.0,0.0,0.0,0.0
1874,RITCO,Ritco Logistics Limited,INE01EG01016,Unknown,Unknown,EQ,2022-04-12,Unknown,0.0,0.0,0.0,0.0
1875,RITES,RITES Limited,INE320J01015,Unknown,Unknown,EQ,2018-07-02,Unknown,0.0,0.0,0.0,0.0
4374,RITESHIN,Ritesh International Ltd,INE534D01014,Unknown,Unknown,EQ,,Unknown,0.0,0.0,0.0,0.0
7930,RITHWIKFMS,Rithwik Facility Management Services Limited,INE819Y01015,Unknown,Unknown,EQ,,Unknown,0.0,0.0,0.0,0.0
5122,RIVERDAL,Riverdale Foods Ltd.,INE300E01018,Unknown,Unknown,EQ,,Unknown,0.0,0.0,0.0,0.0
8791,RIYAASAT,Riyaasat Lifestyle Limited,INE0KYI01012,Unknown,Unknown,EQ,,Unknown,0.0,0.0,0.0,0.0
5344,RKB,RKB Agro Industries Limited,INE740A01013,Unknown,Unknown,EQ,,Unknown,0.0,0.0,0.0,0.0
3769,RKDAGRRTL,RKD AGRI & RETAIL LIMITED,INE552N01023,Unknown,Unknown,EQ,,Unknown,0.0,0.0,0.0,0.0
1877,RKEC,RKEC Projects Limited,INE786W01010,Unknown,Unknown,EQ,2020-12-18,Unknown,0.0,0.0,0.0,0.0
4031,RLF,RLF Ltd.,INE629C01014,Unknown,Unknown,EQ,,Unknown,0.0,0.0,0.0,0.0
1880,RMC,RMC Switchgears Limited,INE655V01019,Unknown,Unknown,EQ,2026-04-01,Unknown,0.0,0.0,0.0,0.0
5486,RNBIND,RNB Industries Limited,INE307H01016,Unknown,Unknown,EQ,,Unknown,0.0,0.0,0.0,0.0
4300,RNITAI,RNIT AI SOLUTIONS LIMITED,INE335Q01026,Unknown,Unknown,EQ,,Unknown,0.0,0.0,0.0,0.0
8185,ROJL,RO Jewels Limited,INE0BDU01028,Unknown,Unknown,EQ,,Unknown,0.0,0.0,0.0,0.0
1869,RHL,Robust Hotels Limited,INE508K01013,Unknown,Unknown,EQ,2023-04-25,Unknown,0.0,0.0,0.0,0.0
6351,ROCHEBRE,RocheesBreweries Ltd.,INE382D01018,Unknown,Unknown,EQ,,Unknown,0.0,0.0,0.0,0.0
4736,ROCKHARD,Rock Hard Petrochemical Ind. Ltd.,INE300D01010,Unknown,Unknown,EQ,,Unknown,0.0,0.0,0.0,0.0
5095,ROCKTHR,Rockland Thermionics Ltd.,INE777M01010,Unknown,Unknown,EQ,,Unknown,0.0,0.0,0.0,0.0
6239,ROCKONENT,Rockon Enterprises Limited,INE644B01049,Unknown,Unknown,EQ,,Unknown,0.0,0.0,0.0,0.0
4621,ROCKWOOL,Rockwool (India) Ltd.,INE301E01016,Unknown,Unknown,EQ,,Unknown,0.0,0.0,0.0,0.0
6460,RODIUM,Rodium Realty Limited,INE513E01024,Unknown,Unknown,EQ,,Unknown,0.0,0.0,0.0,0.0
6850,ROHITFERRO,ROHIT FERRO-TECH LTD.,INE248H01012,Unknown,Unknown,EQ,,Unknown,0.0,0.0,0.0,0.0
3458,ROLCOEN,Rolcon Engineering Co. Ltd.,INE775R01013,Unknown,Unknown,EQ,,Unknown,0.0,0.0,0.0,0.0
1885,ROLEXRINGS,Rolex Rings Limited,INE645S01024,Unknown,Unknown,EQ,2021-08-09,Unknown,0.0,0.0,0.0,0.0
1886,ROLLT,Rollatainers Limited,INE927A01040,Unknown,Unknown,BE,2016-11-22,Unknown,0.0,0.0,0.0,0.0
3133,ROLTA,Rolta India Ltd.,INE293A01013,Unknown,Unknown,EQ,,Unknown,0.0,0.0,0.0,0.0
9065,RONI-RE,Roni Households Limited,INE02AP20013,Unknown,Unknown,EQ,,Unknown,0.0,0.0,0.0,0.0
8064,RONI,Roni Households Limited,INE02AP01013,Unknown,Unknown,EQ,,Unknown,0.0,0.0,0.0,0.0
4874,ROOFITIND,Roofit Industries Ltd,INE743A01017,Unknown,Unknown,EQ,,Unknown,0.0,0.0,0.0,0.0
5374,ROOPAIND,Roopa Industries Ltd.,INE443C01010,Unknown,Unknown,EQ,,Unknown,0.0,0.0,0.0,0.0
8091,ROOPSHRI,Roopshri Resorts Limited,INE03WT01017,Unknown,Unknown,EQ,,Unknown,0.0,0.0,0.0,0.0
3206,ROSEI,Rose Investments Ltd.,INE383D01016,Unknown,Unknown,EQ,,Unknown,0.0,0.0,0.0,0.0
3917,ROSEMER,Rose Merc.Limited,INE649C01012,Unknown,Unknown,EQ,,Unknown,0.0,0.0,0.0,0.0
5263,ROSEZIN,Rose Zinc Ltd.,INE018F01013,Unknown,Unknown,EQ,,Unknown,0.0,0.0,0.0,0.0
3964,ROSETEX,Rosekamal Textiles Ltd.,INE392F01012,Unknown,Unknown,EQ,,Unknown,0.0,0.0,0.0,0.0
5529,ROSELABS,Roselabs Finance Ltd.,INE475C01012,Unknown,Unknown,EQ,,Unknown,0.0,0.0,0.0,0.0
7108,RLL,ROSELABS LIMITED,INE479C01014,Unknown,Unknown,EQ,,Unknown,0.0,0.0,0.0,0.0
1888,ROSSARI,Rossari Biotech Limited,INE02A801020,Unknown,Unknown,EQ,2020-07-23,Unknown,0.0,0.0,0.0,0.0
1889,ROSSELLIND,Rossell India Limited,INE847C01020,Unknown,Unknown,EQ,2012-09-25,Unknown,0.0,0.0,0.0,0.0
3643,ROSINDM,"Rossell Industries Ltd.,",INE166D01015,Unknown,Unknown,EQ,,Unknown,0.0,0.0,0.0,0.0
1890,ROSSTECH,Rossell Techsys Limited,INE0OJW01016,Unknown,Unknown,EQ,2024-12-09,Unknown,0.0,0.0,0.0,0.0
1891,ROTO,Roto Pumps Limited,INE535D01037,Unknown,Unknown,EQ,2022-04-21,Unknown,0.0,0.0,0.0,0.0
7682,RGIL,Rotographics (India) Limited,INE364S01022,Unknown,Unknown,EQ,,Unknown,0.0,0.0,0.0,0.0
1892,ROUTE,ROUTE MOBILE LIMITED,INE450U01017,Unknown,Unknown,EQ,2020-09-21,Unknown,0.0,0.0,0.0,0.0
4894,ROYALCU,Royal Cushion Vinyl Products Ltd.,INE618A01011,Unknown,Unknown,EQ,,Unknown,0.0,0.0,0.0,0.0
3898,ROYALIND,Royal India Corporation Limited,INE510H01015,Unknown,Unknown,EQ,,Unknown,0.0,0.0,0.0,0.0
1884,ROHLTD,Royal Orchid Hotels Limited,INE283H01019,Unknown,Unknown,EQ,2006-02-06,Unknown,0.0,0.0,0.0,0.0
8448,ROYAL,Royal Sense Limited,INE0QQG01019,Unknown,Unknown,EQ,,Unknown,0.0,0.0,0.0,0.0
4991,RAYALEMA,Royale Manor Hotels & Industries Lt,INE008C01011,Unknown,Unknown,EQ,,Unknown,0.0,0.0,0.0,0.0
4268,RPGCAB,RPG Cables Ltd.,INE145A01015,Unknown,Unknown,EQ,,Unknown,0.0,0.0,0.0,0.0
1894,RPGLIFE,RPG Life Sciences Limited,INE105J01010,Unknown,Unknown,EQ,2008-06-10,Unknown,0.0,0.0,0.0,0.0
3134,RPGTRANS,RPG Transmission Ltd.,INE621A01015,Unknown,Unknown,EQ,,Unknown,0.0,0.0,0.0,0.0
8994,RPP-RE,RPP INFRA PROJECTS LIMITED,INE324L20013,Unknown,Unknown,EQ,,Unknown,0.0,0.0,0.0,0.0
9563,RPPINFRPP,RPP INFRA PROJECTS LIMITED,IN9324L01011,Unknown,Unknown,EQ,,Unknown,0.0,0.0,0.0,0.0
1898,RPSGVENT,RPSG VENTURES LIMITED,INE425Y01011,Unknown,Unknown,EQ,2019-01-25,Unknown,0.0,0.0,0.0,0.0
6369,RRMETAL,RR METALMAKERS INDIA LIMITED,INE117K01013,Unknown,Unknown,EQ,,Unknown,0.0,0.0,0.0,0.0
1901,RRIL,RRIL Limited,INE951M01037,Unknown,Unknown,EQ,2026-04-20,Unknown,0.0,0.0,0.0,0.0
5358,RRPDEFENSE,RRP DEFENSE LIMITED,INE535P01015,Unknown,Unknown,EQ,,Unknown,0.0,0.0,0.0,0.0
3350,RRP,RRP SEMICONDUCTOR LIMITED,INE713N01013,Unknown,Unknown,EQ,,Unknown,0.0,0.0,0.0,0.0
5132,RSCINT,RSC International Limited,INE015F01019,Unknown,Unknown,EQ,,Unknown,0.0,0.0,0.0,0.0
1903,RSDFIN,RSD Finance Limited,INE616F01022,Unknown,Unknown,BE,2026-04-20,Unknown,0.0,0.0,0.0,0.0
6684,RSLMDDM,RSL Industries Ltd.(Direct listing),INE622C01019,Unknown,Unknown,EQ,,Unknown,0.0,0.0,0.0,0.0
6771,RSLTEXTIL,RSL Textiles (India) Ltd.,INE259F01013,Unknown,Unknown,EQ,,Unknown,0.0,0.0,0.0,0.0
1906,RSWM,RSWM Limited,INE611A01016,Unknown,Unknown,BE,1995-02-15,Unknown,0.0,0.0,0.0,0.0
9069,RSWM-RE,RSWM Limited,INE611A20016,Unknown,Unknown,EQ,,Unknown,0.0,0.0,0.0,0.0
1910,RTSPOWR,RTS Power Corporation Limited,INE005C01017,Unknown,Unknown,EQ,2026-08-17,Unknown,0.0,0.0,0.0,0.0
4952,RUBBERPR,Rubber Products Ltd.,INE430C01017,Unknown,Unknown,EQ,,Unknown,0.0,0.0,0.0,0.0
1911,RUBFILA,Rubfila International Limited,INE642C01025,Unknown,Unknown,EQ,2024-08-08,Unknown,0.0,0.0,0.0,0.0
1912,RUBICON,Rubicon Research Limited,INE506V01022,Unknown,Unknown,EQ,2025-10-16,Unknown,0.0,0.0,0.0,0.0
7662,RUBY,Ruby Cables Limited,INE812T01010,Unknown,Unknown,EQ,,Unknown,0.0,0.0,0.0,0.0
1914,RUCHINFRA,Ruchi Infrastructure Limited,INE413B01023,Unknown,Unknown,EQ,1996-10-16,Unknown,0.0,0.0,0.0,0.0
1915,RUCHIRA,Ruchira Papers Limited,INE803H01014,Unknown,Unknown,EQ,2006-12-20,Unknown,0.0,0.0,0.0,0.0
4144,RUDRAECO,RUDRA ECOVATION LIMITED,INE723D01021,Unknown,Unknown,EQ,,Unknown,0.0,0.0,0.0,0.0
8443,RUDRAGAS,Rudra Gas Enterprise Limited,INE0OYK01010,Unknown,Unknown,EQ,,Unknown,0.0,0.0,0.0,0.0
1916,RUDRA,Rudra Global Infra Products Limited,INE027T01023,Unknown,Unknown,EQ,2025-12-19,Unknown,0.0,0.0,0.0,0.0
1861,REPL,Rudrabhishek Enterprises Limited,INE364Z01019,Unknown,Unknown,BE,2020-12-14,Unknown,0.0,0.0,0.0,0.0
8638,RDGAIL,RUKMANI DEVI GARG AGRO IMPEX LIMITED,INE0S5T01017,Unknown,Unknown,EQ,,Unknown,0.0,0.0,0.0,0.0
8894,RUNEECHA,Runeecha Textiles Limited,INE373L01010,Unknown,Unknown,EQ,,Unknown,0.0,0.0,0.0,0.0
9583,RUNGTAPP,Rungta Irrigation Ltd.,IN9347C01029,Unknown,Unknown,EQ,,Unknown,0.0,0.0,0.0,0.0
5213,RUNGTAIR,Rungta Irrigation Ltd.,INE347C01013,Unknown,Unknown,EQ,,Unknown,0.0,0.0,0.0,0.0
9064,RUNGTA-RE,Rungta Irrigation Ltd.,INE347C20013,Unknown,Unknown,EQ,,Unknown,0.0,0.0,0.0,0.0
1917,RUPA,Rupa & Company Limited,INE895B01021,Unknown,Unknown,EQ,2011-12-07,Unknown,0.0,0.0,0.0,0.0
4029,RUPIM,Rupangi Impex Ltd.,INE766B01024,Unknown,Unknown,EQ,,Unknown,0.0,0.0,0.0,0.0
3879,RFL,RUPAREL FOOD PRODUCTS LIMITED,INE239B01014,Unknown,Unknown,EQ,,Unknown,0.0,0.0,0.0,0.0
6201,RUPEBAR,Rushabh Precision Bearings Ltd.,INE0I9K01010,Unknown,Unknown,EQ,,Unknown,0.0,0.0,0.0,0.0
1918,RUSHIL,Rushil Decor Limited,INE573K01025,Unknown,Unknown,EQ,2011-07-07,Unknown,0.0,0.0,0.0,0.0
9555,RUSHILPP,Rushil Decor Limited,IN9573K01023,Unknown,Unknown,EQ,,Unknown,0.0,0.0,0.0,0.0
9105,RUSHI-RE1,Rushil Decor Limited,INE573K20025,Unknown,Unknown,EQ,,Unknown,0.0,0.0,0.0,0.0
8968,RUSHIL-RE,Rushil Decor Limited,INE573K20017,Unknown,Unknown,EQ,,Unknown,0.0,0.0,0.0,0.0
4164,STCORP,S & T Corporation Limited,INE110Q01023,Unknown,Unknown,EQ,,Unknown,0.0,0.0,0.0,0.0
1987,SCHAND,S Chand And Company Limited,INE807K01035,Unknown,Unknown,EQ,2017-05-09,Unknown,0.0,0.0,0.0,0.0
2051,SHK,S H Kelkar and Company Limited,INE500L01026,Unknown,Unknown,EQ,2015-11-16,Unknown,0.0,0.0,0.0,0.0
6704,SKUMAR,S Kumars.com Ltd.,INE827A01018,Unknown,Unknown,EQ,,Unknown,0.0,0.0,0.0,0.0
3949,SPINVEST,S P Investrade (India) Limited,INE869O01011,Unknown,Unknown,EQ,,Unknown,0.0,0.0,0.0,0.0
2225,SVGLOBAL,S V Global Mill Limited,INE159L01013,Unknown,Unknown,EQ,2026-08-17,Unknown,0.0,0.0,0.0,0.0
1923,S&SPOWER,S&S Power Switchgears Limited,INE902B01017,Unknown,Unknown,EQ,1995-09-27,Unknown,0.0,0.0,0.0,0.0
4660,SIPRD,"S. I. Property Development Ltd.,",INE503E01017,Unknown,Unknown,EQ,,Unknown,0.0,0.0,0.0,0.0
8059,SMGOLD,S. M. Gold Limited,INE00Q901014,Unknown,Unknown,EQ,,Unknown,0.0,0.0,0.0,0.0
2131,SPAL,S. P. Apparels Limited,INE212I01016,Unknown,Unknown,EQ,2016-08-12,Unknown,0.0,0.0,0.0,0.0
1945,SALSTEEL,S.A.L. Steel Limited,INE658G01014,Unknown,Unknown,EQ,2004-11-24,Unknown,0.0,0.0,0.0,0.0
4117,SB&TINTL,S.B.& T.International Ltd.,INE465B01015,Unknown,Unknown,EQ,,Unknown,0.0,0.0,0.0,0.0
5349,SICAPIT,S.I.Capital And Financial Services,INE417F01017,Unknown,Unknown,EQ,,Unknown,0.0,0.0,0.0,0.0
9451,SICAPI-RE,S.I.Capital And Financial Services,INE417F20017,Unknown,Unknown,EQ,,Unknown,0.0,0.0,0.0,0.0
2100,SJS,S.J.S. Enterprises Limited,INE284S01014,Unknown,Unknown,EQ,2021-11-15,Unknown,0.0,0.0,0.0,0.0
4187,SKUMARN,S.Kumars Nationwide Ltd.,INE772A01016,Unknown,Unknown,EQ,,Unknown,0.0,0.0,0.0,0.0
3148,SMDYECH,S.M. Dyechem Ltd.,INE620A01025,Unknown,Unknown,EQ,,Unknown,0.0,0.0,0.0,0.0
4536,SMENER,S.M. Energy Teknik & Electronics Lt,INE540D01011,Unknown,Unknown,EQ,,Unknown,0.0,0.0,0.0,0.0
5168,SPCAPIT,S.P.Capital Financing Ltd.,INE102F01015,Unknown,Unknown,EQ,,Unknown,0.0,0.0,0.0,0.0
4578,SSFORMT,S.S.Forgings & Engineering Ltd.,INE233G01016,Unknown,Unknown,EQ,,Unknown,0.0,0.0,0.0,0.0
7372,STSERV,S.T. SERVICES LIMITED,INE907D01012,Unknown,Unknown,EQ,,Unknown,0.0,0.0,0.0,0.0
3284,ZSVTRADI,S.V. Trading & Agencies Ltd.,INE404N01019,Unknown,Unknown,EQ,,Unknown,0.0,0.0,0.0,0.0
8355,SVJ,S.V.J.ENTERPRISES LIMITED,INE0JZS01010,Unknown,Unknown,EQ,,Unknown,0.0,0.0,0.0,0.0
6203,SAAGRR,SAAG RR Infra Ltd.,INE396G01011,Unknown,Unknown,EQ,,Unknown,0.0,0.0,0.0,0.0
6913,SAAMYABIO,Saamya Biotech (india) Ltd.,INE320H01019,Unknown,Unknown,EQ,,Unknown,0.0,0.0,0.0,0.0
1924,SAATVIKGL,Saatvik Green Energy Limited,INE13B501022,Unknown,Unknown,EQ,2025-09-26,Unknown,0.0,0.0,0.0,0.0
7713,SABEVENTS,Sab Events & Governance Now Media Limited,INE860T01019,Unknown,Unknown,EQ,,Unknown,0.0,0.0,0.0,0.0
1925,SAB,SAB Industries Limited,INE137M01017,Unknown,Unknown,EQ,2026-08-17,Unknown,0.0,0.0,0.0,0.0
4769,SABERORGAN,Sabero Organics Gujarat Ltd.,INE243A01018,Unknown,Unknown,EQ,,Unknown,0.0,0.0,0.0,0.0
9041,SABOOSOD-RE,Saboo Sodium Chloro Ltd.,INE440C20016,Unknown,Unknown,EQ,,Unknown,0.0,0.0,0.0,0.0
9575,SABOOSODPP,Saboo Sodium Chloro Ltd.,IN9440C01014,Unknown,Unknown,EQ,,Unknown,0.0,0.0,0.0,0.0
5216,SABOOSOD,Saboo Sodium Chloro Ltd.,INE440C01016,Unknown,Unknown,EQ,,Unknown,0.0,0.0,0.0,0.0
7724,SIIL,Sabrimala Industries India Limited,INE400R01018,Unknown,Unknown,EQ,,Unknown,0.0,0.0,0.0,0.0
6488,SACHEMT,Sacheta Metals Ltd.,INE433G01020,Unknown,Unknown,EQ,,Unknown,0.0,0.0,0.0,0.0
4537,SACHI,Sachs India Ltd.,INE337D01012,Unknown,Unknown,EQ,,Unknown,0.0,0.0,0.0,0.0
1926,SADBHAV,Sadbhav Engineering Limited,INE226H01026,Unknown,Unknown,EQ,2006-03-01,Unknown,0.0,0.0,0.0,0.0
1927,SADBHIN,Sadbhav Infrastructure Project Limited,INE764L01010,Unknown,Unknown,BE,2015-09-16,Unknown,0.0,0.0,0.0,0.0
1928,SADHNANIQ,Sadhana Nitrochem Limited,INE888C01040,Unknown,Unknown,BE,2023-05-05,Unknown,0.0,0.0,0.0,0.0
9227,SADHNAN-RE,Sadhana Nitrochem Ltd.,INE888C20016,Unknown,Unknown,EQ,,Unknown,0.0,0.0,0.0,0.0
9414,SADHNA-RE,Sadhana Nitrochem Ltd.,INE888C20024,Unknown,Unknown,EQ,,Unknown,0.0,0.0,0.0,0.0
8268,SSTL,Safa Systems & Technologies Limited,INE0JNA01014,Unknown,Unknown,EQ,,Unknown,0.0,0.0,0.0,0.0
6588,SAFALHBS,Safal Herbs Limited,INE880M01020,Unknown,Unknown,EQ,,Unknown,0.0,0.0,0.0,0.0
6240,SAFALSEC,Safal Securities Limited,INE101L01031,Unknown,Unknown,EQ,,Unknown,0.0,0.0,0.0,0.0
1929,SAFARI,Safari Industries (India) Limited,INE429E01023,Unknown,Unknown,EQ,2019-09-12,Unknown,0.0,0.0,0.0,0.0
8665,SAFECURE,Safecure Services Limited,INE0SVZ01015,Unknown,Unknown,EQ,,Unknown,0.0,0.0,0.0,0.0
8753,SCDL,SAFETY CONTROLS & DEVICES LIMITED,INE0UMH01018,Unknown,Unknown,EQ,,Unknown,0.0,0.0,0.0,0.0
6235,SAFFRON,Saffron Industries Limited,INE474D01013,Unknown,Unknown,EQ,,Unknown,0.0,0.0,0.0,0.0
1931,SAGCEM,Sagar Cements Limited,INE229C01021,Unknown,Unknown,EQ,2007-01-29,Unknown,0.0,0.0,0.0,0.0
7877,SAGAR,Sagar Diamonds Limited,INE146Y01013,Unknown,Unknown,EQ,,Unknown,0.0,0.0,0.0,0.0
3777,SAGARSYST,Sagar Systech Ltd.,INE771Z01015,Unknown,Unknown,EQ,,Unknown,0.0,0.0,0.0,0.0
4873,SGARRES,Sagar Tourist Resorts Ltd.,INE01M801019,Unknown,Unknown,EQ,,Unknown,0.0,0.0,0.0,0.0
1930,SAGARDEEP,Sagardeep Alloys Limited,INE976T01013,Unknown,Unknown,EQ,2019-01-25,Unknown,0.0,0.0,0.0,0.0
7727,SAGARSOFT,Sagarsoft (India) Limited,INE184B01012,Unknown,Unknown,EQ,,Unknown,0.0,0.0,0.0,0.0
1932,SAGILITY,SAGILITY LIMITED,INE0W2G01015,Unknown,Unknown,EQ,2024-11-12,Unknown,0.0,0.0,0.0,0.0
3825,SAHARAHOUS,Sahara HousingFina Corporation Ltd.,INE135C01012,Unknown,Unknown,EQ,,Unknown,0.0,0.0,0.0,0.0
8422,SMARITIME,Sahara Maritime Limited,INE0PSJ01011,Unknown,Unknown,EQ,,Unknown,0.0,0.0,0.0,0.0
3301,SAHARA,Sahara One Media And Entertainment Limited,INE479B01016,Unknown,Unknown,EQ,,Unknown,0.0,0.0,0.0,0.0
1934,SAHYADRI,Sahyadri Industries Limited,INE280H01015,Unknown,Unknown,EQ,2023-04-06,Unknown,0.0,0.0,0.0,0.0
7260,SAIBABA,Sai Baba Investment & Commercial Enterprises Limited,INE706P01038,Unknown,Unknown,EQ,,Unknown,0.0,0.0,0.0,0.0
1935,SAICAPI,Sai Capital Limited,INE531X01018,Unknown,Unknown,EQ,2026-08-17,Unknown,0.0,0.0,0.0,0.0
5348,SAINDUS,Sai Industries Ltd.,INE213S01013,Unknown,Unknown,EQ,,Unknown,0.0,0.0,0.0,0.0
6633,SAINFO,Sai Infoservices Ltd,INE589B01012,Unknown,Unknown,EQ,,Unknown,0.0,0.0,0.0,0.0
1937,SAILIFE,Sai Life Sciences Limited,INE570L01029,Unknown,Unknown,EQ,2024-12-18,Unknown,0.0,0.0,0.0,0.0
1938,SAIPARENT,Sai Parenterals Limited,INE0H9F01037,Unknown,Unknown,EQ,2026-04-02,Unknown,0.0,0.0,0.0,0.0
4998,SAISERVQ,Sai service Station Ltd.,INE622A01013,Unknown,Unknown,EQ,,Unknown,0.0,0.0,0.0,0.0
1175,KALAMANDIR,Sai Silks (Kalamandir) Limited,INE438K01021,Unknown,Unknown,EQ,2023-09-27,Unknown,0.0,0.0,0.0,0.0
3910,SAICOM,Saianand Commercial Limited,INE092G01024,Unknown,Unknown,EQ,,Unknown,0.0,0.0,0.0,0.0
8292,SAILANI,SAILANI TOURS N TRAVELS LIMITED,INE0KHQ01010,Unknown,Unknown,EQ,,Unknown,0.0,0.0,0.0,0.0
5160,SAINIK,Sainik Finance and Industries Ltd,INE584B01013,Unknown,Unknown,EQ,,Unknown,0.0,0.0,0.0,0.0
2000,SEKURITIND,Saint Gobain Sekurit India Limited,INE068B01017,Unknown,Unknown,EQ,2026-08-17,Unknown,0.0,0.0,0.0,0.0
1939,SAKAR,Sakar Healthcare Limited,INE732S01012,Unknown,Unknown,EQ,2019-04-11,Unknown,0.0,0.0,0.0,0.0
1941,SAKSOFT,Saksoft Limited,INE667G01023,Unknown,Unknown,EQ,2005-05-09,Unknown,0.0,0.0,0.0,0.0
3750,SAKTHIFIN,Sakthi Finance Ltd.,INE302E01014,Unknown,Unknown,EQ,,Unknown,0.0,0.0,0.0,0.0
1940,SAKHTISUG,Sakthi Sugars Limited,INE623A01011,Unknown,Unknown,EQ,1995-09-06,Unknown,0.0,0.0,0.0,0.0
1942,SAKUMA,Sakuma Exports Limited,INE190H01024,Unknown,Unknown,EQ,2006-03-08,Unknown,0.0,0.0,0.0,0.0
9173,SAKUMA-RE,Sakuma Exports Ltd.,INE190H20016,Unknown,Unknown,EQ,,Unknown,0.0,0.0,0.0,0.0
7544,SALAUTO,SAL AUTOMOTIVE LIMITED,INE724G01014,Unknown,Unknown,EQ,,Unknown,0.0,0.0,0.0,0.0
1943,SALASAR,Salasar Techno Engineering Limited,INE170V01027,Unknown,Unknown,EQ,2017-07-25,Unknown,0.0,0.0,0.0,0.0
7744,SALEM,Salem Erode Investments Ltd.,INE894E01028,Unknown,Unknown,EQ,,Unknown,0.0,0.0,0.0,0.0
4968,SALGUTI,Salguti Industries Ltd.,INE159C01012,Unknown,Unknown,EQ,,Unknown,0.0,0.0,0.0,0.0
1944,SALONA,Salona Cotspin Limited,INE498E01010,Unknown,Unknown,EQ,2016-06-16,Unknown,0.0,0.0,0.0,0.0
3135,SALORAINTL,Salora International Limited,INE924A01013,Unknown,Unknown,EQ,,Unknown,0.0,0.0,0.0,0.0
1946,SALZERELEC,Salzer Electronics Limited,INE457F01013,Unknown,Unknown,EQ,2015-12-02,Unknown,0.0,0.0,0.0,0.0
6573,SAMINDUS,Sam Industries Ltd.,INE653D01012,Unknown,Unknown,EQ,,Unknown,0.0,0.0,0.0,0.0
3349,SAMLEPU,Sam Leaseco Ltd.,INE368N01024,Unknown,Unknown,EQ,,Unknown,0.0,0.0,0.0,0.0
5224,SAMARTHI,Samarth International Finlease Ltd.,INE503C01011,Unknown,Unknown,EQ,,Unknown,0.0,0.0,0.0,0.0
1947,SAMBANDAM,Sambandam Spinning Mills Limited,INE304D01012,Unknown,Unknown,EQ,2026-08-17,Unknown,0.0,0.0,0.0,0.0
1948,SAMBHAAV,Sambhaav Media Limited,INE699B01027,Unknown,Unknown,EQ,1996-06-05,Unknown,0.0,0.0,0.0,0.0
1949,SAMBHV,Sambhv Steel Tubes Limited,INE12NJ01018,Unknown,Unknown,EQ,2025-07-02,Unknown,0.0,0.0,0.0,0.0
1950,SAMHI,Samhi Hotels Limited,INE08U801020,Unknown,Unknown,EQ,2023-09-22,Unknown,0.0,0.0,0.0,0.0
4458,SAMKRG,Samkrg Pistons and Rings Ltd.,INE706B01012,Unknown,Unknown,EQ,,Unknown,0.0,0.0,0.0,0.0
9597,SCLPP,Sammaan Capital Limited,IN9148I01010,Unknown,Unknown,EQ,,Unknown,0.0,0.0,0.0,0.0
9150,SCL-RE,Sammaan Capital Limited,INE148I20012,Unknown,Unknown,EQ,,Unknown,0.0,0.0,0.0,0.0
1951,SAMMAANCAP,Sammaan Capital Limited,INE148I01020,Unknown,Unknown,EQ,2013-07-23,Unknown,0.0,0.0,0.0,0.0
9063,SAMOR-RE,Samor Reality Limited,INE0GD220014,Unknown,Unknown,EQ,,Unknown,0.0,0.0,0.0,0.0
9107,SAMOR-RE1,Samor Reality Limited,INE0GD220022,Unknown,Unknown,EQ,,Unknown,0.0,0.0,0.0,0.0
8247,SAMOR,Samor Reality Limited,INE0GD201014,Unknown,Unknown,EQ,,Unknown,0.0,0.0,0.0,0.0
3494,ZSAMPACH,Sampada Chemicals Ltd.,INE040K01017,Unknown,Unknown,EQ,,Unknown,0.0,0.0,0.0,0.0
1952,SAMPANN,Sampann Utpadan India Limited,INE735M01018,Unknown,Unknown,EQ,2012-07-27,Unknown,0.0,0.0,0.0,0.0
8795,SILL,Sampark India Logistics Limited,INE147701010,Unknown,Unknown,EQ,,Unknown,0.0,0.0,0.0,0.0
8624,SAMPAT,SAMPAT ALUMINIUM LIMITED,INE10XS01012,Unknown,Unknown,EQ,,Unknown,0.0,0.0,0.0,0.0
5259,SAMPRE,Sampre Nutritions Ltd.,INE375C01022,Unknown,Unknown,EQ,,Unknown,0.0,0.0,0.0,0.0
8210,SAMRATFORG,Samrat Forgings Limited,INE412J01010,Unknown,Unknown,EQ,,Unknown,0.0,0.0,0.0,0.0
5110,SAMRATPH,Samrat Pharmachem Ltd.,INE103E01016,Unknown,Unknown,EQ,,Unknown,0.0,0.0,0.0,0.0
7003,SAMRUDDHI,Samruddhi Cement Limited,INE676K01018,Unknown,Unknown,EQ,,Unknown,0.0,0.0,0.0,0.0
7103,SRL,SAMRUDDHI REALTY LIMITED,INE621O01016,Unknown,Unknown,EQ,,Unknown,0.0,0.0,0.0,0.0
7518,SAMSRITA,SAMSRITA LABS LIMITED,INE579N01018,Unknown,Unknown,EQ,,Unknown,0.0,0.0,0.0,0.0
3136,SAMTELIN,Samtel (India) Ltd.,INE538C01017,Unknown,Unknown,EQ,,Unknown,0.0,0.0,0.0,0.0
3137,SAMTEL,Samtel Colour Ltd.,INE381A01016,Unknown,Unknown,EQ,,Unknown,0.0,0.0,0.0,0.0
4515,SAMTEX,Samtex Fashions Ltd.,INE931D01020,Unknown,Unknown,EQ,,Unknown,0.0,0.0,0.0,0.0
1484,MOTHERSON,Samvardhana Motherson International Limited,INE775A01035,Unknown,Unknown,EQ,1996-08-14,Unknown,0.0,0.0,0.0,0.0
5081,SAMYAKINT,Samyak International Limited,INE607G01011,Unknown,Unknown,EQ,,Unknown,0.0,0.0,0.0,0.0
3406,SANENG,SAN Engineering & Locomotive Co. Lt,INE031H01012,Unknown,Unknown,EQ,,Unknown,0.0,0.0,0.0,0.0
9472,SANASATECH,Sanasa Tech Feb Limited,INE760Q01017,Unknown,Unknown,EQ,,Unknown,0.0,0.0,0.0,0.0
1953,SANATHAN,Sanathan Textiles Limited,INE0JPD01013,Unknown,Unknown,EQ,2024-12-27,Unknown,0.0,0.0,0.0,0.0
3702,SEL,Sanathnagar Enterprises Limited,INE367E01033,Unknown,Unknown,EQ,,Unknown,0.0,0.0,0.0,0.0
4520,SANBLUE,Sanblue Corporation Limited,INE602D01027,Unknown,Unknown,EQ,,Unknown,0.0,0.0,0.0,0.0
3919,ZSANCHTR,Sanchana Trading & Finance Ltd.,INE872O01015,Unknown,Unknown,EQ,,Unknown,0.0,0.0,0.0,0.0
3831,SANCF,Sanchay Finvest Ltd,INE654D01010,Unknown,Unknown,EQ,,Unknown,0.0,0.0,0.0,0.0
6889,SANCIA,Sancia Global Infraprojects Limited,INE391H01010,Unknown,Unknown,EQ,,Unknown,0.0,0.0,0.0,0.0
4595,SANCTRN,Sanco Trans Ltd.,INE391G01012,Unknown,Unknown,EQ,,Unknown,0.0,0.0,0.0,0.0
8371,SANCODE,Sancode Technologies Limited,INE0P7001013,Unknown,Unknown,EQ,,Unknown,0.0,0.0,0.0,0.0
6974,SANDPLAST,Sand Plast (India) Ltd.,INE122K01013,Unknown,Unknown,EQ,,Unknown,0.0,0.0,0.0,0.0
1955,SANDHAR,Sandhar Technologies Limited,INE278H01035,Unknown,Unknown,EQ,2018-04-02,Unknown,0.0,0.0,0.0,0.0
4826,SANDUPHQ,Sandu Pharmaceuticals Ltd.,INE751D01014,Unknown,Unknown,EQ,,Unknown,0.0,0.0,0.0,0.0
1956,SANDUMA,Sandur Manganese & Iron Ores Limited,INE149K01016,Unknown,Unknown,EQ,2023-09-07,Unknown,0.0,0.0,0.0,0.0
9046,SANDUMA-RE,Sandur Manganese & Iron Ores Ltd.,INE149K20016,Unknown,Unknown,EQ,,Unknown,0.0,0.0,0.0,0.0
3139,SANAS,Sandvik Asia Ltd.,INE624A01019,Unknown,Unknown,EQ,,Unknown,0.0,0.0,0.0,0.0
7550,SANGFROID,Sang Froid Labs (India) Limited,INE345S01013,Unknown,Unknown,EQ,,Unknown,0.0,0.0,0.0,0.0
4259,SANPA,Sangal Papers Ltd.,INE384D01022,Unknown,Unknown,EQ,,Unknown,0.0,0.0,0.0,0.0
1957,SANGAMIND,Sangam (India) Limited,INE495C01010,Unknown,Unknown,EQ,1996-07-17,Unknown,0.0,0.0,0.0,0.0
7310,SANGAMFIN,Sangam Finserv Limited,INE475D01010,Unknown,Unknown,EQ,,Unknown,0.0,0.0,0.0,0.0
6344,SANHP,Sangam Health Care Products Ltd.,INE431E01011,Unknown,Unknown,EQ,,Unknown,0.0,0.0,0.0,0.0
3848,SANGHCO,Sanghi Corporate Services Ltd.,INE998M01012,Unknown,Unknown,EQ,,Unknown,0.0,0.0,0.0,0.0
4960,SANGHIIND,Sanghi Industries Ltd.,INE999B01013,Unknown,Unknown,EQ,,Unknown,0.0,0.0,0.0,0.0
3140,SANGHIPOLY,Sanghi Polyesters Ltd.,INE146A01013,Unknown,Unknown,EQ,,Unknown,0.0,0.0,0.0,0.0
7904,SBRANDS,Sanghvi Brands Limited,INE204Y01010,Unknown,Unknown,EQ,,Unknown,0.0,0.0,0.0,0.0
7042,SANGHVIFOR,Sanghvi Forging and Engineering Limited,INE263L01013,Unknown,Unknown,EQ,,Unknown,0.0,0.0,0.0,0.0
1958,SANGHVIMOV,Sanghvi Movers Limited,INE989A01032,Unknown,Unknown,EQ,2007-01-24,Unknown,0.0,0.0,0.0,0.0
1959,SANGINITA,Sanginita Chemicals Limited,INE753W01010,Unknown,Unknown,BE,2019-07-15,Unknown,0.0,0.0,0.0,0.0
6507,SANGUI,Sanguine Media Ltd.,INE617F01038,Unknown,Unknown,EQ,,Unknown,0.0,0.0,0.0,0.0
6310,SANJIVIN,Sanjivani Paranteral Ltd.,INE860D01013,Unknown,Unknown,EQ,,Unknown,0.0,0.0,0.0,0.0
6941,SANKHYAIN,Sankhya Infotech Ltd.,INE877A01013,Unknown,Unknown,EQ,,Unknown,0.0,0.0,0.0,0.0
6763,SANINFRA,Sanmit Infra Limited,INE799C01049,Unknown,Unknown,EQ,,Unknown,0.0,0.0,0.0,0.0
1961,SANOFICONR,Sanofi Consumer Healthcare India Limited,INE0UOS01011,Unknown,Unknown,EQ,2024-09-13,Unknown,0.0,0.0,0.0,0.0
1960,SANOFI,Sanofi India Limited,INE058A01010,Unknown,Unknown,EQ,2003-05-19,Unknown,0.0,0.0,0.0,0.0
5522,SANRAA,Sanraa Media Limited,INE889C01022,Unknown,Unknown,EQ,,Unknown,0.0,0.0,0.0,0.0
4183,SANTETX,Sanrhea Technical Textiles Ltd.,INE589J01015,Unknown,Unknown,EQ,,Unknown,0.0,0.0,0.0,0.0
1962,SANSERA,Sansera Engineering Limited,INE953O01021,Unknown,Unknown,EQ,2021-09-24,Unknown,0.0,0.0,0.0,0.0
1963,SANSTAR,Sanstar Limited,INE08NE01025,Unknown,Unknown,EQ,2024-07-26,Unknown,0.0,0.0,0.0,0.0
3763,SANEX,Santogen Exports Ltd.,INE452D01019,Unknown,Unknown,EQ,,Unknown,0.0,0.0,0.0,0.0
5084,SANTOSHF,Santosh Fine-Fab Ltd.,INE612D01018,Unknown,Unknown,EQ,,Unknown,0.0,0.0,0.0,0.0
7923,SANTOSHIND,Santosh Industries Limited,INE576C01017,Unknown,Unknown,EQ,,Unknown,0.0,0.0,0.0,0.0
4002,SANTOWIN,Santowin Corporation Limited,INE386L01038,Unknown,Unknown,EQ,,Unknown,0.0,0.0,0.0,0.0
6464,SANVAN,Sanvan Software Ltd,INE156B01010,Unknown,Unknown,EQ,,Unknown,0.0,0.0,0.0,0.0
1964,SANWARIA,Sanwaria Consumer Limited,INE890C01046,Unknown,Unknown,BZ,2006-03-27,Unknown,0.0,0.0,0.0,0.0
6263,SANIM,Sanyo Impex Ltd.,INE905A01020,Unknown,Unknown,EQ,,Unknown,0.0,0.0,0.0,0.0
6437,SAPANCHEM,Sapan Chemicals Limited,INE823E01035,Unknown,Unknown,EQ,,Unknown,0.0,0.0,0.0,0.0
1965,SAPPHIRE,Sapphire Foods India Limited,INE806T01020,Unknown,Unknown,EQ,2021-11-18,Unknown,0.0,0.0,0.0,0.0
3542,SCBL,Saptak Chem And Business Limited,INE467X01023,Unknown,Unknown,EQ,,Unknown,0.0,0.0,0.0,0.0
4390,SPTRSHI,Saptarishi Agro Industries Ltd,INE233P01017,Unknown,Unknown,EQ,,Unknown,0.0,0.0,0.0,0.0
7410,SAPL,Sar  Auto Products Limited,INE002E01010,Unknown,Unknown,EQ,,Unknown,0.0,0.0,0.0,0.0
6586,SARCHEM,Sarang Chemicals Ltd.,INE003E01026,Unknown,Unknown,EQ,,Unknown,0.0,0.0,0.0,0.0
2568,ZSARACOM,Saraswati Commercial India Limited,INE967G01019,Unknown,Unknown,EQ,2026-04-20,Unknown,0.0,0.0,0.0,0.0
2152,SSDL,Saraswati Saree Depot Limited,INE0PQ101010,Unknown,Unknown,EQ,2024-08-20,Unknown,0.0,0.0,0.0,0.0
1967,SARDAEN,Sarda Energy & Minerals Limited,INE385C01021,Unknown,Unknown,EQ,2009-12-03,Unknown,0.0,0.0,0.0,0.0
4228,SARDAINF,Sarda Information Technology Ltd,INE342C01014,Unknown,Unknown,EQ,,Unknown,0.0,0.0,0.0,0.0
4391,SRDAPRT,Sarda Proteins Ltd,INE995U01011,Unknown,Unknown,EQ,,Unknown,0.0,0.0,0.0,0.0
1968,SAREGAMA,Saregama India Limited,INE979A01025,Unknown,Unknown,EQ,1997-07-30,Unknown,0.0,0.0,0.0,0.0
5146,SARITASO,Sarita Software & Industrie Ltd.,INE941B01015,Unknown,Unknown,EQ,,Unknown,0.0,0.0,0.0,0.0
1969,SARLAPOLY,Sarla Performance Fibers Limited,INE453D01025,Unknown,Unknown,EQ,2007-01-19,Unknown,0.0,0.0,0.0,0.0
5375,SARTHAKGL,Sarthak Global Ltd.,INE075H01019,Unknown,Unknown,EQ,,Unknown,0.0,0.0,0.0,0.0
6530,SARTHAKIND,Sarthak Industries Ltd.,INE074H01012,Unknown,Unknown,EQ,,Unknown,0.0,0.0,0.0,0.0
2112,SMLT,Sarthak Metals Limited,INE017W01010,Unknown,Unknown,EQ,2021-11-25,Unknown,0.0,0.0,0.0,0.0
4211,SARUPINDUS,SARUP INDUSTRIES LIMITED,INE305D01019,Unknown,Unknown,EQ,,Unknown,0.0,0.0,0.0,0.0
3498,ZSARVAMA,Sarvamangal Mercantile Co. Ltd.,INE978L01016,Unknown,Unknown,EQ,,Unknown,0.0,0.0,0.0,0.0
1970,SARVESHWAR,Sarveshwar Foods Limited,INE324X01026,Unknown,Unknown,EQ,2022-12-08,Unknown,0.0,0.0,0.0,0.0
9351,SARVES-RE,Sarveshwar Foods Limited,INE324X20018,Unknown,Unknown,EQ,,Unknown,0.0,0.0,0.0,0.0
5229,SARVODYA,Sarvodaya Labs Ltd.,INE153B01017,Unknown,Unknown,EQ,,Unknown,0.0,0.0,0.0,0.0
7463,SARVOTTAM,Sarvottam Finvest Limited,INE822Q01015,Unknown,Unknown,EQ,,Unknown,0.0,0.0,0.0,0.0
3502,SASHWAT,Sashwat Technocrats Limited,INE789D01014,Unknown,Unknown,EQ,,Unknown,0.0,0.0,0.0,0.0
1971,SASKEN,Sasken Technologies Limited,INE231F01020,Unknown,Unknown,EQ,2005-09-09,Unknown,0.0,0.0,0.0,0.0
3449,SATANIBRG,Satani Bearings Ltd.,INE498D01012,Unknown,Unknown,EQ,,Unknown,0.0,0.0,0.0,0.0
7000,SATCH,SATCHMO HOLDINGS LIMITED,INE639K01016,Unknown,Unknown,EQ,,Unknown,0.0,0.0,0.0,0.0
4574,SATELENG,Satellite Engineering Ltd.,INE087C01015,Unknown,Unknown,EQ,,Unknown,0.0,0.0,0.0,0.0
4876,SATHAISPAT,Sathavahana Ispat Ltd.,INE176C01016,Unknown,Unknown,EQ,,Unknown,0.0,0.0,0.0,0.0
1972,SATIA,Satia Industries Limited,INE170E01023,Unknown,Unknown,EQ,2019-07-17,Unknown,0.0,0.0,0.0,0.0
4788,SATAGRI,Satiate Agri Limited,INE06DM01015,Unknown,Unknown,EQ,,Unknown,0.0,0.0,0.0,0.0
1973,SATIN,Satin Creditcare Network Limited,INE836B01017,Unknown,Unknown,EQ,2015-08-26,Unknown,0.0,0.0,0.0,0.0
9554,SATINPP,SATIN CREDITCARE NETWORK LIMITED,IN9836B01023,Unknown,Unknown,EQ,,Unknown,0.0,0.0,0.0,0.0
8966,SATIN-RE,SATIN CREDITCARE NETWORK LIMITED,INE836B20017,Unknown,Unknown,EQ,,Unknown,0.0,0.0,0.0,0.0
4338,SATKAR,Satkar Electronics Ltd.,INE824D01019,Unknown,Unknown,EQ,,Unknown,0.0,0.0,0.0,0.0
7129,SKFL,SATKAR FINLEASE LIMITED,INE279P01036,Unknown,Unknown,EQ,,Unknown,0.0,0.0,0.0,0.0
3673,SATRAPROP,Satra Properties(India) Ltd,INE086E01021,Unknown,Unknown,EQ,,Unknown,0.0,0.0,0.0,0.0
8471,SATTRIX,SATTRIX INFORMATION SECURITY LIMITED,INE0QUV01010,Unknown,Unknown,EQ,,Unknown,0.0,0.0,0.0,0.0
7152,SATYA,Satya Miners & Transporters Limited,INE394F01018,Unknown,Unknown,EQ,,Unknown,0.0,0.0,0.0,0.0
3141,SATYAM,Satyam Computer Services Ltd,INE275A01028,Unknown,Unknown,EQ,,Unknown,0.0,0.0,0.0,0.0
3320,ZSATYASL,Satyam Silk Mills Ltd,INE07MC01015,Unknown,Unknown,EQ,,Unknown,0.0,0.0,0.0,0.0
9039,SATSILK-RE,Satyam Silk Mills Ltd,INE07MC20015,Unknown,Unknown,EQ,,Unknown,0.0,0.0,0.0,0.0
5438,SAUMYACAP,Saumya Capital Limited,INE365L01016,Unknown,Unknown,EQ,,Unknown,0.0,0.0,0.0,0.0
7501,SAUMYA,Saumya Consultants Ltd.,INE563C01015,Unknown,Unknown,EQ,,Unknown,0.0,0.0,0.0,0.0
1974,SAURASHCEM,Saurashtra Cement Limited,INE626A01014,Unknown,Unknown,EQ,2024-02-27,Unknown,0.0,0.0,0.0,0.0
6753,7TEC,Saven Technologies Ltd.,INE856B01023,Unknown,Unknown,EQ,,Unknown,0.0,0.0,0.0,0.0
9495,SATPP,Saven Technologies Ltd.,IN9856B01013,Unknown,Unknown,EQ,,Unknown,0.0,0.0,0.0,0.0
4034,SAVERA,Savera Industries Ltd.,INE104E01014,Unknown,Unknown,EQ,,Unknown,0.0,0.0,0.0,0.0
2128,SOTL,Savita Oil Technologies Limited,INE035D01020,Unknown,Unknown,EQ,1995-06-28,Unknown,0.0,0.0,0.0,0.0
4020,SAVOV,Savitri Overseas Ltd.,INE828C01012,Unknown,Unknown,EQ,,Unknown,0.0,0.0,0.0,0.0
6331,SAWACA,Sawaca Communication ltd.,INE185B01019,Unknown,Unknown,EQ,,Unknown,0.0,0.0,0.0,0.0
9164,SAWACA-RE,SAWACA ENTERPRISES LIMITED,INE248B20015,Unknown,Unknown,EQ,,Unknown,0.0,0.0,0.0,0.0
6503,SAWACA,SAWACA ENTERPRISES LIMITED,INE248B01023,Unknown,Unknown,EQ,,Unknown,0.0,0.0,0.0,0.0
8427,SHILINDORE,Sayaji Hotels (Indore) Limited,INE0MGS01014,Unknown,Unknown,EQ,,Unknown,0.0,0.0,0.0,0.0
8430,SHPLPUNE,Sayaji Hotels (Pune) Limited,INE07G501017,Unknown,Unknown,EQ,,Unknown,0.0,0.0,0.0,0.0
1975,SAYAJIHOTL,Sayaji Hotels Limited,INE318C01014,Unknown,Unknown,EQ,2026-04-20,Unknown,0.0,0.0,0.0,0.0
1976,SAYAJIIND,Sayaji Industries Limited,INE327G01032,Unknown,Unknown,EQ,2026-08-17,Unknown,0.0,0.0,0.0,0.0
1977,SBC,SBC Exports Limited,INE04AK01028,Unknown,Unknown,EQ,2021-11-23,Unknown,0.0,0.0,0.0,0.0
6624,SBECSUG,SBEC Sugar Ltd.,INE948G01019,Unknown,Unknown,EQ,,Unknown,0.0,0.0,0.0,0.0
4311,SBECSYS,SBEC Systems (Ind) Ltd.,INE689V01018,Unknown,Unknown,EQ,,Unknown,0.0,0.0,0.0,0.0
1979,SBFC,SBFC Finance Limited,INE423Y01016,Unknown,Unknown,EQ,2023-08-16,Unknown,0.0,0.0,0.0,0.0
1981,SBICARD,SBI Cards and Payment Services Limited,INE018E01016,Unknown,Unknown,EQ,2020-03-16,Unknown,0.0,0.0,0.0,0.0
1982,SBIFUNDS,SBI Funds Management Limited,INE640G01020,Unknown,Unknown,EQ,2026-07-21,Unknown,0.0,0.0,0.0,0.0
3143,SBIHOMEFIN,SBI Home Finance Ltd,INE627A01012,Unknown,Unknown,EQ,,Unknown,0.0,0.0,0.0,0.0
1983,SBILIFE,SBI Life Insurance Company Limited,INE123W01016,Unknown,Unknown,EQ,2017-10-03,Unknown,0.0,0.0,0.0,0.0
7346,SEOFIIGR,SBI Mutual Fund,INF200K018Y7,Unknown,Unknown,EQ,,Unknown,0.0,0.0,0.0,0.0
7425,SETFBSE100,SBI Mutual Fund,INF200KA1572,Unknown,Unknown,EQ,,Unknown,0.0,0.0,0.0,0.0
8663,MHLSDDR,SBI Mutual Fund,INF200K30064,Unknown,Unknown,EQ,,Unknown,0.0,0.0,0.0,0.0
8662,MHLSDD,SBI Mutual Fund,INF200K30056,Unknown,Unknown,EQ,,Unknown,0.0,0.0,0.0,0.0
8661,MHLSDG,SBI Mutual Fund,INF200K30049,Unknown,Unknown,EQ,,Unknown,0.0,0.0,0.0,0.0
8660,MHLSRDR,SBI Mutual Fund,INF200K30031,Unknown,Unknown,EQ,,Unknown,0.0,0.0,0.0,0.0
8659,MHLSRD,SBI Mutual Fund,INF200K30023,Unknown,Unknown,EQ,,Unknown,0.0,0.0,0.0,0.0
8658,MHLSRG,SBI Mutual Fund,INF200K30015,Unknown,Unknown,EQ,,Unknown,0.0,0.0,0.0,0.0
7349,SEOFIIDD,SBI Mutual Fund,INF200K011Z9,Unknown,Unknown,EQ,,Unknown,0.0,0.0,0.0,0.0
7348,SEOFIIGD,SBI Mutual Fund,INF200K010Z1,Unknown,Unknown,EQ,,Unknown,0.0,0.0,0.0,0.0
7347,SEOFIIDR,SBI Mutual Fund,INF200K019Y5,Unknown,Unknown,EQ,,Unknown,0.0,0.0,0.0,0.0
8762,SBISMLETF,SBI Mutual Fund,INF200KB1AY9,Unknown,Unknown,EQ,,Unknown,0.0,0.0,0.0,0.0
8761,SBIVALETF,SBI Mutual Fund,INF200KB1AX1,Unknown,Unknown,EQ,,Unknown,0.0,0.0,0.0,0.0
7099,SBISENSEX,SBI Mutual Fund,INF200K01VT2,Unknown,Unknown,EQ,,Unknown,0.0,0.0,0.0,0.0
7308,SEOFIDD,SBI Mutual Fund,INF200KA1RP2,Unknown,Unknown,EQ,,Unknown,0.0,0.0,0.0,0.0
7307,SEOFIGD,SBI Mutual Fund,INF200KA1RO5,Unknown,Unknown,EQ,,Unknown,0.0,0.0,0.0,0.0
7306,SEOFIDR,SBI Mutual Fund,INF200KA1RN7,Unknown,Unknown,EQ,,Unknown,0.0,0.0,0.0,0.0
7305,SEOFIGR,SBI Mutual Fund,INF200KA1RM9,Unknown,Unknown,EQ,,Unknown,0.0,0.0,0.0,0.0
8752,SBINMID150,SBI Mutual Fund,INF200KB1AK8,Unknown,Unknown,EQ,,Unknown,0.0,0.0,0.0,0.0
8046,SETFSN50,SBI Mutual Fund,INF200KA1VQ2,Unknown,Unknown,EQ,,Unknown,0.0,0.0,0.0,0.0
8556,SBIBPB,SBI Mutual Fund,INF200KB1712,Unknown,Unknown,EQ,,Unknown,0.0,0.0,0.0,0.0
8484,SBINEQWETF,SBI Mutual Fund,INF200KB1282,Unknown,Unknown,EQ,,Unknown,0.0,0.0,0.0,0.0
8744,SBIMIDMOM,SBI Mutual Fund,INF200KB1AJ0,Unknown,Unknown,EQ,,Unknown,0.0,0.0,0.0,0.0
8901,SETFNIF50,SBI Mutual Fund-Permitted,INF200KA1FS1,Unknown,Unknown,EQ,,Unknown,0.0,0.0,0.0,0.0
8900,SETFNIFBK,SBI Mutual Fund-Permitted,INF200KA1580,Unknown,Unknown,EQ,,Unknown,0.0,0.0,0.0,0.0
8243,SBLI,SBL Infratech Limited,INE0DLM01024,Unknown,Unknown,EQ,,Unknown,0.0,0.0,0.0,0.0
4872,SCAGRO,SC Agrotech Limited,INE895E01017,Unknown,Unknown,EQ,,Unknown,0.0,0.0,0.0,0.0
6446,SCANPRO,Scan Projects Ltd,INE393D01015,Unknown,Unknown,EQ,,Unknown,0.0,0.0,0.0,0.0
1985,SCANSTL,Scan Steels Limited,INE099G01011,Unknown,Unknown,BE,2026-04-20,Unknown,0.0,0.0,0.0,0.0
8289,SCARNOSE,Scarnose International Limited,INE0IXR01019,Unknown,Unknown,EQ,,Unknown,0.0,0.0,0.0,0.0
3621,SCHABLON,Schablona India Ltd,INE024C01026,Unknown,Unknown,EQ,,Unknown,0.0,0.0,0.0,0.0
1986,SCHAEFFLER,Schaeffler India Limited,INE513A01022,Unknown,Unknown,EQ,2000-11-29,Unknown,0.0,0.0,0.0,0.0
1988,SCHNEIDER,Schneider Electric Infrastructure Limited,INE839M01018,Unknown,Unknown,EQ,2012-03-20,Unknown,0.0,0.0,0.0,0.0
8777,SELECTRIC,Schneider Electric President Systems Ltd,INE155D01018,Unknown,Unknown,EQ,,Unknown,0.0,0.0,0.0,0.0
5162,SCILVENTU,SCIL Ventures Ltd,INE613D01016,Unknown,Unknown,EQ,,Unknown,0.0,0.0,0.0,0.0
7362,SCC,Scintilla Commercial & Credit  Limited,INE892C01018,Unknown,Unknown,EQ,,Unknown,0.0,0.0,0.0,0.0
5293,SCINTSOFT,Scintilla Software Technology Ltd.,INE355B01018,Unknown,Unknown,EQ,,Unknown,0.0,0.0,0.0,0.0
1991,SCODATUBES,Scoda Tubes Limited,INE090501011,Unknown,Unknown,EQ,2025-06-04,Unknown,0.0,0.0,0.0,0.0
9356,SCOOBEE-RE,SCOOBEE DAY GARMENTS (INDIA) LIMITED,INE962E20015,Unknown,Unknown,EQ,,Unknown,0.0,0.0,0.0,0.0
5478,SCOOBEEDAY,SCOOBEE DAY GARMENTS (INDIA) LIMITED,INE962E01015,Unknown,Unknown,EQ,,Unknown,0.0,0.0,0.0,0.0
3405,SCOOTER,Scooters India Ltd.,INE959E01011,Unknown,Unknown,EQ,,Unknown,0.0,0.0,0.0,0.0
6498,SCOPEIND,Scope Industries (India) Limited,INE747C01014,Unknown,Unknown,EQ,,Unknown,0.0,0.0,0.0,0.0
7112,SDC,SDC TECHMEDIA LIMITED,INE807O01011,Unknown,Unknown,EQ,,Unknown,0.0,0.0,0.0,0.0
7016,SEATV,SEA TV Network Limited,INE351L01016,Unknown,Unknown,EQ,,Unknown,0.0,0.0,0.0,0.0
9124,SEACO-RE,SEACOAST SHIPPING SERVICES LIMITED,INE277T20016,Unknown,Unknown,EQ,,Unknown,0.0,0.0,0.0,0.0
8112,SEACOAST,SEACOAST SHIPPING SERVICES LIMITED,INE277T01024,Unknown,Unknown,EQ,,Unknown,0.0,0.0,0.0,0.0
6389,SEAGUL,Seagull Leafin Ltd,INE132D01025,Unknown,Unknown,EQ,,Unknown,0.0,0.0,0.0,0.0
8352,SEALMATIC,Sealmatic India Limited,INE0O4601016,Unknown,Unknown,EQ,,Unknown,0.0,0.0,0.0,0.0
1994,SEAMECLTD,Seamec Limited,INE497B01018,Unknown,Unknown,EQ,1995-06-28,Unknown,0.0,0.0,0.0,0.0
4512,SEASONF,Seasons Furnishings Ltd.,INE454D01015,Unknown,Unknown,EQ,,Unknown,0.0,0.0,0.0,0.0
4180,SEASONST,Seasons Textiles Ltd,INE707B01010,Unknown,Unknown,EQ,,Unknown,0.0,0.0,0.0,0.0
1995,SECMARK,SecMark Consultancy Limited,INE0BTM01013,Unknown,Unknown,EQ,2023-10-16,Unknown,0.0,0.0,0.0,0.0
4787,SECHE,Secunderabad Health Care Ltd.,INE930C01016,Unknown,Unknown,EQ,,Unknown,0.0,0.0,0.0,0.0
8326,SECURCRED,SecUR Credentials Limited,INE195Y01010,Unknown,Unknown,EQ,,Unknown,0.0,0.0,0.0,0.0
3820,SECEARTH,Secure Earth Technologies Limited,INE160B01038,Unknown,Unknown,EQ,,Unknown,0.0,0.0,0.0,0.0
1996,SECURKLOUD,SECUREKLOUD TECHNOLOGIES LIMITED,INE650K01021,Unknown,Unknown,EQ,2014-01-29,Unknown,0.0,0.0,0.0,0.0
1997,SEDEMAC,SEDEMAC Mechatronics Limited,INE00XB01019,Unknown,Unknown,EQ,2026-03-11,Unknown,0.0,0.0,0.0,0.0
8798,SEEMAX,Seemax Resources Limited,INE1EVO01017,Unknown,Unknown,EQ,,Unknown,0.0,0.0,0.0,0.0
1999,SEJALLTD,Sejal Glass Limited,INE955I01044,Unknown,Unknown,EQ,2021-12-13,Unknown,0.0,0.0,0.0,0.0
2001,SELMC,SEL Manufacturing Company Limited,INE105I01020,Unknown,Unknown,EQ,2021-10-26,Unknown,0.0,0.0,0.0,0.0
7371,SELLWIN,SELLWIN TRADERS LIMITED,INE195F01027,Unknown,Unknown,EQ,,Unknown,0.0,0.0,0.0,0.0
2002,SEMAC,Semac Construction Limited,INE617A01013,Unknown,Unknown,EQ,2005-08-11,Unknown,0.0,0.0,0.0,0.0
6580,SENBO,Senbo Industries Ltd.,INE792C01010,Unknown,Unknown,EQ,,Unknown,0.0,0.0,0.0,0.0
2003,SENCO,Senco Gold Limited,INE602W01027,Unknown,Unknown,EQ,2023-07-14,Unknown,0.0,0.0,0.0,0.0
2004,SENORES,Senores Pharmaceuticals Limited,INE0RB801010,Unknown,Unknown,EQ,2024-12-30,Unknown,0.0,0.0,0.0,0.0
6559,SENINFO,Senthil Infotek Limited,INE564B01015,Unknown,Unknown,EQ,,Unknown,0.0,0.0,0.0,0.0
2005,SEPC,SEPC Limited,INE964H01014,Unknown,Unknown,EQ,2008-02-20,Unknown,0.0,0.0,0.0,0.0
9623,SEPCPP,SEPC LIMITED,IN9964H01012,Unknown,Unknown,EQ,,Unknown,0.0,0.0,0.0,0.0
9099,SEPC-RE,SEPC LIMITED,INE964H20014,Unknown,Unknown,EQ,,Unknown,0.0,0.0,0.0,0.0
9317,SEPC-RE3,SEPC LIMITED,INE964H20055,Unknown,Unknown,EQ,,Unknown,0.0,0.0,0.0,0.0
9198,SEPC-RE2,SEPC LIMITED,INE964H20030,Unknown,Unknown,EQ,,Unknown,0.0,0.0,0.0,0.0
9136,SEPC-RE1,SEPC LIMITED,INE964H20022,Unknown,Unknown,EQ,,Unknown,0.0,0.0,0.0,0.0
9499,SEQPP,Sequel Soft India Ltd.,IN9793C01016,Unknown,Unknown,EQ,,Unknown,0.0,0.0,0.0,0.0
6761,SEQSOFT,Sequel Soft India Ltd.,INE793C01018,Unknown,Unknown,EQ,,Unknown,0.0,0.0,0.0,0.0
3982,SERA,SERA INVESTMENTS & FINANCE INDIA LIMITED,INE017I01027,Unknown,Unknown,EQ,,Unknown,0.0,0.0,0.0,0.0
7039,SERVALL,SERVALAKSHMI PAPER LIMITED,INE431L01016,Unknown,Unknown,EQ,,Unknown,0.0,0.0,0.0,0.0
2006,SERVOTECH,Servotech Renewable Power System Limited,INE782X01033,Unknown,Unknown,EQ,2021-09-02,Unknown,0.0,0.0,0.0,0.0
2172,STYL,Seshaasai Technologies Limited,INE04VU01023,Unknown,Unknown,EQ,2025-09-30,Unknown,0.0,0.0,0.0,0.0
6445,SESHACHAL,Seshachal Technologies Ltd,INE331F01028,Unknown,Unknown,EQ,,Unknown,0.0,0.0,0.0,0.0
2007,SESHAPAPER,Seshasayee Paper and Boards Limited,INE630A01024,Unknown,Unknown,EQ,1995-03-29,Unknown,0.0,0.0,0.0,0.0
2008,SETCO,Setco Automotive Limited,INE878E01021,Unknown,Unknown,BE,2016-07-01,Unknown,0.0,0.0,0.0,0.0
2010,SETUINFRA,Setubandhan Infrastructure Limited,INE023M01027,Unknown,Unknown,BZ,2011-10-04,Unknown,0.0,0.0,0.0,0.0
3884,SEVENHILL,Seven Hill Industries Limited,INE518D01025,Unknown,Unknown,EQ,,Unknown,0.0,0.0,0.0,0.0
2011,SEYAIND,Seya Industries Limited,INE573R01012,Unknown,Unknown,BE,2019-07-11,Unknown,0.0,0.0,0.0,0.0
5337,SFLINTER,SFL International Limited,INE320C01010,Unknown,Unknown,EQ,,Unknown,0.0,0.0,0.0,0.0
2013,SGFIN,SG Finserve Limited,INE618R01015,Unknown,Unknown,EQ,2025-08-05,Unknown,0.0,0.0,0.0,0.0
2017,SGMART,SG Mart Limited,INE385F01024,Unknown,Unknown,EQ,2025-09-12,Unknown,0.0,0.0,0.0,0.0
2016,SGLRES,SGL Resources Limited,INE967B01028,Unknown,Unknown,EQ,2026-08-17,Unknown,0.0,0.0,0.0,0.0
8988,SGLRES-RE,SGL RESOURCES LIMITED,INE967B20010,Unknown,Unknown,EQ,,Unknown,0.0,0.0,0.0,0.0
9250,SGLRES- RE3,SGL RESOURCES LIMITED,INE967B20044,Unknown,Unknown,EQ,,Unknown,0.0,0.0,0.0,0.0
9157,SGLRES-RE1,SGL RESOURCES LIMITED,INE967B20028,Unknown,Unknown,EQ,,Unknown,0.0,0.0,0.0,0.0
9559,SCANPGEOMPP,SGL RESOURCES LIMITED,IN9967B01018,Unknown,Unknown,EQ,,Unknown,0.0,0.0,0.0,0.0
9175,SGLRES-RE2,SGL RESOURCES LIMITED,INE967B20036,Unknown,Unknown,EQ,,Unknown,0.0,0.0,0.0,0.0
6453,SGNTE,SGN Telecoms Ltd.,INE266C01023,Unknown,Unknown,EQ,,Unknown,0.0,0.0,0.0,0.0
2019,SHADOWFAX,Shadowfax Technologies Limited,INE12UN01015,Unknown,Unknown,EQ,2026-01-28,Unknown,0.0,0.0,0.0,0.0
2021,SHAHALLOYS,Shah Alloys Limited,INE640C01011,Unknown,Unknown,BE,2005-06-16,Unknown,0.0,0.0,0.0,0.0
3729,SHAHCON,Shah Construction Co. Ltd.,INE02C301011,Unknown,Unknown,EQ,,Unknown,0.0,0.0,0.0,0.0
4370,SHAHFOOD,Shah Foods Ltd,INE455D01012,Unknown,Unknown,EQ,,Unknown,0.0,0.0,0.0,0.0
2020,SHAH,Shah Metacorp Limited,INE482J01021,Unknown,Unknown,EQ,2010-10-27,Unknown,0.0,0.0,0.0,0.0
9072,SHAH-RE,SHAH METACORP LIMITED,INE482J20013,Unknown,Unknown,EQ,,Unknown,0.0,0.0,0.0,0.0
9444,SHAH-RE1,SHAH METACORP LIMITED,INE482J20021,Unknown,Unknown,EQ,,Unknown,0.0,0.0,0.0,0.0
4956,SHAHISHIP,Shahi Shipping Limited,INE825D01016,Unknown,Unknown,EQ,,Unknown,0.0,0.0,0.0,0.0
8151,SHAHLON,Shahlon Silk Industries Limited,INE052001026,Unknown,Unknown,EQ,,Unknown,0.0,0.0,0.0,0.0
7596,SHAILJA,Shailja Commercial Trade Frenzy Limited,INE195R01014,Unknown,Unknown,EQ,,Unknown,0.0,0.0,0.0,0.0
2022,SHAILY,Shaily Engineering Plastics Limited,INE151G01028,Unknown,Unknown,EQ,2022-04-04,Unknown,0.0,0.0,0.0,0.0
4957,SHAKMET,Shakti Met-dor Ltd.,INE614D01014,Unknown,Unknown,EQ,,Unknown,0.0,0.0,0.0,0.0
9436,SHAKTI-RE,Shakti Press Ltd.,INE794C20016,Unknown,Unknown,EQ,,Unknown,0.0,0.0,0.0,0.0
5037,SHAKTIPR,Shakti Press Ltd.,INE794C01016,Unknown,Unknown,EQ,,Unknown,0.0,0.0,0.0,0.0
2023,SHAKTIPUMP,Shakti Pumps (India) Limited,INE908D01010,Unknown,Unknown,EQ,2015-01-29,Unknown,0.0,0.0,0.0,0.0
2024,SHALBY,Shalby Limited,INE597J01018,Unknown,Unknown,EQ,2017-12-15,Unknown,0.0,0.0,0.0,0.0
1933,SAHLIBHFI,Shalibhadra Finance Limited,INE861D01011,Unknown,Unknown,EQ,2026-04-10,Unknown,0.0,0.0,0.0,0.0
6430,SHALIINF,Shalibhadra Infosec Ltd.,INE302B01010,Unknown,Unknown,EQ,,Unknown,0.0,0.0,0.0,0.0
2025,SHALPAINTS,Shalimar Paints Limited,INE849C01026,Unknown,Unknown,BE,2008-03-03,Unknown,0.0,0.0,0.0,0.0
4010,SHALPRO,Shalimar Productions Ltd.,INE435E01020,Unknown,Unknown,EQ,,Unknown,0.0,0.0,0.0,0.0
6769,SHALIWIR,Shalimar Wires Industries Ltd.,INE655D01025,Unknown,Unknown,EQ,,Unknown,0.0,0.0,0.0,0.0
8828,SHAMFOAM,Sham Foam Limited,INE0Z9N01013,Unknown,Unknown,EQ,,Unknown,0.0,0.0,0.0,0.0
4166,SHAMKENC,Shamken Cotsyn Limited,INE352D01011,Unknown,Unknown,EQ,,Unknown,0.0,0.0,0.0,0.0
4158,SHAMKMUL,Shamken Multifab Ltd.,INE565B01012,Unknown,Unknown,EQ,,Unknown,0.0,0.0,0.0,0.0
3145,SHAMKNSPIN,Shamken Spinners Ltd.,INE626B01012,Unknown,Unknown,EQ,,Unknown,0.0,0.0,0.0,0.0
5482,SHAMROIN,Shamrock Industrial Co. Ltd.,INE022F01015,Unknown,Unknown,EQ,,Unknown,0.0,0.0,0.0,0.0
9244,SHADEC-RE,SHANGAR DECOR LIMITED,INE118R20016,Unknown,Unknown,EQ,,Unknown,0.0,0.0,0.0,0.0
7768,SHANGAR,SHANGAR DECOR LIMITED,INE118R01032,Unknown,Unknown,EQ,,Unknown,0.0,0.0,0.0,0.0
2144,SRD,Shankar Lal Rampal Dye-Chem Limited,INE01NE01012,Unknown,Unknown,EQ,2024-10-09,Unknown,0.0,0.0,0.0,0.0
2026,SHANKARA,Shankara Building Products Limited,INE274V01019,Unknown,Unknown,EQ,2017-04-05,Unknown,0.0,0.0,0.0,0.0
417,BUILDPRO,Shankara Buildpro Limited,INE24OJ01011,Unknown,Unknown,EQ,2026-01-09,Unknown,0.0,0.0,0.0,0.0
2027,SHANKESH,Shankesh Jewellers Limited,INE1WFC01025,Unknown,Unknown,EQ,2026-08-25,Unknown,0.0,0.0,0.0,0.0
8542,SHANMUGA,SHANMUGA HOSPITAL LIMITED,INE0TD301017,Unknown,Unknown,EQ,,Unknown,0.0,0.0,0.0,0.0
3959,SHANTAI,Shantai Industries Limited,INE408F01024,Unknown,Unknown,EQ,,Unknown,0.0,0.0,0.0,0.0
6526,SHAQUAK,Shantanu Sheorey Aquakult ltd.,INE545N01019,Unknown,Unknown,EQ,,Unknown,0.0,0.0,0.0,0.0
2029,SHANTIGEAR,Shanthi Gears Limited,INE631A01022,Unknown,Unknown,EQ,1996-01-17,Unknown,0.0,0.0,0.0,0.0
1998,SEIL,Shanti Educational Initiatives Limited,INE440T01028,Unknown,Unknown,EQ,2026-04-20,Unknown,0.0,0.0,0.0,0.0
2030,SHANTIGOLD,Shanti Gold International Limited,INE06ZD01017,Unknown,Unknown,EQ,2025-08-01,Unknown,0.0,0.0,0.0,0.0
9452,SHANTI-RE,SHANTI GOLD INTERNATIONAL LIMITED,INE06ZD20017,Unknown,Unknown,EQ,,Unknown,0.0,0.0,0.0,0.0
7078,SHANTIGURU,SHANTI GURU INDUSTRIES LIMITED,INE892L01019,Unknown,Unknown,EQ,,Unknown,0.0,0.0,0.0,0.0
2028,SHANTI,Shanti Overseas (India) Limited,INE933X01016,Unknown,Unknown,EQ,2021-09-16,Unknown,0.0,0.0,0.0,0.0
8423,SHANTIDENM,SHANTI SPINTEX LIMITED,INE0QZQ01019,Unknown,Unknown,EQ,,Unknown,0.0,0.0,0.0,0.0
8311,SISL,SHANTIDOOT INFRA SERVICES LIMITED,INE0LU301014,Unknown,Unknown,EQ,,Unknown,0.0,0.0,0.0,0.0
5373,SHANTIVI,Shantivijay Jewels Ltd.,INE656D01015,Unknown,Unknown,EQ,,Unknown,0.0,0.0,0.0,0.0
6731,SHAPRDM,Shapre Global Info Services Ltd.,INE129B01017,Unknown,Unknown,EQ,,Unknown,0.0,0.0,0.0,0.0
4213,SDHATER,Sharadha Terry Products Ltd.,INE167G01016,Unknown,Unknown,EQ,,Unknown,0.0,0.0,0.0,0.0
9143,SIPTL-RE1,SHARANAM INFRAPROJECT AND TRADING LIMITED,INE104S20022,Unknown,Unknown,EQ,,Unknown,0.0,0.0,0.0,0.0
9110,SIPTL-RE,SHARANAM INFRAPROJECT AND TRADING LIMITED,INE104S20014,Unknown,Unknown,EQ,,Unknown,0.0,0.0,0.0,0.0
9268,SIPTL-RE2,SHARANAM INFRAPROJECT AND TRADING LIMITED,INE104S20030,Unknown,Unknown,EQ,,Unknown,0.0,0.0,0.0,0.0
7611,SIPTL,SHARANAM INFRAPROJECT AND TRADING LIMITED,INE104S01022,Unknown,Unknown,EQ,,Unknown,0.0,0.0,0.0,0.0
2042,SHINDL,Sharat Industries Limited,INE220Z01013,Unknown,Unknown,EQ,2026-04-20,Unknown,0.0,0.0,0.0,0.0
9203,SHINDL-RE,Sharat Industries Ltd.,INE220Z20013,Unknown,Unknown,EQ,,Unknown,0.0,0.0,0.0,0.0
9612,SHARATPP,Sharat Industries Ltd.,IN9220Z01011,Unknown,Unknown,EQ,,Unknown,0.0,0.0,0.0,0.0
2031,SHARDACROP,Sharda Cropchem Limited,INE221J01015,Unknown,Unknown,EQ,2014-09-23,Unknown,0.0,0.0,0.0,0.0
4111,SHRDAIS,Sharda Ispat Ltd.,INE385M01012,Unknown,Unknown,EQ,,Unknown,0.0,0.0,0.0,0.0
2032,SHARDAMOTR,Sharda Motor Industries Limited,INE597I01028,Unknown,Unknown,EQ,2015-09-03,Unknown,0.0,0.0,0.0,0.0
2033,SHARDUL,Shardul Securities Limited,INE037B01020,Unknown,Unknown,BE,2026-04-20,Unknown,0.0,0.0,0.0,0.0
2034,SHAREINDIA,Share India Securities Limited,INE932X01026,Unknown,Unknown,EQ,2020-09-21,Unknown,0.0,0.0,0.0,0.0
9095,SHARE-RE,Share India Securities Limited,INE932X20018,Unknown,Unknown,EQ,,Unknown,0.0,0.0,0.0,0.0
8500,SSL,Share Samadhan Limited,INE0LY301010,Unknown,Unknown,EQ,,Unknown,0.0,0.0,0.0,0.0
7905,SHARIKA,SHARIKA ENTERPRISES LIMITED,INE669Y01022,Unknown,Unknown,EQ,,Unknown,0.0,0.0,0.0,0.0
4789,SHARMEH,Sharma East India Hospitals And Res,INE465H01012,Unknown,Unknown,EQ,,Unknown,0.0,0.0,0.0,0.0
6914,SHARONBIO,SHARON BIO-MEDICINE LTD.,INE028B01029,Unknown,Unknown,EQ,,Unknown,0.0,0.0,0.0,0.0
4643,SHARP,Sharp India Ltd,INE207B01011,Unknown,Unknown,EQ,,Unknown,0.0,0.0,0.0,0.0
4632,SHARPIND,Sharp Industries ltd.,INE013B01021,Unknown,Unknown,EQ,,Unknown,0.0,0.0,0.0,0.0
7213,SHARPINV,SHARP INVESTMENTS LTD,INE909D01026,Unknown,Unknown,EQ,,Unknown,0.0,0.0,0.0,0.0
8234,SHARPLINE,SHARPLINE BROADCAST LIMITED,INE647W01014,Unknown,Unknown,EQ,,Unknown,0.0,0.0,0.0,0.0
6447,SHARPRIN,Sharpscan & Prints Ltd.,INE795C01013,Unknown,Unknown,EQ,,Unknown,0.0,0.0,0.0,0.0
8615,SHARVAYA,SHARVAYA METALS LIMITED,INE0UJF01018,Unknown,Unknown,EQ,,Unknown,0.0,0.0,0.0,0.0
7755,SHASHANK,Shashank Traders Limited,INE508R01018,Unknown,Unknown,EQ,,Unknown,0.0,0.0,0.0,0.0
7730,SHASHIJIT,Shashijit Infraprojects Limited,INE700V01021,Unknown,Unknown,EQ,,Unknown,0.0,0.0,0.0,0.0
8283,SFSL,Shashwat Furnishing Solutions Limited,INE0JMN01019,Unknown,Unknown,EQ,,Unknown,0.0,0.0,0.0,0.0
4790,SHASUNPHAR,Shasun Pharmaceuticals Limited,INE317A01028,Unknown,Unknown,EQ,,Unknown,0.0,0.0,0.0,0.0
3216,SHAWWALLACE,Shaw Wallace & Co. Ltd.,INE402A01010,Unknown,Unknown,EQ,,Unknown,0.0,0.0,0.0,0.0
8721,SHAYONAENG,SHAYONA ENGINEERING LIMITED,INE0UCL01011,Unknown,Unknown,EQ,,Unknown,0.0,0.0,0.0,0.0
6294,SHAYONA,Shayona Petrochem Ltd.,INE627B01010,Unknown,Unknown,EQ,,Unknown,0.0,0.0,0.0,0.0
2012,SFL,Sheela Foam Limited,INE916U01025,Unknown,Unknown,EQ,2016-12-09,Unknown,0.0,0.0,0.0,0.0
6448,SHEETALB,Sheetal Bio-Agro Tech Limited,INE612C01028,Unknown,Unknown,EQ,,Unknown,0.0,0.0,0.0,0.0
1992,SCPL,Sheetal Cool Products Limited,INE501Y01019,Unknown,Unknown,BE,2022-11-22,Unknown,0.0,0.0,0.0,0.0
2036,SHEKHAWATI,Shekhawati Industries Limited,INE268L01046,Unknown,Unknown,BE,2011-01-12,Unknown,0.0,0.0,0.0,0.0
5036,SIPL,Shelter Infra Projects Limited,INE413C01013,Unknown,Unknown,EQ,,Unknown,0.0,0.0,0.0,0.0
8397,SHELTER,SHELTER PHARMA LIMITED,INE013V01011,Unknown,Unknown,EQ,,Unknown,0.0,0.0,0.0,0.0
2037,SHEMAROO,Shemaroo Entertainment Limited,INE363M01019,Unknown,Unknown,BE,2014-10-01,Unknown,0.0,0.0,0.0,0.0
5302,SHENTRA,Shentracon Chemicals Ltd.,INE0OUS01011,Unknown,Unknown,EQ,,Unknown,0.0,0.0,0.0,0.0
3977,ZSHERAPR,Sheraton Properties & Finance Ltd.,INE495M01019,Unknown,Unknown,EQ,,Unknown,0.0,0.0,0.0,0.0
2038,SHERVANI,Shervani Industrial Syndicate Limited,INE011D01013,Unknown,Unknown,EQ,2026-08-17,Unknown,0.0,0.0,0.0,0.0
7453,SHESHAINDS,SHESHADRI INDUSTRIES LIMITED,INE193R01019,Unknown,Unknown,EQ,,Unknown,0.0,0.0,0.0,0.0
4882,SHETR,Shetron Ltd.,INE278C01010,Unknown,Unknown,EQ,,Unknown,0.0,0.0,0.0,0.0
5049,SHIKHAR,Shikhar Consultants Ltd.,INE641B01011,Unknown,Unknown,EQ,,Unknown,0.0,0.0,0.0,0.0
3630,SHIKHARLETR,Shikhar Leasing and Trading Ltd.,INE02BV01019,Unknown,Unknown,EQ,,Unknown,0.0,0.0,0.0,0.0
2039,SHILCTECH,Shilchar Technologies Limited,INE024F01011,Unknown,Unknown,EQ,2025-11-24,Unknown,0.0,0.0,0.0,0.0
2040,SHILGRAVQ,Shilp Gravures Limited,INE960A01017,Unknown,Unknown,EQ,2026-08-17,Unknown,0.0,0.0,0.0,0.0
2041,SHILPAMED,Shilpa Medicare Limited,INE790G01031,Unknown,Unknown,EQ,2009-12-03,Unknown,0.0,0.0,0.0,0.0
7035,SHILPI,Shilpi Cable Technologies Limited,INE510K01019,Unknown,Unknown,EQ,,Unknown,0.0,0.0,0.0,0.0
8213,SHINEFASH,Shine Fashions (India) Limited,INE0BLY01023,Unknown,Unknown,EQ,,Unknown,0.0,0.0,0.0,0.0
8668,SHTL,SHINING TOOLS LIMITED,INE0D8001018,Unknown,Unknown,EQ,,Unknown,0.0,0.0,0.0,0.0
1990,SCILAL,Shipping Corporation of India Land and Assets Limited,INE0PB301013,Unknown,Unknown,EQ,2024-03-19,Unknown,0.0,0.0,0.0,0.0
1989,SCI,Shipping Corporation Of India Limited,INE109A01011,Unknown,Unknown,EQ,1997-08-13,Unknown,0.0,0.0,0.0,0.0
2043,SHIPROCKET,Shiprocket Limited,INE0FOO01011,Unknown,Unknown,EQ,2026-08-19,Unknown,0.0,0.0,0.0,0.0
8689,SHIPWAVES,Shipwaves Online Limited,INE0O9L01010,Unknown,Unknown,EQ,,Unknown,0.0,0.0,0.0,0.0
3957,SHIRPUR-G,Shirpur Gold Refinery Ltd.,INE196B01016,Unknown,Unknown,EQ,,Unknown,0.0,0.0,0.0,0.0
7866,SHISHIND,Shish Industries Limited,INE145Y01023,Unknown,Unknown,EQ,,Unknown,0.0,0.0,0.0,0.0
2050,SHIVAUM,Shiv Aum Steels Limited,INE719F01016,Unknown,Unknown,EQ,2025-11-14,Unknown,0.0,0.0,0.0,0.0
8509,SHIVTEXCHEM,SHIV TEXCHEM LIMITED,INE0YRO01015,Unknown,Unknown,EQ,,Unknown,0.0,0.0,0.0,0.0
2045,SHIVACEM,Shiva Cement Limited,INE555C01029,Unknown,Unknown,EQ,2026-08-17,Unknown,0.0,0.0,0.0,0.0
9170,SHIVA-RE,Shiva Cement Ltd.,INE555C20011,Unknown,Unknown,EQ,,Unknown,0.0,0.0,0.0,0.0
2044,SHIVAAGRO,Shiva Global Agro Industries Limited,INE960E01019,Unknown,Unknown,EQ,2026-08-17,Unknown,0.0,0.0,0.0,0.0
7710,SHIVAEXPO,Shiva Granito Export Limited,INE191V01015,Unknown,Unknown,EQ,,Unknown,0.0,0.0,0.0,0.0
2048,SHIVAMILLS,Shiva Mills Limited,INE644Y01017,Unknown,Unknown,EQ,2018-02-26,Unknown,0.0,0.0,0.0,0.0
3261,SHIVAPPR,Shiva Paper Mills Ltd.,INE186D01013,Unknown,Unknown,EQ,,Unknown,0.0,0.0,0.0,0.0
4476,SHVSUIT,Shiva Suitings Ltd.,INE02Z901011,Unknown,Unknown,EQ,,Unknown,0.0,0.0,0.0,0.0
2049,SHIVATEX,Shiva Texyarn Limited,INE705C01020,Unknown,Unknown,EQ,2017-12-26,Unknown,0.0,0.0,0.0,0.0
4566,SHIVAGR,Shivagrico Implements Ltd.,INE092H01014,Unknown,Unknown,EQ,,Unknown,0.0,0.0,0.0,0.0
1978,SBCL,Shivalik Bimetal Controls Limited,INE386D01027,Unknown,Unknown,EQ,2021-06-24,Unknown,0.0,0.0,0.0,0.0
2046,SHIVALIK,Shivalik Rasayan Limited,INE788J01021,Unknown,Unknown,BE,2021-12-09,Unknown,0.0,0.0,0.0,0.0
6568,SHIAE,Shivam Apperals Exports Ltd,INE687D01010,Unknown,Unknown,EQ,,Unknown,0.0,0.0,0.0,0.0
2047,SHIVAMAUTO,Shivam Autotech Limited,INE637H01024,Unknown,Unknown,EQ,2006-11-21,Unknown,0.0,0.0,0.0,0.0
9011,SHIVAM-RE,SHIVAM AUTOTECH LIMITED,INE637H20016,Unknown,Unknown,EQ,,Unknown,0.0,0.0,0.0,0.0
8456,SHIVAM,SHIVAM CHEMICALS LIMITED,INE0SGR01013,Unknown,Unknown,EQ,,Unknown,0.0,0.0,0.0,0.0
7248,SBL,SHIVAMSHREE BUSINESSES LIMITED,INE857P01021,Unknown,Unknown,EQ,,Unknown,0.0,0.0,0.0,0.0
7612,SHIVA,Shivansh Finserv Limited,INE728Q01014,Unknown,Unknown,EQ,,Unknown,0.0,0.0,0.0,0.0
6577,SHIVGAR,Shivgarh Resorts Ltd.,INE780A01019,Unknown,Unknown,EQ,,Unknown,0.0,0.0,0.0,0.0
7637,SHIVKAMAL,Shivkamal Impex Limited,INE429R01017,Unknown,Unknown,EQ,,Unknown,0.0,0.0,0.0,0.0
7659,SICLTD,Shivom Investment & Consultancy Limited,INE074G01014,Unknown,Unknown,EQ,,Unknown,0.0,0.0,0.0,0.0
8654,SHLOKKA,SHLOKKA DYES LIMITED,INE1EUB01016,Unknown,Unknown,EQ,,Unknown,0.0,0.0,0.0,0.0
3896,SHOTI,Shonkh Technologies International Ltd,INE735B01011,Unknown,Unknown,EQ,,Unknown,0.0,0.0,0.0,0.0
8398,SHOORA,Shoora Designs Limited,INE0OJZ01019,Unknown,Unknown,EQ,,Unknown,0.0,0.0,0.0,0.0
2052,SHOPERSTOP,Shoppers Stop Limited,INE498B01024,Unknown,Unknown,EQ,2005-05-23,Unknown,0.0,0.0,0.0,0.0
8972,SHOPER-RE,Shoppers Stop Ltd,INE498B20016,Unknown,Unknown,EQ,,Unknown,0.0,0.0,0.0,0.0
3835,SHRACHI,Shrachi Securities Ltd,INE510C01016,Unknown,Unknown,EQ,,Unknown,0.0,0.0,0.0,0.0
2053,SHRADDHA,Shraddha Prime Projects Limited,INE311M01018,Unknown,Unknown,EQ,2026-08-17,Unknown,0.0,0.0,0.0,0.0
9120,SPPL-RE,SHRADDHA PRIME PROJECTS LTD,INE311M20018,Unknown,Unknown,EQ,,Unknown,0.0,0.0,0.0,0.0
8401,SHRAAITECH,Shradha AI Technologies Limited,INE489B01031,Unknown,Unknown,EQ,,Unknown,0.0,0.0,0.0,0.0
2054,SHRADHA,Shradha Realty Limited,INE715Y01031,Unknown,Unknown,EQ,2020-10-22,Unknown,0.0,0.0,0.0,0.0
3541,SHACIDS,Shree Acids & Chemicals Ltd.,INE142C01018,Unknown,Unknown,EQ,,Unknown,0.0,0.0,0.0,0.0
1966,SAPPL,Shree Ajit Pulp & Paper Limited,INE185C01017,Unknown,Unknown,EQ,2026-04-20,Unknown,0.0,0.0,0.0,0.0
9144,SAPPL-RE,Shree Ajit Pulp And Paper Ltd,INE185C20017,Unknown,Unknown,EQ,,Unknown,0.0,0.0,0.0,0.0
9600,SAPPLPP,Shree Ajit Pulp And Paper Ltd,IN9185C01015,Unknown,Unknown,EQ,,Unknown,0.0,0.0,0.0,0.0
4250,SHREAMBP,Shree Ambeshwar Paper Mills Ltd,INE616D01019,Unknown,Unknown,EQ,,Unknown,0.0,0.0,0.0,0.0
5062,SHARAVE,Shree Araveli Finlease Ltd.,INE818E01019,Unknown,Unknown,EQ,,Unknown,0.0,0.0,0.0,0.0
6873,SHREEASHTA,Shree Ashtavinayak Cine Vision Ltd,INE538H01024,Unknown,Unknown,EQ,,Unknown,0.0,0.0,0.0,0.0
8811,MALA,Shree Balaji (Mala) Textiles Limited,INE1N3Y01016,Unknown,Unknown,EQ,,Unknown,0.0,0.0,0.0,0.0
4501,SBFL,Shree Bhavya Fabrics Limited,INE363D01018,Unknown,Unknown,EQ,,Unknown,0.0,0.0,0.0,0.0
9528,SHRBHAWNIPP,Shree Bhawani Paper Mills Ltd.,IN9688C01018,Unknown,Unknown,EQ,,Unknown,0.0,0.0,0.0,0.0
3262,SHBHAWPA,Shree Bhawani Paper Mills Ltd.,INE688C01010,Unknown,Unknown,EQ,,Unknown,0.0,0.0,0.0,0.0
2056,SHREECEM,SHREE CEMENT LIMITED,INE070A01015,Unknown,Unknown,EQ,1995-04-26,Unknown,0.0,0.0,0.0,0.0
2055,SHREDIGCEM,Shree Digvijay Cement Co.Ltd,INE232A01011,Unknown,Unknown,EQ,2020-01-28,Unknown,0.0,0.0,0.0,0.0
7581,SHREEGANES,Shree Ganesh Biotech (India) Limited,INE051N01026,Unknown,Unknown,EQ,,Unknown,0.0,0.0,0.0,0.0
5317,SHGANEL,Shree Ganesh Elastoplast Ltd,INE400N01017,Unknown,Unknown,EQ,,Unknown,0.0,0.0,0.0,0.0
6812,SGFL,Shree Ganesh Forgings Ltd.,INE883G01018,Unknown,Unknown,EQ,,Unknown,0.0,0.0,0.0,0.0
6997,SGJHL,Shree Ganesh Jewellery House (I) Limited,INE553K01019,Unknown,Unknown,EQ,,Unknown,0.0,0.0,0.0,0.0
9586,SGRLPP,Shree Ganesh Remedies Limited,IN9414Y01013,Unknown,Unknown,EQ,,Unknown,0.0,0.0,0.0,0.0
2018,SGRL,Shree Ganesh Remedies Limited,INE414Y01015,Unknown,Unknown,EQ,2026-08-17,Unknown,0.0,0.0,0.0,0.0
9085,SGRL-RE,Shree Ganesh Remedies Limited,INE414Y20015,Unknown,Unknown,EQ,,Unknown,0.0,0.0,0.0,0.0
7185,HANSUGAR,SHREE HANUMAN SUGAR & INDUSTRIES LTD.,INE101H01013,Unknown,Unknown,EQ,,Unknown,0.0,0.0,0.0,0.0
4754,SHHARICH,Shree Hari Chemicals Export Ltd.,INE065E01017,Unknown,Unknown,EQ,,Unknown,0.0,0.0,0.0,0.0
5385,SHJAGDM,Shree Jagdambe Paper Mills Ltd.,INE198F01013,Unknown,Unknown,EQ,,Unknown,0.0,0.0,0.0,0.0
4261,SHKARTP,Shree Karthik Papers Ltd.,INE538D01015,Unknown,Unknown,EQ,,Unknown,0.0,0.0,0.0,0.0
8065,SKIFL,Shree Krishna Infrastructure Limited,INE951Z01013,Unknown,Unknown,EQ,,Unknown,0.0,0.0,0.0,0.0
3146,SKPMIL,Shree Krishna Paper Mills & Industr,INE970C01012,Unknown,Unknown,EQ,,Unknown,0.0,0.0,0.0,0.0
3317,SHRMFGC,Shree Manufacturing Co. Ltd.,INE632A01012,Unknown,Unknown,EQ,,Unknown,0.0,0.0,0.0,0.0
8429,SHREE,Shree Marutinandan Tubes Limited,INE0QIS01011,Unknown,Unknown,EQ,,Unknown,0.0,0.0,0.0,0.0
6551,SHREMETAL,Shree Metalloys Limited,INE914B01012,Unknown,Unknown,EQ,,Unknown,0.0,0.0,0.0,0.0
6262,SNEEL,Shree Neelachal Laboratories Ltd.,INE694B01010,Unknown,Unknown,EQ,,Unknown,0.0,0.0,0.0,0.0
7762,SNTCL,Shree Nidhi Trading Co. Ltd.,INE066E01015,Unknown,Unknown,EQ,,Unknown,0.0,0.0,0.0,0.0
5078,SHREEPAC,Shree Pacetronix Ltd,INE847D01010,Unknown,Unknown,EQ,,Unknown,0.0,0.0,0.0,0.0
6985,SPSL,Shree Precoated Steels Limited,INE318K01025,Unknown,Unknown,EQ,,Unknown,0.0,0.0,0.0,0.0
2058,SHREEPUSHK,Shree Pushkar Chemicals & Fertilisers Limited,INE712K01011,Unknown,Unknown,EQ,2015-09-10,Unknown,0.0,0.0,0.0,0.0
3315,SHRAJSYNQ,Shree Rajasthan Syntex Ltd.,INE796C01011,Unknown,Unknown,EQ,,Unknown,0.0,0.0,0.0,0.0
6188,SHRAJTX,Shree Rajasthan Texchem Ltd.,INE578F01016,Unknown,Unknown,EQ,,Unknown,0.0,0.0,0.0,0.0
4257,SRPML,Shree Rajeshwaranand Paper Mills Lt,INE617D01017,Unknown,Unknown,EQ,,Unknown,0.0,0.0,0.0,0.0
2151,SRTL,Shree Ram Twistex Limited,INE19GK01015,Unknown,Unknown,EQ,2026-03-02,Unknown,0.0,0.0,0.0,0.0
3281,SHREERAM,Shree Ram Urban Infrastructure Ltd,INE164H01011,Unknown,Unknown,EQ,,Unknown,0.0,0.0,0.0,0.0
2059,SHREERAMA,Shree Rama Multi-Tech Limited,INE879A01019,Unknown,Unknown,EQ,2000-03-13,Unknown,0.0,0.0,0.0,0.0
9114,SHRERA-RE,Shree Rama Multi-tech Ltd.,INE879A20019,Unknown,Unknown,EQ,,Unknown,0.0,0.0,0.0,0.0
1824,RAMANEWS,Shree Rama Newsprint Limited,INE278B01020,Unknown,Unknown,EQ,2006-09-20,Unknown,0.0,0.0,0.0,0.0
5432,SRANGMARK,Shree Rang Mark Travels Limited,INE765K01027,Unknown,Unknown,EQ,,Unknown,0.0,0.0,0.0,0.0
8592,SHREEREF,SHREE REFRIGERATIONS LIMITED,INE0FMZ01045,Unknown,Unknown,EQ,,Unknown,0.0,0.0,0.0,0.0
1859,RENUKA,Shree Renuka Sugars Limited,INE087H01022,Unknown,Unknown,EQ,2005-10-31,Unknown,0.0,0.0,0.0,0.0
3287,SALSAIN,Shree Salasar Investment Ltd.,INE315N01017,Unknown,Unknown,EQ,,Unknown,0.0,0.0,0.0,0.0
7404,SHREESEC,Shree Securities Ltd.,INE397C01026,Unknown,Unknown,EQ,,Unknown,0.0,0.0,0.0,0.0
3426,SHRSHATEX,Shree Shaleen Textiles Limited,INE703L01026,Unknown,Unknown,EQ,,Unknown,0.0,0.0,0.0,0.0
4098,SSWRL,Shree Steel Wire Ropes Ltd.,INE387D01025,Unknown,Unknown,EQ,,Unknown,0.0,0.0,0.0,0.0
3310,SHREESYN,Shree Synthetics Ltd.,INE872B01012,Unknown,Unknown,EQ,,Unknown,0.0,0.0,0.0,0.0
295,BALAJEE,Shree Tirupati Balajee Agro Trading Company Limited,INE0S2G01011,Unknown,Unknown,EQ,2024-09-12,Unknown,0.0,0.0,0.0,0.0
8895,SHREETULSI,Shree Tulsi Online.Com Ltd,INE130D01037,Unknown,Unknown,EQ,,Unknown,0.0,0.0,0.0,0.0
3574,SHVANI,Shree Vani Sugars & Ind. Ltd.,INE106E01019,Unknown,Unknown,EQ,,Unknown,0.0,0.0,0.0,0.0
2226,SVLL,Shree Vasu Logistics Limited,INE00CE01017,Unknown,Unknown,BE,2023-04-21,Unknown,0.0,0.0,0.0,0.0
6574,SHVFL,Shree Vatsaa Finance & Leasing Ltd.,INE981C01019,Unknown,Unknown,EQ,,Unknown,0.0,0.0,0.0,0.0
3255,SHRVINDPPR,Shree Vindhya Paper Mills Ltd.,INE210D01011,Unknown,Unknown,EQ,,Unknown,0.0,0.0,0.0,0.0
6259,SHYAAXPH,Shree Yaax Pharma And Cosmetics Ltd,INE325F01012,Unknown,Unknown,EQ,,Unknown,0.0,0.0,0.0,0.0
3536,SHREEJAL,Shreejal Info Hubs Ltd,INE765C01024,Unknown,Unknown,EQ,,Unknown,0.0,0.0,0.0,0.0
3142,SHREEJIPHOS,Shreeji Phosphate Ltd.,INE157C01016,Unknown,Unknown,EQ,,Unknown,0.0,0.0,0.0,0.0
2057,SHREEJISPG,Shreeji Shipping Global Limited,INE1B6101010,Unknown,Unknown,EQ,2025-08-26,Unknown,0.0,0.0,0.0,0.0
7885,STL,Shreeji Translogistics Limited,INE402Y01028,Unknown,Unknown,EQ,,Unknown,0.0,0.0,0.0,0.0
3438,SHKRISHNAB,Shreekrishna Biotech Ltd.,INE571N01015,Unknown,Unknown,EQ,,Unknown,0.0,0.0,0.0,0.0
3303,SHRENTI,Shreenath Investments Co. Ltd.,INE475V01012,Unknown,Unknown,EQ,,Unknown,0.0,0.0,0.0,0.0
8548,SHREENATH,SHREENATH PAPER PRODUCTS LIMITED,INE0RXS01018,Unknown,Unknown,EQ,,Unknown,0.0,0.0,0.0,0.0
1659,OSWALSEEDS,ShreeOswal Seeds And Chemicals Limited,INE00IK01029,Unknown,Unknown,EQ,2023-02-28,Unknown,0.0,0.0,0.0,0.0
7974,SHREESHAY,Shreeshay Engineers Limited,INE452Z01012,Unknown,Unknown,EQ,,Unknown,0.0,0.0,0.0,0.0
2060,SHRENIK,Shrenik Limited,INE632X01030,Unknown,Unknown,BZ,2019-08-02,Unknown,0.0,0.0,0.0,0.0
4612,SHRENUJ,Shrenuj & Co. Ltd.,INE633A01028,Unknown,Unknown,EQ,,Unknown,0.0,0.0,0.0,0.0
2061,SHREYANIND,Shreyans Industries Limited,INE231C01019,Unknown,Unknown,EQ,1996-11-06,Unknown,0.0,0.0,0.0,0.0
4913,SHREYASI,Shreyas Intermediates Ltd.,INE115F01017,Unknown,Unknown,EQ,,Unknown,0.0,0.0,0.0,0.0
7007,SHRIASTER,Shri Aster Silicates Limited,INE900K01012,Unknown,Unknown,EQ,,Unknown,0.0,0.0,0.0,0.0
2035,SHBAJRG,Shri Bajrang Alliance Limited,INE402H01015,Unknown,Unknown,EQ,2026-04-20,Unknown,0.0,0.0,0.0,0.0
8426,SBVCL,Shri Balaji Valve Components Limited,INE0RNZ01014,Unknown,Unknown,EQ,,Unknown,0.0,0.0,0.0,0.0
5331,SHRIBCL,Shri Bholanath Carpets Limited,INE151F01012,Unknown,Unknown,EQ,,Unknown,0.0,0.0,0.0,0.0
3311,SHRIDINE,Shri Dinesh Mills Ltd.,INE204C01024,Unknown,Unknown,EQ,,Unknown,0.0,0.0,0.0,0.0
4624,SHRIGANG,Shri Gang Industries & Allied Products Limited,INE241V01018,Unknown,Unknown,EQ,,Unknown,0.0,0.0,0.0,0.0
2067,SHRJAGP,Shri Jagdamba Polymers Limited,INE564J01026,Unknown,Unknown,EQ,2026-08-17,Unknown,0.0,0.0,0.0,0.0
6613,SHKALYN,Shri Kalyan Holdings Ltd.,INE079N01019,Unknown,Unknown,EQ,,Unknown,0.0,0.0,0.0,0.0
5369,SKCIL,Shri Keshav Cements and Infra Limited,INE260E01014,Unknown,Unknown,EQ,,Unknown,0.0,0.0,0.0,0.0
2062,SHRIKRISH,Shri Krishna Devcon Limited,INE997I01012,Unknown,Unknown,EQ,2026-04-20,Unknown,0.0,0.0,0.0,0.0
7198,SKP,Shri Krishna Prasadam Limited,INE009Q01019,Unknown,Unknown,EQ,,Unknown,0.0,0.0,0.0,0.0
4864,SHLAKSHMI,Shri Lakshmi Cotsyn Limited,INE851B01016,Unknown,Unknown,EQ,,Unknown,0.0,0.0,0.0,0.0
7416,SMADL,Shri Mahalaxmi Agricultural Development Limited,INE317G01025,Unknown,Unknown,EQ,,Unknown,0.0,0.0,0.0,0.0
4931,SRINICO,Shri Nicosect Ltd.,INE674F01013,Unknown,Unknown,EQ,,Unknown,0.0,0.0,0.0,0.0
5266,SHRINIR,Shri Niranjan Ayurved Bhavan Ltd.,INE942B01013,Unknown,Unknown,EQ,,Unknown,0.0,0.0,0.0,0.0
9618,SNLFPP,Shri Niwas Leasing and Finance Limited,IN9201F01013,Unknown,Unknown,EQ,,Unknown,0.0,0.0,0.0,0.0
9283,SHRINI-RE,Shri Niwas Leasing and Finance Limited,INE201F20015,Unknown,Unknown,EQ,,Unknown,0.0,0.0,0.0,0.0
7379,SHRINIWAS,Shri Niwas Leasing and Finance Limited,INE201F01015,Unknown,Unknown,EQ,,Unknown,0.0,0.0,0.0,0.0
5171,SHRAJOI,Shri Rajivlochan Oil Extraction Ltd,INE418K01015,Unknown,Unknown,EQ,,Unknown,0.0,0.0,0.0,0.0
6817,BALASTEELS,Shri Ramrupai Balaji Steels Ltd.,INE977G01018,Unknown,Unknown,EQ,,Unknown,0.0,0.0,0.0,0.0
2430,VASUPRADA,Shri Vasuprada Plantations Limited,INE574G01013,Unknown,Unknown,EQ,2026-08-17,Unknown,0.0,0.0,0.0,0.0
9017,VASUPR-RE,SHRI VASUPRADA PLANTATIONS LIMITED,INE574G20021,Unknown,Unknown,EQ,,Unknown,0.0,0.0,0.0,0.0
8245,SVRL,Shri Venkatesh Refineries Limited,INE0HLJ01013,Unknown,Unknown,EQ,,Unknown,0.0,0.0,0.0,0.0
3663,SHRICON,Shricon Industries Ltd.,INE753D01010,Unknown,Unknown,EQ,,Unknown,0.0,0.0,0.0,0.0
2063,SHRINGARMS,Shringar House of Mangalsutra Limited,INE1B3L01017,Unknown,Unknown,EQ,2025-09-17,Unknown,0.0,0.0,0.0,0.0
6784,SHRIRAMCIT,Shriram-City Union Finance Ltd.,INE722A01011,Unknown,Unknown,EQ,,Unknown,0.0,0.0,0.0,0.0
6192,SRAMSET,Shriram Asset Management Co.Ltd.,INE777G01012,Unknown,Unknown,EQ,,Unknown,0.0,0.0,0.0,0.0
8960,SFL-RE,Shriram Finance Limited,INE721A20013,Unknown,Unknown,EQ,,Unknown,0.0,0.0,0.0,0.0
2065,SHRIRAMFIN,Shriram Finance Limited,INE721A01047,Unknown,Unknown,EQ,1996-12-11,Unknown,0.0,0.0,0.0,0.0
3768,SHRIRAMI,Shriram Investments Ltd,INE401A01012,Unknown,Unknown,EQ,,Unknown,0.0,0.0,0.0,0.0
5233,SHRIRAM,Shriram Overseas Finance Ltd.,INE917G01014,Unknown,Unknown,EQ,,Unknown,0.0,0.0,0.0,0.0
2066,SHRIRAMPPS,Shriram Properties Limited,INE217L01019,Unknown,Unknown,EQ,2021-12-20,Unknown,0.0,0.0,0.0,0.0
3803,SHRISTI,SHRISTI INFRASTRUCTURE DEVELOPMENT CORPORATION LTD.,INE472C01027,Unknown,Unknown,EQ,,Unknown,0.0,0.0,0.0,0.0
9207,SHRIND-RE,SHRYDUS INDUSTRIES LIMITED,INE488C20015,Unknown,Unknown,EQ,,Unknown,0.0,0.0,0.0,0.0
3817,SHRYDUS,SHRYDUS INDUSTRIES LIMITED,INE488C01015,Unknown,Unknown,EQ,,Unknown,0.0,0.0,0.0,0.0
4367,SHUBI,Shubham Industries Ltd.,INE097D01012,Unknown,Unknown,EQ,,Unknown,0.0,0.0,0.0,0.0
8057,SHUBHAM,Shubham Polyspin Limited,INE01J501010,Unknown,Unknown,EQ,,Unknown,0.0,0.0,0.0,0.0
6270,SKRABUL,Shukra Bullions Limited,INE561E01015,Unknown,Unknown,EQ,,Unknown,0.0,0.0,0.0,0.0
4694,SHUKJEW,Shukra Jewellers Limited,INE344E01016,Unknown,Unknown,EQ,,Unknown,0.0,0.0,0.0,0.0
9588,SHUKRAPP,Shukra Pharmaceuticals Limited,IN9551C01034,Unknown,Unknown,EQ,,Unknown,0.0,0.0,0.0,0.0
9089,SHUKRA-RE,Shukra Pharmaceuticals Limited,INE551C20028,Unknown,Unknown,EQ,,Unknown,0.0,0.0,0.0,0.0
2068,SHUKRAPHAR,Shukra Pharmaceuticals Limited,INE551C01044,Unknown,Unknown,EQ,2026-08-14,Unknown,0.0,0.0,0.0,0.0
6402,SHUKUN,Shukun Construction Ltd.,INE171E01021,Unknown,Unknown,EQ,,Unknown,0.0,0.0,0.0,0.0
2069,SHYAMCENT,Shyam Century Ferrous Limited,INE979R01011,Unknown,Unknown,BE,2015-07-28,Unknown,0.0,0.0,0.0,0.0
2070,SHYAMMETL,Shyam Metalics and Energy Limited,INE810G01011,Unknown,Unknown,EQ,2021-06-24,Unknown,0.0,0.0,0.0,0.0
2071,SHYAMTEL,Shyam Telecom Limited,INE635A01023,Unknown,Unknown,EQ,2006-11-06,Unknown,0.0,0.0,0.0,0.0
5471,SHYAMACOMP,Shyama Computronics and Services Limited,INE861E01019,Unknown,Unknown,EQ,,Unknown,0.0,0.0,0.0,0.0
3431,SHYAMHO,Shyamal Holdings & Trading Ltd.,INE481F01013,Unknown,Unknown,EQ,,Unknown,0.0,0.0,0.0,0.0
3427,SHYMINV,Shyamkamal Investments Ltd.,INE203N01015,Unknown,Unknown,EQ,,Unknown,0.0,0.0,0.0,0.0
3509,SIGROUP,SI Group - India Limited,INE547A01012,Unknown,Unknown,EQ,,Unknown,0.0,0.0,0.0,0.0
4472,SIBARAUT,Sibar Auto Parts Ltd.,INE441C01014,Unknown,Unknown,EQ,,Unknown,0.0,0.0,0.0,0.0
6725,SIBARMED,Sibar Media & Entertainment Ltd.,INE388B01019,Unknown,Unknown,EQ,,Unknown,0.0,0.0,0.0,0.0
6694,SIBARSOF,Sibar Software Services (India) Ltd.,INE940A01019,Unknown,Unknown,EQ,,Unknown,0.0,0.0,0.0,0.0
3565,SICBRDM,Sica Breweries Ltd.,INE262D01012,Unknown,Unknown,EQ,,Unknown,0.0,0.0,0.0,0.0
2072,SICAGEN,Sicagen India Limited,INE176J01011,Unknown,Unknown,EQ,2026-04-20,Unknown,0.0,0.0,0.0,0.0
2073,SICALLOG,Sical Logistics Limited,INE075B01020,Unknown,Unknown,BE,2023-10-12,Unknown,0.0,0.0,0.0,0.0
9412,SICAL-RE,Sical Logistics Limited,INE075B20012,Unknown,Unknown,EQ,,Unknown,0.0,0.0,0.0,0.0
5209,SIDDHA,Siddha Ventures Limited,INE140C01012,Unknown,Unknown,EQ,,Unknown,0.0,0.0,0.0,0.0
7884,SIDDH,Siddharth Education Services Limited,INE930X01012,Unknown,Unknown,EQ,,Unknown,0.0,0.0,0.0,0.0
4682,SIDDHATUBE,Siddhartha Tubes Limited,INE708B01018,Unknown,Unknown,EQ,,Unknown,0.0,0.0,0.0,0.0
5047,SIDDHEGA,Siddheswari Garments Ltd.,INE797C01019,Unknown,Unknown,EQ,,Unknown,0.0,0.0,0.0,0.0
7697,SIDH,SIDH AUTOMOBILES LIMITED,INE403L01015,Unknown,Unknown,EQ,,Unknown,0.0,0.0,0.0,0.0
5074,SIDIN,Sidh Industries Ltd.,INE823C01013,Unknown,Unknown,EQ,,Unknown,0.0,0.0,0.0,0.0
696,ENRIN,Siemens Energy India Limited,INE1NPP01017,Unknown,Unknown,EQ,2025-06-19,Unknown,0.0,0.0,0.0,0.0
3517,SIEHEALTH,Siemens Healthcare  Diagnostics Ltd.,INE195D01014,Unknown,Unknown,EQ,,Unknown,0.0,0.0,0.0,0.0
2075,SIEMENS,Siemens Limited,INE003A01024,Unknown,Unknown,EQ,1995-09-06,Unknown,0.0,0.0,0.0,0.0
3721,VDOINDIA,Siemens VDO Automotive Ltd.,INE327F01018,Unknown,Unknown,EQ,,Unknown,0.0,0.0,0.0,0.0
5418,SIEOP,Sierra Optima Ltd,INE046B01013,Unknown,Unknown,EQ,,Unknown,0.0,0.0,0.0,0.0
2076,SIGACHI,Sigachi Industries Limited,INE0D0K01022,Unknown,Unknown,EQ,2021-11-15,Unknown,0.0,0.0,0.0,0.0
8987,SIGMAADVRE,SIGMA ADVANCED SYSTEMS LIMITED,INE933B20012,Unknown,Unknown,EQ,,Unknown,0.0,0.0,0.0,0.0
2079,SIGMAADV,SIGMA ADVANCED SYSTEMS LIMITED,INE933B01012,Unknown,Unknown,BE,2007-07-19,Unknown,0.0,0.0,0.0,0.0
2078,SIGMA,Sigma Solve Limited,INE0A0S01028,Unknown,Unknown,EQ,2023-06-09,Unknown,0.0,0.0,0.0,0.0
3599,SIGNGCL,SIGNATURE GREEN CORPORATION LIMITED,INE131O01024,Unknown,Unknown,EQ,,Unknown,0.0,0.0,0.0,0.0
2080,SIGNATURE,Signatureglobal (India) Limited,INE903U01023,Unknown,Unknown,EQ,2023-09-27,Unknown,0.0,0.0,0.0,0.0
2077,SIGIND,Signet Industries Limited,INE529F01035,Unknown,Unknown,BE,2018-08-29,Unknown,0.0,0.0,0.0,0.0
2081,SIGNPOST,Signpost India Limited,INE0KGZ01021,Unknown,Unknown,EQ,2024-02-14,Unknown,0.0,0.0,0.0,0.0
6484,SIGRUN,Sigrun Holdings Limited,INE633D01022,Unknown,Unknown,EQ,,Unknown,0.0,0.0,0.0,0.0
8656,SIHORA,SIHORA INDUSTRIES LIMITED,INE0SFA01011,Unknown,Unknown,EQ,,Unknown,0.0,0.0,0.0,0.0
2082,SIKA,Sika Interplant Systems Limited,INE438E01032,Unknown,Unknown,EQ,2026-04-20,Unknown,0.0,0.0,0.0,0.0
2083,SIKKO,Sikko Industries Limited,INE112X01025,Unknown,Unknown,BE,2021-10-22,Unknown,0.0,0.0,0.0,0.0
4813,SIKOZY,Sikozy Realtors Limited,INE528E01022,Unknown,Unknown,EQ,,Unknown,0.0,0.0,0.0,0.0
2086,SILINV,SIL Investments Limited,INE923A01015,Unknown,Unknown,EQ,1996-05-22,Unknown,0.0,0.0,0.0,0.0
4765,SILCAL,Silcal Metallurgical Ltd.,INE545D01010,Unknown,Unknown,EQ,,Unknown,0.0,0.0,0.0,0.0
2085,SILGO,Silgo Retail Limited,INE01II01013,Unknown,Unknown,EQ,2021-03-03,Unknown,0.0,0.0,0.0,0.0
8317,SRSOLTD,SILICON RENTAL SOLUTIONS LIMITED,INE0MNV01014,Unknown,Unknown,EQ,,Unknown,0.0,0.0,0.0,0.0
6416,SILICON,Silicon Valley Infotech Ltd.,INE913A01024,Unknown,Unknown,EQ,,Unknown,0.0,0.0,0.0,0.0
5035,SILKTEX,Silktex Ltd.,INE056B01012,Unknown,Unknown,EQ,,Unknown,0.0,0.0,0.0,0.0
2087,SILLYMONKS,Silly Monks Entertainment Limited,INE203Y01012,Unknown,Unknown,EQ,2020-07-08,Unknown,0.0,0.0,0.0,0.0
3606,SILTP,Siltap Chemicals Ltd.,INE637A01011,Unknown,Unknown,EQ,,Unknown,0.0,0.0,0.0,0.0
6350,SILVOAK,Silver Oak (India) Ltd.,INE870J01019,Unknown,Unknown,EQ,,Unknown,0.0,0.0,0.0,0.0
3934,SILVERO,Silver oak Commercial Ltd.,INE798C01017,Unknown,Unknown,EQ,,Unknown,0.0,0.0,0.0,0.0
8288,SILVERPRL,Silver Pearl Hospitality & Luxury Spaces Limited,INE0KXN01014,Unknown,Unknown,EQ,,Unknown,0.0,0.0,0.0,0.0
2088,SILVERTUC,Silver Touch Technologies Limited,INE625X01026,Unknown,Unknown,EQ,2022-05-12,Unknown,0.0,0.0,0.0,0.0
3147,SILVERLINE,Silverline Technologies Ltd.,INE368A01021,Unknown,Unknown,EQ,,Unknown,0.0,0.0,0.0,0.0
8812,SSPRL,SILVERSTORM PARKS AND RESORTS LIMITED,INE1EJ401023,Unknown,Unknown,EQ,,Unknown,0.0,0.0,0.0,0.0
8703,SIMANDHAR,SIMANDHAR IMPEX LIMITED,INE0VI201010,Unknown,Unknown,EQ,,Unknown,0.0,0.0,0.0,0.0
3571,SIMBHSUGAR,Simbhaoli Sugars  Ltd.,INE270C01017,Unknown,Unknown,EQ,,Unknown,0.0,0.0,0.0,0.0
2089,SIMBHALS,Simbhaoli Sugars Limited,INE748T01016,Unknown,Unknown,BZ,2016-03-14,Unknown,0.0,0.0,0.0,0.0
3640,SIMMOND,Simmonds-Marshall Ltd,INE657D01021,Unknown,Unknown,EQ,,Unknown,0.0,0.0,0.0,0.0
4097,SIMPLEXCAS,Simplex Castings Ltd.,INE658D01029,Unknown,Unknown,EQ,,Unknown,0.0,0.0,0.0,0.0
2090,SIMPLEXINF,Simplex Infrastructures Limited,INE059B01024,Unknown,Unknown,EQ,2004-03-09,Unknown,0.0,0.0,0.0,0.0
6966,SIMPLXMIL,SIMPLEX MILLS COMPANY LIMITED,INE457H01027,Unknown,Unknown,EQ,,Unknown,0.0,0.0,0.0,0.0
6967,SIMPLXPAP,SIMPLEX PAPERS LTD.,INE456H01029,Unknown,Unknown,EQ,,Unknown,0.0,0.0,0.0,0.0
6906,SIMPLEX,SIMPLEX PROJECTS LIMITED,INE898F01018,Unknown,Unknown,EQ,,Unknown,0.0,0.0,0.0,0.0
2091,SIMPLXREA,Simplex Realty Limited,INE167H01014,Unknown,Unknown,EQ,2026-08-17,Unknown,0.0,0.0,0.0,0.0
3363,SMPLXTR,Simplex Trading & Agencies Ltd.,INE518H01018,Unknown,Unknown,EQ,,Unknown,0.0,0.0,0.0,0.0
4443,SIMRAN,Simran Farms Ltd.,INE354D01017,Unknown,Unknown,EQ,,Unknown,0.0,0.0,0.0,0.0
2092,SINCLAIR,Sinclairs Hotels Limited,INE985A01022,Unknown,Unknown,EQ,2024-04-10,Unknown,0.0,0.0,0.0,0.0
2093,SINDHUTRAD,Sindhu Trade Links Limited,INE325D01025,Unknown,Unknown,EQ,2023-06-20,Unknown,0.0,0.0,0.0,0.0
2094,SINGERIND,Singer India Limited,INE638A01035,Unknown,Unknown,EQ,2026-03-19,Unknown,0.0,0.0,0.0,0.0
3730,SINNAR,Sinnar Bidi Udyog Ltd.,INE896E01023,Unknown,Unknown,EQ,,Unknown,0.0,0.0,0.0,0.0
2095,SINTERCOM,Sintercom India Limited,INE129Z01016,Unknown,Unknown,EQ,2020-10-07,Unknown,0.0,0.0,0.0,0.0
3267,SINTEX,Sintex Industries Ltd,INE429C01035,Unknown,Unknown,EQ,,Unknown,0.0,0.0,0.0,0.0
7855,SPTL,Sintex Plastics Technology Ltd.,INE501W01021,Unknown,Unknown,EQ,,Unknown,0.0,0.0,0.0,0.0
4601,SIPIND,SIP Industries Ltd,INE186B01017,Unknown,Unknown,EQ,,Unknown,0.0,0.0,0.0,0.0
3731,SIPORDM,Siporex India Ltd,INE689D01016,Unknown,Unknown,EQ,,Unknown,0.0,0.0,0.0,0.0
6907,SSLEL,Sir Shadi Lal Enterprises Ltd,INE117H01019,Unknown,Unknown,EQ,,Unknown,0.0,0.0,0.0,0.0
2096,SIRCA,Sirca Paints India Limited,INE792Z01011,Unknown,Unknown,EQ,2019-07-22,Unknown,0.0,0.0,0.0,0.0
7297,SIROHIA,Sirohia & Sons Limited,INE785O01019,Unknown,Unknown,EQ,,Unknown,0.0,0.0,0.0,0.0
9521,SIRPURPP,Sirpur Paper Mills Ltd.,IN9202C01018,Unknown,Unknown,EQ,,Unknown,0.0,0.0,0.0,0.0
3256,SIRPAPER,Sirpur Paper Mills Ltd.,INE202C01010,Unknown,Unknown,EQ,,Unknown,0.0,0.0,0.0,0.0
2097,SIS,SIS LIMITED,INE285J01028,Unknown,Unknown,EQ,2017-08-10,Unknown,0.0,0.0,0.0,0.0
4025,SITAENT,Sita Enterprises LTD.,INE579D01019,Unknown,Unknown,EQ,,Unknown,0.0,0.0,0.0,0.0
6936,SITASHREE,Sita Shree Food Products Ltd,INE686I01011,Unknown,Unknown,EQ,,Unknown,0.0,0.0,0.0,0.0
2098,SITINET,Siti Networks Limited,INE965H01011,Unknown,Unknown,BZ,2007-01-10,Unknown,0.0,0.0,0.0,0.0
9537,WWILPP,Siti Networks Limited,IN9965H01019,Unknown,Unknown,EQ,,Unknown,0.0,0.0,0.0,0.0
3180,SIV,SIV Industries Limited,INE639A01017,Unknown,Unknown,EQ,,Unknown,0.0,0.0,0.0,0.0
3355,ZSIYARPO,Siyaram Poddar Finance & Trading Lt,INE232P01019,Unknown,Unknown,EQ,,Unknown,0.0,0.0,0.0,0.0
8420,SIYARAM,Siyaram Recycling Industries Limited,INE0QSK01017,Unknown,Unknown,EQ,,Unknown,0.0,0.0,0.0,0.0
2099,SIYSIL,Siyaram Silk Mills Limited,INE076B01028,Unknown,Unknown,EQ,2007-01-29,Unknown,0.0,0.0,0.0,0.0
4099,SIZEMASTER,SIZEMASTERS TECHNOLOGY LIMITED,INE235U01012,Unknown,Unknown,EQ,,Unknown,0.0,0.0,0.0,0.0
3368,SJCORP,SJ Corporation Limited,INE312B01027,Unknown,Unknown,EQ,,Unknown,0.0,0.0,0.0,0.0
2101,SJVN,SJVN Limited,INE002L01015,Unknown,Unknown,EQ,2010-05-20,Unknown,0.0,0.0,0.0,0.0
8109,SKIEL,SK International Export Limited,INE04ST01013,Unknown,Unknown,EQ,,Unknown,0.0,0.0,0.0,0.0
8655,SKM,SK Minerals & Additives Limited,INE13YH01017,Unknown,Unknown,EQ,,Unknown,0.0,0.0,0.0,0.0
2103,SKFINDUS,SKF India (Industrial) Limited,INE2J8701016,Unknown,Unknown,EQ,2025-12-05,Unknown,0.0,0.0,0.0,0.0
2102,SKFINDIA,SKF India Limited,INE640A01023,Unknown,Unknown,EQ,1999-01-27,Unknown,0.0,0.0,0.0,0.0
7667,SKIL,SKIL Infrastructure Limited,INE429F01012,Unknown,Unknown,EQ,,Unknown,0.0,0.0,0.0,0.0
9145,SKIPPER-RE,Skipper Limited,INE439E20014,Unknown,Unknown,EQ,,Unknown,0.0,0.0,0.0,0.0
9598,SKIPPERPP,Skipper Limited,IN9439E01012,Unknown,Unknown,EQ,,Unknown,0.0,0.0,0.0,0.0
2104,SKIPPER,Skipper Limited,INE439E01022,Unknown,Unknown,EQ,2015-05-27,Unknown,0.0,0.0,0.0,0.0
2105,SKMEGGPROD,SKM Egg Products Export (India) Limited,INE411D01023,Unknown,Unknown,EQ,1997-03-14,Unknown,0.0,0.0,0.0,0.0
5244,SKNIND,SKN Industries Ltd.,INE931C01014,Unknown,Unknown,EQ,,Unknown,0.0,0.0,0.0,0.0
3566,SKOLBDM,Skol Breweries Ltd.,INE231D01025,Unknown,Unknown,EQ,,Unknown,0.0,0.0,0.0,0.0
5443,SKPSEC,SKP Securities Ltd.,INE709B01016,Unknown,Unknown,EQ,,Unknown,0.0,0.0,0.0,0.0
2106,SKYGOLD,SKY GOLD AND DIAMONDS LIMITED,INE01IU01018,Unknown,Unknown,EQ,2023-01-06,Unknown,0.0,0.0,0.0,0.0
4945,SKYIND,Sky Industries Ltd,INE765B01018,Unknown,Unknown,EQ,,Unknown,0.0,0.0,0.0,0.0
3897,SKYBIOTECH,SKYBIOTECH HEALTHCARE LIMITED,INE393H01016,Unknown,Unknown,EQ,,Unknown,0.0,0.0,0.0,0.0
6409,SKYLIDTE,Skylid Telecommunication Ltd.,INE169B01013,Unknown,Unknown,EQ,,Unknown,0.0,0.0,0.0,0.0
3440,SKYLMILAR,Skyline Millars Ltd,INE178E01026,Unknown,Unknown,EQ,,Unknown,0.0,0.0,0.0,0.0
3028,SKYLNEPC,Skyline NEPC Ltd,INE575B01011,Unknown,Unknown,EQ,,Unknown,0.0,0.0,0.0,0.0
7381,SKILVEN,SKYLINE VENTURES INDIA  LIMITED,INE055Q01012,Unknown,Unknown,EQ,,Unknown,0.0,0.0,0.0,0.0
4705,SKYSS,Skypak Service Specialist Ltd.,INE539D01013,Unknown,Unknown,EQ,,Unknown,0.0,0.0,0.0,0.0
2107,SKYWAYS,Skyways Air Services Limited,INE0PX301025,Unknown,Unknown,EQ,2026-09-01,Unknown,0.0,0.0,0.0,0.0
8168,SMAUTO,SM Auto Stamping Limited,INE0C4I01011,Unknown,Unknown,EQ,,Unknown,0.0,0.0,0.0,0.0
7590,SMARTFIN,Smart Finsec Limited,INE766D01020,Unknown,Unknown,EQ,,Unknown,0.0,0.0,0.0,0.0
2108,SMARTLINK,Smartlink Holdings Limited,INE178C01020,Unknown,Unknown,BE,2001-04-11,Unknown,0.0,0.0,0.0,0.0
2109,SMARTWORKS,Smartworks Coworking Spaces Limited,INE0NAZ01010,Unknown,Unknown,EQ,2025-07-17,Unknown,0.0,0.0,0.0,0.0
6641,SMCREDT,SMC Credits ltd.,INE440E01012,Unknown,Unknown,EQ,,Unknown,0.0,0.0,0.0,0.0
9066,SMCREDT-RE,SMC Credits ltd.,INE440E20012,Unknown,Unknown,EQ,,Unknown,0.0,0.0,0.0,0.0
2110,SMCGLOBAL,SMC Global Securities Limited,INE103C01036,Unknown,Unknown,EQ,2021-02-24,Unknown,0.0,0.0,0.0,0.0
4447,SMILAX,Smilax Industries Limited,INE393M01016,Unknown,Unknown,EQ,,Unknown,0.0,0.0,0.0,0.0
3186,SMIPHDM,Smithkline Beecham Pharmaceuticals,INE266A01019,Unknown,Unknown,EQ,,Unknown,0.0,0.0,0.0,0.0
4087,SMFIL,Smiths & Founders (India) Limited,INE728B01032,Unknown,Unknown,EQ,,Unknown,0.0,0.0,0.0,0.0
2111,SMLMAH,SML Mahindra Limited,INE294B01019,Unknown,Unknown,EQ,2003-08-29,Unknown,0.0,0.0,0.0,0.0
8772,SMR,SMR Jewels Limited,INE11XK01017,Unknown,Unknown,EQ,,Unknown,0.0,0.0,0.0,0.0
7865,SMRUTHIORG,Smruthi Organics Limited,INE172E01011,Unknown,Unknown,EQ,,Unknown,0.0,0.0,0.0,0.0
2113,SMSPHARMA,SMS Pharmaceuticals Limited,INE812G01025,Unknown,Unknown,EQ,2007-02-28,Unknown,0.0,0.0,0.0,0.0
6472,SMSTECH,SMS Techsoft (India) Limited,INE648B01024,Unknown,Unknown,EQ,,Unknown,0.0,0.0,0.0,0.0
7261,SMTEL,SMT ENGINEERING LIMITED,INE673E01018,Unknown,Unknown,EQ,,Unknown,0.0,0.0,0.0,0.0
4733,SMZS,SMZS Chemicals Ltd,INE894C01014,Unknown,Unknown,EQ,,Unknown,0.0,0.0,0.0,0.0
3460,SNL,SNL Bearings Ltd.,INE568F01017,Unknown,Unknown,EQ,,Unknown,0.0,0.0,0.0,0.0
6502,SNOWCEMIND,Snowcem India ltd.,INE734A01016,Unknown,Unknown,EQ,,Unknown,0.0,0.0,0.0,0.0
2114,SNOWMAN,Snowman Logistics Limited,INE734N01019,Unknown,Unknown,EQ,2014-09-12,Unknown,0.0,0.0,0.0,0.0
2115,SOBHA,Sobha Limited,INE671H01015,Unknown,Unknown,EQ,2006-12-20,Unknown,0.0,0.0,0.0,0.0
9610,SOBHAPP,Sobha Limited,IN9671H01013,Unknown,Unknown,EQ,,Unknown,0.0,0.0,0.0,0.0
9196,SOBHA-RE,Sobha Limited,INE671H20015,Unknown,Unknown,EQ,,Unknown,0.0,0.0,0.0,0.0
9179,SOBME-RE,Sobhagya Mercantile Ltd.,INE754D20018,Unknown,Unknown,EQ,,Unknown,0.0,0.0,0.0,0.0
3889,SOBME,Sobhagya Mercantile Ltd.,INE754D01018,Unknown,Unknown,EQ,,Unknown,0.0,0.0,0.0,0.0
4829,SOCRUSBIO,Socrus Bio Sciences Limited,INE858A01039,Unknown,Unknown,EQ,,Unknown,0.0,0.0,0.0,0.0
8501,SAFE,Sodhani Academy of Fintech Enablers Limited,INE0Q3401017,Unknown,Unknown,EQ,,Unknown,0.0,0.0,0.0,0.0
8644,SODHACAP,SODHANI CAPITAL LIMITED,INE0QU501030,Unknown,Unknown,EQ,,Unknown,0.0,0.0,0.0,0.0
7384,SOFCOM,SOFCOM SYSTEMS LIMITED,INE499Q01012,Unknown,Unknown,EQ,,Unknown,0.0,0.0,0.0,0.0
5268,SOFTECH,Softech Infinium Solutions Limited,INE181K01019,Unknown,Unknown,EQ,,Unknown,0.0,0.0,0.0,0.0
4938,SOFTRAKT,Softrak Technology Exports LTD.,INE697D01019,Unknown,Unknown,EQ,,Unknown,0.0,0.0,0.0,0.0
6288,SOFTRAKV,Softrak Venture Investments Ltd.,INE562E01021,Unknown,Unknown,EQ,,Unknown,0.0,0.0,0.0,0.0
2116,SOFTTECH,Softtech Engineers Limited,INE728Z01015,Unknown,Unknown,EQ,2022-02-25,Unknown,0.0,0.0,0.0,0.0
9480,STNPP,Software Technology Group Intl. Ltd.,IN9863A01045,Unknown,Unknown,EQ,,Unknown,0.0,0.0,0.0,0.0
6690,SOFTTECHGR,Software Technology Group Intl. Ltd.,INE863A01013,Unknown,Unknown,EQ,,Unknown,0.0,0.0,0.0,0.0
6824,SOLANA,SOLANA BIOFUELS LIMITED,INE371B01023,Unknown,Unknown,EQ,,Unknown,0.0,0.0,0.0,0.0
2118,SOLARINDS,Solar Industries India Limited,INE343H01029,Unknown,Unknown,EQ,2006-04-03,Unknown,0.0,0.0,0.0,0.0
2117,SOLARA,Solara Active Pharma Sciences Limited,INE624Z01016,Unknown,Unknown,EQ,2018-06-27,Unknown,0.0,0.0,0.0,0.0
9607,SOLARAPP1,SOLARA ACTIVE PHARMA SCIENCES LIMITED,IN9624Z01022,Unknown,Unknown,EQ,,Unknown,0.0,0.0,0.0,0.0
9189,SOLARA-RE,SOLARA ACTIVE PHARMA SCIENCES LIMITED,INE624Z20016,Unknown,Unknown,EQ,,Unknown,0.0,0.0,0.0,0.0
8540,SOLARIUM,SOLARIUM GREEN ENERGY LIMITED,INE0W0H01017,Unknown,Unknown,EQ,,Unknown,0.0,0.0,0.0,0.0
2119,SOLARWORLD,Solarworld Energy Solutions Limited,INE0TY101024,Unknown,Unknown,EQ,2025-09-30,Unknown,0.0,0.0,0.0,0.0
6931,SOLECTEMS,Solectron EMS India Limited,INE647I01013,Unknown,Unknown,EQ,,Unknown,0.0,0.0,0.0,0.0
2120,SOLEX,Solex Energy Limited,INE880Y01017,Unknown,Unknown,EQ,2025-10-08,Unknown,0.0,0.0,0.0,0.0
3149,SOLCT,Solid Carbide Tools Ltd,INE161C01026,Unknown,Unknown,EQ,,Unknown,0.0,0.0,0.0,0.0
3257,SOLIDCO,Solid Containers Ltd.,INE134U01017,Unknown,Unknown,EQ,,Unknown,0.0,0.0,0.0,0.0
4135,SOLIDSTON,Solid Stone Company Ltd.,INE584G01012,Unknown,Unknown,EQ,,Unknown,0.0,0.0,0.0,0.0
7268,SOLISMAR,Solis Marketing Limited,INE717P01027,Unknown,Unknown,EQ,,Unknown,0.0,0.0,0.0,0.0
3302,SOLITIN,Solitaire Investments Co. Ltd.,INE416G01017,Unknown,Unknown,EQ,,Unknown,0.0,0.0,0.0,0.0
4551,SOLIMAC,Solitaire Machine Tools Ltd,INE410A01013,Unknown,Unknown,EQ,,Unknown,0.0,0.0,0.0,0.0
6767,DUPHARPH,Solvay Pharma India Ltd.,INE593D01010,Unknown,Unknown,EQ,,Unknown,0.0,0.0,0.0,0.0
8630,SOLVEX,Solvex Edibles Limited,INE1IIQ01028,Unknown,Unknown,EQ,,Unknown,0.0,0.0,0.0,0.0
1993,SDBL,Som Distilleries & Breweries Limited,INE480C01038,Unknown,Unknown,EQ,2014-03-18,Unknown,0.0,0.0,0.0,0.0
9102,SDBL-RE1,Som Distilleries & Breweries Ltd.,INE480C20020,Unknown,Unknown,EQ,,Unknown,0.0,0.0,0.0,0.0
9014,SDBL-RE,Som Distilleries & Breweries Ltd.,INE480C20012,Unknown,Unknown,EQ,,Unknown,0.0,0.0,0.0,0.0
2122,SOMATEX,Soma Textiles & Industries Limited,INE314C01013,Unknown,Unknown,EQ,1996-08-14,Unknown,0.0,0.0,0.0,0.0
4365,SOMANCM,Somani Cements Co Ltd,INE536F01014,Unknown,Unknown,EQ,,Unknown,0.0,0.0,0.0,0.0
2121,SOMANYCERA,Somany Ceramics Limited,INE355A01028,Unknown,Unknown,EQ,1995-11-22,Unknown,0.0,0.0,0.0,0.0
2123,SOMICONVEY,Somi Conveyor Beltings Limited,INE323J01019,Unknown,Unknown,EQ,2016-07-18,Unknown,0.0,0.0,0.0,0.0
4591,SOMPLAST,Somplast Leather Industries Ltd.,INE021E01010,Unknown,Unknown,EQ,,Unknown,0.0,0.0,0.0,0.0
2124,SONACOMS,Sona BLW Precision Forgings Limited,INE073K01018,Unknown,Unknown,EQ,2021-06-24,Unknown,0.0,0.0,0.0,0.0
5055,SONALAD,Sonal Adhesives Ltd.,INE344I01017,Unknown,Unknown,EQ,,Unknown,0.0,0.0,0.0,0.0
2125,SONAL,Sonal Mercantile Limited,INE321M01017,Unknown,Unknown,EQ,2026-04-20,Unknown,0.0,0.0,0.0,0.0
9289,SONALI-RE,Sonalis Consumer Products Limited,INE0N5O20013,Unknown,Unknown,EQ,,Unknown,0.0,0.0,0.0,0.0
8378,SONALIS,Sonalis Consumer Products Limited,INE0N5O01013,Unknown,Unknown,EQ,,Unknown,0.0,0.0,0.0,0.0
2126,SONAMLTD,SONAM LIMITED,INE00LM01029,Unknown,Unknown,BE,2022-04-07,Unknown,0.0,0.0,0.0,0.0
2127,SONATSOFTW,Sonata Software Limited,INE269A01021,Unknown,Unknown,EQ,1999-07-28,Unknown,0.0,0.0,0.0,0.0
6421,SONCLOC,Sonell Clocks & Gifts Ltd.,INE086P01019,Unknown,Unknown,EQ,,Unknown,0.0,0.0,0.0,0.0
7546,SML,Soni Medicare Limited,INE848R01018,Unknown,Unknown,EQ,,Unknown,0.0,0.0,0.0,0.0
8008,STRAEXPO,Sophia Traexpo Limited,INE268X01017,Unknown,Unknown,EQ,,Unknown,0.0,0.0,0.0,0.0
6831,SORILINFRA,SORIL Infra Resources Limited,INE034H01016,Unknown,Unknown,EQ,,Unknown,0.0,0.0,0.0,0.0
8809,SOTEFIN,Sotefin Bharat Limited,INE12Z301012,Unknown,Unknown,EQ,,Unknown,0.0,0.0,0.0,0.0
4584,SOUNDCRAFT,Soundcraft Industries Ltd,INE271A01027,Unknown,Unknown,EQ,,Unknown,0.0,0.0,0.0,0.0
4482,SOURCEIND,Source Industries (India) Ltd,INE695C01015,Unknown,Unknown,EQ,,Unknown,0.0,0.0,0.0,0.0
6214,SOURCENTRL,Source Natural Foods & Herbal Suppl Ltd,INE679C01027,Unknown,Unknown,EQ,,Unknown,0.0,0.0,0.0,0.0
4944,SAENTER,South Asian Enteprises Ltd.,INE118B01010,Unknown,Unknown,EQ,,Unknown,0.0,0.0,0.0,0.0
6768,SAPETRO,South Asian Petrochem Ltd,INE801C01019,Unknown,Unknown,EQ,,Unknown,0.0,0.0,0.0,0.0
4262,STHINPA,South India Paper Mills Ltd.,INE088G01014,Unknown,Unknown,EQ,,Unknown,0.0,0.0,0.0,0.0
9158,SOUTH-RE,South Indian Bank Ltd.,INE683A20015,Unknown,Unknown,EQ,,Unknown,0.0,0.0,0.0,0.0
2130,SOUTHWEST,South West Pinnacle Exploration Limited,INE980Y01015,Unknown,Unknown,EQ,2019-04-18,Unknown,0.0,0.0,0.0,0.0
3150,SOUTHNHE,Southern Herbals Ltd,INE001C01016,Unknown,Unknown,EQ,,Unknown,0.0,0.0,0.0,0.0
7738,SOUTHERNIN,SOUTHERN INFOCONSULTANTS LIMITED,INE298B01010,Unknown,Unknown,EQ,,Unknown,0.0,0.0,0.0,0.0
5226,SOUTHIR,Southern Iron & Steel Company Ltd.,INE710B01014,Unknown,Unknown,EQ,,Unknown,0.0,0.0,0.0,0.0
6354,SOUISPAT,Southern Ispat and Energy Ltd,INE943B01029,Unknown,Unknown,EQ,,Unknown,0.0,0.0,0.0,0.0
4217,SOUTLAT,Southern Latex Ltd.,INE410M01018,Unknown,Unknown,EQ,,Unknown,0.0,0.0,0.0,0.0
4100,SOUTHMG,Southern Magnesium And Chemicals Lt,INE308N01012,Unknown,Unknown,EQ,,Unknown,0.0,0.0,0.0,0.0
2139,SPIC,Southern Petrochemicals Industries Corporation  Limited,INE147A01011,Unknown,Unknown,EQ,1996-01-10,Unknown,0.0,0.0,0.0,0.0
4691,SSHELTR,Southern Shelters Ltd,INE271F01018,Unknown,Unknown,EQ,,Unknown,0.0,0.0,0.0,0.0
4701,SOVERDIA,Sovereign Diamonds Ltd,INE959D01013,Unknown,Unknown,EQ,,Unknown,0.0,0.0,0.0,0.0
6582,SOWBHAGYA,Sowbhagya Media Limited,INE826D01014,Unknown,Unknown,EQ,,Unknown,0.0,0.0,0.0,0.0
8080,SPACAPS,SPA Capital Services Limited,INE726X01014,Unknown,Unknown,EQ,,Unknown,0.0,0.0,0.0,0.0
8044,SPACEINCUBA,Space Incubatrics Technologies Limited,INE797Z01028,Unknown,Unknown,EQ,,Unknown,0.0,0.0,0.0,0.0
2134,SPCENET,Spacenet Enterprises India Limited,INE970N01027,Unknown,Unknown,EQ,2017-01-10,Unknown,0.0,0.0,0.0,0.0
4832,SDL,Span Divergent Limited,INE004E01016,Unknown,Unknown,EQ,,Unknown,0.0,0.0,0.0,0.0
9518,SPANCOPP,Spanco  Ltd.,IN9360B01024,Unknown,Unknown,EQ,,Unknown,0.0,0.0,0.0,0.0
3666,SPANCO,Spanco  Ltd.,INE360B01026,Unknown,Unknown,EQ,,Unknown,0.0,0.0,0.0,0.0
9342,SPAND-RE,Spandana Sphoorty Financial Limited,INE572J20011,Unknown,Unknown,EQ,,Unknown,0.0,0.0,0.0,0.0
9626,SSFLPP,Spandana Sphoorty Financial Limited,IN9572J01019,Unknown,Unknown,EQ,,Unknown,0.0,0.0,0.0,0.0
2132,SPANDANA,Spandana Sphoorty Financial Limited,INE572J01011,Unknown,Unknown,EQ,2019-08-19,Unknown,0.0,0.0,0.0,0.0
9589,SPARCPP,SPARC ELECTREX LIMITED,IN9960B01013,Unknown,Unknown,EQ,,Unknown,0.0,0.0,0.0,0.0
6200,SPAR,SPARC ELECTREX LIMITED,INE960B01015,Unknown,Unknown,EQ,,Unknown,0.0,0.0,0.0,0.0
9096,SPARC-RE,SPARC ELECTREX LIMITED,INE960B20015,Unknown,Unknown,EQ,,Unknown,0.0,0.0,0.0,0.0
5085,SPARKLEGR,SPARKLE GOLD ROCK LIMITED,INE618F01010,Unknown,Unknown,EQ,,Unknown,0.0,0.0,0.0,0.0
7754,SIFL,Sparkling (India) Finshares Limited,INE181T01010,Unknown,Unknown,EQ,,Unknown,0.0,0.0,0.0,0.0
6888,SPARSHBPO,SPARSH BPO SERVICES LIMITED,INE847H01011,Unknown,Unknown,EQ,,Unknown,0.0,0.0,0.0,0.0
4231,SPACI,Spartek Ceramics India Ltd.,INE645A01014,Unknown,Unknown,EQ,,Unknown,0.0,0.0,0.0,0.0
8749,SPML,SPECIALITY MEDICINES LIMITED,INE0R0M01014,Unknown,Unknown,EQ,,Unknown,0.0,0.0,0.0,0.0
3258,SPECIAPP,Speciality Papers Ltd.,INE260F01011,Unknown,Unknown,EQ,,Unknown,0.0,0.0,0.0,0.0
2135,SPECIALITY,Speciality Restaurants Limited,INE247M01014,Unknown,Unknown,BE,2012-05-30,Unknown,0.0,0.0,0.0,0.0
3987,SPECTACLE,Spectacle Ventures Limited,INE409H01028,Unknown,Unknown,EQ,,Unknown,0.0,0.0,0.0,0.0
4132,SPECTRA,Spectra Industries Ltd.,INE848B01012,Unknown,Unknown,EQ,,Unknown,0.0,0.0,0.0,0.0
2136,SPECTRUM,Spectrum Electrical Industries Limited,INE01EO01010,Unknown,Unknown,BE,2025-03-28,Unknown,0.0,0.0,0.0,0.0
6560,SPECFOOD,Spectrum Foods Limited,INE547C01018,Unknown,Unknown,EQ,,Unknown,0.0,0.0,0.0,0.0
9604,SPECTPP,Spectrum Foods Limited,IN9547C01016,Unknown,Unknown,EQ,,Unknown,0.0,0.0,0.0,0.0
9167,SPECFD-RE,Spectrum Foods Limited,INE547C20018,Unknown,Unknown,EQ,,Unknown,0.0,0.0,0.0,0.0
3958,ZSPEEDCO,Speedage Commercials Ltd.,INE497M01015,Unknown,Unknown,EQ,,Unknown,0.0,0.0,0.0,0.0
2137,SPELS,SPEL Semiconductor Limited,INE252A01019,Unknown,Unknown,EQ,2026-08-17,Unknown,0.0,0.0,0.0,0.0
2138,SPENCERS,Spencer's Retail Limited,INE020801028,Unknown,Unknown,EQ,2019-01-25,Unknown,0.0,0.0,0.0,0.0
8965,SPENCER-RE,Spencer's Retail Limited,INE020820010,Unknown,Unknown,EQ,,Unknown,0.0,0.0,0.0,0.0
4887,SPENTA,Spenta International Ltd.,INE175C01018,Unknown,Unknown,EQ,,Unknown,0.0,0.0,0.0,0.0
6901,SPICETELE,Spice Communications Limited,INE684H01018,Unknown,Unknown,EQ,,Unknown,0.0,0.0,0.0,0.0
5033,SPICEISLIN,SPICE ISLANDS INDUSTRIES LIMITED,INE882D01025,Unknown,Unknown,EQ,,Unknown,0.0,0.0,0.0,0.0
7676,SPICELOUNG,SPICE LOUNGE FOOD WORKS LIMITED,INE631E01024,Unknown,Unknown,EQ,,Unknown,0.0,0.0,0.0,0.0
3101,SPICEJET,SpiceJet Limited,INE285B01017,Unknown,Unknown,EQ,,Unknown,0.0,0.0,0.0,0.0
7715,SPICY,Spicy Entertainment and Media Limited,INE592O01019,Unknown,Unknown,EQ,,Unknown,0.0,0.0,0.0,0.0
8560,SPINAROO,SPINAROO COMMERCIAL LIMITED,INE10XX01012,Unknown,Unknown,EQ,,Unknown,0.0,0.0,0.0,0.0
7479,SPISYS,Spisys Limited,INE805E01016,Unknown,Unknown,EQ,,Unknown,0.0,0.0,0.0,0.0
2140,SPLIL,SPL Industries Limited,INE978G01016,Unknown,Unknown,EQ,2005-07-26,Unknown,0.0,0.0,0.0,0.0
4755,SPLPOLY,SPL Polymers Limited,INE615D01011,Unknown,Unknown,EQ,,Unknown,0.0,0.0,0.0,0.0
3667,SPLTECHNO,SPL Technochem Ltd.,INE481C01010,Unknown,Unknown,EQ,,Unknown,0.0,0.0,0.0,0.0
4086,SMPL,Splendid Metal Products Limited,INE215G01021,Unknown,Unknown,EQ,,Unknown,0.0,0.0,0.0,0.0
2142,SPMLINFRA,SPML Infra Limited,INE937A01023,Unknown,Unknown,EQ,1996-02-14,Unknown,0.0,0.0,0.0,0.0
2143,SPORTKING,Sportking India Limited,INE885H01029,Unknown,Unknown,EQ,2022-08-24,Unknown,0.0,0.0,0.0,0.0
2064,SHRIPISTON,SPR Auto Technologies Limited,INE526E01018,Unknown,Unknown,EQ,2016-06-02,Unknown,0.0,0.0,0.0,0.0
7712,SPRAYKING,Sprayking Limited,INE537U01037,Unknown,Unknown,EQ,,Unknown,0.0,0.0,0.0,0.0
9086,SPRAY-RE,Sprayking Limited,INE537U20011,Unknown,Unknown,EQ,,Unknown,0.0,0.0,0.0,0.0
9195,SPRIGHT-RE,SPRIGHT AGRO LIMITED,INE179O20015,Unknown,Unknown,EQ,,Unknown,0.0,0.0,0.0,0.0
5463,SPRIGHT,SPRIGHT AGRO LIMITED,INE179O01031,Unknown,Unknown,EQ,,Unknown,0.0,0.0,0.0,0.0
3224,SFTL,SPRINGFORM TECHNOLOGY LIMITED,INE02ZA01012,Unknown,Unknown,EQ,,Unknown,0.0,0.0,0.0,0.0
7228,SPS,SPS Finquest Limited,INE502O01018,Unknown,Unknown,EQ,,Unknown,0.0,0.0,0.0,0.0
9027,SPVGLOB-RE,SPV GLOBAL TRADING LIMITED,INE177E20010,Unknown,Unknown,EQ,,Unknown,0.0,0.0,0.0,0.0
3942,SPVGLOBAL,SPV GLOBAL TRADING LIMITED,INE177E01010,Unknown,Unknown,EQ,,Unknown,0.0,0.0,0.0,0.0
9504,SQLSTARPP,SQL Star International Ltd,IN9399A01040,Unknown,Unknown,EQ,,Unknown,0.0,0.0,0.0,0.0
6673,SQL,SQL Star International Ltd,INE399A01018,Unknown,Unknown,EQ,,Unknown,0.0,0.0,0.0,0.0
9477,SQLPP,SQL Star International Ltd,IN9399A01024,Unknown,Unknown,EQ,,Unknown,0.0,0.0,0.0,0.0
4964,SFPIL,Square Four Projects India Limited,INE716K01020,Unknown,Unknown,EQ,,Unknown,0.0,0.0,0.0,0.0
4176,SRECR,Sree chem Resins Ltd,INE377C01010,Unknown,Unknown,EQ,,Unknown,0.0,0.0,0.0,0.0
2148,SRHHYPOLTD,Sree Rayalaseema Hi-Strength Hypo Limited,INE917H01012,Unknown,Unknown,EQ,2007-05-08,Unknown,0.0,0.0,0.0,0.0
2145,SREEL,Sreeleathers Limited,INE099F01013,Unknown,Unknown,EQ,2014-01-01,Unknown,0.0,0.0,0.0,0.0
4686,SREINFRA,SREI Infrastructure Finance limited,INE872A01014,Unknown,Unknown,EQ,,Unknown,0.0,0.0,0.0,0.0
7500,SRESTHA,Srestha Finvest Limited,INE606K01049,Unknown,Unknown,EQ,,Unknown,0.0,0.0,0.0,0.0
9197,SRESTHA-RE,Srestha Finvest Limited,INE606K20015,Unknown,Unknown,EQ,,Unknown,0.0,0.0,0.0,0.0
2146,SRF,SRF Limited,INE647A01010,Unknown,Unknown,EQ,2003-08-18,Unknown,0.0,0.0,0.0,0.0
7136,SRGFFL,SRG FINGROW FINANCE LIMITED,INE326P01019,Unknown,Unknown,EQ,,Unknown,0.0,0.0,0.0,0.0
2147,SRGHFL,SRG Housing Finance Limited,INE559N01010,Unknown,Unknown,EQ,2023-08-21,Unknown,0.0,0.0,0.0,0.0
5371,SRHSYNT,SRH Synthetics Ltd.,INE416C01016,Unknown,Unknown,EQ,,Unknown,0.0,0.0,0.0,0.0
4763,SRHHL,SRHHL Industries Ltd,INE724B01023,Unknown,Unknown,EQ,,Unknown,0.0,0.0,0.0,0.0
7367,AMARNATH,SRI AMARNATH FINANCE LIMITED,INE985Q01010,Unknown,Unknown,EQ,,Unknown,0.0,0.0,0.0,0.0
3623,ARUMUGA,Sri Arumuga Enterprise Limited,INE240L01011,Unknown,Unknown,EQ,,Unknown,0.0,0.0,0.0,0.0
4364,SRICC,Sri Chakra Cement Limited,INE827D01020,Unknown,Unknown,EQ,,Unknown,0.0,0.0,0.0,0.0
3580,SRCHRDM,Sri Chakra Remedies Ltd,INE840B01019,Unknown,Unknown,EQ,,Unknown,0.0,0.0,0.0,0.0
4525,SROGNGM,Sri Ganapathy Mills Co. Ltd.,INE488F01018,Unknown,Unknown,EQ,,Unknown,0.0,0.0,0.0,0.0
916,HAVISHA,Sri Havisha Hospitality and Infrastructure Limited,INE293B01029,Unknown,Unknown,EQ,2000-02-16,Unknown,0.0,0.0,0.0,0.0
5429,SRJTC,Sri Jayalakshmi Spinning Mills ltd.,INE355D01014,Unknown,Unknown,EQ,,Unknown,0.0,0.0,0.0,0.0
2149,SRIKPRIND,Sri KPR Industries Limited,INE009C01019,Unknown,Unknown,EQ,2026-08-17,Unknown,0.0,0.0,0.0,0.0
7545,SKC,Sri Krishna Constructions (India) Limited,INE094T01015,Unknown,Unknown,EQ,,Unknown,0.0,0.0,0.0,0.0
4507,SLSTLQ,Sri Lakshmi Saraswathi Textiles (Ar,INE456D01010,Unknown,Unknown,EQ,,Unknown,0.0,0.0,0.0,0.0
1332,LOTUSDEV,Sri Lotus Developers and Realty Limited,INE0V9Q01010,Unknown,Unknown,BE,2025-08-06,Unknown,0.0,0.0,0.0,0.0
4524,SRINACHA,Sri Nachammai Cotton Mills Ltd.,INE443E01016,Unknown,Unknown,EQ,,Unknown,0.0,0.0,0.0,0.0
5272,SRINANDAA,Sri Nandaa Spinners Limited,INE836E01011,Unknown,Unknown,EQ,,Unknown,0.0,0.0,0.0,0.0
4511,SRMCL,Sri Ramakrishna Mills (Coimbatore) Ltd.,INE306D01017,Unknown,Unknown,EQ,,Unknown,0.0,0.0,0.0,0.0
4236,SRIVAJRA,Sri Vajra Granites Ltd.,INE047H01018,Unknown,Unknown,EQ,,Unknown,0.0,0.0,0.0,0.0
4122,SRIVASAV,Sri Vasavi Industries Ltd.,INE634E01010,Unknown,Unknown,EQ,,Unknown,0.0,0.0,0.0,0.0
4360,SRVIC,"Sri Vishnu Cement Ltd.,",INE286B01015,Unknown,Unknown,EQ,,Unknown,0.0,0.0,0.0,0.0
8564,SRIGEE,SRIGEE DLM LIMITED,INE0RJ901010,Unknown,Unknown,EQ,,Unknown,0.0,0.0,0.0,0.0
4121,SRIPIPES,Srikalahasthi Pipes Limited,INE943C01027,Unknown,Unknown,EQ,,Unknown,0.0,0.0,0.0,0.0
5052,SRINIHAT,Srinivasa Hatcheries Ltd.,INE312E01013,Unknown,Unknown,EQ,,Unknown,0.0,0.0,0.0,0.0
6292,SRIMT,Sriven Multi-Tech Ltd,INE004B01012,Unknown,Unknown,EQ,,Unknown,0.0,0.0,0.0,0.0
2150,SRM,SRM Contractors Limited,INE0R6Z01013,Unknown,Unknown,EQ,2024-04-03,Unknown,0.0,0.0,0.0,0.0
4609,SRMENERGY,SRM Energy Limited,INE173J01018,Unknown,Unknown,EQ,,Unknown,0.0,0.0,0.0,0.0
7140,SRSFIN,SRS Finance Limited,INE002J01027,Unknown,Unknown,EQ,,Unknown,0.0,0.0,0.0,0.0
7051,SRSLTD,SRS Limited,INE219H01039,Unknown,Unknown,EQ,,Unknown,0.0,0.0,0.0,0.0
7024,SRSREAL,SRS Real Infrastructure Ltd.,INE953I01023,Unknown,Unknown,EQ,,Unknown,0.0,0.0,0.0,0.0
9220,SRUST-RE,SRU Steels Limited,INE425C20017,Unknown,Unknown,EQ,,Unknown,0.0,0.0,0.0,0.0
7943,SRUSTEELS,SRU Steels Limited,INE425C01017,Unknown,Unknown,EQ,,Unknown,0.0,0.0,0.0,0.0
8674,SSMD,SSMD AGROTECH INDIA LIMITED,INE1U2R01013,Unknown,Unknown,EQ,,Unknown,0.0,0.0,0.0,0.0
5325,SSPDL,SSPDL Limited,INE838C01011,Unknown,Unknown,EQ,,Unknown,0.0,0.0,0.0,0.0
7424,SSPNFIN,SSPN Finance Limited,INE820R01017,Unknown,Unknown,EQ,,Unknown,0.0,0.0,0.0,0.0
4200,SSTSILKS,Sstella Silks Ltd.,INE133F01010,Unknown,Unknown,EQ,,Unknown,0.0,0.0,0.0,0.0
2154,STALLION,Stallion India Fluorochemicals Limited,INE0RYC01010,Unknown,Unknown,BE,2025-01-23,Unknown,0.0,0.0,0.0,0.0
9409,STALL-RE,Stallion India Fluorochemicals Limited,INE0RYC20010,Unknown,Unknown,EQ,,Unknown,0.0,0.0,0.0,0.0
8700,STANBIK,STANBIK AGRO LIMITED,INE16QA01011,Unknown,Unknown,EQ,,Unknown,0.0,0.0,0.0,0.0
3335,STDBAT,Standard Batteries Ltd.,INE502C01039,Unknown,Unknown,EQ,,Unknown,0.0,0.0,0.0,0.0
3867,STANCAP,Standard Capital Markets Ltd.,INE625D01028,Unknown,Unknown,EQ,,Unknown,0.0,0.0,0.0,0.0
8847,STAN,Standard Chartered PLC,INE028L21018,Unknown,Unknown,EQ,,Unknown,0.0,0.0,0.0,0.0
4118,STACH,Standard Chrome Ltd.,INE715E01017,Unknown,Unknown,EQ,,Unknown,0.0,0.0,0.0,0.0
2009,SETL,Standard Engineering Technology Limited,INE0M4D01010,Unknown,Unknown,EQ,2025-01-13,Unknown,0.0,0.0,0.0,0.0
2084,SIL,Standard Industries Limited,INE173A01025,Unknown,Unknown,EQ,2004-01-27,Unknown,0.0,0.0,0.0,0.0
4629,STDSHOE,Standard Shoe Sole and Mould (India) Ltd,INE888N01013,Unknown,Unknown,EQ,,Unknown,0.0,0.0,0.0,0.0
4899,STDSFAC,Standard Surfactants Ltd.,INE307D01015,Unknown,Unknown,EQ,,Unknown,0.0,0.0,0.0,0.0
2155,STANLEY,Stanley Lifestyles Limited,INE01A001028,Unknown,Unknown,EQ,2024-06-28,Unknown,0.0,0.0,0.0,0.0
5359,STANPACK,Stanpacks (India) Ltd.,INE457D01018,Unknown,Unknown,EQ,,Unknown,0.0,0.0,0.0,0.0
3479,STANROS,Stanrose Mafatlal Investments & Fin,INE441L01015,Unknown,Unknown,EQ,,Unknown,0.0,0.0,0.0,0.0
2157,STARCEMENT,Star Cement Limited,INE460H01021,Unknown,Unknown,EQ,2017-06-16,Unknown,0.0,0.0,0.0,0.0
7515,STARDELTA,STAR DELTA TRANSFORMERS LIMITED,INE541K01014,Unknown,Unknown,EQ,,Unknown,0.0,0.0,0.0,0.0
7132,SFCL,Star Ferro and Cement Limited,INE935O01010,Unknown,Unknown,EQ,,Unknown,0.0,0.0,0.0,0.0
2158,STARHEALTH,Star Health and Allied Insurance Company Limited,INE575P01011,Unknown,Unknown,EQ,2021-12-10,Unknown,0.0,0.0,0.0,0.0
7423,STARHFL,STAR HOUSING FINANCE LIMITED,INE526R01028,Unknown,Unknown,EQ,,Unknown,0.0,0.0,0.0,0.0
9365,STARHF-RE,STAR HOUSING FINANCE LIMITED,INE526R20010,Unknown,Unknown,EQ,,Unknown,0.0,0.0,0.0,0.0
8603,STARIMAGIN,STAR IMAGING AND PATH LAB LIMITED,INE0YG001013,Unknown,Unknown,EQ,,Unknown,0.0,0.0,0.0,0.0
2159,STARPAPER,Star Paper Mills Limited,INE733A01018,Unknown,Unknown,EQ,1995-09-13,Unknown,0.0,0.0,0.0,0.0
9420,STARBEA-RE,STARBEAM VENTURES LIMITED,INE924N20024,Unknown,Unknown,EQ,,Unknown,0.0,0.0,0.0,0.0
9307,STARBEAM-RE,STARBEAM VENTURES LIMITED,INE924N20016,Unknown,Unknown,EQ,,Unknown,0.0,0.0,0.0,0.0
7482,STARBEAM,STARBEAM VENTURES LIMITED,INE924N01024,Unknown,Unknown,EQ,,Unknown,0.0,0.0,0.0,0.0
6340,STARCOM,Starcom Information Technology Ltd,INE347I01010,Unknown,Unknown,EQ,,Unknown,0.0,0.0,0.0,0.0
9357,STAR-RE,STARLINEPS ENTERPRISES LIMITED,INE594W20018,Unknown,Unknown,EQ,,Unknown,0.0,0.0,0.0,0.0
7815,STARLENT,STARLINEPS ENTERPRISES LIMITED,INE594W01042,Unknown,Unknown,EQ,,Unknown,0.0,0.0,0.0,0.0
7319,STARLIT,Starlit Power Systems Limited,INE909P01012,Unknown,Unknown,EQ,,Unknown,0.0,0.0,0.0,0.0
4351,STARLITE,Starlite Components Ltd.,INE035C01022,Unknown,Unknown,EQ,,Unknown,0.0,0.0,0.0,0.0
4475,STARLOG,Starlog Enterprises Limited,INE580C01019,Unknown,Unknown,EQ,,Unknown,0.0,0.0,0.0,0.0
3505,STARSOURCE,STARSOURCE MULTITRADE LIMITED,INE320M01019,Unknown,Unknown,EQ,,Unknown,0.0,0.0,0.0,0.0
2160,STARTECK,Starteck Finance Limited,INE992I01013,Unknown,Unknown,EQ,2022-05-04,Unknown,0.0,0.0,0.0,0.0
3200,SBBJ,State Bank of Bikaner & Jaipur,INE648A01026,Unknown,Unknown,EQ,,Unknown,0.0,0.0,0.0,0.0
1984,SBIN,State Bank of India,INE062A01020,Unknown,Unknown,EQ,1995-03-01,Unknown,0.0,0.0,0.0,0.0
6663,MYSOREBANK,State Bank Of Mysore,INE651A01020,Unknown,Unknown,EQ,,Unknown,0.0,0.0,0.0,0.0
6660,SBT,State Bank of Travancore,INE654A01024,Unknown,Unknown,EQ,,Unknown,0.0,0.0,0.0,0.0
1936,SAIL,Steel Authority of India Limited,INE114A01011,Unknown,Unknown,EQ,1995-07-06,Unknown,0.0,0.0,0.0,0.0
2163,STEELCITY,Steel City Securities Limited,INE395H01011,Unknown,Unknown,EQ,2019-06-27,Unknown,0.0,0.0,0.0,0.0
2164,STEELXIND,STEEL EXCHANGE INDIA LIMITED,INE503B01021,Unknown,Unknown,EQ,2017-07-20,Unknown,0.0,0.0,0.0,0.0
8857,STEELXIND1,Steel Exchange India Ltd.,INE503B01013,Unknown,Unknown,EQ,,Unknown,0.0,0.0,0.0,0.0
2168,STLSTRINF,Steel Strips Infrastructures Limited,INE205F01016,Unknown,Unknown,EQ,2026-08-17,Unknown,0.0,0.0,0.0,0.0
3381,STRIPMT,Steel Strips Ltd.,INE01RN01014,Unknown,Unknown,EQ,,Unknown,0.0,0.0,0.0,0.0
2153,SSWL,Steel Strips Wheels Limited,INE802C01033,Unknown,Unknown,EQ,2005-06-06,Unknown,0.0,0.0,0.0,0.0
3473,STEELTUBES,Steel Tubes Of India Ltd.,INE926A01018,Unknown,Unknown,EQ,,Unknown,0.0,0.0,0.0,0.0
2162,STEELCAS,Steelcast Limited,INE124E01038,Unknown,Unknown,EQ,2021-11-23,Unknown,0.0,0.0,0.0,0.0
3154,STEELCO,Steelco Gujarat Ltd,INE629B01032,Unknown,Unknown,EQ,,Unknown,0.0,0.0,0.0,0.0
9439,STEEL-RE,Steelco Gujarat Ltd,INE629B20016,Unknown,Unknown,EQ,,Unknown,0.0,0.0,0.0,0.0
8323,STML,STEELMAN TELECOM LIMITED,INE0MSK01016,Unknown,Unknown,EQ,,Unknown,0.0,0.0,0.0,0.0
2165,STEL,Stel Holdings Limited,INE577L01016,Unknown,Unknown,EQ,2011-02-09,Unknown,0.0,0.0,0.0,0.0
4106,STELCOST,Stelco Strips Ltd.,INE308D01013,Unknown,Unknown,EQ,,Unknown,0.0,0.0,0.0,0.0
4869,STELLANT,STELLANT SECURITIES (INDIA) LIMITED,INE395F01023,Unknown,Unknown,EQ,,Unknown,0.0,0.0,0.0,0.0
7138,STELLAR,STELLAR CAPITAL SERVICES LIMITED,INE325P01011,Unknown,Unknown,EQ,,Unknown,0.0,0.0,0.0,0.0
6271,STEP2COR,Step Two Corporation Ltd.,INE623D01015,Unknown,Unknown,EQ,,Unknown,0.0,0.0,0.0,0.0
3939,STEPHANOTIS,STEPHANOTIS FINANCE LIMITED,INE902L01016,Unknown,Unknown,EQ,,Unknown,0.0,0.0,0.0,0.0
2236,SWSOLAR,Sterling and Wilson Renewable Energy Limited,INE00M201021,Unknown,Unknown,EQ,2019-08-20,Unknown,0.0,0.0,0.0,0.0
3960,STERLINBIO,Sterling Biotech Ltd.,INE324C01038,Unknown,Unknown,EQ,,Unknown,0.0,0.0,0.0,0.0
4954,STRGRENWO,Sterling Green  Woods  Limited,INE398F01019,Unknown,Unknown,EQ,,Unknown,0.0,0.0,0.0,0.0
4633,STERLINH,Sterling Holiday Resorts (India) Lt,INE657A01019,Unknown,Unknown,EQ,,Unknown,0.0,0.0,0.0,0.0
3674,STEERINTER,Sterling International Enterprises Limited,INE696C01021,Unknown,Unknown,EQ,,Unknown,0.0,0.0,0.0,0.0
4115,STERPOW,Sterling Powergensys Limited,INE067E01013,Unknown,Unknown,EQ,,Unknown,0.0,0.0,0.0,0.0
2166,STERTOOLS,Sterling Tools Limited,INE334A01023,Unknown,Unknown,BE,2006-02-02,Unknown,0.0,0.0,0.0,0.0
6509,STERWEB,Sterling Webnet Limited,INE313B01025,Unknown,Unknown,EQ,,Unknown,0.0,0.0,0.0,0.0
3195,STERLITEIND,Sterlite Industries (India) Ltd,INE268A01049,Unknown,Unknown,EQ,,Unknown,0.0,0.0,0.0,0.0
2169,STLTECH,Sterlite Technologies Limited,INE089C01029,Unknown,Unknown,BE,2000-12-08,Unknown,0.0,0.0,0.0,0.0
3395,STEWARTQ,Stewarts & Lloyds of India Ltd.,INE356D01012,Unknown,Unknown,EQ,,Unknown,0.0,0.0,0.0,0.0
4240,STIGRAN,STI Granite India Limited,INE057G01019,Unknown,Unknown,EQ,,Unknown,0.0,0.0,0.0,0.0
4050,STINDIA,STI India Ltd.,INE090C01019,Unknown,Unknown,EQ,,Unknown,0.0,0.0,0.0,0.0
4339,STIPROD,STI Products India Ltd.,INE205G01014,Unknown,Unknown,EQ,,Unknown,0.0,0.0,0.0,0.0
2015,SGL,STL Global Limited,INE353H01010,Unknown,Unknown,EQ,2006-04-10,Unknown,0.0,0.0,0.0,0.0
9527,SGLPP,STL Global Ltd,IN9353H01018,Unknown,Unknown,EQ,,Unknown,0.0,0.0,0.0,0.0
2167,STLNETWORK,STL Networks Limited,INE1VXE01018,Unknown,Unknown,EQ,2025-09-04,Unknown,0.0,0.0,0.0,0.0
4035,STOCKNET,Stocknet International Ltd.,INE201D01010,Unknown,Unknown,EQ,,Unknown,0.0,0.0,0.0,0.0
4540,STONEIN,Stone India Ltd.,INE290C01015,Unknown,Unknown,EQ,,Unknown,0.0,0.0,0.0,0.0
8461,STAL,Storage Technologies and Automation Limited,INE0RGM01016,Unknown,Unknown,EQ,,Unknown,0.0,0.0,0.0,0.0
6630,STOTZBL,Stotz-Blacksmiths Ltd.,INE485F01014,Unknown,Unknown,EQ,,Unknown,0.0,0.0,0.0,0.0
2170,STOVEKRAFT,Stove Kraft Limited,INE00IN01015,Unknown,Unknown,EQ,2021-02-05,Unknown,0.0,0.0,0.0,0.0
3394,STOVACQ,Stovec Industries Ltd.,INE755D01015,Unknown,Unknown,EQ,,Unknown,0.0,0.0,0.0,0.0
5227,STRATMONT,STRATMONT INDUSTRIES LIMITED,INE473C01025,Unknown,Unknown,EQ,,Unknown,0.0,0.0,0.0,0.0
2156,STAR,Strides Pharma Science Limited,INE939A01011,Unknown,Unknown,EQ,2000-02-02,Unknown,0.0,0.0,0.0,0.0
7067,META,STRING METAVERSE LIMITED,INE958L01034,Unknown,Unknown,EQ,,Unknown,0.0,0.0,0.0,0.0
9292,META-RE,STRING METAVERSE LIMITED,INE958L20018,Unknown,Unknown,EQ,,Unknown,0.0,0.0,0.0,0.0
2171,STUDDS,Studds Accessories Limited,INE00Q601028,Unknown,Unknown,EQ,2025-11-07,Unknown,0.0,0.0,0.0,0.0
5257,STURDY,Sturdy Industries Ltd.,INE134F01026,Unknown,Unknown,EQ,,Unknown,0.0,0.0,0.0,0.0
2173,STYLAMIND,Stylam Industries Limited,INE239C01020,Unknown,Unknown,EQ,2021-08-02,Unknown,0.0,0.0,0.0,0.0
2175,STYRENIX,Styrenix Performance Materials Limited,INE189B01011,Unknown,Unknown,EQ,1995-03-29,Unknown,0.0,0.0,0.0,0.0
5012,SUASHDIM,Suashish Diamonds Ltd.,INE658A01017,Unknown,Unknown,EQ,,Unknown,0.0,0.0,0.0,0.0
8505,SUBAM,SUBAM PAPERS LIMITED,INE0U6201010,Unknown,Unknown,EQ,,Unknown,0.0,0.0,0.0,0.0
2176,SUBEXLTD,Subex Limited,INE754A01055,Unknown,Unknown,EQ,2020-11-05,Unknown,0.0,0.0,0.0,0.0
7133,SUBHTEX,Subh Tex (India) Limited,INE427O01018,Unknown,Unknown,EQ,,Unknown,0.0,0.0,0.0,0.0
5148,SUBSM,Subhash Silk Mills Ltd.,INE690D01014,Unknown,Unknown,EQ,,Unknown,0.0,0.0,0.0,0.0
2177,SUBROS,Subros Limited,INE287B01021,Unknown,Unknown,EQ,2005-07-13,Unknown,0.0,0.0,0.0,0.0
3742,ZSUBWAYF,Subway Finance & Investment Co. Ltd,INE033F01012,Unknown,Unknown,EQ,,Unknown,0.0,0.0,0.0,0.0
3906,SUCHTRD,Suchak Trading Ltd.,INE035G01015,Unknown,Unknown,EQ,,Unknown,0.0,0.0,0.0,0.0
3467,SUDAI,Sudal Industries Limited,INE618D01015,Unknown,Unknown,EQ,,Unknown,0.0,0.0,0.0,0.0
7033,SUDAR,Sudar Industries Limited,INE384L01017,Unknown,Unknown,EQ,,Unknown,0.0,0.0,0.0,0.0
2179,SUDARSCHEM,Sudarshan Chemical Industries Limited,INE659A01023,Unknown,Unknown,EQ,1995-05-25,Unknown,0.0,0.0,0.0,0.0
2178,SUDARCOLOR,Sudarshan Colorants India Limited,INE492A01029,Unknown,Unknown,EQ,1995-06-14,Unknown,0.0,0.0,0.0,0.0
8361,SUDARSHAN,SUDARSHAN PHARMA INDUSTRIES LIMITED,INE00TV01023,Unknown,Unknown,EQ,,Unknown,0.0,0.0,0.0,0.0
2180,SUDEEPPHRM,Sudeep Pharma Limited,INE0QPI01025,Unknown,Unknown,EQ,2025-11-28,Unknown,0.0,0.0,0.0,0.0
9055,SUDTIND-RE,Suditi Industries Ltd.,INE691D20012,Unknown,Unknown,EQ,,Unknown,0.0,0.0,0.0,0.0
4496,SUDTIND-B,Suditi Industries Ltd.,INE691D01012,Unknown,Unknown,EQ,,Unknown,0.0,0.0,0.0,0.0
7778,SUERYAAKNI,Sueryaa Knitwear Limited,INE249U01013,Unknown,Unknown,EQ,,Unknown,0.0,0.0,0.0,0.0
3852,SUGALDAM,Sugal & Damani Share Brokers Ltd.,INE309D01011,Unknown,Unknown,EQ,,Unknown,0.0,0.0,0.0,0.0
6219,SUGAT,Sugam Agro-Tech ltd.,INE068E01011,Unknown,Unknown,EQ,,Unknown,0.0,0.0,0.0,0.0
8611,SUGSLLOYD,SUGS LLOYD LIMITED,INE0XX801016,Unknown,Unknown,EQ,,Unknown,0.0,0.0,0.0,0.0
8104,SUICH,Suich Industries Limited,INE00CU01013,Unknown,Unknown,EQ,,Unknown,0.0,0.0,0.0,0.0
7457,SUJALA,Sujala Trading & Holdings Ltd.,INE029H01016,Unknown,Unknown,EQ,,Unknown,0.0,0.0,0.0,0.0
4286,SUJANAUNI,Sujana Universal Industries Ltd.,INE216G01011,Unknown,Unknown,EQ,,Unknown,0.0,0.0,0.0,0.0
2181,SUKHJITS,Sukhjit Starch & Chemicals Limited,INE450E01029,Unknown,Unknown,EQ,2022-11-07,Unknown,0.0,0.0,0.0,0.0
2182,SULA,Sula Vineyards Limited,INE142Q01026,Unknown,Unknown,EQ,2022-12-22,Unknown,0.0,0.0,0.0,0.0
3665,SULABEN,Sulabh Engineers & Services Limited,INE673M01029,Unknown,Unknown,EQ,,Unknown,0.0,0.0,0.0,0.0
4620,SUMANMOTEL,Suman Motels Ltd.,INE723A01019,Unknown,Unknown,EQ,,Unknown,0.0,0.0,0.0,0.0
2183,SUMEDHA,Sumedha Fiscal Services Limited,INE886B01012,Unknown,Unknown,EQ,2026-08-17,Unknown,0.0,0.0,0.0,0.0
2184,SUMEETINDS,Sumeet Industries Limited,INE235C01036,Unknown,Unknown,EQ,2010-12-10,Unknown,0.0,0.0,0.0,0.0
9446,SUMEET-RE,Sumeet Industries Ltd,INE235C20010,Unknown,Unknown,EQ,,Unknown,0.0,0.0,0.0,0.0
5212,SUMERUIND,Sumeru Industries Ltd.,INE764B01029,Unknown,Unknown,EQ,,Unknown,0.0,0.0,0.0,0.0
2186,SUMIT,Sumit Woods Limited,INE748Z01013,Unknown,Unknown,EQ,2019-07-30,Unknown,0.0,0.0,0.0,0.0
2185,SUMICHEM,Sumitomo Chemical India Limited,INE258G01013,Unknown,Unknown,EQ,2020-01-27,Unknown,0.0,0.0,0.0,0.0
2187,SUMMITSEC,Summit Securities Limited,INE519C01017,Unknown,Unknown,EQ,2011-01-28,Unknown,0.0,0.0,0.0,0.0
6666,SUNEARTH,Sun Earth Ceramics Ltd.,INE744A01015,Unknown,Unknown,EQ,,Unknown,0.0,0.0,0.0,0.0
5382,SUNGRAN,Sun Granite Export Limited,INE032M01010,Unknown,Unknown,EQ,,Unknown,0.0,0.0,0.0,0.0
6399,SUNINFO,Sun Infoways Ltd.,INE236C01018,Unknown,Unknown,EQ,,Unknown,0.0,0.0,0.0,0.0
2133,SPARC,Sun Pharma Advanced Research Company Limited,INE232I01014,Unknown,Unknown,EQ,2007-07-18,Unknown,0.0,0.0,0.0,0.0
9545,SUNPHADVPP,Sun Pharma Advanced Research Company Ltd.,IN9232I01012,Unknown,Unknown,EQ,,Unknown,0.0,0.0,0.0,0.0
2196,SUNPHARMA,Sun Pharmaceutical Industries Limited,INE044A01036,Unknown,Unknown,EQ,1995-02-08,Unknown,0.0,0.0,0.0,0.0
8929,SUNPHCRP,Sun Pharmaceutical Industries Ltd.,INE044A04014,Unknown,Unknown,EQ,,Unknown,0.0,0.0,0.0,0.0
8058,SUNRETAIL,Sun Retail Limited,INE206Z01020,Unknown,Unknown,EQ,,Unknown,0.0,0.0,0.0,0.0
4322,SUNSOUI,Sun Source (India) Ltd.,INE320F01013,Unknown,Unknown,EQ,,Unknown,0.0,0.0,0.0,0.0
2201,SUNTV,Sun TV Network Limited,INE424H01027,Unknown,Unknown,EQ,2006-04-24,Unknown,0.0,0.0,0.0,0.0
5303,SUNBRIGHT,Sunbright Stock Broking Limited,INE476D01026,Unknown,Unknown,EQ,,Unknown,0.0,0.0,0.0,0.0
7600,SCTL,Suncare Traders Limited,INE452S01025,Unknown,Unknown,EQ,,Unknown,0.0,0.0,0.0,0.0
5316,SUNCITYSY,Suncity Synthetics Ltd.,INE584D01019,Unknown,Unknown,EQ,,Unknown,0.0,0.0,0.0,0.0
2191,SUNDRMBRAK,Sundaram Brake Linings Limited,INE073D01013,Unknown,Unknown,BE,1996-07-17,Unknown,0.0,0.0,0.0,0.0
2188,SUNCLAY,Sundaram Clayton Limited,INE0Q3R01026,Unknown,Unknown,EQ,2023-12-29,Unknown,0.0,0.0,0.0,0.0
2190,SUNDARMFIN,Sundaram Finance Limited,INE660A01013,Unknown,Unknown,EQ,1998-01-07,Unknown,0.0,0.0,0.0,0.0
2189,SUNDARAM,Sundaram Multi Pap Limited,INE108E01023,Unknown,Unknown,EQ,2010-06-02,Unknown,0.0,0.0,0.0,0.0
5204,SUNDYEX,Sunday Exports Ltd.,INE427H01012,Unknown,Unknown,EQ,,Unknown,0.0,0.0,0.0,0.0
2192,SUNDRMFAST,Sundram Fasteners Limited,INE387A01021,Unknown,Unknown,EQ,2000-06-07,Unknown,0.0,0.0,0.0,0.0
2193,SUNDROP,Sundrop Brands Limited,INE209A01019,Unknown,Unknown,EQ,2002-12-06,Unknown,0.0,0.0,0.0,0.0
2194,SUNFLAG,Sunflag Iron And Steel Company Limited,INE947A01014,Unknown,Unknown,EQ,2005-09-29,Unknown,0.0,0.0,0.0,0.0
3434,SUNFI,Sunflex Finance & Investment Ltd.,INE458D01016,Unknown,Unknown,EQ,,Unknown,0.0,0.0,0.0,0.0
6234,SUNGOLD,Sungold Capital Ltd.,INE271D01013,Unknown,Unknown,EQ,,Unknown,0.0,0.0,0.0,0.0
8033,SMEL,Sungold Media and Entertainment Limited,INE266S01011,Unknown,Unknown,EQ,,Unknown,0.0,0.0,0.0,0.0
5363,SUNILAGR,Sunil Agro Foods ltd.,INE224D01012,Unknown,Unknown,EQ,,Unknown,0.0,0.0,0.0,0.0
2195,SUNLOC,Sunil Healthcare Limited,INE671C01016,Unknown,Unknown,EQ,2026-08-17,Unknown,0.0,0.0,0.0,0.0
6845,SUNILHITEC,Sunil Hitech Engineers Limited,INE305H01028,Unknown,Unknown,EQ,,Unknown,0.0,0.0,0.0,0.0
4523,SUNILTX,Sunil Industries Ltd.,INE124M01015,Unknown,Unknown,EQ,,Unknown,0.0,0.0,0.0,0.0
8409,SUNITATOOL,Sunita Tools Limited,INE0Q1S01010,Unknown,Unknown,EQ,,Unknown,0.0,0.0,0.0,0.0
6541,SUNITEE,Sunitee Chemicals Ltd.,INE714C01022,Unknown,Unknown,EQ,,Unknown,0.0,0.0,0.0,0.0
4464,SUNKU,Sunku Auto Ltd.,INE723B01017,Unknown,Unknown,EQ,,Unknown,0.0,0.0,0.0,0.0
5514,SUNLAKE,Sunlake Resorts and Hotels Ltd.,INE847L01013,Unknown,Unknown,EQ,,Unknown,0.0,0.0,0.0,0.0
4641,SUNRAJDI,Sunraj Diamond Exports Ltd.,INE459D01014,Unknown,Unknown,EQ,,Unknown,0.0,0.0,0.0,0.0
2197,SUNRAKSHAK,Sunrakshakk Industries India Limited,INE671K01027,Unknown,Unknown,EQ,2026-08-17,Unknown,0.0,0.0,0.0,0.0
3521,SUNASIAN,Sunrise Asian Limited,INE917D01011,Unknown,Unknown,EQ,,Unknown,0.0,0.0,0.0,0.0
8280,SEML,Sunrise Efficient Marketing Limited,INE0KPY01017,Unknown,Unknown,EQ,,Unknown,0.0,0.0,0.0,0.0
3201,SUNRINV,Sunrise Industrial Traders Ltd.,INE371U01015,Unknown,Unknown,EQ,,Unknown,0.0,0.0,0.0,0.0
6184,SUNZI,Sunrise Zinc Ltd.,INE541D01019,Unknown,Unknown,EQ,,Unknown,0.0,0.0,0.0,0.0
2198,SUNSHIEL,Sunshield Chemicals Limited,INE199E01014,Unknown,Unknown,EQ,2026-08-17,Unknown,0.0,0.0,0.0,0.0
9362,SUNSHI-RE,Sunshield Chemicals Ltd.,INE199E20014,Unknown,Unknown,EQ,,Unknown,0.0,0.0,0.0,0.0
7610,SCL,Sunshine Capital Ltd.,INE974F01025,Unknown,Unknown,EQ,,Unknown,0.0,0.0,0.0,0.0
2199,SUNSHINE,Sunshine Pictures Limited,INE1B3O01011,Unknown,Unknown,EQ,2026-08-25,Unknown,0.0,0.0,0.0,0.0
8648,SUNSKY,Sunsky Logistics Limited,INE10CM01027,Unknown,Unknown,EQ,,Unknown,0.0,0.0,0.0,0.0
4771,SUNSL,Sunstar Lubricants Ltd.,INE120C01014,Unknown,Unknown,EQ,,Unknown,0.0,0.0,0.0,0.0
7093,SRDL,Sunstar Realty Development Limited,INE338O01025,Unknown,Unknown,EQ,,Unknown,0.0,0.0,0.0,0.0
5247,SUNSS,Sunstar Software Systems Ltd.,INE296B01014,Unknown,Unknown,EQ,,Unknown,0.0,0.0,0.0,0.0
2200,SUNTECK,Sunteck Realty Limited,INE805D01034,Unknown,Unknown,EQ,2009-11-13,Unknown,0.0,0.0,0.0,0.0
5295,SUPERBAK,Super Bakers (India) Ltd.,INE897A01011,Unknown,Unknown,EQ,,Unknown,0.0,0.0,0.0,0.0
5340,SUCROSA,Super Crop Safe Ltd.,INE366G01022,Unknown,Unknown,EQ,,Unknown,0.0,0.0,0.0,0.0
6395,SUPRDOM,Super Domestic Machines Ltd.,INE215Q01012,Unknown,Unknown,EQ,,Unknown,0.0,0.0,0.0,0.0
7771,SKL,SUPER FINE KNITTERS LIMITED,INE459U01018,Unknown,Unknown,EQ,,Unknown,0.0,0.0,0.0,0.0
4062,SUPERFORGE,Super Forgings & Steels Ltd.,INE661A01011,Unknown,Unknown,EQ,,Unknown,0.0,0.0,0.0,0.0
8553,SUPERIRON,Super Iron Foundry Limited,INE16IQ01014,Unknown,Unknown,EQ,,Unknown,0.0,0.0,0.0,0.0
4016,SUPER,Super Sales India Ltd.,INE091C01017,Unknown,Unknown,EQ,,Unknown,0.0,0.0,0.0,0.0
2203,SUPERSPIN,Super Spinning Mills Limited,INE662A01027,Unknown,Unknown,BE,2004-07-08,Unknown,0.0,0.0,0.0,0.0
3282,SUPERSYN,Super Syncotex (India) Ltd.,INE542D01017,Unknown,Unknown,EQ,,Unknown,0.0,0.0,0.0,0.0
2210,SUPTANERY,Super Tannery Limited,INE460D01038,Unknown,Unknown,BE,2026-08-17,Unknown,0.0,0.0,0.0,0.0
2202,SUPERHOUSE,Superhouse Limited,INE712B01010,Unknown,Unknown,EQ,2014-09-26,Unknown,0.0,0.0,0.0,0.0
7661,SUPERIOR,Superior Finlease Limited,INE574R01028,Unknown,Unknown,EQ,,Unknown,0.0,0.0,0.0,0.0
2074,SIEL,Superior Industrial Enterprises Limited,INE843L01012,Unknown,Unknown,EQ,2026-08-17,Unknown,0.0,0.0,0.0,0.0
9466,SUPERNOVA,Supernova Advertising Limited,INE018Q01010,Unknown,Unknown,EQ,,Unknown,0.0,0.0,0.0,0.0
8019,SUPERSHAKT,Supershakti Metaliks Limited,INE00SY01011,Unknown,Unknown,EQ,,Unknown,0.0,0.0,0.0,0.0
3587,SUPDF,Superstar Distilleries And Foods Lt,INE543D01015,Unknown,Unknown,EQ,,Unknown,0.0,0.0,0.0,0.0
8576,SEVL,SUPERTECH EV LIMITED,INE0SC101013,Unknown,Unknown,EQ,,Unknown,0.0,0.0,0.0,0.0
4881,SUPERTEX,Supertex Industries Ltd,INE881B01054,Unknown,Unknown,EQ,,Unknown,0.0,0.0,0.0,0.0
9297,SUPHA-RE,SUPHA PHARMACHEM LIMITED,INE549S20010,Unknown,Unknown,EQ,,Unknown,0.0,0.0,0.0,0.0
7737,SUPRAPFSL,Supra Pacific Financial Services Limited,INE268T01015,Unknown,Unknown,EQ,,Unknown,0.0,0.0,0.0,0.0
9425,SUPRA-RE,Supra Pacific Financial Services Limited,INE268T20015,Unknown,Unknown,EQ,,Unknown,0.0,0.0,0.0,0.0
3827,SUPRATRE,Supra Trends Limited,INE533B01028,Unknown,Unknown,EQ,,Unknown,0.0,0.0,0.0,0.0
2204,SUPRAJIT,Suprajit Engineering Limited,INE399C01030,Unknown,Unknown,EQ,2005-02-18,Unknown,0.0,0.0,0.0,0.0
2206,SUPREMEENG,Supreme Engineering Limited,INE319Z01021,Unknown,Unknown,BZ,2020-12-04,Unknown,0.0,0.0,0.0,0.0
2205,SUPREME,Supreme Holdings & Hospitality (India) Limited,INE822E01011,Unknown,Unknown,EQ,2025-02-03,Unknown,0.0,0.0,0.0,0.0
2207,SUPREMEIND,Supreme Industries Limited,INE195A01028,Unknown,Unknown,EQ,1995-07-19,Unknown,0.0,0.0,0.0,0.0
2208,SUPREMEINF,Supreme Infrastructure India Limited,INE550H01011,Unknown,Unknown,EQ,2007-10-18,Unknown,0.0,0.0,0.0,0.0
4617,SUPOFDM,Supreme Oriented Films Ltd,INE175E01014,Unknown,Unknown,EQ,,Unknown,0.0,0.0,0.0,0.0
2141,SPLPETRO,Supreme Petrochem Limited,INE663A01033,Unknown,Unknown,EQ,2022-05-24,Unknown,0.0,0.0,0.0,0.0
6428,SUPRTELE,Supreme Telecom & Network India Ltd,INE310D01019,Unknown,Unknown,EQ,,Unknown,0.0,0.0,0.0,0.0
6533,SUPREMETEX,Supreme Tex Mart Ltd.,INE651G01027,Unknown,Unknown,EQ,,Unknown,0.0,0.0,0.0,0.0
2209,SUPRIYA,Supriya Lifescience Limited,INE07RO01027,Unknown,Unknown,EQ,2021-12-28,Unknown,0.0,0.0,0.0,0.0
4843,SUPHA,Supriya Pharmaceuticals Ltd.,INE647C01016,Unknown,Unknown,EQ,,Unknown,0.0,0.0,0.0,0.0
3965,SURCHIN,Surabhi Chemicals & Investments Ltd,INE401F01037,Unknown,Unknown,EQ,,Unknown,0.0,0.0,0.0,0.0
2211,SURAJEST,Suraj Estate Developers Limited,INE843S01025,Unknown,Unknown,EQ,2023-12-26,Unknown,0.0,0.0,0.0,0.0
5147,SURAJHLD,Suraj Holdings Ltd.,INE388D01015,Unknown,Unknown,EQ,,Unknown,0.0,0.0,0.0,0.0
9370,SURAJ-RE,Suraj Industries Limited.,INE170U20029,Unknown,Unknown,EQ,,Unknown,0.0,0.0,0.0,0.0
4897,SURJIND,Suraj Industries Limited.,INE170U01011,Unknown,Unknown,EQ,,Unknown,0.0,0.0,0.0,0.0
9611,SURAJPP,Suraj Industries Limited.,IN9170U01019,Unknown,Unknown,EQ,,Unknown,0.0,0.0,0.0,0.0
9631,SURAJINDPP,Suraj Industries Limited.,IN9170U01035,Unknown,Unknown,EQ,,Unknown,0.0,0.0,0.0,0.0
9201,SURJIND-RE,Suraj Industries Limited.,INE170U20011,Unknown,Unknown,EQ,,Unknown,0.0,0.0,0.0,0.0
2212,SURAJLTD,Suraj Limited,INE713C01016,Unknown,Unknown,EQ,2024-08-29,Unknown,0.0,0.0,0.0,0.0
4366,SURAJ,Suraj Products Ltd.,INE069E01019,Unknown,Unknown,EQ,,Unknown,0.0,0.0,0.0,0.0
6299,SURSTON,"Suraj Stone Corporation Ltd,",INE272F01016,Unknown,Unknown,EQ,,Unknown,0.0,0.0,0.0,0.0
2213,SURAKSHA,Suraksha Diagnostic Limited,INE877V01027,Unknown,Unknown,EQ,2024-12-06,Unknown,0.0,0.0,0.0,0.0
5412,SURANACORP,Surana Corporation Ltd.,INE357D01010,Unknown,Unknown,EQ,,Unknown,0.0,0.0,0.0,0.0
4120,SURANAIND,Surana Industries Ltd.,INE659D01019,Unknown,Unknown,EQ,,Unknown,0.0,0.0,0.0,0.0
2214,SURANASOL,Surana Solar Limited,INE272L01022,Unknown,Unknown,EQ,2011-01-07,Unknown,0.0,0.0,0.0,0.0
2215,SURANAT&P,Surana Telecom and Power Limited,INE130B01031,Unknown,Unknown,EQ,2002-05-22,Unknown,0.0,0.0,0.0,0.0
5133,SURATRAML,Surat Trade and Mercantile Limited,INE936A01025,Unknown,Unknown,EQ,,Unknown,0.0,0.0,0.0,0.0
1980,SBGLP,Suratwwala Business Group Limited,INE05ST01028,Unknown,Unknown,EQ,2023-02-10,Unknown,0.0,0.0,0.0,0.0
4179,SURBHIN,Surbhi Industries Limited,INE899E01019,Unknown,Unknown,EQ,,Unknown,0.0,0.0,0.0,0.0
3155,SURYAGRO,Surya Agroils Ltd.,INE780B01017,Unknown,Unknown,EQ,,Unknown,0.0,0.0,0.0,0.0
6585,SURFUNC,Surya Fun City Ltd.,INE122F01013,Unknown,Unknown,EQ,,Unknown,0.0,0.0,0.0,0.0
7514,SURYAINDIA,Surya India Limited,INE446E01019,Unknown,Unknown,EQ,,Unknown,0.0,0.0,0.0,0.0
6789,SURYAPHARM,Surya Pharmaceutical Ltd.,INE249G01020,Unknown,Unknown,EQ,,Unknown,0.0,0.0,0.0,0.0
2218,SURYAROSNI,Surya Roshni Limited,INE335A01020,Unknown,Unknown,EQ,1995-05-10,Unknown,0.0,0.0,0.0,0.0
6982,SURYAAMBA,Suryaamba Spinning Mills Limited,INE360J01011,Unknown,Unknown,EQ,,Unknown,0.0,0.0,0.0,0.0
6904,SURYACHAKRA,Suryachakra Power Corporation Ltd.,INE274I01016,Unknown,Unknown,EQ,,Unknown,0.0,0.0,0.0,0.0
4415,SURSF,Suryachakra Seafoods Ltd.,INE633C01016,Unknown,Unknown,EQ,,Unknown,0.0,0.0,0.0,0.0
4479,SURYAJYOTI,Suryajyoti Spinning Mills Ltd.,INE411C01017,Unknown,Unknown,EQ,,Unknown,0.0,0.0,0.0,0.0
2217,SURYALAXMI,Suryalakshmi Cotton Mills Limited,INE713B01026,Unknown,Unknown,EQ,2005-06-15,Unknown,0.0,0.0,0.0,0.0
2216,SURYALA,Suryalata Spinning Mills Limited,INE132C01027,Unknown,Unknown,EQ,2026-04-20,Unknown,0.0,0.0,0.0,0.0
4156,SURYVANSP,Suryavanshi Spinning Mills Ltd.,INE431C01023,Unknown,Unknown,EQ,,Unknown,0.0,0.0,0.0,0.0
9408,SURFI-RE,Suryo Foods & Industries Ltd.,INE565E20016,Unknown,Unknown,EQ,,Unknown,0.0,0.0,0.0,0.0
4449,SURFI,Suryo Foods & Industries Ltd.,INE565E01016,Unknown,Unknown,EQ,,Unknown,0.0,0.0,0.0,0.0
6522,SURYODAL,Suryoday Allo-Metal Powders Ltd.,INE804C01013,Unknown,Unknown,EQ,,Unknown,0.0,0.0,0.0,0.0
2219,SURYODAY,Suryoday Small Finance Bank Limited,INE428Q01011,Unknown,Unknown,EQ,2021-03-26,Unknown,0.0,0.0,0.0,0.0
5300,SURYOPLA,Suryodaya Plastics Ltd.,INE998B01015,Unknown,Unknown,EQ,,Unknown,0.0,0.0,0.0,0.0
8784,SUSAN,Susan Electricals India Limited,INE2L0V01019,Unknown,Unknown,EQ,,Unknown,0.0,0.0,0.0,0.0
2220,SUTLEJTEX,Sutlej Textiles and Industries Limited,INE645H01027,Unknown,Unknown,BE,2006-12-14,Unknown,0.0,0.0,0.0,0.0
8220,SUUMAYA,SUUMAYA CORPORATION LIMITED,INE0EMB01015,Unknown,Unknown,EQ,,Unknown,0.0,0.0,0.0,0.0
2221,SUVEN,Suven Life Sciences Limited,INE495B01038,Unknown,Unknown,EQ,2003-10-23,Unknown,0.0,0.0,0.0,0.0
9058,SUVEN-RE,Suven Life Sciences Ltd.,INE495B20012,Unknown,Unknown,EQ,,Unknown,0.0,0.0,0.0,0.0
6352,SICL,Suvidha Infraestate Corporation Limited,INE936N01010,Unknown,Unknown,EQ,,Unknown,0.0,0.0,0.0,0.0
2222,SUVIDHAA,Suvidhaa Infoserve Limited,INE018401013,Unknown,Unknown,EQ,2021-03-31,Unknown,0.0,0.0,0.0,0.0
8252,SGFRL,Suyog Gurbaxani Funicular Ropeways Limited,INE07GA01011,Unknown,Unknown,EQ,,Unknown,0.0,0.0,0.0,0.0
2223,SUYOG,Suyog Telematics Limited,INE442P01014,Unknown,Unknown,EQ,2024-08-20,Unknown,0.0,0.0,0.0,0.0
2224,SUZLON,Suzlon Energy Limited,INE040H01021,Unknown,Unknown,EQ,2005-10-19,Unknown,0.0,0.0,0.0,0.0
9057,SUZLON-RE,SUZLON ENERGY LTD.,INE040H20013,Unknown,Unknown,EQ,,Unknown,0.0,0.0,0.0,0.0
9581,SUZLONPP,SUZLON ENERGY LTD.,IN9040H01011,Unknown,Unknown,EQ,,Unknown,0.0,0.0,0.0,0.0
6497,SVAINDIA,SVA India Ltd,INE763K01014,Unknown,Unknown,EQ,,Unknown,0.0,0.0,0.0,0.0
4680,SVAMSOF,Svam Software Ltd,INE119B01018,Unknown,Unknown,EQ,,Unknown,0.0,0.0,0.0,0.0
3285,ZSVARAJT,Svaraj Trading & Agencies Ltd.,INE406N01014,Unknown,Unknown,EQ,,Unknown,0.0,0.0,0.0,0.0
7680,SNIM,Svarnim Trade Udyog Limited,INE730R01042,Unknown,Unknown,EQ,,Unknown,0.0,0.0,0.0,0.0
4776,SVCIND,SVC INDUSTRIES LIMITED,INE038B01010,Unknown,Unknown,EQ,,Unknown,0.0,0.0,0.0,0.0
4000,SVCRES,SVC Resources Limited,INE254H01044,Unknown,Unknown,EQ,,Unknown,0.0,0.0,0.0,0.0
4556,SVOGL,SVOGL Oil Gas and Energy Limited ,INE756B01017,Unknown,Unknown,EQ,,Unknown,0.0,0.0,0.0,0.0
2227,SVPGLOB,SVP GLOBAL TEXTILES LIMITED,INE308E01029,Unknown,Unknown,EQ,2021-07-14,Unknown,0.0,0.0,0.0,0.0
8343,SVS,SVS VENTURES LIMITED,INE0MID01012,Unknown,Unknown,EQ,,Unknown,0.0,0.0,0.0,0.0
3293,SW1,SW Investments Limited,INE948K01011,Unknown,Unknown,EQ,,Unknown,0.0,0.0,0.0,0.0
3534,SWADEIN,Swadeshi Industries Leasing Co. Ltd,INE716M01034,Unknown,Unknown,EQ,,Unknown,0.0,0.0,0.0,0.0
3312,SWADPOL,Swadeshi Polytex Ltd.,INE243N01029,Unknown,Unknown,EQ,,Unknown,0.0,0.0,0.0,0.0
5390,SWADHATURE,Swadha Nature Limited,INE0P4R01017,Unknown,Unknown,EQ,,Unknown,0.0,0.0,0.0,0.0
7561,SWAGTAM,Swagtam Trading & Services Limited,INE150R01019,Unknown,Unknown,EQ,,Unknown,0.0,0.0,0.0,0.0
4407,SWAIVAN,Swaika Vanaspati Products Limited,INE677F01016,Unknown,Unknown,EQ,,Unknown,0.0,0.0,0.0,0.0
2228,SWANCORP,SWAN CORP LIMITED,INE665A01038,Unknown,Unknown,EQ,2012-05-29,Unknown,0.0,0.0,0.0,0.0
2229,SWANDEF,Swan Defence and Heavy Industries Limited,INE542F01020,Unknown,Unknown,BE,2025-01-20,Unknown,0.0,0.0,0.0,0.0
2231,SWARAJENG,Swaraj Engines Limited,INE277A01016,Unknown,Unknown,EQ,1995-12-06,Unknown,0.0,0.0,0.0,0.0
2230,SWARAJ,Swaraj Suiting Limited,INE0GMR01016,Unknown,Unknown,BE,2026-08-13,Unknown,0.0,0.0,0.0,0.0
5378,SWRNASE,Swarna Securities Ltd.,INE595G01018,Unknown,Unknown,EQ,,Unknown,0.0,0.0,0.0,0.0
8875,SWAGRO,Swarnajyothi Agrotech & Power Limited,INE846A01026,Unknown,Unknown,EQ,,Unknown,0.0,0.0,0.0,0.0
2232,SWARNSAR,Swarnsarita Jewels India Limited,INE967A01012,Unknown,Unknown,EQ,2026-08-17,Unknown,0.0,0.0,0.0,0.0
8417,SPL,Swashthik Plascon Limited,INE0RDR01012,Unknown,Unknown,EQ,,Unknown,0.0,0.0,0.0,0.0
8544,SWASTH,Swasth Foodtech India Limited,INE0TIR01017,Unknown,Unknown,EQ,,Unknown,0.0,0.0,0.0,0.0
3950,SVARTCORP,Swasti Vinayaka Art And Heritage Corporation Ltd,INE895A01023,Unknown,Unknown,EQ,,Unknown,0.0,0.0,0.0,0.0
3737,SWASTIVI,Swasti Vinayaka Synthetics Ltd.,INE804A01025,Unknown,Unknown,EQ,,Unknown,0.0,0.0,0.0,0.0
8590,SWASTIKAAL,Swastika Castal Limited,INE0PTF01017,Unknown,Unknown,EQ,,Unknown,0.0,0.0,0.0,0.0
5250,SWASTIKA,SWASTIKA INVESTMART LIMITED,INE691C01022,Unknown,Unknown,EQ,,Unknown,0.0,0.0,0.0,0.0
8374,SWATIPRO,Swati Projects Limited,INE210F01016,Unknown,Unknown,EQ,,Unknown,0.0,0.0,0.0,0.0
2233,SWELECTES,Swelect Energy Systems Limited,INE409B01013,Unknown,Unknown,EQ,2006-05-09,Unknown,0.0,0.0,0.0,0.0
2234,SWIGGY,Swiggy Limited,INE00H001014,Unknown,Unknown,EQ,2024-11-13,Unknown,0.0,0.0,0.0,0.0
2235,SWISSMLTRY,Swiss Military Consumer Goods Limited,INE010C01025,Unknown,Unknown,BE,2026-08-17,Unknown,0.0,0.0,0.0,0.0
9005,SWISSMIL-RE,SWISS MILITARY CONSUMER GOODS LIMITED,INE010C20017,Unknown,Unknown,EQ,,Unknown,0.0,0.0,0.0,0.0
9211,SWISSM-RE1,SWISS MILITARY CONSUMER GOODS LIMITED,INE010C20033,Unknown,Unknown,EQ,,Unknown,0.0,0.0,0.0,0.0
9047,SWISSM-RE,SWISS MILITARY CONSUMER GOODS LIMITED,INE010C20025,Unknown,Unknown,EQ,,Unknown,0.0,0.0,0.0,0.0
4280,SWITCHTE,Switching Technologies Gunther Ltd.,INE311D01017,Unknown,Unknown,EQ,,Unknown,0.0,0.0,0.0,0.0
5144,SWOJAS,SWOJAS FOODS LIMITED,INE295B01016,Unknown,Unknown,EQ,,Unknown,0.0,0.0,0.0,0.0
3975,SWORDEDGE,Sword-Edge Commercials Limited,INE093G01022,Unknown,Unknown,EQ,,Unknown,0.0,0.0,0.0,0.0
6266,SYBLY,Sybly Industries Ltd.,INE080D01042,Unknown,Unknown,EQ,,Unknown,0.0,0.0,0.0,0.0
9322,SYLPH-RE,Sylph Industries Limited,INE706F20013,Unknown,Unknown,EQ,,Unknown,0.0,0.0,0.0,0.0
3812,SYLPH,Sylph Industries Limited,INE706F01021,Unknown,Unknown,EQ,,Unknown,0.0,0.0,0.0,0.0
2237,SYMBIOTEC,Symbiotec Pharmalab Limited,INE899I01028,Unknown,Unknown,EQ,2026-09-01,Unknown,0.0,0.0,0.0,0.0
7522,SYMBIOX,Symbiox Investment & Trading Co. Ltd.,INE653R01012,Unknown,Unknown,EQ,,Unknown,0.0,0.0,0.0,0.0
2238,SYMPHONY,Symphony Limited,INE225D01027,Unknown,Unknown,EQ,2011-06-15,Unknown,0.0,0.0,0.0,0.0
2239,SYNCOMF,Syncom Formulations (India) Limited,INE312C01025,Unknown,Unknown,EQ,2022-11-18,Unknown,0.0,0.0,0.0,0.0
6990,SYNCOM,Syncom Healthcare Limited,INE602K01014,Unknown,Unknown,EQ,,Unknown,0.0,0.0,0.0,0.0
6683,SYNDIBANK,Syndicate Bank,INE667A01018,Unknown,Unknown,EQ,,Unknown,0.0,0.0,0.0,0.0
9479,SYNPP,Syndicate Bank,IN9667A01024,Unknown,Unknown,EQ,,Unknown,0.0,0.0,0.0,0.0
5415,SYNERGY,Synergy Cosmetics (Exim) Ltd.,INE198D01018,Unknown,Unknown,EQ,,Unknown,0.0,0.0,0.0,0.0
2014,SGIL,Synergy Green Industries Limited,INE00QT01015,Unknown,Unknown,EQ,2021-07-28,Unknown,0.0,0.0,0.0,0.0
9228,SGIL-RE,Synergy Green Industries Limited,INE00QT20015,Unknown,Unknown,EQ,,Unknown,0.0,0.0,0.0,0.0
2240,SYNGENE,Syngene International Limited,INE398R01022,Unknown,Unknown,EQ,2015-08-11,Unknown,0.0,0.0,0.0,0.0
6755,SYGENTA,Syngenta India Ltd.,INE402C01016,Unknown,Unknown,EQ,,Unknown,0.0,0.0,0.0,0.0
3523,SYNTHCHEM,Synthetics & Chemicals Ltd.,INE024A01012,Unknown,Unknown,EQ,,Unknown,0.0,0.0,0.0,0.0
2241,SYRMA,Syrma SGS Technology Limited,INE0DYJ01015,Unknown,Unknown,EQ,2022-08-26,Unknown,0.0,0.0,0.0,0.0
5446,SYSCHEM,Syschem (India) Ltd.,INE121D01036,Unknown,Unknown,EQ,,Unknown,0.0,0.0,0.0,0.0
9133,SYSCHEM-RE,Syschem (India) Ltd.,INE121D20010,Unknown,Unknown,EQ,,Unknown,0.0,0.0,0.0,0.0
7664,SYSCO,Sysco Industries Limited,INE410U01011,Unknown,Unknown,EQ,,Unknown,0.0,0.0,0.0,0.0
6228,SYSTELIN,Systel Infotech Ltd.,INE919E01023,Unknown,Unknown,EQ,,Unknown,0.0,0.0,0.0,0.0
8631,SYSTEMATIC,SYSTEMATIC INDUSTRIES LIMITED,INE1KLZ01011,Unknown,Unknown,EQ,,Unknown,0.0,0.0,0.0,0.0
2242,SYSTMTXC,Systematix Corporate Services Limited,INE356B01024,Unknown,Unknown,BE,2025-10-06,Unknown,0.0,0.0,0.0,0.0
6233,SYTIXSE,Systematix Securities Ltd.,INE07P301011,Unknown,Unknown,EQ,,Unknown,0.0,0.0,0.0,0.0
4577,TIGLOB,T & I Global Ltd.,INE811B01010,Unknown,Unknown,EQ,,Unknown,0.0,0.0,0.0,0.0
2361,TTL,T T Limited,INE592B01024,Unknown,Unknown,EQ,2007-02-22,Unknown,0.0,0.0,0.0,0.0
9335,TTL-RE,T T Ltd,INE592B20016,Unknown,Unknown,EQ,,Unknown,0.0,0.0,0.0,0.0
6766,TSPIRITUAL,T. Spiritual World Ltd.,INE541C01037,Unknown,Unknown,EQ,,Unknown,0.0,0.0,0.0,0.0
2243,TAALTECH,Taal Tech Limited,INE524T01011,Unknown,Unknown,EQ,2026-04-20,Unknown,0.0,0.0,0.0,0.0
6499,TACENT,Tacent Projects Limited,INE149D01011,Unknown,Unknown,EQ,,Unknown,0.0,0.0,0.0,0.0
4251,TAHMARENT,TAHMAR ENTERPRISES LIMITED,INE385D01029,Unknown,Unknown,EQ,,Unknown,0.0,0.0,0.0,0.0
4219,TAICHONG,Tai Chonbang Textile Industries Ltd,INE913B01014,Unknown,Unknown,EQ,,Unknown,0.0,0.0,0.0,0.0
4432,TAIIND,Tai Industries Ltd.,INE358D01018,Unknown,Unknown,EQ,,Unknown,0.0,0.0,0.0,0.0
2244,TAINWALCHM,Tainwala Chemical and Plastic (I) Limited,INE123C01018,Unknown,Unknown,EQ,1995-07-27,Unknown,0.0,0.0,0.0,0.0
2245,TAJGVK,Taj GVK Hotels & Resorts Limited,INE586B01026,Unknown,Unknown,EQ,2000-12-20,Unknown,0.0,0.0,0.0,0.0
2246,TAKE,TAKE Limited,INE142I01023,Unknown,Unknown,EQ,2007-08-27,Unknown,0.0,0.0,0.0,0.0
7054,TAKSHEEL,Taksheel Solutions Ltd,INE889I01011,Unknown,Unknown,EQ,,Unknown,0.0,0.0,0.0,0.0
8598,TAKYON,TAKYON NETWORKS LIMITED,INE14OX01013,Unknown,Unknown,EQ,,Unknown,0.0,0.0,0.0,0.0
2247,TALBROAUTO,Talbros Automotive Components Limited,INE187D01029,Unknown,Unknown,EQ,2006-09-29,Unknown,0.0,0.0,0.0,0.0
7409,TALBROSENG,TALBROS ENGINEERING LIMITED,INE717E01013,Unknown,Unknown,EQ,,Unknown,0.0,0.0,0.0,0.0
6999,TALWALKARS,TALWALKARS BETTER VALUE FITNESS LIMITED,INE502K01016,Unknown,Unknown,EQ,,Unknown,0.0,0.0,0.0,0.0
8005,TALWGYM,TALWALKARS HEALTHCLUBS LIMITED,INE627Z01019,Unknown,Unknown,EQ,,Unknown,0.0,0.0,0.0,0.0
2248,TAMBOLIIN,Tamboli Industries Limited,INE864J01012,Unknown,Unknown,BE,2026-04-20,Unknown,0.0,0.0,0.0,0.0
2329,TNPL,Tamil Nadu Newsprint & Papers Limited,INE107A01015,Unknown,Unknown,EQ,1996-02-14,Unknown,0.0,0.0,0.0,0.0
2325,TMB,Tamilnad Mercantile Bank Limited,INE668A01016,Unknown,Unknown,EQ,2022-09-15,Unknown,0.0,0.0,0.0,0.0
4483,TAMJAIM,Tamilnadu Jaibharat Mills Ltd,INE868H01017,Unknown,Unknown,EQ,,Unknown,0.0,0.0,0.0,0.0
2328,TNPETRO,Tamilnadu PetroProducts Limited,INE148A01019,Unknown,Unknown,EQ,1999-10-27,Unknown,0.0,0.0,0.0,0.0
4108,TNSTLTU,Tamilnadu Steel Tubes Ltd.,INE176E01012,Unknown,Unknown,EQ,,Unknown,0.0,0.0,0.0,0.0
2330,TNTELE,Tamilnadu Telecommunication Limited,INE141D01018,Unknown,Unknown,EQ,2003-02-04,Unknown,0.0,0.0,0.0,0.0
3901,TANDHANIN,TANDHAN INDUSTRIES LIMITED,INE896J01014,Unknown,Unknown,EQ,,Unknown,0.0,0.0,0.0,0.0
2249,TANAA,Taneja Aerospace & Aviation Limited,INE692C01020,Unknown,Unknown,EQ,2026-08-17,Unknown,0.0,0.0,0.0,0.0
3532,TANFACIND,TANFAC Industries Ltd.,INE639B01023,Unknown,Unknown,EQ,,Unknown,0.0,0.0,0.0,0.0
2250,TANLA,Tanla Platforms Limited,INE483C01032,Unknown,Unknown,EQ,2007-01-05,Unknown,0.0,0.0,0.0,0.0
7779,TANVI,Tanvi Foods (India) Limited,INE978V01015,Unknown,Unknown,EQ,,Unknown,0.0,0.0,0.0,0.0
3446,TAPARIA,Taparia Tools Ltd.,INE614R01014,Unknown,Unknown,EQ,,Unknown,0.0,0.0,0.0,0.0
2251,TARACHAND,Tara Chand InfraLogistic Solutions Limited,INE555Z01020,Unknown,Unknown,EQ,2024-04-16,Unknown,0.0,0.0,0.0,0.0
7086,TARAJEWELS,Tara Jewels Limited,INE799L01016,Unknown,Unknown,EQ,,Unknown,0.0,0.0,0.0,0.0
4397,TARAI,Tarai Foods Ltd.,INE906C01016,Unknown,Unknown,EQ,,Unknown,0.0,0.0,0.0,0.0
7215,TARANG,Tarang Projects and Consultant Limited.,INE538P01019,Unknown,Unknown,EQ,,Unknown,0.0,0.0,0.0,0.0
2252,TARAPUR,Tarapur Transformers Limited,INE747K01017,Unknown,Unknown,EQ,2010-05-18,Unknown,0.0,0.0,0.0,0.0
2253,TARC,TARC Limited,INE0EK901012,Unknown,Unknown,EQ,2020-12-18,Unknown,0.0,0.0,0.0,0.0
7243,TARINI,Tarini International Limited,INE849M01017,Unknown,Unknown,EQ,,Unknown,0.0,0.0,0.0,0.0
2255,TARMAT,Tarmat Limited,INE924H01018,Unknown,Unknown,EQ,2007-07-09,Unknown,0.0,0.0,0.0,0.0
2256,TARSONS,Tarsons Products Limited,INE144Z01023,Unknown,Unknown,EQ,2021-11-26,Unknown,0.0,0.0,0.0,0.0
3953,TASHIND,Tashi India Ltd.,INE552H01017,Unknown,Unknown,EQ,,Unknown,0.0,0.0,0.0,0.0
2257,TASTYBITE,Tasty Bite Eatables Limited,INE488B01017,Unknown,Unknown,EQ,2017-03-23,Unknown,0.0,0.0,0.0,0.0
7952,TDSL,Tasty Dairy Specialities Limited,INE773Y01014,Unknown,Unknown,EQ,,Unknown,0.0,0.0,0.0,0.0
4992,TATAV,Tata Advanced Materials Ltd.,INE097C01014,Unknown,Unknown,EQ,,Unknown,0.0,0.0,0.0,0.0
2258,TATACAP,Tata Capital Limited,INE976I01016,Unknown,Unknown,EQ,2025-10-13,Unknown,0.0,0.0,0.0,0.0
2259,TATACHEM,Tata Chemicals Limited,INE092A01019,Unknown,Unknown,EQ,1999-04-01,Unknown,0.0,0.0,0.0,0.0
6693,TATACOFFEE,Tata Coffee Ltd,INE493A01027,Unknown,Unknown,EQ,,Unknown,0.0,0.0,0.0,0.0
2260,TATACOMM,Tata Communications Limited,INE151A01013,Unknown,Unknown,EQ,1995-04-12,Unknown,0.0,0.0,0.0,0.0
3412,TATCP,Tata Construction & Projects ltd.,INE312D01015,Unknown,Unknown,EQ,,Unknown,0.0,0.0,0.0,0.0
2,TCS,Tata Consultancy Services Limited,INE467B01029,Unknown,Unknown,EQ,2004-08-25,Unknown,0.0,0.0,0.0,0.0
2261,TATACONSUM,TATA CONSUMER PRODUCTS LIMITED,INE192A01025,Unknown,Unknown,EQ,1998-11-18,Unknown,0.0,0.0,0.0,0.0
9208,TATACON-RE,TATA CONSUMER PRODUCTS LIMITED,INE192A20017,Unknown,Unknown,EQ,,Unknown,0.0,0.0,0.0,0.0
2262,TATAELXSI,Tata Elxsi Limited,INE670A01012,Unknown,Unknown,EQ,2003-09-17,Unknown,0.0,0.0,0.0,0.0
8950,TATFINCDM,Tata Finance Ltd,INE265A04015,Unknown,Unknown,EQ,,Unknown,0.0,0.0,0.0,0.0
6773,TAFNCCPEQ,Tata Finance Ltd,IN9265A01035,Unknown,Unknown,EQ,,Unknown,0.0,0.0,0.0,0.0
3775,TATAFIN,Tata Finance Ltd,INE265A01011,Unknown,Unknown,EQ,,Unknown,0.0,0.0,0.0,0.0
3156,TAHYDDM,Tata Hydro Electric Power Supply Co,INE246A01011,Unknown,Unknown,EQ,,Unknown,0.0,0.0,0.0,0.0
3345,TATAINFOTE,Tata Infotech Limited.,INE194A01013,Unknown,Unknown,EQ,,Unknown,0.0,0.0,0.0,0.0
2263,TATAINVEST,Tata Investment Corporation Limited,INE672A01026,Unknown,Unknown,EQ,1998-06-24,Unknown,0.0,0.0,0.0,0.0
4091,TATAMETALI,Tata Metaliks Ltd,INE056C01010,Unknown,Unknown,EQ,,Unknown,0.0,0.0,0.0,0.0
2326,TMCV,Tata Motors Limited,INE1TAE01010,Unknown,Unknown,EQ,2025-11-12,Unknown,0.0,0.0,0.0,0.0
2327,TMPV,Tata Motors Passenger Vehicles Limited,INE155A01022,Unknown,Unknown,EQ,1998-07-22,Unknown,0.0,0.0,0.0,0.0
8845,TATAMTRDVR,TATA MOTORS PASSENGER VEHICLES LIMITED,IN9155A01020,Unknown,Unknown,EQ,,Unknown,0.0,0.0,0.0,0.0
8015,TVF1DZ,Tata Mutual Fund,INF277K012H3,Unknown,Unknown,EQ,,Unknown,0.0,0.0,0.0,0.0
8695,TSIFRIR,Tata Mutual Fund,INF277K30021,Unknown,Unknown,EQ,,Unknown,0.0,0.0,0.0,0.0
8694,TSIFRIP,Tata Mutual Fund,INF277K30039,Unknown,Unknown,EQ,,Unknown,0.0,0.0,0.0,0.0
8693,TSIFRG,Tata Mutual Fund,INF277K30013,Unknown,Unknown,EQ,,Unknown,0.0,0.0,0.0,0.0
6976,SM1AD,Tata Mutual Fund,INF277K01022,Unknown,Unknown,EQ,,Unknown,0.0,0.0,0.0,0.0
6977,SM1AG,Tata Mutual Fund,INF277K01014,Unknown,Unknown,EQ,,Unknown,0.0,0.0,0.0,0.0
8692,TSIFDIR,Tata Mutual Fund,INF277K30054,Unknown,Unknown,EQ,,Unknown,0.0,0.0,0.0,0.0
6978,SM1BD,Tata Mutual Fund,INF277K01048,Unknown,Unknown,EQ,,Unknown,0.0,0.0,0.0,0.0
8691,TSIFDG,Tata Mutual Fund,INF277K30047,Unknown,Unknown,EQ,,Unknown,0.0,0.0,0.0,0.0
8014,TVF1D,Tata Mutual Fund,INF277K010H7,Unknown,Unknown,EQ,,Unknown,0.0,0.0,0.0,0.0
8016,TVF1G,Tata Mutual Fund,INF277K019G0,Unknown,Unknown,EQ,,Unknown,0.0,0.0,0.0,0.0
8017,TVF1GZ,Tata Mutual Fund,INF277K011H5,Unknown,Unknown,EQ,,Unknown,0.0,0.0,0.0,0.0
6979,SM1BG,Tata Mutual Fund,INF277K01030,Unknown,Unknown,EQ,,Unknown,0.0,0.0,0.0,0.0
8028,TVF2D,Tata Mutual Fund,INF277K014J5,Unknown,Unknown,EQ,,Unknown,0.0,0.0,0.0,0.0
8029,TVF2DZ,Tata Mutual Fund,INF277K016J0,Unknown,Unknown,EQ,,Unknown,0.0,0.0,0.0,0.0
8030,TVF2G,Tata Mutual Fund,INF277K013J7,Unknown,Unknown,EQ,,Unknown,0.0,0.0,0.0,0.0
8031,TVF2GZ,Tata Mutual Fund,INF277K015J2,Unknown,Unknown,EQ,,Unknown,0.0,0.0,0.0,0.0
8913,NETF,Tata Mutual Fund - Permitted,INF277K015R5,Unknown,Unknown,EQ,,Unknown,0.0,0.0,0.0,0.0
2264,TATAPOWER,Tata Power Company Limited,INE245A01021,Unknown,Unknown,EQ,1996-04-03,Unknown,0.0,0.0,0.0,0.0
3151,TASSLDM,Tata SSL Ltd,INE675A01011,Unknown,Unknown,EQ,,Unknown,0.0,0.0,0.0,0.0
9546,BHUSHANSTPP,TATA STEEL BSL LIMITED,IN9824B01011,Unknown,Unknown,EQ,,Unknown,0.0,0.0,0.0,0.0
3007,TATASTLBSL,TATA STEEL BSL LIMITED,INE824B01021,Unknown,Unknown,EQ,,Unknown,0.0,0.0,0.0,0.0
2265,TATASTEEL,Tata Steel Limited,INE081A01020,Unknown,Unknown,EQ,1998-11-18,Unknown,0.0,0.0,0.0,0.0
9549,TATASTEELPP,TATA STEEL LIMITED,IN9081A01010,Unknown,Unknown,EQ,,Unknown,0.0,0.0,0.0,0.0
4039,TATASTLLP,TATA STEEL LONG PRODUCTS LIMITED,INE674A01014,Unknown,Unknown,EQ,,Unknown,0.0,0.0,0.0,0.0
2266,TATATECH,Tata Technologies Limited,INE142M01025,Unknown,Unknown,EQ,2023-11-30,Unknown,0.0,0.0,0.0,0.0
2362,TTML,Tata Teleservices (Maharashtra) Limited,INE517B01013,Unknown,Unknown,EQ,2000-10-20,Unknown,0.0,0.0,0.0,0.0
4522,TATIAGLOB,Tatia Global Vennture Limited,INE083G01031,Unknown,Unknown,EQ,,Unknown,0.0,0.0,0.0,0.0
2267,TATVA,Tatva Chintan Pharma Chem Limited,INE0GK401011,Unknown,Unknown,EQ,2021-07-29,Unknown,0.0,0.0,0.0,0.0
9310,TAVEXIA-RE,TAVEXIA LIFECARE LIMITED,INE280E20012,Unknown,Unknown,EQ,,Unknown,0.0,0.0,0.0,0.0
7595,TAVEXIA,TAVEXIA LIFECARE LIMITED,INE280E01038,Unknown,Unknown,EQ,,Unknown,0.0,0.0,0.0,0.0
7981,TRL,Taylormade Renewables Limited,INE459Z01017,Unknown,Unknown,EQ,,Unknown,0.0,0.0,0.0,0.0
3396,TATAYODOGA,Tayo Rolls Ltd.,INE895C01011,Unknown,Unknown,EQ,,Unknown,0.0,0.0,0.0,0.0
2268,TBOTEK,TBO Tek Limited,INE673O01025,Unknown,Unknown,EQ,2024-05-15,Unknown,0.0,0.0,0.0,0.0
2270,TCC,TCC Concept Limited,INE887D01024,Unknown,Unknown,EQ,2026-02-25,Unknown,0.0,0.0,0.0,0.0
6687,TCFCFINQ,TCFC Finance Ltd,INE389D01013,Unknown,Unknown,EQ,,Unknown,0.0,0.0,0.0,0.0
7036,TCIDEVELOP,TCI Developers Limited,INE662L01016,Unknown,Unknown,EQ,,Unknown,0.0,0.0,0.0,0.0
2272,TCIEXP,TCI Express Limited,INE586V01016,Unknown,Unknown,EQ,2016-12-15,Unknown,0.0,0.0,0.0,0.0
2273,TCIFINANCE,TCI Finance Limited,INE911B01018,Unknown,Unknown,BE,1997-05-21,Unknown,0.0,0.0,0.0,0.0
6677,TCIIND,TCI Industries Ltd.,INE920B01019,Unknown,Unknown,EQ,,Unknown,0.0,0.0,0.0,0.0
9034,TCM-RE,TCM Ltd.,INE034F20010,Unknown,Unknown,EQ,,Unknown,0.0,0.0,0.0,0.0
4732,TCMLMTD,TCM Ltd.,INE034F01010,Unknown,Unknown,EQ,,Unknown,0.0,0.0,0.0,0.0
8018,TCNSBRANDS,TCNS Clothing Co. Limited,INE778U01029,Unknown,Unknown,EQ,,Unknown,0.0,0.0,0.0,0.0
2274,TCPLPACK,TCPL Packaging Limited,INE822C01015,Unknown,Unknown,EQ,2017-10-17,Unknown,0.0,0.0,0.0,0.0
2275,TDPOWERSYS,TD Power Systems Limited,INE419M01035,Unknown,Unknown,EQ,2011-09-08,Unknown,0.0,0.0,0.0,0.0
3888,TEATIME,Tea Time Ltd.,INE237U01018,Unknown,Unknown,EQ,,Unknown,0.0,0.0,0.0,0.0
2276,TEAMGTY,Team India Guaranty Limited,INE289C01025,Unknown,Unknown,EQ,2002-06-11,Unknown,0.0,0.0,0.0,0.0
3179,TEAM24,TEAM24 CONSUMER PRODUCTS LIMITED,INE601A01017,Unknown,Unknown,EQ,,Unknown,0.0,0.0,0.0,0.0
2277,TEAMLEASE,Teamlease Services Limited,INE985S01024,Unknown,Unknown,EQ,2016-02-12,Unknown,0.0,0.0,0.0,0.0
2338,TPHQ,Teamo Productions HQ Limited,INE065J01024,Unknown,Unknown,BE,2009-01-30,Unknown,0.0,0.0,0.0,0.0
9103,TPHQ-RE,Teamo Productions HQ Limited,INE065J20016,Unknown,Unknown,EQ,,Unknown,0.0,0.0,0.0,0.0
2278,TECHM,Tech Mahindra Limited,INE669C01036,Unknown,Unknown,EQ,2006-08-28,Unknown,0.0,0.0,0.0,0.0
4975,TECHIN,TECHINDIA NIRMAN LIMITED,INE778A01021,Unknown,Unknown,EQ,,Unknown,0.0,0.0,0.0,0.0
8405,TECHKGREEN,TECHKNOWGREEN SOLUTIONS LIMITED,INE0P4P01011,Unknown,Unknown,EQ,,Unknown,0.0,0.0,0.0,0.0
8523,TECHNICHEM,TECHNICHEM ORGANICS LIMITED,INE0ZHT01012,Unknown,Unknown,EQ,,Unknown,0.0,0.0,0.0,0.0
3421,TECHELE,Techno Electric & Engg. Co. Ltd.,INE470B01023,Unknown,Unknown,EQ,,Unknown,0.0,0.0,0.0,0.0
2280,TECHNOE,Techno Electric & Engineering Company Limited,INE285K01026,Unknown,Unknown,EQ,2018-12-04,Unknown,0.0,0.0,0.0,0.0
7018,TECHNO,Techno Electric And Engineering Co Ltd,INE286K01024,Unknown,Unknown,EQ,,Unknown,0.0,0.0,0.0,0.0
4548,TECHFOR,Techno Forge Limited,INE305I01018,Unknown,Unknown,EQ,,Unknown,0.0,0.0,0.0,0.0
2311,TIIL,Technocraft Industries (India) Limited,INE545H01011,Unknown,Unknown,EQ,2007-02-12,Unknown,0.0,0.0,0.0,0.0
2279,TECHNOCRAF,Technocraft Ventures Limited,INE1D0W01018,Unknown,Unknown,EQ,2026-08-14,Unknown,0.0,0.0,0.0,0.0
8833,TECHNOCRAT,Technocrats Plasma Systems Limited,INE19QK01022,Unknown,Unknown,EQ,,Unknown,0.0,0.0,0.0,0.0
7006,TECHNOFAB,TECHNOFAB ENGINEERING LIMITED,INE509K01011,Unknown,Unknown,EQ,,Unknown,0.0,0.0,0.0,0.0
3734,TECHCON,Technojet Consultants Ltd.,INE881P01013,Unknown,Unknown,EQ,,Unknown,0.0,0.0,0.0,0.0
8331,TECHNOPACK,Technopack Polymers Limited,INE0MXP01015,Unknown,Unknown,EQ,,Unknown,0.0,0.0,0.0,0.0
2281,TECHNVISN,TechNVision Ventures Limited,INE314H01012,Unknown,Unknown,EQ,2026-04-20,Unknown,0.0,0.0,0.0,0.0
4644,TECPO,Techtran Polylenses Ltd.,INE020C01016,Unknown,Unknown,EQ,,Unknown,0.0,0.0,0.0,0.0
4051,TECHTREK,TechTrek India Limited,INE892N01015,Unknown,Unknown,EQ,,Unknown,0.0,0.0,0.0,0.0
2282,TECILCHEM,TECIL Chemicals and Hydro Power Limited,INE014B01011,Unknown,Unknown,EQ,1995-12-06,Unknown,0.0,0.0,0.0,0.0
7015,TECPRO,Tecpro Systems Ltd,INE904H01010,Unknown,Unknown,EQ,,Unknown,0.0,0.0,0.0,0.0
3605,TEEM,Teem Laboratories Ltd.,INE202D01018,Unknown,Unknown,EQ,,Unknown,0.0,0.0,0.0,0.0
4738,TEEAI,Teesta Agro Industries Ltd,INE757D01011,Unknown,Unknown,EQ,,Unknown,0.0,0.0,0.0,0.0
2283,TEGA,Tega Industries Limited,INE011K01018,Unknown,Unknown,EQ,2021-12-13,Unknown,0.0,0.0,0.0,0.0
7338,TEJINFOWAY,TEJ INFOWAYS LIMITED,INE530C01014,Unknown,Unknown,EQ,,Unknown,0.0,0.0,0.0,0.0
2284,TEJASNET,Tejas Networks Limited,INE010J01012,Unknown,Unknown,EQ,2017-06-27,Unknown,0.0,0.0,0.0,0.0
6347,TEJASSVI,TEJASSVI AAHARAM LIMITED,INE173E01019,Unknown,Unknown,EQ,,Unknown,0.0,0.0,0.0,0.0
7569,TEJNAKSH,Tejnaksh Healthcare Limited,INE030T01027,Unknown,Unknown,EQ,,Unknown,0.0,0.0,0.0,0.0
6728,TELEDATAGL,Tele Data Informatics Ltd.,INE480B01022,Unknown,Unknown,EQ,,Unknown,0.0,0.0,0.0,0.0
5252,TELECANOR,TeleCanor Global Limited,INE381G01013,Unknown,Unknown,EQ,,Unknown,0.0,0.0,0.0,0.0
7046,TELEMARINE,Teledata Marine Solutions Ltd.,INE473I01014,Unknown,Unknown,EQ,,Unknown,0.0,0.0,0.0,0.0
6980,TELEDATAIT,Teledata Technology Solutions Limited,INE391I01018,Unknown,Unknown,EQ,,Unknown,0.0,0.0,0.0,0.0
4275,TELECABL,Telephone Cables Ltd,INE745C01018,Unknown,Unknown,EQ,,Unknown,0.0,0.0,0.0,0.0
9539,TELE18EQPP,Television Eighteen India Ltd.,IN9889A01073,Unknown,Unknown,EQ,,Unknown,0.0,0.0,0.0,0.0
9536,TV18EQPP,Television Eighteen India Ltd.,IN9889A01065,Unknown,Unknown,EQ,,Unknown,0.0,0.0,0.0,0.0
6692,TV18,Television Eighteen India Ltd.,INE889A01026,Unknown,Unknown,EQ,,Unknown,0.0,0.0,0.0,0.0
8633,TELGE,TELGE PROJECTS LIMITED,INE0SRP01014,Unknown,Unknown,EQ,,Unknown,0.0,0.0,0.0,0.0
6942,TELOGICA,TELOGICA LIMITED,INE778I01024,Unknown,Unknown,EQ,,Unknown,0.0,0.0,0.0,0.0
2285,TEMBO,Tembo Global Industries Limited,INE869Y01028,Unknown,Unknown,EQ,2021-04-23,Unknown,0.0,0.0,0.0,0.0
2286,TEMPSENS,Tempsens Instruments (India) Limited,INE1KZI01025,Unknown,Unknown,EQ,2026-08-28,Unknown,0.0,0.0,0.0,0.0
4387,TEMPTFD,Temptation Foods Limited,INE244I01019,Unknown,Unknown,EQ,,Unknown,0.0,0.0,0.0,0.0
2287,TENNIND,Tenneco Clean Air India Limited,INE19RI01016,Unknown,Unknown,EQ,2025-11-19,Unknown,0.0,0.0,0.0,0.0
7155,TENTIMETAL,Tentiwala Metal Products Limited,INE486P01011,Unknown,Unknown,EQ,,Unknown,0.0,0.0,0.0,0.0
2289,TERASOFT,Tera Software Limited,INE482B01010,Unknown,Unknown,EQ,2016-12-29,Unknown,0.0,0.0,0.0,0.0
2288,TERAI,Terai Tea Company Limited,INE390D01011,Unknown,Unknown,EQ,2026-08-17,Unknown,0.0,0.0,0.0,0.0
3490,TERRAFORM,Terraform Magnum Limited,INE122V01010,Unknown,Unknown,EQ,,Unknown,0.0,0.0,0.0,0.0
3925,TERRAREAL,Terraform Realstate Limited,INE123V01018,Unknown,Unknown,EQ,,Unknown,0.0,0.0,0.0,0.0
4066,TERRASCOPE,TERRASCOPE VENTURES LIMITED,INE346M01022,Unknown,Unknown,EQ,,Unknown,0.0,0.0,0.0,0.0
4539,TERRUZZI,Terruzzi Fercalx India Limited,INE699C01017,Unknown,Unknown,EQ,,Unknown,0.0,0.0,0.0,0.0
4223,TERRYGOL,Terrygold (India) Ltd.,INE995B01011,Unknown,Unknown,EQ,,Unknown,0.0,0.0,0.0,0.0
9560,TEXELINPP,Texel Industries Ltd.,IN9594V01018,Unknown,Unknown,EQ,,Unknown,0.0,0.0,0.0,0.0
4990,TEXELIN,Texel Industries Ltd.,INE594V01028,Unknown,Unknown,EQ,,Unknown,0.0,0.0,0.0,0.0
8989,TEXELIN-RE,Texel Industries Ltd.,INE594V20010,Unknown,Unknown,EQ,,Unknown,0.0,0.0,0.0,0.0
2290,TEXINFRA,Texmaco Infrastructure & Holdings Limited,INE435C01024,Unknown,Unknown,EQ,2004-09-09,Unknown,0.0,0.0,0.0,0.0
2292,TEXRAIL,Texmaco Rail & Engineering Limited,INE621L01012,Unknown,Unknown,EQ,2011-03-03,Unknown,0.0,0.0,0.0,0.0
8997,TRAIL-RE,Texmaco Rail & Engineering Limited,INE621L20012,Unknown,Unknown,EQ,,Unknown,0.0,0.0,0.0,0.0
2291,TEXMOPIPES,Texmo Pipes and Products Limited,INE141K01013,Unknown,Unknown,EQ,2010-03-10,Unknown,0.0,0.0,0.0,0.0
5265,TEXPI,Texplast Industries Ltd.,INE544D01013,Unknown,Unknown,EQ,,Unknown,0.0,0.0,0.0,0.0
4544,TEXTOOL,Textool Company Ltd,INE677A01017,Unknown,Unknown,EQ,,Unknown,0.0,0.0,0.0,0.0
8860,TEZPORE,Tezpore Tea Company Ltd,INE846B01016,Unknown,Unknown,EQ,,Unknown,0.0,0.0,0.0,0.0
2295,TGBHOTELS,TGB Banquets And Hotels Limited,INE797H01018,Unknown,Unknown,EQ,2007-05-17,Unknown,0.0,0.0,0.0,0.0
8463,TGIF,TGIF AGRIBUSINESS LIMITED,INE0SMU01015,Unknown,Unknown,EQ,,Unknown,0.0,0.0,0.0,0.0
2296,TGVSL,TGV Sraac Limited,INE284B01028,Unknown,Unknown,EQ,2026-08-17,Unknown,0.0,0.0,0.0,0.0
2297,THACKER,Thacker & Company Limited,INE077P01034,Unknown,Unknown,BE,2026-04-20,Unknown,0.0,0.0,0.0,0.0
2298,THAKDEV,Thakkers Developers Limited,INE403F01017,Unknown,Unknown,EQ,2026-04-20,Unknown,0.0,0.0,0.0,0.0
3591,THAKKERS,THAKKERS GROUP LIMITED,INE04VT01017,Unknown,Unknown,EQ,,Unknown,0.0,0.0,0.0,0.0
3677,THAKRAL,Thakral Services (India) Limited,INE190F01028,Unknown,Unknown,EQ,,Unknown,0.0,0.0,0.0,0.0
4226,THAMBBI,Thambbi Modern Spinning Mills Ltd.,INE830D01016,Unknown,Unknown,EQ,,Unknown,0.0,0.0,0.0,0.0
9070,THAMBBI-RE,Thambbi Modern Spinning Mills Ltd.,INE830D20016,Unknown,Unknown,EQ,,Unknown,0.0,0.0,0.0,0.0
3230,THAES,Thana Electric Supply Co. Ltd.,INE451E01019,Unknown,Unknown,EQ,,Unknown,0.0,0.0,0.0,0.0
9281,THANG-RE,Thangamayil Jewellery Limited,INE085J20014,Unknown,Unknown,EQ,,Unknown,0.0,0.0,0.0,0.0
2299,THANGAMAYL,Thangamayil Jewellery Limited,INE085J01014,Unknown,Unknown,EQ,2010-02-19,Unknown,0.0,0.0,0.0,0.0
156,ANDHRSUGAR,The Andhra Sugars Limited,INE715B01021,Unknown,Unknown,EQ,1995-11-01,Unknown,0.0,0.0,0.0,0.0
170,ANUP,The Anup Engineering Limited,INE294Z01018,Unknown,Unknown,EQ,2019-03-01,Unknown,0.0,0.0,0.0,0.0
322,BBTC,The Bombay Burmah Trading Corporation Limited,INE050A01025,Unknown,Unknown,EQ,1996-04-03,Unknown,0.0,0.0,0.0,0.0
421,BYKE,The Byke Hospitality Ltd,INE319B01014,Unknown,Unknown,BE,2015-04-15,Unknown,0.0,0.0,0.0,0.0
734,FEDERALBNK,The Federal Bank  Limited,INE171A01029,Unknown,Unknown,EQ,1995-02-08,Unknown,0.0,0.0,0.0,0.0
800,GESHIP,The Great Eastern Shipping Company Limited,INE017A01032,Unknown,Unknown,EQ,2006-11-27,Unknown,0.0,0.0,0.0,0.0
875,GROBTEA,The Grob Tea Company Limited,INE646C01018,Unknown,Unknown,EQ,2016-07-14,Unknown,0.0,0.0,0.0,0.0
967,HITECHGEAR,The Hi-Tech Gears Limited,INE127B01011,Unknown,Unknown,BE,2002-01-21,Unknown,0.0,0.0,0.0,0.0
1029,INDIACEM,The India Cements Limited,INE383A01012,Unknown,Unknown,EQ,2000-05-31,Unknown,0.0,0.0,0.0,0.0
1028,INDHOTEL,The Indian Hotels Company Limited,INE053A01029,Unknown,Unknown,EQ,1996-07-03,Unknown,0.0,0.0,0.0,0.0
9004,IHCL-RE,THE INDIAN HOTELS COMPANY LTD,INE053A20011,Unknown,Unknown,EQ,,Unknown,0.0,0.0,0.0,0.0
1102,IWP,The Indian Wood Products Company Limited,INE586E01020,Unknown,Unknown,EQ,2026-04-20,Unknown,0.0,0.0,0.0,0.0
2300,THEINVEST,The Investment Trust Of India Limited,INE924D01017,Unknown,Unknown,EQ,2017-08-02,Unknown,0.0,0.0,0.0,0.0
1105,J&KBANK,The Jammu & Kashmir Bank Limited,INE168A01041,Unknown,Unknown,EQ,1998-07-22,Unknown,0.0,0.0,0.0,0.0
8862,JEYPORE,THE JEYPORE SUGAR COMPANY LTD.,INE180E01014,Unknown,Unknown,EQ,,Unknown,0.0,0.0,0.0,0.0
1277,KTKBANK,The Karnataka Bank Limited,INE614B01018,Unknown,Unknown,EQ,2000-05-10,Unknown,0.0,0.0,0.0,0.0
1487,MOTOGENFIN,The Motor & General Finance Limited,INE861B01023,Unknown,Unknown,BE,1995-02-08,Unknown,0.0,0.0,0.0,0.0
1566,NIACL,The New India Assurance Company Limited,INE470Y01017,Unknown,Unknown,EQ,2017-11-13,Unknown,0.0,0.0,0.0,0.0
1652,ORISSAMINE,The Orissa Minerals Development Company Limited,INE725E01024,Unknown,Unknown,EQ,2010-09-29,Unknown,0.0,0.0,0.0,0.0
1725,PKTEA,The Peria Karamalai Tea & Produce Company Limited,INE431F01018,Unknown,Unknown,EQ,2015-08-19,Unknown,0.0,0.0,0.0,0.0
1711,PHOENIXLTD,The Phoenix Mills Limited,INE211B01039,Unknown,Unknown,EQ,2007-04-23,Unknown,0.0,0.0,0.0,0.0
8062,PHOSPHATE,The Phosphate Company Limited,INE398C01016,Unknown,Unknown,EQ,,Unknown,0.0,0.0,0.0,0.0
1828,RAMCOCEM,The Ramco Cements Limited,INE331A01037,Unknown,Unknown,EQ,1997-04-09,Unknown,0.0,0.0,0.0,0.0
6927,MDRASCMBBPH,The Ramco Cements Limited,INE331A01029,Unknown,Unknown,EQ,,Unknown,0.0,0.0,0.0,0.0
3564,RAVALSUGAR,The Ravalgaon Sugar Farm Limited,INE615A01025,Unknown,Unknown,EQ,,Unknown,0.0,0.0,0.0,0.0
1913,RUBYMILLS,The Ruby Mills Limited,INE301D01026,Unknown,Unknown,BE,1995-03-29,Unknown,0.0,0.0,0.0,0.0
1954,SANDESH,The Sandesh Limited,INE583B01015,Unknown,Unknown,EQ,2002-11-26,Unknown,0.0,0.0,0.0,0.0
2129,SOUTHBANK,The South Indian Bank Limited,INE683A01023,Unknown,Unknown,EQ,1998-12-08,Unknown,0.0,0.0,0.0,0.0
3733,ZSOUTGAS,The Southern Gas Limited,INE532U01012,Unknown,Unknown,EQ,,Unknown,0.0,0.0,0.0,0.0
2161,STCINDIA,The State Trading Corporation of India Limited,INE655A01013,Unknown,Unknown,EQ,2003-04-01,Unknown,0.0,0.0,0.0,0.0
2381,UGARSUGAR,The Ugar Sugar Works Limited,INE071E01023,Unknown,Unknown,EQ,2010-08-23,Unknown,0.0,0.0,0.0,0.0
2400,UNITEDTEA,The United Nilgiri Tea Estates Company Limited,INE458F01011,Unknown,Unknown,EQ,2015-01-28,Unknown,0.0,0.0,0.0,0.0
2535,WIPL,The Western India Plywoods Limited,INE215F01023,Unknown,Unknown,EQ,2017-04-17,Unknown,0.0,0.0,0.0,0.0
7954,YSL,The Yamuna Syndicate Ltd ,INE868X01014,Unknown,Unknown,EQ,,Unknown,0.0,0.0,0.0,0.0
2301,THEJO,Thejo Engineering Limited,INE121N01019,Unknown,Unknown,EQ,2023-10-10,Unknown,0.0,0.0,0.0,0.0
2303,THEMISMED,Themis Medicare Limited,INE083B01024,Unknown,Unknown,EQ,2007-04-02,Unknown,0.0,0.0,0.0,0.0
2304,THERMAX,Thermax Limited,INE152A01029,Unknown,Unknown,EQ,1995-08-30,Unknown,0.0,0.0,0.0,0.0
8933,THRPRE,Thermax Ltd.,INE152A04015,Unknown,Unknown,EQ,,Unknown,0.0,0.0,0.0,0.0
7529,THINKINK,THINKINK PICTUREZ LIMITED,INE365S01045,Unknown,Unknown,EQ,,Unknown,0.0,0.0,0.0,0.0
9239,THINK-RE,THINKINK PICTUREZ LIMITED,INE365S20011,Unknown,Unknown,EQ,,Unknown,0.0,0.0,0.0,0.0
7240,TPROJECT,Thirani Projects Limited,INE901C01017,Unknown,Unknown,EQ,,Unknown,0.0,0.0,0.0,0.0
3572,THIRUSUGAR,THIRU AROORAN SUGARS LTD,INE409A01015,Unknown,Unknown,EQ,,Unknown,0.0,0.0,0.0,0.0
2321,TIRUMALCHM,Thirumalai Chemicals Limited,INE338A01024,Unknown,Unknown,EQ,2003-05-14,Unknown,0.0,0.0,0.0,0.0
2305,THOMASCOOK,Thomas Cook  (India)  Limited,INE332A01027,Unknown,Unknown,EQ,2000-06-07,Unknown,0.0,0.0,0.0,0.0
8947,THOMASPSA,Thomas Cook (India) Ltd.,INE332A04013,Unknown,Unknown,EQ,,Unknown,0.0,0.0,0.0,0.0
2306,THOMASCOTT,Thomas Scott (India) Limited,INE480M01011,Unknown,Unknown,EQ,2012-01-30,Unknown,0.0,0.0,0.0,0.0
8483,THREEMPAPE,THREE M PAPER BOARDS LIMITED,INE0UK501010,Unknown,Unknown,EQ,,Unknown,0.0,0.0,0.0,0.0
4596,THRIVE,THRIVE FUTURE HABITATS LIMITED,INE628D01014,Unknown,Unknown,EQ,,Unknown,0.0,0.0,0.0,0.0
2307,THYROCARE,Thyrocare Technologies Limited,INE594H01019,Unknown,Unknown,EQ,2016-05-09,Unknown,0.0,0.0,0.0,0.0
7723,TIAANC,TIAAN CONSUMER LIMITED,INE864T01011,Unknown,Unknown,EQ,,Unknown,0.0,0.0,0.0,0.0
9163,TIERRA-RE,Tierra Agrotech Limited,INE05CY20014,Unknown,Unknown,EQ,,Unknown,0.0,0.0,0.0,0.0
8287,TIERRA,Tierra Agrotech Limited,INE05CY01014,Unknown,Unknown,EQ,,Unknown,0.0,0.0,0.0,0.0
2310,TIGERLOGS,Tiger Logistics (India) Limited,INE906O01029,Unknown,Unknown,EQ,2025-09-18,Unknown,0.0,0.0,0.0,0.0
2313,TIJARIA,Tijaria Polypipes Limited,INE440L01017,Unknown,Unknown,BE,2011-10-14,Unknown,0.0,0.0,0.0,0.0
2314,TIL,TIL Limited,INE806C01018,Unknown,Unknown,BE,1995-09-27,Unknown,0.0,0.0,0.0,0.0
9642,TILPP,TIL Ltd.,IN9806C01016,Unknown,Unknown,EQ,,Unknown,0.0,0.0,0.0,0.0
9428,TIL-RE1,TIL Ltd.,INE806C20026,Unknown,Unknown,EQ,,Unknown,0.0,0.0,0.0,0.0
9174,TIL-RE,TIL Ltd.,INE806C20018,Unknown,Unknown,EQ,,Unknown,0.0,0.0,0.0,0.0
9021,TILAK-RE,Tilak Ventures Limited,INE026L20022,Unknown,Unknown,EQ,,Unknown,0.0,0.0,0.0,0.0
9570,TILAKPP,Tilak Ventures Limited,IN9026L01012,Unknown,Unknown,EQ,,Unknown,0.0,0.0,0.0,0.0
3294,TILAK,Tilak Ventures Limited,INE026L01022,Unknown,Unknown,EQ,,Unknown,0.0,0.0,0.0,0.0
9232,TILAK-RE1,Tilak Ventures Limited,INE026L20030,Unknown,Unknown,EQ,,Unknown,0.0,0.0,0.0,0.0
9391,TILAK-RE2,Tilak Ventures Limited,INE026L20048,Unknown,Unknown,EQ,,Unknown,0.0,0.0,0.0,0.0
2308,TI,Tilaknagar Industries Limited,INE133E01013,Unknown,Unknown,EQ,2010-07-16,Unknown,0.0,0.0,0.0,0.0
7045,TIMBOR,Timbor Home Limited,INE346L01016,Unknown,Unknown,EQ,,Unknown,0.0,0.0,0.0,0.0
2315,TIMETECHNO,Time Technoplast Limited,INE508G01029,Unknown,Unknown,EQ,2007-06-13,Unknown,0.0,0.0,0.0,0.0
6674,TIMEBDM,Times Bank Ltd,INE684A01013,Unknown,Unknown,EQ,,Unknown,0.0,0.0,0.0,0.0
8230,TIMESGREEN,Times Green Energy (India) Limited,INE0B6101012,Unknown,Unknown,EQ,,Unknown,0.0,0.0,0.0,0.0
9377,TIMES-RE,Times Green Energy (India) Limited,INE0B6120012,Unknown,Unknown,EQ,,Unknown,0.0,0.0,0.0,0.0
2316,TIMEX,Timex Group India Limited,INE064A01026,Unknown,Unknown,EQ,2026-04-20,Unknown,0.0,0.0,0.0,0.0
2317,TIMKEN,Timken India Limited,INE325A01013,Unknown,Unknown,EQ,2007-02-06,Unknown,0.0,0.0,0.0,0.0
2318,TINNARUBR,Tinna Rubber and Infrastructure Limited,INE015C01016,Unknown,Unknown,EQ,2025-04-17,Unknown,0.0,0.0,0.0,0.0
3397,TINPLATE,Tinplate Company of India Ltd.,INE422C01014,Unknown,Unknown,EQ,,Unknown,0.0,0.0,0.0,0.0
8750,TIPCO,Tipco Engineering India Limited,INE1U6D01014,Unknown,Unknown,EQ,,Unknown,0.0,0.0,0.0,0.0
2319,TIPSFILMS,Tips Films Limited,INE0LQS01015,Unknown,Unknown,EQ,2022-10-06,Unknown,0.0,0.0,0.0,0.0
2320,TIPSMUSIC,Tips Music Limited,INE716B01029,Unknown,Unknown,EQ,2000-11-10,Unknown,0.0,0.0,0.0,0.0
4996,TIRTPLS,Tirth Plastic Ltd.,INE008N01018,Unknown,Unknown,EQ,,Unknown,0.0,0.0,0.0,0.0
7587,TFLL,Tirupati Fin-Lease Ltd.,INE027S01017,Unknown,Unknown,EQ,,Unknown,0.0,0.0,0.0,0.0
7414,TIRUFIN,Tirupati Fincorp Limited,INE642O01012,Unknown,Unknown,EQ,,Unknown,0.0,0.0,0.0,0.0
7942,TIRUFOAM,TIRUPATI FOAM LIMITED,INE115G01015,Unknown,Unknown,EQ,,Unknown,0.0,0.0,0.0,0.0
8855,TIRFOAM,TIRUPATI FOAM LTD.,INF115G01015,Unknown,Unknown,EQ,,Unknown,0.0,0.0,0.0,0.0
2322,TIRUPATIFL,Tirupati Forge Limited,INE319Y01024,Unknown,Unknown,BE,2020-08-04,Unknown,0.0,0.0,0.0,0.0
6300,TIRIN,Tirupati Industries (India) Ltd,INE329E01017,Unknown,Unknown,EQ,,Unknown,0.0,0.0,0.0,0.0
7011,TIRUPATIINK,Tirupati Inks Limited,INE493K01018,Unknown,Unknown,EQ,,Unknown,0.0,0.0,0.0,0.0
7427,TIRUPATIIN,TIRUPATI INNOVAR LIMITED,INE812Q01016,Unknown,Unknown,EQ,,Unknown,0.0,0.0,0.0,0.0
9294,TIRUPATIRE,TIRUPATI INNOVAR LIMITED,INE812Q20016,Unknown,Unknown,EQ,,Unknown,0.0,0.0,0.0,0.0
9435,TIRUIN-RE,TIRUPATI INNOVAR LIMITED,INE812Q20024,Unknown,Unknown,EQ,,Unknown,0.0,0.0,0.0,0.0
6455,TIRSARJ,Tirupati Sarjan Ltd.,INE297J01023,Unknown,Unknown,EQ,,Unknown,0.0,0.0,0.0,0.0
4796,TIRUSTA,Tirupati Starch & Chemicals Ltd.,INE314D01011,Unknown,Unknown,EQ,,Unknown,0.0,0.0,0.0,0.0
7699,TITAANIUM,Titaanium Ten Enterprise Limited,INE120V01014,Unknown,Unknown,EQ,,Unknown,0.0,0.0,0.0,0.0
2323,TITAGARH,TITAGARH RAIL SYSTEMS LIMITED,INE615H01020,Unknown,Unknown,EQ,2008-04-21,Unknown,0.0,0.0,0.0,0.0
3157,TITAGRST,Titagarh Steels Limited,INE824A01023,Unknown,Unknown,EQ,,Unknown,0.0,0.0,0.0,0.0
4828,TITANBIO,Titan Bio-Tech Ltd.,INE150C01029,Unknown,Unknown,EQ,,Unknown,0.0,0.0,0.0,0.0
2324,TITAN,Titan Company Limited,INE280A01028,Unknown,Unknown,EQ,2004-09-24,Unknown,0.0,0.0,0.0,0.0
9376,TITANI-RE,TITAN INTECH LIMITED,INE807M20015,Unknown,Unknown,EQ,,Unknown,0.0,0.0,0.0,0.0
4477,TITANIN,TITAN INTECH LIMITED,INE807M01031,Unknown,Unknown,EQ,,Unknown,0.0,0.0,0.0,0.0
5088,TITANSEC,Titan Securities Ltd.,INE090D01017,Unknown,Unknown,EQ,,Unknown,0.0,0.0,0.0,0.0
3351,ZTITANTR,Titan Trading & Agencies Ltd.,INE353F01014,Unknown,Unknown,EQ,,Unknown,0.0,0.0,0.0,0.0
3755,TVOLCON,Tivoli Construction Ltd.,INE747V01014,Unknown,Unknown,EQ,,Unknown,0.0,0.0,0.0,0.0
4554,TMTIND-B1,TMT (India) ltd.,INE182E01010,Unknown,Unknown,EQ,,Unknown,0.0,0.0,0.0,0.0
6465,TODAYS,Todays Writing Instruments Ltd,INE944B01019,Unknown,Unknown,EQ,,Unknown,0.0,0.0,0.0,0.0
6353,TOKYOFIN,Tokyo Finance Ltd.,INE546D01018,Unknown,Unknown,EQ,,Unknown,0.0,0.0,0.0,0.0
2331,TOKYOPLAST,Tokyo Plast International Limited,INE932C01012,Unknown,Unknown,EQ,1995-10-11,Unknown,0.0,0.0,0.0,0.0
3158,TOLANDM,Tolani Bulk Carriers ltd.,INE051C01011,Unknown,Unknown,EQ,,Unknown,0.0,0.0,0.0,0.0
2332,TOLINS,Tolins Tyres Limited,INE0RWQ01014,Unknown,Unknown,EQ,2024-09-16,Unknown,0.0,0.0,0.0,0.0
3891,TTGIL,TOMORROW TECHNOLOGIES GLOBAL INNOVATIONS LIMITED,INE135H01029,Unknown,Unknown,EQ,,Unknown,0.0,0.0,0.0,0.0
5121,TONIRPHQ,Tonira Pharma Ltd.,INE844F01012,Unknown,Unknown,EQ,,Unknown,0.0,0.0,0.0,0.0
6590,TOPMEDIA,Top Media Entertainment Ltd.,INE049C01023,Unknown,Unknown,EQ,,Unknown,0.0,0.0,0.0,0.0
6304,TOPTELE,Top Telemedia Ltd.,INE632B01036,Unknown,Unknown,EQ,,Unknown,0.0,0.0,0.0,0.0
4706,TORRCABS,Torrent  Cables Ltd,INE859B01027,Unknown,Unknown,EQ,,Unknown,0.0,0.0,0.0,0.0
2333,TORNTPHARM,Torrent Pharmaceuticals Limited,INE685A01028,Unknown,Unknown,EQ,2002-11-25,Unknown,0.0,0.0,0.0,0.0
2985,TPAEC,Torrent Power AEC Limited,INE424A01014,Unknown,Unknown,EQ,,Unknown,0.0,0.0,0.0,0.0
2334,TORNTPOWER,Torrent Power Limited,INE813H01021,Unknown,Unknown,EQ,2006-11-28,Unknown,0.0,0.0,0.0,0.0
3229,TPSEC,Torrent Power SEC Limited,INE054B01017,Unknown,Unknown,EQ,,Unknown,0.0,0.0,0.0,0.0
8514,TTC,TOSS THE COIN LIMITED,INE0XAY01012,Unknown,Unknown,EQ,,Unknown,0.0,0.0,0.0,0.0
4711,TOTEX,Total Exports Ltd,INE109E01013,Unknown,Unknown,EQ,,Unknown,0.0,0.0,0.0,0.0
2335,TOTAL,Total Transport Systems Limited,INE336X01012,Unknown,Unknown,EQ,2020-08-28,Unknown,0.0,0.0,0.0,0.0
2336,TOUCHWOOD,Touchwood Entertainment Limited,INE486Y01013,Unknown,Unknown,EQ,2020-01-21,Unknown,0.0,0.0,0.0,0.0
2293,TFCILTD,Tourism Finance Corporation of India Limited,INE305A01023,Unknown,Unknown,EQ,2000-07-26,Unknown,0.0,0.0,0.0,0.0
2337,TOYAMSL,Toyam Sports Limited,INE457P01020,Unknown,Unknown,EQ,2026-08-17,Unknown,0.0,0.0,0.0,0.0
4323,TOYAMAQ,Toyama Electric Ltd.,INE081D01016,Unknown,Unknown,EQ,,Unknown,0.0,0.0,0.0,0.0
3159,TPINDIA,TPI India Ltd.,INE578C01021,Unknown,Unknown,EQ,,Unknown,0.0,0.0,0.0,0.0
2339,TPLPLASTEH,TPL Plastech Limited,INE413G01022,Unknown,Unknown,EQ,2015-05-20,Unknown,0.0,0.0,0.0,0.0
2340,TRACXN,Tracxn Technologies Limited,INE0HMF01019,Unknown,Unknown,EQ,2022-10-20,Unknown,0.0,0.0,0.0,0.0
3735,TRADWIN,Trade Wings Ltd.,INE961E01017,Unknown,Unknown,EQ,,Unknown,0.0,0.0,0.0,0.0
5462,TRADEWELL,TRADEWELL HOLDINGS LIMITED,INE819G01012,Unknown,Unknown,EQ,,Unknown,0.0,0.0,0.0,0.0
4044,TRANSFRE,Trans-Freight Containers Ltd.,INE360D01014,Unknown,Unknown,EQ,,Unknown,0.0,0.0,0.0,0.0
5311,TRANSASIA,Trans Asia Corporation Ltd,INE321C01018,Unknown,Unknown,EQ,,Unknown,0.0,0.0,0.0,0.0
9308,TIHIL-RE,TRANS INDIA HOUSE IMPEX LIMITED,INE502D20011,Unknown,Unknown,EQ,,Unknown,0.0,0.0,0.0,0.0
4685,TIHIL,TRANS INDIA HOUSE IMPEX LIMITED,INE502D01011,Unknown,Unknown,EQ,,Unknown,0.0,0.0,0.0,0.0
4775,TRAMEDI,Trans Medicare Ltd.,INE358P01012,Unknown,Unknown,EQ,,Unknown,0.0,0.0,0.0,0.0
4435,TRATF,Trans Techno Foods Ltd.,INE405B01011,Unknown,Unknown,EQ,,Unknown,0.0,0.0,0.0,0.0
3160,TRANSCHEM,Transchem Limited.,INE019B01010,Unknown,Unknown,EQ,,Unknown,0.0,0.0,0.0,0.0
5525,TRANSCON,Transcon Research And Infotech Ltd.,INE273C01011,Unknown,Unknown,EQ,,Unknown,0.0,0.0,0.0,0.0
2341,TRANSCOR,Transcorp International Limited,INE330E01023,Unknown,Unknown,EQ,2026-08-17,Unknown,0.0,0.0,0.0,0.0
2254,TARIL,Transformers And Rectifiers (India) Limited,INE763I01026,Unknown,Unknown,EQ,2007-12-28,Unknown,0.0,0.0,0.0,0.0
4883,TRABI,Transgene Biotek Ltd.,INE773D01018,Unknown,Unknown,EQ,,Unknown,0.0,0.0,0.0,0.0
4411,TRANSFD,Transglobe Foods Ltd.,INE213P01027,Unknown,Unknown,EQ,,Unknown,0.0,0.0,0.0,0.0
2348,TREL,Transindia Real Estate Limited,INE0O3901029,Unknown,Unknown,EQ,2023-08-10,Unknown,0.0,0.0,0.0,0.0
3675,TRANOCE,Transoceanic Properties Ltd.,INE074J01018,Unknown,Unknown,EQ,,Unknown,0.0,0.0,0.0,0.0
8114,TRANSPACT,Transpact Enterprises Limited,INE06YD01010,Unknown,Unknown,EQ,,Unknown,0.0,0.0,0.0,0.0
2342,TRANSPEK,Transpek Industry Limited,INE687A01016,Unknown,Unknown,BE,2026-04-20,Unknown,0.0,0.0,0.0,0.0
2271,TCI,Transport Corporation of India Limited,INE688A01022,Unknown,Unknown,EQ,2002-01-21,Unknown,0.0,0.0,0.0,0.0
2343,TRANSRAILL,Transrail Lighting Limited,INE454P01035,Unknown,Unknown,EQ,2024-12-27,Unknown,0.0,0.0,0.0,0.0
6676,TRANSRIN,Transtream India.com Ltd.,INE981A01013,Unknown,Unknown,EQ,,Unknown,0.0,0.0,0.0,0.0
8346,TRANSVOY,TRANSVOY LOGISTICS INDIA LIMITED,INE0MPU01011,Unknown,Unknown,EQ,,Unknown,0.0,0.0,0.0,0.0
9060,TFL-RE,Transwarranty Finance Limited,INE804H20012,Unknown,Unknown,EQ,,Unknown,0.0,0.0,0.0,0.0
9582,TFLPP,Transwarranty Finance Limited,IN9804H01010,Unknown,Unknown,EQ,,Unknown,0.0,0.0,0.0,0.0
2294,TFL,Transwarranty Finance Limited,INE804H01012,Unknown,Unknown,EQ,2007-02-26,Unknown,0.0,0.0,0.0,0.0
2344,TRANSWORLD,TRANSWORLD SHIPPING LINES LIMITED,INE757B01015,Unknown,Unknown,BE,1995-03-01,Unknown,0.0,0.0,0.0,0.0
8161,TRANWAY21,TRANWAY21 TECHNOLOGIES LIMITED,INE0BIW01023,Unknown,Unknown,EQ,,Unknown,0.0,0.0,0.0,0.0
2345,TRAVELFOOD,Travel Food Services Limited,INE103V01028,Unknown,Unknown,EQ,2025-07-14,Unknown,0.0,0.0,0.0,0.0
9402,TRAVELS-RE,Travels & rentals Limited,INE0SG020011,Unknown,Unknown,EQ,,Unknown,0.0,0.0,0.0,0.0
8496,TRAVELS,Travels & rentals Limited,INE0SG001011,Unknown,Unknown,EQ,,Unknown,0.0,0.0,0.0,0.0
2346,TREEHOUSE,Tree House Education & Accessories Limited,INE040M01013,Unknown,Unknown,EQ,2011-08-26,Unknown,0.0,0.0,0.0,0.0
2347,TREJHARA,TREJHARA SOLUTIONS LIMITED,INE00CA01015,Unknown,Unknown,EQ,2018-12-28,Unknown,0.0,0.0,0.0,0.0
8207,HIPPOCABS,Trekkingtoes.com Limited,INE0DG401010,Unknown,Unknown,EQ,,Unknown,0.0,0.0,0.0,0.0
4287,TRENDELEC,Trend Electronics Limited,INE219F01017,Unknown,Unknown,EQ,,Unknown,0.0,0.0,0.0,0.0
2349,TRENT,Trent Limited,INE849A01020,Unknown,Unknown,EQ,2004-06-07,Unknown,0.0,0.0,0.0,0.0
8954,TRENTCCCPSA,Trent Ltd [Lakme Ltd],INE849A03018,Unknown,Unknown,EQ,,Unknown,0.0,0.0,0.0,0.0
8955,TRENTCCCPSB,Trent Ltd [Lakme Ltd],INE849A03026,Unknown,Unknown,EQ,,Unknown,0.0,0.0,0.0,0.0
6647,TRESCON,TRESCON LIMITED,INE088D01011,Unknown,Unknown,EQ,,Unknown,0.0,0.0,0.0,0.0
2350,TRF,TRF Limited,INE391D01019,Unknown,Unknown,EQ,2010-03-26,Unknown,0.0,0.0,0.0,0.0
2269,TBZ,Tribhovandas Bhimji Zaveri Limited,INE760L01018,Unknown,Unknown,EQ,2012-05-09,Unknown,0.0,0.0,0.0,0.0
6397,TRIBHSG,Tribhuvan Housing Ltd.,INE884D01039,Unknown,Unknown,EQ,,Unknown,0.0,0.0,0.0,0.0
6403,TRICOMFRU,Tricom Fruit Products Limited,INE843F01014,Unknown,Unknown,EQ,,Unknown,0.0,0.0,0.0,0.0
6376,TRICOM,Tricom India Ltd.,INE771B01032,Unknown,Unknown,EQ,,Unknown,0.0,0.0,0.0,0.0
8318,TLL,Trident Lifeline Limited,INE0MKA01014,Unknown,Unknown,EQ,,Unknown,0.0,0.0,0.0,0.0
2351,TRIDENT,Trident Limited,INE064C01022,Unknown,Unknown,EQ,2001-02-21,Unknown,0.0,0.0,0.0,0.0
4988,TRIDE,Trident Projects Ltd.,INE988B01016,Unknown,Unknown,EQ,,Unknown,0.0,0.0,0.0,0.0
7880,TTFL,Trident Texofab Limited,INE071Y01013,Unknown,Unknown,EQ,,Unknown,0.0,0.0,0.0,0.0
6556,TRIDETOOL,Trident Tools Limited,INE179D01018,Unknown,Unknown,EQ,,Unknown,0.0,0.0,0.0,0.0
2352,TRIGYN,Trigyn Technologies Limited,INE948A01012,Unknown,Unknown,EQ,1998-04-09,Unknown,0.0,0.0,0.0,0.0
3684,TRILIANCE,TRILIANCE POLYMERS LIMITED,INE778N01016,Unknown,Unknown,EQ,,Unknown,0.0,0.0,0.0,0.0
4427,TRILLENT,Trillenium Technologies Ltd.,INE187B01015,Unknown,Unknown,EQ,,Unknown,0.0,0.0,0.0,0.0
6400,TRILOGIC,Trilogic Digital Media Limited,INE532D01018,Unknown,Unknown,EQ,,Unknown,0.0,0.0,0.0,0.0
8876,TRINETHRA,Trinethra Infra Ventures Limited,INE922D01029,Unknown,Unknown,EQ,,Unknown,0.0,0.0,0.0,0.0
4089,TRINETRA,TRINETRA CEMENT LIMITED,INE031L01014,Unknown,Unknown,EQ,,Unknown,0.0,0.0,0.0,0.0
5246,TRINITY,Trinity Bio-tech Ltd.,INE785B01016,Unknown,Unknown,EQ,,Unknown,0.0,0.0,0.0,0.0
6477,TRINITYLEA,Trinity League India Limited,INE884X01011,Unknown,Unknown,EQ,,Unknown,0.0,0.0,0.0,0.0
3989,TRITRADE,Trinity Tradelink Limited,INE567D01022,Unknown,Unknown,EQ,,Unknown,0.0,0.0,0.0,0.0
7085,TRIOMERC,Trio Mercantile & Trading Limited,INE234G01022,Unknown,Unknown,EQ,,Unknown,0.0,0.0,0.0,0.0
3912,TRIPR,Triochem Products Ltd.,INE331E01013,Unknown,Unknown,EQ,,Unknown,0.0,0.0,0.0,0.0
6431,TRIPEXO,Tripex Overseas Ltd.,INE360G01017,Unknown,Unknown,EQ,,Unknown,0.0,0.0,0.0,0.0
5504,TRISHAKT,Trishakti Industries Limited,INE238C01022,Unknown,Unknown,EQ,,Unknown,0.0,0.0,0.0,0.0
2353,TRITONV,Triton Valves Limited,INE440G01017,Unknown,Unknown,EQ,2026-08-17,Unknown,0.0,0.0,0.0,0.0
6639,TRIUMPIN,Triumph International Finance India,INE382B01012,Unknown,Unknown,EQ,,Unknown,0.0,0.0,0.0,0.0
2355,TRIVENI,Triveni Engineering & Industries Limited,INE256C01024,Unknown,Unknown,EQ,2005-12-13,Unknown,0.0,0.0,0.0,0.0
7266,TRIVENIENT,Triveni Enterprises Limited,INE916P01025,Unknown,Unknown,EQ,,Unknown,0.0,0.0,0.0,0.0
3246,TRIVENIGQ,Triveni Glass Ltd.,INE094C01011,Unknown,Unknown,EQ,,Unknown,0.0,0.0,0.0,0.0
2354,TRITURBINE,Triveni Turbine Limited,INE152M01016,Unknown,Unknown,EQ,2011-10-28,Unknown,0.0,0.0,0.0,0.0
4401,TROMBOEXT,Trombo Extractions Limited,INE850O01011,Unknown,Unknown,EQ,,Unknown,0.0,0.0,0.0,0.0
2357,TRUALT,TruAlt Bioenergy Limited,INE0MWH01014,Unknown,Unknown,EQ,2025-10-03,Unknown,0.0,0.0,0.0,0.0
2356,TRU,TruCap Finance Limited,INE615R01029,Unknown,Unknown,EQ,2023-06-20,Unknown,0.0,0.0,0.0,0.0
8627,TRUECOLORS,TRUE COLORS LIMITED,INE1LDV01015,Unknown,Unknown,EQ,,Unknown,0.0,0.0,0.0,0.0
7041,TRUEGREEN,TRUE GREEN BIO ENERGY LIMITED,INE672K01025,Unknown,Unknown,EQ,,Unknown,0.0,0.0,0.0,0.0
9366,TRUCAP-RE,Trustedge Capital Limited,INE398H20015,Unknown,Unknown,EQ,,Unknown,0.0,0.0,0.0,0.0
6601,TRUSTEDGE,Trustedge Capital Limited,INE398H01015,Unknown,Unknown,EQ,,Unknown,0.0,0.0,0.0,0.0
3664,TRUSTWAVE,TRUSTWAVE SECURITIES LIMITED,INE668Y01024,Unknown,Unknown,EQ,,Unknown,0.0,0.0,0.0,0.0
2358,TSFINV,TSF INVESTMENTS LIMITED,INE202Z01029,Unknown,Unknown,EQ,2018-03-26,Unknown,0.0,0.0,0.0,0.0
6364,TSL,TSL Industries Ltd.,INE547D01016,Unknown,Unknown,EQ,,Unknown,0.0,0.0,0.0,0.0
4558,TTGINDM,TTG Industries Ltd.,INE111E01019,Unknown,Unknown,EQ,,Unknown,0.0,0.0,0.0,0.0
7279,TTIENT,TTI Enterprise Limited,INE404F01031,Unknown,Unknown,EQ,,Unknown,0.0,0.0,0.0,0.0
2359,TTKHLTCARE,TTK Healthcare Limited,INE910C01018,Unknown,Unknown,EQ,2015-12-02,Unknown,0.0,0.0,0.0,0.0
2360,TTKPRESTIG,TTK Prestige Limited,INE690A01028,Unknown,Unknown,EQ,1999-12-22,Unknown,0.0,0.0,0.0,0.0
4171,TTLEL,TTL ENTERPRISES LIMITED,INE664X01025,Unknown,Unknown,EQ,,Unknown,0.0,0.0,0.0,0.0
2312,TIINDIA,Tube Investments of India Limited,INE974X01010,Unknown,Unknown,EQ,2017-11-02,Unknown,0.0,0.0,0.0,0.0
4782,TULASEEBIOE,Tulasee Bio-Ethanol Ltd.,INE276N01011,Unknown,Unknown,EQ,,Unknown,0.0,0.0,0.0,0.0
3822,TULIPFIN,Tulip Finance Ltd.,INE955C01013,Unknown,Unknown,EQ,,Unknown,0.0,0.0,0.0,0.0
5406,TULIPSTA,Tulip Star Hotels Ltd.,INE379C01016,Unknown,Unknown,EQ,,Unknown,0.0,0.0,0.0,0.0
6835,TULIP,Tulip Telcom Ltd,INE122H01027,Unknown,Unknown,EQ,,Unknown,0.0,0.0,0.0,0.0
3413,TULIVE,Tulive Developers Limited,INE637D01015,Unknown,Unknown,EQ,,Unknown,0.0,0.0,0.0,0.0
6928,TULSI,Tulsi Extrusions Limited,INE474I01012,Unknown,Unknown,EQ,,Unknown,0.0,0.0,0.0,0.0
9543,TULSYANPP,Tulsyan NEC Ltd,IN9463D01014,Unknown,Unknown,EQ,,Unknown,0.0,0.0,0.0,0.0
4127,TULSYAN,Tulsyan NEC Ltd,INE463D01016,Unknown,Unknown,EQ,,Unknown,0.0,0.0,0.0,0.0
9544,TULSYANPP6,Tulsyan NEC Ltd,IN9463D01022,Unknown,Unknown,EQ,,Unknown,0.0,0.0,0.0,0.0
6223,TUNITEX,Tuni Textile Mills Ltd.,INE560D01027,Unknown,Unknown,EQ,,Unknown,0.0,0.0,0.0,0.0
9381,TUNTEX-RE,Tuni Textile Mills Ltd.,INE560D20019,Unknown,Unknown,EQ,,Unknown,0.0,0.0,0.0,0.0
3353,TURBO,Turbotech Engineering Ltd.,INE764M01018,Unknown,Unknown,EQ,,Unknown,0.0,0.0,0.0,0.0
2363,TURTLEMINT,Turtlemint Fintech Solutions Limited,INE0OC301013,Unknown,Unknown,EQ,2026-06-29,Unknown,0.0,0.0,0.0,0.0
5518,TUSALDAH,TUSALDAH LIMITED,INE319M01011,Unknown,Unknown,EQ,,Unknown,0.0,0.0,0.0,0.0
2364,TUTIALKA,Tuticorin Alkali Chemicals & Fertilizers Limited,INE400A01014,Unknown,Unknown,EQ,2026-08-17,Unknown,0.0,0.0,0.0,0.0
6700,TUTIS,Tutis Technologies Limited,INE953A01012,Unknown,Unknown,EQ,,Unknown,0.0,0.0,0.0,0.0
2370,TVTODAY,TV Today Network Limited,INE038F01029,Unknown,Unknown,EQ,2004-01-16,Unknown,0.0,0.0,0.0,0.0
2371,TVVISION,TV Vision Limited,INE871L01013,Unknown,Unknown,BE,2016-09-15,Unknown,0.0,0.0,0.0,0.0
9540,IBN18PP,TV18 Broadcast Ltd.,IN9886H01017,Unknown,Unknown,EQ,,Unknown,0.0,0.0,0.0,0.0
6874,TV18BRDCST,TV18 Broadcast Ltd.,INE886H01027,Unknown,Unknown,EQ,,Unknown,0.0,0.0,0.0,0.0
3162,TVSSZDM,TVS-Suzuki Limited.,INE106A01017,Unknown,Unknown,EQ,,Unknown,0.0,0.0,0.0,0.0
4462,TVSAUTOL,TVS Autolec Ltd.,INE134C01015,Unknown,Unknown,EQ,,Unknown,0.0,0.0,0.0,0.0
2365,TVSELECT,TVS Electronics Limited,INE236G01019,Unknown,Unknown,EQ,2003-12-26,Unknown,0.0,0.0,0.0,0.0
3161,TVSEL,"TVS Electronics Ltd.,",INE380A01018,Unknown,Unknown,EQ,,Unknown,0.0,0.0,0.0,0.0
6706,TVSFIN,TVS Finance and Services Ltd.,INE765A01010,Unknown,Unknown,EQ,,Unknown,0.0,0.0,0.0,0.0
2366,TVSHLTD,TVS Holdings Limited,INE105A01035,Unknown,Unknown,EQ,2012-10-23,Unknown,0.0,0.0,0.0,0.0
2367,TVSMOTOR,TVS Motor Company Limited,INE494B01023,Unknown,Unknown,EQ,2000-08-02,Unknown,0.0,0.0,0.0,0.0
2369,TVSSRICHAK,TVS Srichakra Limited,INE421C01016,Unknown,Unknown,EQ,2007-02-13,Unknown,0.0,0.0,0.0,0.0
2368,TVSSCS,TVS Supply Chain Solutions Limited,INE395N01027,Unknown,Unknown,EQ,2023-08-23,Unknown,0.0,0.0,0.0,0.0
2309,TICL,Twamev Construction and Infrastructure Limited,INE388G01026,Unknown,Unknown,BE,2023-10-16,Unknown,0.0,0.0,0.0,0.0
3555,TWILITAKA,Twilight Litaka Pharma Limited,INE783B01029,Unknown,Unknown,EQ,,Unknown,0.0,0.0,0.0,0.0
3918,TWIROST,Twin Roses Trades & Agencies Ltd.,INE436U01016,Unknown,Unknown,EQ,,Unknown,0.0,0.0,0.0,0.0
6519,TWINSTAR,Twinstar Industries Limited,INE070B01013,Unknown,Unknown,EQ,,Unknown,0.0,0.0,0.0,0.0
6743,TYCHE,Tyche Industries Ltd.,INE443B01012,Unknown,Unknown,EQ,,Unknown,0.0,0.0,0.0,0.0
7580,TFSL,Typhoon Financial Services Limited,INE761R01013,Unknown,Unknown,EQ,,Unknown,0.0,0.0,0.0,0.0
3963,TYPHOON,Typhoon Holdings Ltd.,INE2L3M01012,Unknown,Unknown,EQ,,Unknown,0.0,0.0,0.0,0.0
5063,TYROON,Tyroon Tea Co. Ltd.,INE945B01016,Unknown,Unknown,EQ,,Unknown,0.0,0.0,0.0,0.0
2405,UPHOT,U P Hotels Limited,INE726E01014,Unknown,Unknown,EQ,2026-08-17,Unknown,0.0,0.0,0.0,0.0
7993,UHZAVERI,U. H. ZAVERI LIMITED,INE556Z01010,Unknown,Unknown,EQ,,Unknown,0.0,0.0,0.0,0.0
9374,UHZAVE-RE,U. H. ZAVERI LIMITED,INE556Z20010,Unknown,Unknown,EQ,,Unknown,0.0,0.0,0.0,0.0
2416,UYFINCORP,U. Y. Fincorp Limited,INE152C01025,Unknown,Unknown,BE,2024-10-03,Unknown,0.0,0.0,0.0,0.0
4939,UGHOR,U.G.Hotels And Resorts Ltd.,INE692D01010,Unknown,Unknown,EQ,,Unknown,0.0,0.0,0.0,0.0
3736,UBENGG,UB Engineering Ltd,INE328C01013,Unknown,Unknown,EQ,,Unknown,0.0,0.0,0.0,0.0
2373,UCAL,UCAL LIMITED,INE139B01016,Unknown,Unknown,BE,1995-09-13,Unknown,0.0,0.0,0.0,0.0
2374,UCOBANK,UCO Bank,INE691A01018,Unknown,Unknown,EQ,2003-10-09,Unknown,0.0,0.0,0.0,0.0
5112,UDAICEMENT,Udaipur Cement Works Limited,INE225C01029,Unknown,Unknown,EQ,,Unknown,0.0,0.0,0.0,0.0
9116,UCWL-RE,Udaipur Cement Works Limited,INE225C20011,Unknown,Unknown,EQ,,Unknown,0.0,0.0,0.0,0.0
2375,UDAYJEW,Uday Jewellery Industries Limited,INE551B01012,Unknown,Unknown,EQ,2026-08-17,Unknown,0.0,0.0,0.0,0.0
2411,USK,Udayshivakumar Infra Limited,INE0N0Y01013,Unknown,Unknown,EQ,2023-04-03,Unknown,0.0,0.0,0.0,0.0
2379,UFLEX,UFLEX Limited,INE516A01017,Unknown,Unknown,EQ,1995-08-23,Unknown,0.0,0.0,0.0,0.0
6335,UFMINDL,UFM Industries Ltd,INE832E01010,Unknown,Unknown,EQ,,Unknown,0.0,0.0,0.0,0.0
2380,UFO,UFO Moviez India Limited,INE527H01019,Unknown,Unknown,EQ,2015-05-14,Unknown,0.0,0.0,0.0,0.0
2382,UGROCAP,Ugro Capital Limited,INE583D01011,Unknown,Unknown,EQ,2021-08-11,Unknown,0.0,0.0,0.0,0.0
9319,UGRO-RE,UGRO CAPITAL LIMITED,INE583D20011,Unknown,Unknown,EQ,,Unknown,0.0,0.0,0.0,0.0
8776,UHMVL,UHM Vacation Limited,INE0YZ901011,Unknown,Unknown,EQ,,Unknown,0.0,0.0,0.0,0.0
2377,UEL,Ujaas Energy Limited,INE899L01030,Unknown,Unknown,EQ,2024-04-16,Unknown,0.0,0.0,0.0,0.0
7670,UJJIVAN,Ujjivan Financial Services Limited,INE334L01012,Unknown,Unknown,EQ,,Unknown,0.0,0.0,0.0,0.0
2383,UJJIVANSFB,Ujjivan Small Finance Bank Limited,INE551W01018,Unknown,Unknown,EQ,2019-12-12,Unknown,0.0,0.0,0.0,0.0
7302,ULTRACAB,Ultracab (India) Limited,INE010R01023,Unknown,Unknown,EQ,,Unknown,0.0,0.0,0.0,0.0
9274,ULTACA-RE,Ultracab (India) Limited,INE010R20015,Unknown,Unknown,EQ,,Unknown,0.0,0.0,0.0,0.0
2385,ULTRAMAR,Ultramarine & Pigments Limited,INE405A01021,Unknown,Unknown,EQ,2026-04-20,Unknown,0.0,0.0,0.0,0.0
2384,ULTRACEMCO,UltraTech Cement Limited,INE481G01011,Unknown,Unknown,EQ,2004-08-24,Unknown,0.0,0.0,0.0,0.0
2386,UMAEXPORTS,Uma Exports Limited,INE0GIU01018,Unknown,Unknown,BE,2022-04-07,Unknown,0.0,0.0,0.0,0.0
3082,UMANGDAIRY,Umang Dairies Limited,INE864B01027,Unknown,Unknown,EQ,,Unknown,0.0,0.0,0.0,0.0
2388,UMIYA-MRO,UMIYA BUILDCON LIMITED,INE398B01018,Unknown,Unknown,EQ,2000-11-01,Unknown,0.0,0.0,0.0,0.0
8595,UML,Umiya Mobile Limited,INE1P1A01018,Unknown,Unknown,EQ,,Unknown,0.0,0.0,0.0,0.0
7655,UMIYA,Umiya Tubes Limited,INE173U01015,Unknown,Unknown,EQ,,Unknown,0.0,0.0,0.0,0.0
3371,UNIABEXAL,Uni-Abex Alloy Products Ltd.,INE361D01012,Unknown,Unknown,EQ,,Unknown,0.0,0.0,0.0,0.0
2389,UNICHEMLAB,Unichem Laboratories Limited,INE351A01035,Unknown,Unknown,EQ,2001-02-07,Unknown,0.0,0.0,0.0,0.0
8004,UNICK,Unick Fix-A- Form and Printers Limited,INE250G01010,Unknown,Unknown,EQ,,Unknown,0.0,0.0,0.0,0.0
2391,UNIECOM,Unicommerce Esolutions Limited,INE00U401027,Unknown,Unknown,EQ,2024-08-13,Unknown,0.0,0.0,0.0,0.0
8567,UNIFIED,UNIFIED DATA TECH SOLUTIONS LIMITED,INE1ABX01018,Unknown,Unknown,EQ,,Unknown,0.0,0.0,0.0,0.0
8000,UCIL,UNIFINZ CAPITAL INDIA LIMITED,INE926R01012,Unknown,Unknown,EQ,,Unknown,0.0,0.0,0.0,0.0
3164,UNIFLEX,Uniflex Cables Ltd.,INE146B01011,Unknown,Unknown,EQ,,Unknown,0.0,0.0,0.0,0.0
2393,UNIINFO,Uniinfo Telecom Services Limited,INE481Z01011,Unknown,Unknown,EQ,2022-01-12,Unknown,0.0,0.0,0.0,0.0
3296,UNIJOLL,Unijolly Investments Co. Ltd.,INE130N01010,Unknown,Unknown,EQ,,Unknown,0.0,0.0,0.0,0.0
2394,UNIMECH,Unimech Aerospace and Manufacturing Limited,INE0U3I01011,Unknown,Unknown,EQ,2024-12-31,Unknown,0.0,0.0,0.0,0.0
4746,UNIMERQ,Unimers India Ltd.,INE980B01039,Unknown,Unknown,EQ,,Unknown,0.0,0.0,0.0,0.0
5176,UNIMININ,Unimin India Ltd.,INE672C01014,Unknown,Unknown,EQ,,Unknown,0.0,0.0,0.0,0.0
2395,UNIONBANK,Union Bank of India,INE692A01016,Unknown,Unknown,EQ,2002-09-24,Unknown,0.0,0.0,0.0,0.0
4572,UNIONBE,Union Bearings (India) Ltd.,INE670F01011,Unknown,Unknown,EQ,,Unknown,0.0,0.0,0.0,0.0
5028,UNQTYMI,Union Quality Plastics Ltd.,INE338N01019,Unknown,Unknown,EQ,,Unknown,0.0,0.0,0.0,0.0
2396,UNIPARTS,Uniparts India Limited,INE244O01017,Unknown,Unknown,EQ,2022-12-12,Unknown,0.0,0.0,0.0,0.0
2392,UNIENTER,Uniphos Enterprises Limited,INE037A01022,Unknown,Unknown,EQ,2004-01-23,Unknown,0.0,0.0,0.0,0.0
5066,UDL,UNIPLY DECOR LIMITED,INE493E01029,Unknown,Unknown,EQ,,Unknown,0.0,0.0,0.0,0.0
6814,UNIPLY,Uniply Industries Ltd.,INE950G01023,Unknown,Unknown,EQ,,Unknown,0.0,0.0,0.0,0.0
4667,UNIPORT,Uniport Computers Ltd,INE491B01011,Unknown,Unknown,EQ,,Unknown,0.0,0.0,0.0,0.0
7745,UPROTECH,Unipro Technologies Limited,INE448F01012,Unknown,Unknown,EQ,,Unknown,0.0,0.0,0.0,0.0
5376,UNIQUEO,Unique Organics Ltd.,INE333E01019,Unknown,Unknown,EQ,,Unknown,0.0,0.0,0.0,0.0
4521,UNIROYAL,Uniroyal Industries Ltd,INE980D01019,Unknown,Unknown,EQ,,Unknown,0.0,0.0,0.0,0.0
4879,UNRYLMA,Uniroyal Marine Exports Ltd.,INE602H01010,Unknown,Unknown,EQ,,Unknown,0.0,0.0,0.0,0.0
8690,UNISEM,UNISEM AGRITECH LIMITED,INE1FHV01026,Unknown,Unknown,EQ,,Unknown,0.0,0.0,0.0,0.0
7171,UNISHIRE,Unishire Urban Infra Limited,INE210P01015,Unknown,Unknown,EQ,,Unknown,0.0,0.0,0.0,0.0
7282,UNISON,Unison Metals Ltd,INE099D01026,Unknown,Unknown,EQ,,Unknown,0.0,0.0,0.0,0.0
9316,UNISON-RE,Unison Metals Ltd,INE099D20018,Unknown,Unknown,EQ,,Unknown,0.0,0.0,0.0,0.0
6589,UNISTRMU,Unistar Multimedia Ltd,INE808C01014,Unknown,Unknown,EQ,,Unknown,0.0,0.0,0.0,0.0
6466,UNISH,Unisys Softwares And Holdings Indus,INE200B01016,Unknown,Unknown,EQ,,Unknown,0.0,0.0,0.0,0.0
8852,UTIUS64I10,UNIT TRUST OF INDIA-SCHEME-64,INF189A01103,Unknown,Unknown,EQ,,Unknown,0.0,0.0,0.0,0.0
8853,UTIUS64I12,UNIT TRUST OF INDIA-SCHEME-64,INF189A01095,Unknown,Unknown,EQ,,Unknown,0.0,0.0,0.0,0.0
6487,UNITINT,Unitech International Ltd,INE929K01011,Unknown,Unknown,EQ,,Unknown,0.0,0.0,0.0,0.0
2398,UNITECH,Unitech Limited,INE694A01020,Unknown,Unknown,EQ,1999-09-08,Unknown,0.0,0.0,0.0,0.0
6994,UNITEDBNK,United Bank of India,INE695A01019,Unknown,Unknown,EQ,,Unknown,0.0,0.0,0.0,0.0
3573,UBHOLDINGS,United Breweries (Holdings) Ltd.,INE696A01025,Unknown,Unknown,EQ,,Unknown,0.0,0.0,0.0,0.0
2372,UBL,United Breweries Limited,INE686F01025,Unknown,Unknown,EQ,2008-07-28,Unknown,0.0,0.0,0.0,0.0
8951,UBROCPS,United Breweries Ltd.,INE686F03013,Unknown,Unknown,EQ,,Unknown,0.0,0.0,0.0,0.0
8476,COTFAB,United Cotfab Limited,INE0S0I01011,Unknown,Unknown,EQ,,Unknown,0.0,0.0,0.0,0.0
5407,UNITDCR,United Credit ltd.,INE858C01027,Unknown,Unknown,EQ,,Unknown,0.0,0.0,0.0,0.0
2390,UNIDT,United Drilling Tools Limited,INE961D01019,Unknown,Unknown,BE,2020-09-25,Unknown,0.0,0.0,0.0,0.0
2378,UFBL,United Foodbrands Limited,INE382M01027,Unknown,Unknown,BE,2021-04-07,Unknown,0.0,0.0,0.0,0.0
3274,UNITEDINT,United Interactive Limited,INE706D01018,Unknown,Unknown,EQ,,Unknown,0.0,0.0,0.0,0.0
3609,UNTTEMI,United Leasing & Industries Ltd,INE357P01014,Unknown,Unknown,EQ,,Unknown,0.0,0.0,0.0,0.0
2399,UNITEDPOLY,United Polyfab Gujarat Limited,INE368U01029,Unknown,Unknown,EQ,2021-12-31,Unknown,0.0,0.0,0.0,0.0
2397,UNITDSPR,United Spirits Limited,INE854D01024,Unknown,Unknown,EQ,2001-09-27,Unknown,0.0,0.0,0.0,0.0
4513,UNITEDTE,United Textiles Ltd.,INE727E01012,Unknown,Unknown,EQ,,Unknown,0.0,0.0,0.0,0.0
4541,UVDRHOR,United Van Der Horst Ltd.,INE890G01047,Unknown,Unknown,EQ,,Unknown,0.0,0.0,0.0,0.0
3165,UNITEDWESTB,United Western Bank Ltd,INE165A01013,Unknown,Unknown,EQ,,Unknown,0.0,0.0,0.0,0.0
6856,UNITY,Unity Infraprojects Limited,INE466H01028,Unknown,Unknown,EQ,,Unknown,0.0,0.0,0.0,0.0
4999,UNIVAFOODS,Univa Foods Limited,INE275F01019,Unknown,Unknown,EQ,,Unknown,0.0,0.0,0.0,0.0
2401,UNIVASTU,Univastu India Limited,INE562X01013,Unknown,Unknown,BE,2020-06-22,Unknown,0.0,0.0,0.0,0.0
6738,UNIVARTS,Universal Arts Ltd,INE464B01018,Unknown,Unknown,EQ,,Unknown,0.0,0.0,0.0,0.0
7533,UNIAUTO,Universal Autofoundry Limited,INE203T01012,Unknown,Unknown,EQ,,Unknown,0.0,0.0,0.0,0.0
2402,UNIVCABLES,Universal Cables Limited,INE279A01012,Unknown,Unknown,EQ,1995-05-17,Unknown,0.0,0.0,0.0,0.0
6552,UNICRSE,Universal Credit & Securities Ltd.,INE607F01039,Unknown,Unknown,EQ,,Unknown,0.0,0.0,0.0,0.0
6442,UNIMEDIA,Universal Media Network Ltd.,INE100B01026,Unknown,Unknown,EQ,,Unknown,0.0,0.0,0.0,0.0
4651,UNIOFFICE,Universal Office Automation Limited,INE951C01012,Unknown,Unknown,EQ,,Unknown,0.0,0.0,0.0,0.0
3376,UNIVPRIM,Universal Prime Aluminium Ltd,INE621D01019,Unknown,Unknown,EQ,,Unknown,0.0,0.0,0.0,0.0
4762,UNIVSTAR,Universal Starch-Chem Allied Ltd.,INE113E01015,Unknown,Unknown,EQ,,Unknown,0.0,0.0,0.0,0.0
2403,UNIVPHOTO,Universus Photo Imagings Limited,INE03V001013,Unknown,Unknown,BE,2020-02-14,Unknown,0.0,0.0,0.0,0.0
4184,UNIIN,Uniworth International ltd.,INE760D01015,Unknown,Unknown,EQ,,Unknown,0.0,0.0,0.0,0.0
4157,UNIWORTH,Uniworth Ltd.,INE207A01013,Unknown,Unknown,EQ,,Unknown,0.0,0.0,0.0,0.0
3985,UNIWSEC,Uniworth Securities Limited,INE728J01019,Unknown,Unknown,EQ,,Unknown,0.0,0.0,0.0,0.0
3042,UNIWORTHT,Uniworth Textiles Ltd.,INE486C01019,Unknown,Unknown,EQ,,Unknown,0.0,0.0,0.0,0.0
6427,UNJHAFOR,Unjha Formulations Ltd.,INE576D01015,Unknown,Unknown,EQ,,Unknown,0.0,0.0,0.0,0.0
4394,UNOINDL,Unno Industries Ltd,INE142N01023,Unknown,Unknown,EQ,,Unknown,0.0,0.0,0.0,0.0
2404,UNOMINDA,UNO Minda Limited,INE405E01023,Unknown,Unknown,EQ,2007-02-02,Unknown,0.0,0.0,0.0,0.0
8967,UNOMINDA-RE,UNO Minda Limited,INE405E20015,Unknown,Unknown,EQ,,Unknown,0.0,0.0,0.0,0.0
2376,UDS,Updater Services Limited,INE851I01011,Unknown,Unknown,EQ,2023-10-04,Unknown,0.0,0.0,0.0,0.0
9614,UPLPP,UPL Limited,IN9628A01026,Unknown,Unknown,EQ,,Unknown,0.0,0.0,0.0,0.0
8934,UNITEDPHCRP,UPL Limited,INE628A04014,Unknown,Unknown,EQ,,Unknown,0.0,0.0,0.0,0.0
9251,UPL-RE,UPL Limited,INE628A20010,Unknown,Unknown,EQ,,Unknown,0.0,0.0,0.0,0.0
2406,UPL,UPL Limited,INE628A01036,Unknown,Unknown,EQ,2004-01-23,Unknown,0.0,0.0,0.0,0.0
5230,UPERGANGES,Upper Ganges Sugar Industries Ltd.,INE018B01012,Unknown,Unknown,EQ,,Unknown,0.0,0.0,0.0,0.0
6208,UPSURGE,Upsurge Investment And Finance Ltd.,INE890B01014,Unknown,Unknown,EQ,,Unknown,0.0,0.0,0.0,0.0
9006,URSUGAR-RE,UR SUGAR INDUSTRIES LIMITED,INE904R20019,Unknown,Unknown,EQ,,Unknown,0.0,0.0,0.0,0.0
7447,URSUGAR,UR SUGAR INDUSTRIES LIMITED,INE904R01027,Unknown,Unknown,EQ,,Unknown,0.0,0.0,0.0,0.0
2407,URAVIDEF,Uravi Defence and Technology Limited,INE568Z01015,Unknown,Unknown,BE,2023-07-05,Unknown,0.0,0.0,0.0,0.0
2408,URBANCO,Urban Company Limited,INE0CAZ01013,Unknown,Unknown,EQ,2025-09-17,Unknown,0.0,0.0,0.0,0.0
9557,URJAPP,Urja Global Limited,IN9550C01028,Unknown,Unknown,EQ,,Unknown,0.0,0.0,0.0,0.0
8974,URJA-RE,Urja Global Limited,INE550C20012,Unknown,Unknown,EQ,,Unknown,0.0,0.0,0.0,0.0
2409,URJA,Urja Global Limited,INE550C01020,Unknown,Unknown,EQ,2017-03-28,Unknown,0.0,0.0,0.0,0.0
6751,USGTECH,USG Tech Solutions Ltd,INE718B01017,Unknown,Unknown,EQ,,Unknown,0.0,0.0,0.0,0.0
9493,VKSPP,USG Tech Solutions Ltd,IN9718B01015,Unknown,Unknown,EQ,,Unknown,0.0,0.0,0.0,0.0
3166,USHAINDIA,Usha (India) Limited,INE068A01019,Unknown,Unknown,EQ,,Unknown,0.0,0.0,0.0,0.0
8851,USHAINTL,Usha International Ltd.,INE717B01019,Unknown,Unknown,EQ,,Unknown,0.0,0.0,0.0,0.0
3167,USHAISPAT,Usha Ispat Limited,INE150A01015,Unknown,Unknown,EQ,,Unknown,0.0,0.0,0.0,0.0
2387,UMESLTD,Usha Martin Education & Solutions Limited,INE240C01028,Unknown,Unknown,EQ,2010-07-12,Unknown,0.0,0.0,0.0,0.0
2410,USHAMART,Usha Martin Limited,INE228A01035,Unknown,Unknown,EQ,2000-10-11,Unknown,0.0,0.0,0.0,0.0
3821,USHAKIRA,Ushakiran Finance Ltd.,INE697C01011,Unknown,Unknown,EQ,,Unknown,0.0,0.0,0.0,0.0
3877,USHDI,Ushdev International Ltd,INE981D01025,Unknown,Unknown,EQ,,Unknown,0.0,0.0,0.0,0.0
6862,USHERAGRO,Usher Agro Limited,INE235G01011,Unknown,Unknown,EQ,,Unknown,0.0,0.0,0.0,0.0
5048,UTLTD,UT Ltd.,INE487C01017,Unknown,Unknown,EQ,,Unknown,0.0,0.0,0.0,0.0
2412,UTIAMC,UTI Asset Management Company Limited,INE094J01016,Unknown,Unknown,EQ,2020-10-12,Unknown,0.0,0.0,0.0,0.0
8086,SNXT50BETA,UTI Mutual Fund,INF789F1AUU3,Unknown,Unknown,EQ,,Unknown,0.0,0.0,0.0,0.0
8837,NIF500BETA,UTI Mutual Fund,INF789F1AG76,Unknown,Unknown,EQ,,Unknown,0.0,0.0,0.0,0.0
7531,SENSEXBETA,UTI Mutual Fund,INF789FB1X58,Unknown,Unknown,EQ,,Unknown,0.0,0.0,0.0,0.0
7857,NEXT50BETA,UTI Mutual Fund,INF789F1AUW9,Unknown,Unknown,EQ,,Unknown,0.0,0.0,0.0,0.0
8209,BANKBETA,UTI Mutual Fund,INF789F1AUV1,Unknown,Unknown,EQ,,Unknown,0.0,0.0,0.0,0.0
8436,ITBETA,UTI Mutual Fund,INF789F1AZD8,Unknown,Unknown,EQ,,Unknown,0.0,0.0,0.0,0.0
7532,NIFTYBETA,UTI Mutual Fund,INF789F1AZC0,Unknown,Unknown,EQ,,Unknown,0.0,0.0,0.0,0.0
8400,MIDCAPBETA,UTI Mutual Fund,INF789F1AYX9,Unknown,Unknown,EQ,,Unknown,0.0,0.0,0.0,0.0
8878,UTISUNDER,UTI Mutual Fund - Permiited,INF789F01042,Unknown,Unknown,EQ,,Unknown,0.0,0.0,0.0,0.0
2990,UTIQUE,UTIQUE ENTERPRISES LIMITED,INE096A01010,Unknown,Unknown,EQ,,Unknown,0.0,0.0,0.0,0.0
2413,UTKARSHBNK,Utkarsh Small Finance Bank Limited,INE735W01017,Unknown,Unknown,EQ,2023-07-21,Unknown,0.0,0.0,0.0,0.0
9372,UTKAR-RE,UTKARSH SMALL FINANCE BANK LIMITED,INE735W20017,Unknown,Unknown,EQ,,Unknown,0.0,0.0,0.0,0.0
3163,UTLINDS,UTL Industries Limited,INE184E01024,Unknown,Unknown,EQ,,Unknown,0.0,0.0,0.0,0.0
4055,UTTAMSTL,Uttam Galva Steels Ltd.,INE699A01011,Unknown,Unknown,EQ,,Unknown,0.0,0.0,0.0,0.0
2415,UTTAMSUGAR,Uttam Sugar Mills Limited,INE786F01031,Unknown,Unknown,EQ,2006-04-10,Unknown,0.0,0.0,0.0,0.0
3090,UTTAMVALUE,Uttam Value Steels Limited,INE292A01023,Unknown,Unknown,EQ,,Unknown,0.0,0.0,0.0,0.0
6807,UTVSOF,UTV Software Communications Ltd.,INE507B01022,Unknown,Unknown,EQ,,Unknown,0.0,0.0,0.0,0.0
6361,UVS,UVS HOSPITALITY AND SERVICES LIMITED,INE528C01018,Unknown,Unknown,EQ,,Unknown,0.0,0.0,0.0,0.0
2449,VGUARD,V-Guard Industries Limited,INE951I01027,Unknown,Unknown,EQ,2008-03-13,Unknown,0.0,0.0,0.0,0.0
2489,VMART,V-Mart Retail Limited,INE665J01013,Unknown,Unknown,EQ,2013-02-20,Unknown,0.0,0.0,0.0,0.0
7462,VBIND,V B INDUSTRIES LIMITED,INE334E01017,Unknown,Unknown,EQ,,Unknown,0.0,0.0,0.0,0.0
8096,VRFILMS,V R FILMS & STUDIOS LIMITED,INE06LG01010,Unknown,Unknown,EQ,,Unknown,0.0,0.0,0.0,0.0
3757,VBDESAI,V.B.Desai Financial Services Ltd,INE848D01018,Unknown,Unknown,EQ,,Unknown,0.0,0.0,0.0,0.0
2503,VSTTILLERS,V.S.T Tillers Tractors Limited,INE764D01017,Unknown,Unknown,EQ,2011-06-20,Unknown,0.0,0.0,0.0,0.0
2417,V2RETAIL,V2 Retail Limited,INE945H01021,Unknown,Unknown,EQ,2007-07-04,Unknown,0.0,0.0,0.0,0.0
2509,WABAG,VA Tech Wabag Limited,INE956G01038,Unknown,Unknown,EQ,2010-10-13,Unknown,0.0,0.0,0.0,0.0
6707,VAARAD,Vaarad Ventures Ltd,INE418B01048,Unknown,Unknown,EQ,,Unknown,0.0,0.0,0.0,0.0
4421,VADIDAI,Vadilal Dairy International Ltd.,INE159T01016,Unknown,Unknown,EQ,,Unknown,0.0,0.0,0.0,0.0
2419,VADILENT,Vadilal Enterprises Limited,INE693D01018,Unknown,Unknown,EQ,2026-08-17,Unknown,0.0,0.0,0.0,0.0
2418,VADILALIND,Vadilal Industries Limited,INE694D01016,Unknown,Unknown,EQ,2011-06-15,Unknown,0.0,0.0,0.0,0.0
8775,VAHH,Vahh Chemicals Limited,INE0H3U01013,Unknown,Unknown,EQ,,Unknown,0.0,0.0,0.0,0.0
2420,VAIBHAVGBL,Vaibhav Global Limited,INE884A01027,Unknown,Unknown,EQ,2004-04-05,Unknown,0.0,0.0,0.0,0.0
2421,VAISHALI,Vaishali Pharma Limited,INE972X01022,Unknown,Unknown,EQ,2020-01-15,Unknown,0.0,0.0,0.0,0.0
8886,VAISHNAVI,Vaishnavi Gold Limited,INE535B01015,Unknown,Unknown,EQ,,Unknown,0.0,0.0,0.0,0.0
5061,VAICC,Vaishno Cement Co. Ltd.,INE116E01018,Unknown,Unknown,EQ,,Unknown,0.0,0.0,0.0,0.0
3170,VAJRABE,Vajra Bearings Ltd.,INE978B01017,Unknown,Unknown,EQ,,Unknown,0.0,0.0,0.0,0.0
2422,VAKRANGEE,Vakrangee Limited,INE051B01021,Unknown,Unknown,EQ,2006-04-03,Unknown,0.0,0.0,0.0,0.0
6745,VALECHAENG,Valecha Engineering Ltd.,INE624C01015,Unknown,Unknown,EQ,,Unknown,0.0,0.0,0.0,0.0
8578,VALINDIA,Valencia India Limited,INE130701019,Unknown,Unknown,EQ,,Unknown,0.0,0.0,0.0,0.0
8157,VALENCIA,Valencia Nutrition Limited,INE08RT01016,Unknown,Unknown,EQ,,Unknown,0.0,0.0,0.0,0.0
9160,VALENC-RE,Valencia Nutrition Limited,INE08RT20016,Unknown,Unknown,EQ,,Unknown,0.0,0.0,0.0,0.0
5023,VALIANT,Valiant Communications Ltd.,INE760B01019,Unknown,Unknown,EQ,,Unknown,0.0,0.0,0.0,0.0
9339,VALIANT-RE,Valiant Laboratories Limited,INE0JWS20017,Unknown,Unknown,EQ,,Unknown,0.0,0.0,0.0,0.0
2423,VALIANTLAB,Valiant Laboratories Limited,INE0JWS01017,Unknown,Unknown,BE,2023-10-06,Unknown,0.0,0.0,0.0,0.0
2424,VALIANTORG,Valiant Organics Limited,INE565V01010,Unknown,Unknown,BE,2021-07-23,Unknown,0.0,0.0,0.0,0.0
5196,VALLABH,Vallabh Poly-Plast International Lt,INE862K01014,Unknown,Unknown,EQ,,Unknown,0.0,0.0,0.0,0.0
4081,VALLABHSQ,Vallabh Steels ltd,INE457E01016,Unknown,Unknown,EQ,,Unknown,0.0,0.0,0.0,0.0
4140,VALLYAB,Valley Abresives Ltd.,INE904E01017,Unknown,Unknown,EQ,,Unknown,0.0,0.0,0.0,0.0
7603,VALLEY,Valley Magnesite Company Limited,INE834E01016,Unknown,Unknown,EQ,,Unknown,0.0,0.0,0.0,0.0
560,DBREALTY,Valor Estate Limited,INE879I01012,Unknown,Unknown,EQ,2010-02-24,Unknown,0.0,0.0,0.0,0.0
8647,VALPLAST,Valplast Technologies Limited,INE0QP701017,Unknown,Unknown,EQ,,Unknown,0.0,0.0,0.0,0.0
5215,VALSONQ,Valson Industries Ltd.,INE808A01018,Unknown,Unknown,EQ,,Unknown,0.0,0.0,0.0,0.0
3196,VALUEIND,Value Industries Limited,INE352A01017,Unknown,Unknown,EQ,,Unknown,0.0,0.0,0.0,0.0
6716,VALUEMART,Valuemart Info Technologies Ltd.,INE996A01029,Unknown,Unknown,EQ,,Unknown,0.0,0.0,0.0,0.0
3758,VALUEMAR,Valuemart Retail Solutions Limited,INE800F01014,Unknown,Unknown,EQ,,Unknown,0.0,0.0,0.0,0.0
3929,VAMA,Vama Industries Limited,INE685D01022,Unknown,Unknown,EQ,,Unknown,0.0,0.0,0.0,0.0
5188,VAMSHIRU,Vamshi Rubber Ltd.,INE380C01014,Unknown,Unknown,EQ,,Unknown,0.0,0.0,0.0,0.0
4484,VANASTEX,Vanasthali Textile Industries Ltd,INE698C01019,Unknown,Unknown,EQ,,Unknown,0.0,0.0,0.0,0.0
8581,VANDAN,VANDAN FOODS LIMITED,INE0RDJ01019,Unknown,Unknown,EQ,,Unknown,0.0,0.0,0.0,0.0
7380,VANICOM,Vani Commercials Limited,INE661Q01017,Unknown,Unknown,EQ,,Unknown,0.0,0.0,0.0,0.0
7882,VANTABIO,Vanta Bioscience Limited,INE695X01011,Unknown,Unknown,EQ,,Unknown,0.0,0.0,0.0,0.0
7648,VKAL,Vantage Knowledge Academy Limited,INE427T01025,Unknown,Unknown,EQ,,Unknown,0.0,0.0,0.0,0.0
6747,VANTEL,Vantel Technologies Ltd.,INE078B01016,Unknown,Unknown,EQ,,Unknown,0.0,0.0,0.0,0.0
3264,VAPIENTER,VAPI ENTERPRISE LIMITED,INE464D01014,Unknown,Unknown,EQ,,Unknown,0.0,0.0,0.0,0.0
4847,VARDHCH,Vardhaman Laboratories Ltd.,INE503F01014,Unknown,Unknown,EQ,,Unknown,0.0,0.0,0.0,0.0
4137,VARDWIR,Vardhaman Wires & Polymers Ltd.,INE157G01017,Unknown,Unknown,EQ,,Unknown,0.0,0.0,0.0,0.0
8163,VARDHANCFL,Vardhan Capital & Finance Limited,INE128G01018,Unknown,Unknown,EQ,,Unknown,0.0,0.0,0.0,0.0
2426,VARDHACRLC,Vardhman Acrylics Limited,INE116G01013,Unknown,Unknown,BE,2003-09-30,Unknown,0.0,0.0,0.0,0.0
6238,VARDHMAN,Vardhman Concrete Limited,INE115C01014,Unknown,Unknown,EQ,,Unknown,0.0,0.0,0.0,0.0
2450,VHL,Vardhman Holdings Limited,INE701A01023,Unknown,Unknown,EQ,2005-06-30,Unknown,0.0,0.0,0.0,0.0
4107,VARDHINDQ,Vardhman Industries Ltd,INE458E01014,Unknown,Unknown,EQ,,Unknown,0.0,0.0,0.0,0.0
2427,VARDMNPOLY,Vardhman Polytex Limited,INE835A01029,Unknown,Unknown,EQ,2003-05-12,Unknown,0.0,0.0,0.0,0.0
9221,VARDM-RE,Vardhman Polytex Ltd.,INE835A20011,Unknown,Unknown,EQ,,Unknown,0.0,0.0,0.0,0.0
2500,VSSL,Vardhman Special Steels Limited,INE050M01012,Unknown,Unknown,EQ,2012-05-17,Unknown,0.0,0.0,0.0,0.0
2504,VTL,Vardhman Textiles Limited,INE825A01020,Unknown,Unknown,EQ,2003-01-14,Unknown,0.0,0.0,0.0,0.0
7824,VARIMAN,VARIMAN GLOBAL ENTERPRISES LIMITED,INE717F01028,Unknown,Unknown,EQ,,Unknown,0.0,0.0,0.0,0.0
3540,VARACDM,Varinder Agro Chemicals Ltd.,INE200E01010,Unknown,Unknown,EQ,,Unknown,0.0,0.0,0.0,0.0
2428,VARROC,Varroc Engineering Limited,INE665L01035,Unknown,Unknown,EQ,2018-07-06,Unknown,0.0,0.0,0.0,0.0
2432,VBL,Varun Beverages Limited,INE200M01039,Unknown,Unknown,EQ,2016-11-08,Unknown,0.0,0.0,0.0,0.0
6921,VARUN,VARUN INDUSTRIES LIMITED,INE032G01012,Unknown,Unknown,EQ,,Unknown,0.0,0.0,0.0,0.0
4013,VARUNME,Varun Mercantile Ltd.,INE442U01014,Unknown,Unknown,EQ,,Unknown,0.0,0.0,0.0,0.0
9519,VARUNPP,Varun Shipping Co. Ltd.,IN9702A01029,Unknown,Unknown,EQ,,Unknown,0.0,0.0,0.0,0.0
3181,VARUNSHIP,Varun Shipping Co. Ltd.,INE702A01013,Unknown,Unknown,EQ,,Unknown,0.0,0.0,0.0,0.0
2448,VGL,VARVEE GLOBAL LIMITED,INE273D01027,Unknown,Unknown,EQ,2006-11-21,Unknown,0.0,0.0,0.0,0.0
8458,VARYAA,VARYAA CREATIONS LIMITED,INE0R6801013,Unknown,Unknown,EQ,,Unknown,0.0,0.0,0.0,0.0
6313,VASINFRA,Vas Infrastructure  Ltd.,INE192C01013,Unknown,Unknown,EQ,,Unknown,0.0,0.0,0.0,0.0
2429,VASCONEQ,Vascon Engineers Limited,INE893I01013,Unknown,Unknown,EQ,2010-02-15,Unknown,0.0,0.0,0.0,0.0
8617,VASHISHTHA,VASHISHTHA LUXURY FASHION LIMITED,INE0WRP01016,Unknown,Unknown,EQ,,Unknown,0.0,0.0,0.0,0.0
4668,VASHISTIDET,Vashisti Detergents Ltd,INE330A01013,Unknown,Unknown,EQ,,Unknown,0.0,0.0,0.0,0.0
6576,POOJAENT,VASHU BHAGNANI INDUSTRIES LIMITED,INE147C01017,Unknown,Unknown,EQ,,Unknown,0.0,0.0,0.0,0.0
7526,VASUDHAGAM,Vasudhagama Enterprises Limited,INE583K01016,Unknown,Unknown,EQ,,Unknown,0.0,0.0,0.0,0.0
7288,VRL,Vasundhara Rasayans Ltd.,INE406F01010,Unknown,Unknown,EQ,,Unknown,0.0,0.0,0.0,0.0
2431,VASWANI,Vaswani Industries Limited,INE590L01019,Unknown,Unknown,EQ,2011-09-20,Unknown,0.0,0.0,0.0,0.0
3794,VATCO,Vatsa Corporations Ltd.,INE522B01013,Unknown,Unknown,EQ,,Unknown,0.0,0.0,0.0,0.0
3936,VATSAEDU,Vatsa Educations Ltd.,INE815A01021,Unknown,Unknown,EQ,,Unknown,0.0,0.0,0.0,0.0
6504,VATSAMUS,Vatsa Music Ltd,INE816A01011,Unknown,Unknown,EQ,,Unknown,0.0,0.0,0.0,0.0
6359,VAXHS,Vax Housing Finance Corporation Ltd,INE761B01017,Unknown,Unknown,EQ,,Unknown,0.0,0.0,0.0,0.0
9076,VEL-RE,Vaxfab Enterprises Limited,INE560T20015,Unknown,Unknown,EQ,,Unknown,0.0,0.0,0.0,0.0
8119,VEL,Vaxfab Enterprises Limited,INE560T01015,Unknown,Unknown,EQ,,Unknown,0.0,0.0,0.0,0.0
2433,VCL,Vaxtex Cotfab Limited,INE098201036,Unknown,Unknown,BE,2022-04-19,Unknown,0.0,0.0,0.0,0.0
4751,VBCIND,VBC Industries Ltd,INE809C01012,Unknown,Unknown,EQ,,Unknown,0.0,0.0,0.0,0.0
4531,VCCLLTD,VCCL Ltd.,INE460E01010,Unknown,Unknown,EQ,,Unknown,0.0,0.0,0.0,0.0
7134,VCU,VCU Data Management Limited,INE962O01014,Unknown,Unknown,EQ,,Unknown,0.0,0.0,0.0,0.0
8324,VEDANTASSET,VEDANT ASSET LIMITED,INE0NC801013,Unknown,Unknown,EQ,,Unknown,0.0,0.0,0.0,0.0
1393,MANYAVAR,Vedant Fashions Limited,INE825V01034,Unknown,Unknown,EQ,2022-02-16,Unknown,0.0,0.0,0.0,0.0
2425,VAML,Vedanta Aluminium Metal Limited,INE1CDF01017,Unknown,Unknown,EQ,2026-06-15,Unknown,0.0,0.0,0.0,0.0
2480,VISL,Vedanta Iron and Steel Limited,INE1CLE01013,Unknown,Unknown,EQ,2026-06-15,Unknown,0.0,0.0,0.0,0.0
2435,VEDL,Vedanta Limited,INE205A01025,Unknown,Unknown,EQ,1998-05-13,Unknown,0.0,0.0,0.0,0.0
2493,VOGL,Vedanta Oil and Gas Limited,INE704J01044,Unknown,Unknown,EQ,2026-06-15,Unknown,0.0,0.0,0.0,0.0
2436,VEDPOWER,Vedanta Power Limited,INE694L01019,Unknown,Unknown,EQ,2026-06-15,Unknown,0.0,0.0,0.0,0.0
2434,VEDAVAAG,VEDAVAAG Systems Limited,INE359B01010,Unknown,Unknown,EQ,2026-08-17,Unknown,0.0,0.0,0.0,0.0
7792,VEDIC,VEDIC AYURVEDA LIMITED,INE081R01016,Unknown,Unknown,EQ,,Unknown,0.0,0.0,0.0,0.0
2437,VEEDOL,Veedol Corporation Limited,INE484C01030,Unknown,Unknown,EQ,2007-01-16,Unknown,0.0,0.0,0.0,0.0
8382,VEEFIN,VEEFIN SOLUTIONS LIMITED,INE0Q0M01015,Unknown,Unknown,EQ,,Unknown,0.0,0.0,0.0,0.0
4571,VJLAXMIE,Veejay Lakshmi Engineering Works Lt,INE466D01019,Unknown,Unknown,EQ,,Unknown,0.0,0.0,0.0,0.0
4480,VEENATX,Veena Textile Ltd,INE728E01010,Unknown,Unknown,EQ,,Unknown,0.0,0.0,0.0,0.0
3292,VEERENRGY,Veer Energy & Infrastructure Limited,INE255E01030,Unknown,Unknown,EQ,,Unknown,0.0,0.0,0.0,0.0
8212,VGIL,Veer Global Infraconstruction Limited,INE244W01010,Unknown,Unknown,EQ,,Unknown,0.0,0.0,0.0,0.0
9016,VEERGIL-RE,Veer Global Infraconstruction Limited,INE244W20010,Unknown,Unknown,EQ,,Unknown,0.0,0.0,0.0,0.0
9092,VEERGL-RE,Veer Global Infraconstruction Limited,INE244W20028,Unknown,Unknown,EQ,,Unknown,0.0,0.0,0.0,0.0
3823,VEERHEALTH,Veerhealth Care Limited,INE882C01035,Unknown,Unknown,EQ,,Unknown,0.0,0.0,0.0,0.0
8296,VEERKRUPA,Veerkrupa Jewellers Limited,INE0ID001024,Unknown,Unknown,EQ,,Unknown,0.0,0.0,0.0,0.0
3895,VEGA,VEGA JEWELLERS LIMITED,INE603D01017,Unknown,Unknown,EQ,,Unknown,0.0,0.0,0.0,0.0
4376,VGPRFOO,Vegepro Foods & Feeds Ltd.,INE155O01015,Unknown,Unknown,EQ,,Unknown,0.0,0.0,0.0,0.0
8763,VPAL,Vegorama Punjabi Angithi Limited,INE1L3801017,Unknown,Unknown,EQ,,Unknown,0.0,0.0,0.0,0.0
5020,VELHO,Velan Hotels Ltd.,INE548D01014,Unknown,Unknown,EQ,,Unknown,0.0,0.0,0.0,0.0
2438,VELJAN,Veljan Denison Limited,INE232E01013,Unknown,Unknown,BE,2026-04-20,Unknown,0.0,0.0,0.0,0.0
5490,VELLORA,VELLORA IMPACT LIMITED,INE530D01012,Unknown,Unknown,EQ,,Unknown,0.0,0.0,0.0,0.0
3495,VELOX,Velox Shipping and Logistics Limited,INE092P01017,Unknown,Unknown,EQ,,Unknown,0.0,0.0,0.0,0.0
4785,VELVINT,Velvette International Pharma Produ,INE042F01013,Unknown,Unknown,EQ,,Unknown,0.0,0.0,0.0,0.0
6620,VENKPHR,Venkat Pharma Ltd.,INE346F01018,Unknown,Unknown,EQ,,Unknown,0.0,0.0,0.0,0.0
2439,VENKEYS,Venky's (India) Limited,INE398A01010,Unknown,Unknown,EQ,2003-07-28,Unknown,0.0,0.0,0.0,0.0
4719,VENLONENT,Venlon Enterprises Ltd.,INE204D01022,Unknown,Unknown,EQ,,Unknown,0.0,0.0,0.0,0.0
5383,VENMAX,Venmax Drugs And Pharmaceuticals Ltd,INE154G01022,Unknown,Unknown,EQ,,Unknown,0.0,0.0,0.0,0.0
2440,VENTIVE,Ventive Hospitality Limited,INE781S01027,Unknown,Unknown,EQ,2024-12-30,Unknown,0.0,0.0,0.0,0.0
6245,VENTRON,Ventron Polymers Ltd.,INE316C01018,Unknown,Unknown,EQ,,Unknown,0.0,0.0,0.0,0.0
3900,SHYAM,Ventura Guaranty Ltd.,INE139J01019,Unknown,Unknown,EQ,,Unknown,0.0,0.0,0.0,0.0
4260,VENTURA,Ventura Textiles Ltd.,INE810C01044,Unknown,Unknown,EQ,,Unknown,0.0,0.0,0.0,0.0
2441,VENUSPIPES,Venus Pipes & Tubes Limited,INE0JA001018,Unknown,Unknown,EQ,2022-05-24,Unknown,0.0,0.0,0.0,0.0
6490,VENUSPOWR,Venus Power Ventures (India) Ltd,INE836G01016,Unknown,Unknown,EQ,,Unknown,0.0,0.0,0.0,0.0
2442,VENUSREM,Venus Remedies Limited,INE411B01019,Unknown,Unknown,BE,2006-12-20,Unknown,0.0,0.0,0.0,0.0
3575,VENUSUG,Venus Sugar Ltd,INE972B01010,Unknown,Unknown,EQ,,Unknown,0.0,0.0,0.0,0.0
5305,VENUSUNI,Venus Universal Ltd,INE381C01020,Unknown,Unknown,EQ,,Unknown,0.0,0.0,0.0,0.0
2443,VERANDA,Veranda Learning Solutions Limited,INE0IQ001011,Unknown,Unknown,EQ,2022-04-11,Unknown,0.0,0.0,0.0,0.0
3943,VERITAS,Veritas (India) Limited,INE379J01029,Unknown,Unknown,EQ,,Unknown,0.0,0.0,0.0,0.0
4848,VEROLAB,Veronica Laboratories Ltd.,INE994A01016,Unknown,Unknown,EQ,,Unknown,0.0,0.0,0.0,0.0
6393,VERONICAPRO,Veronica Production Limited,INE008M01044,Unknown,Unknown,EQ,,Unknown,0.0,0.0,0.0,0.0
9426,VERTEX-RE,Vertex Securities Ltd.,INE316D20016,Unknown,Unknown,EQ,,Unknown,0.0,0.0,0.0,0.0
9639,VERTEXPP,Vertex Securities Ltd.,IN9316D01014,Unknown,Unknown,EQ,,Unknown,0.0,0.0,0.0,0.0
6543,VERTEX,Vertex Securities Ltd.,INE316D01024,Unknown,Unknown,EQ,,Unknown,0.0,0.0,0.0,0.0
6298,VERTEXSPG,Vertex Spinning Limited,INE863F01038,Unknown,Unknown,EQ,,Unknown,0.0,0.0,0.0,0.0
4239,VERTICLIND,Vertical Industries Limited,INE247Q01015,Unknown,Unknown,EQ,,Unknown,0.0,0.0,0.0,0.0
2444,VERTOZ,Vertoz Limited,INE188Y01031,Unknown,Unknown,EQ,2020-05-14,Unknown,0.0,0.0,0.0,0.0
2445,VESUVIUS,Vesuvius India Limited,INE386A01023,Unknown,Unknown,EQ,2002-10-04,Unknown,0.0,0.0,0.0,0.0
2446,VETO,Veto Switchgears And Cables Limited,INE918N01018,Unknown,Unknown,BE,2015-04-29,Unknown,0.0,0.0,0.0,0.0
4565,VHCLINDUS,VHCL Industries Limited,INE674D01026,Unknown,Unknown,EQ,,Unknown,0.0,0.0,0.0,0.0
7168,VIAANINDUS,Viaan Industries Limited,INE324N01027,Unknown,Unknown,EQ,,Unknown,0.0,0.0,0.0,0.0
2502,VSTL,Vibhor Steel Tubes Limited,INE0QTF01015,Unknown,Unknown,EQ,2024-02-20,Unknown,0.0,0.0,0.0,0.0
2447,VGCL,Vibrant Global Capital Limited,INE761Q01015,Unknown,Unknown,EQ,2026-08-17,Unknown,0.0,0.0,0.0,0.0
5225,VIBROSO,Vibros Organics ltd.,INE162Q01016,Unknown,Unknown,EQ,,Unknown,0.0,0.0,0.0,0.0
2451,VHLTD,Viceroy Hotels Limited,INE048C01025,Unknown,Unknown,BE,2024-04-03,Unknown,0.0,0.0,0.0,0.0
2452,VHLTD-RE1,Viceroy Hotels Ltd-RE,INE048C20025,Unknown,Unknown,BE,2026-09-03,Unknown,0.0,0.0,0.0,0.0
9255,VHLTD-RE,Viceroy Hotels Ltd.,INE048C20017,Unknown,Unknown,EQ,,Unknown,0.0,0.0,0.0,0.0
3478,VICTENT,Victoria Enterprises Limited,INE082E01012,Unknown,Unknown,EQ,,Unknown,0.0,0.0,0.0,0.0
3283,VICTMILL,Victoria Mills Ltd.,INE203D01016,Unknown,Unknown,EQ,,Unknown,0.0,0.0,0.0,0.0
4233,VICGLSS,Victory Glass & Industries Ltd.,INE512E01018,Unknown,Unknown,EQ,,Unknown,0.0,0.0,0.0,0.0
3399,VIDIRMT,Vidarbha Iron & Steel Corpn. Ltd.,INE392D01017,Unknown,Unknown,EQ,,Unknown,0.0,0.0,0.0,0.0
9542,VIDEOCONPP,Videocon Industries Ltd.,IN9703A01019,Unknown,Unknown,EQ,,Unknown,0.0,0.0,0.0,0.0
3798,VIDEOIND,Videocon Industries Ltd.,INE703A01011,Unknown,Unknown,EQ,,Unknown,0.0,0.0,0.0,0.0
3197,VIDEOCONINT,Videocon International Ltd.,INE341A01010,Unknown,Unknown,EQ,,Unknown,0.0,0.0,0.0,0.0
2453,VIDHIING,Vidhi Specialty Food Ingredients Limited,INE632C01026,Unknown,Unknown,EQ,2016-03-02,Unknown,0.0,0.0,0.0,0.0
2454,VIDYAWIRES,Vidya Wires Limited,INE14UN01029,Unknown,Unknown,EQ,2025-12-10,Unknown,0.0,0.0,0.0,0.0
4299,VIJAYIND,Vijay Industries & Projects Ltd.,INE226D01017,Unknown,Unknown,EQ,,Unknown,0.0,0.0,0.0,0.0
4681,VIJSHAN,Vijay Shanthi Builders Ltd,INE806F01011,Unknown,Unknown,EQ,,Unknown,0.0,0.0,0.0,0.0
2457,VIJSOLX,Vijay Solvex Limited,INE362D01010,Unknown,Unknown,EQ,2026-08-17,Unknown,0.0,0.0,0.0,0.0
5119,VIJAYTX,Vijay Textiles Ltd.,INE256G01033,Unknown,Unknown,EQ,,Unknown,0.0,0.0,0.0,0.0
6750,VIJAYABANK,Vijaya Bank,INE705A01016,Unknown,Unknown,EQ,,Unknown,0.0,0.0,0.0,0.0
2455,VIJAYA,Vijaya Diagnostic Centre Limited,INE043W01024,Unknown,Unknown,EQ,2021-09-14,Unknown,0.0,0.0,0.0,0.0
2456,VIJIFIN,Viji Finance Limited,INE159N01027,Unknown,Unknown,BE,2016-07-11,Unknown,0.0,0.0,0.0,0.0
9188,VIJIFI-RE,VIJI FINANCE LIMITED,INE159N20019,Unknown,Unknown,EQ,,Unknown,0.0,0.0,0.0,0.0
5534,VIKALPS,Vikalp Securities Ltd.,INE186E01011,Unknown,Unknown,EQ,,Unknown,0.0,0.0,0.0,0.0
2458,VIKASECO,Vikas EcoTech Limited,INE806A01020,Unknown,Unknown,EQ,2011-12-12,Unknown,0.0,0.0,0.0,0.0
9008,VECO-RE1,Vikas EcoTech Limited,INE806A20020,Unknown,Unknown,EQ,,Unknown,0.0,0.0,0.0,0.0
8985,VECO-RE,Vikas EcoTech Limited,INE806A20012,Unknown,Unknown,EQ,,Unknown,0.0,0.0,0.0,0.0
9567,VECOPP,Vikas EcoTech Limited,IN9806A01010,Unknown,Unknown,EQ,,Unknown,0.0,0.0,0.0,0.0
2459,VIKASLIFE,Vikas Lifecare Limited,INE161L01027,Unknown,Unknown,EQ,2019-05-08,Unknown,0.0,0.0,0.0,0.0
8984,VLIFE-RE,VIKAS LIFECARE LIMITED,INE161L20019,Unknown,Unknown,EQ,,Unknown,0.0,0.0,0.0,0.0
8999,VLIFE-RE1,VIKAS LIFECARE LIMITED,INE161L20027,Unknown,Unknown,EQ,,Unknown,0.0,0.0,0.0,0.0
9565,VLIFEPP,VIKAS LIFECARE LIMITED,IN9161L01017,Unknown,Unknown,EQ,,Unknown,0.0,0.0,0.0,0.0
6278,VIKASPROP,VIKAS PROPPANT & GRANITE LTD.,INE767B01022,Unknown,Unknown,EQ,,Unknown,0.0,0.0,0.0,0.0
4402,VIKASWSP,Vikas WSP Ltd.,INE706A01022,Unknown,Unknown,EQ,,Unknown,0.0,0.0,0.0,0.0
6829,VIKASHMET,VIKASH METAL AND POWER LTD.,INE158H01013,Unknown,Unknown,EQ,,Unknown,0.0,0.0,0.0,0.0
8547,VIKRAMAR,VIKRAM AROMA LIMITED,INE0NR501012,Unknown,Unknown,EQ,,Unknown,0.0,0.0,0.0,0.0
9018,VIDLI-RE,VIKRAM KAMATS HOSPITALITY LIMITED,INE564S20019,Unknown,Unknown,EQ,,Unknown,0.0,0.0,0.0,0.0
7628,KAMATS,VIKRAM KAMATS HOSPITALITY LIMITED,INE564S01019,Unknown,Unknown,EQ,,Unknown,0.0,0.0,0.0,0.0
9568,VIDLIPP,VIKRAM KAMATS HOSPITALITY LIMITED,IN9564S01017,Unknown,Unknown,EQ,,Unknown,0.0,0.0,0.0,0.0
2460,VIKRAMSOLR,Vikram Solar Limited,INE078V01014,Unknown,Unknown,EQ,2025-08-26,Unknown,0.0,0.0,0.0,0.0
5221,VIKRAMTH,Vikram Thermo (India) Ltd.,INE337E01010,Unknown,Unknown,EQ,,Unknown,0.0,0.0,0.0,0.0
2461,VIKRAN,Vikran Engineering Limited,INE01R501028,Unknown,Unknown,EQ,2025-09-03,Unknown,0.0,0.0,0.0,0.0
3697,VIKTY,Vikrant Tyres Ltd.,INE234D01011,Unknown,Unknown,EQ,,Unknown,0.0,0.0,0.0,0.0
3499,VIKSHEN,Viksit Engineering Ltd,INE965V01020,Unknown,Unknown,EQ,,Unknown,0.0,0.0,0.0,0.0
4412,VIMALOIL,Vimal Oil & Foods Ltd.,INE067D01015,Unknown,Unknown,EQ,,Unknown,0.0,0.0,0.0,0.0
2462,VIMTALABS,Vimta Labs Limited,INE579C01029,Unknown,Unknown,EQ,2005-12-15,Unknown,0.0,0.0,0.0,0.0
2463,VINATIORGA,Vinati Organics Limited,INE410B01037,Unknown,Unknown,EQ,2009-07-28,Unknown,0.0,0.0,0.0,0.0
4363,VINAYCEM,Vinay Cements Ltd.,INE534C01016,Unknown,Unknown,EQ,,Unknown,0.0,0.0,0.0,0.0
7073,VINAYAKPOL,VINAYAK POLYCON INTERNATIONAL LIMITED,INE581M01016,Unknown,Unknown,EQ,,Unknown,0.0,0.0,0.0,0.0
4014,VINVANI,Vinayak Vanijya Ltd.,INE132V01019,Unknown,Unknown,EQ,,Unknown,0.0,0.0,0.0,0.0
2465,VINDHYATEL,Vindhya Telelinks Limited,INE707A01012,Unknown,Unknown,EQ,1995-02-08,Unknown,0.0,0.0,0.0,0.0
9395,VINEET-RE,Vineet Laboratories Limited,INE505Y20010,Unknown,Unknown,EQ,,Unknown,0.0,0.0,0.0,0.0
2466,VINEETLAB,Vineet Laboratories Limited,INE505Y01010,Unknown,Unknown,EQ,2021-06-15,Unknown,0.0,0.0,0.0,0.0
2467,VINNY,Vinny Overseas Limited,INE01KI01027,Unknown,Unknown,EQ,2022-11-28,Unknown,0.0,0.0,0.0,0.0
9215,VINNY-RE,VINNY OVERSEAS LIMITED,INE01KI20019,Unknown,Unknown,EQ,,Unknown,0.0,0.0,0.0,0.0
6730,VINCARDS,Vintage Cards & Creations Ltd.,INE810A01022,Unknown,Unknown,EQ,,Unknown,0.0,0.0,0.0,0.0
2464,VINCOFE,Vintage Coffee And Beverages Limited,INE498Q01014,Unknown,Unknown,EQ,2024-10-18,Unknown,0.0,0.0,0.0,0.0
9119,VINCOFE -RE,VINTAGE COFFEE AND BEVERAGES LIMITED,INE498Q20014,Unknown,Unknown,EQ,,Unknown,0.0,0.0,0.0,0.0
5394,VINTAGES,Vintage Securities Ltd.,INE153C01015,Unknown,Unknown,EQ,,Unknown,0.0,0.0,0.0,0.0
2468,VINYLINDIA,Vinyl Chemicals (India) Limited,INE250B01029,Unknown,Unknown,EQ,2008-07-21,Unknown,0.0,0.0,0.0,0.0
5195,VINYOFL,Vinyoflex Ltd.,INE526H01011,Unknown,Unknown,EQ,,Unknown,0.0,0.0,0.0,0.0
2469,VIPCLOTHNG,VIP Clothing Limited,INE450G01024,Unknown,Unknown,EQ,2007-08-06,Unknown,0.0,0.0,0.0,0.0
2470,VIPIND,VIP Industries Limited,INE054A01027,Unknown,Unknown,EQ,2005-03-02,Unknown,0.0,0.0,0.0,0.0
4372,VIPPY,Vippy Industries Ltd.,INE187E01027,Unknown,Unknown,EQ,,Unknown,0.0,0.0,0.0,0.0
4186,VIPPYSP,Vippy Spinpro Ltd.,INE660D01017,Unknown,Unknown,EQ,,Unknown,0.0,0.0,0.0,0.0
2471,VIPULLTD,Vipul Limited,INE946H01037,Unknown,Unknown,BE,2015-04-23,Unknown,0.0,0.0,0.0,0.0
5262,VIPULORG,Vipul Organics Limited,INE834D01018,Unknown,Unknown,EQ,,Unknown,0.0,0.0,0.0,0.0
9286,VIPUL-RE,Vipul Organics Limited,INE834D20018,Unknown,Unknown,EQ,,Unknown,0.0,0.0,0.0,0.0
4889,VIRALSYN,Viral Syntex Ltd.,INE415C01018,Unknown,Unknown,EQ,,Unknown,0.0,0.0,0.0,0.0
9399,VSL-RE,Viram Suvarn Limited,INE607V20010,Unknown,Unknown,EQ,,Unknown,0.0,0.0,0.0,0.0
7761,VSL,Viram Suvarn Limited,INE607V01028,Unknown,Unknown,EQ,,Unknown,0.0,0.0,0.0,0.0
4423,VIRATCRA,Virat Crane Industries Ltd,INE295C01014,Unknown,Unknown,EQ,,Unknown,0.0,0.0,0.0,0.0
2472,VIRAT,Virat Industries Limited,INE467D01017,Unknown,Unknown,EQ,2026-08-17,Unknown,0.0,0.0,0.0,0.0
7478,VLL,Virat Leasing Limited,INE347L01022,Unknown,Unknown,EQ,,Unknown,0.0,0.0,0.0,0.0
6726,VIRGOGLOB,Virgo Global Limited,INE400B01020,Unknown,Unknown,EQ,,Unknown,0.0,0.0,0.0,0.0
5507,VIRPOLY,Virgo Polymers (India) Ltd.,INE464H01015,Unknown,Unknown,EQ,,Unknown,0.0,0.0,0.0,0.0
2473,VIRINCHI,Virinchi Limited,INE539B01017,Unknown,Unknown,EQ,2023-05-03,Unknown,0.0,0.0,0.0,0.0
2474,VIRTUALG,Virtual Global Education Limited,INE247C01023,Unknown,Unknown,BE,2026-08-17,Unknown,0.0,0.0,0.0,0.0
2492,VOEPL,Virtuoso Optoelectronics Limited,INE0I0T01010,Unknown,Unknown,EQ,2026-07-01,Unknown,0.0,0.0,0.0,0.0
4004,VIRYA,VIRYA RESOURCES LIMITED,INE661K01010,Unknown,Unknown,EQ,,Unknown,0.0,0.0,0.0,0.0
2475,VISACHROME,VISA Chrome Limited,INE286H01012,Unknown,Unknown,EQ,2006-03-17,Unknown,0.0,0.0,0.0,0.0
5386,VISAGAR,Visagar Financial Services Ltd,INE309H01038,Unknown,Unknown,EQ,,Unknown,0.0,0.0,0.0,0.0
9074,VISAGAR-RE,Visagar Financial Services Ltd,INE309H20012,Unknown,Unknown,EQ,,Unknown,0.0,0.0,0.0,0.0
2483,VIVIDHA,Visagar Polytex Limited,INE370E01029,Unknown,Unknown,EQ,2013-05-21,Unknown,0.0,0.0,0.0,0.0
2476,VISAKAIND,Visaka Industries Limited,INE392A01021,Unknown,Unknown,EQ,1996-08-28,Unknown,0.0,0.0,0.0,0.0
6756,VISESHINFO,Visesh Infotecnics Ltd.,INE861A01058,Unknown,Unknown,EQ,,Unknown,0.0,0.0,0.0,0.0
7556,VISHALBL,Vishal Bearings Limited,INE060T01024,Unknown,Unknown,EQ,,Unknown,0.0,0.0,0.0,0.0
6806,VISHALEXPO,Vishal Exports Overseas Ltd.,INE167C01023,Unknown,Unknown,EQ,,Unknown,0.0,0.0,0.0,0.0
2477,VISHAL,Vishal Fabrics Limited,INE755Q01025,Unknown,Unknown,EQ,2026-08-17,Unknown,0.0,0.0,0.0,0.0
3465,VISHMEL,Vishal Malleables Ltd.,INE661G01018,Unknown,Unknown,EQ,,Unknown,0.0,0.0,0.0,0.0
2490,VMM,Vishal Mega Mart Limited,INE01EA01019,Unknown,Unknown,EQ,2024-12-18,Unknown,0.0,0.0,0.0,0.0
2478,VISHNU,Vishnu Chemicals Limited,INE270I01022,Unknown,Unknown,EQ,2015-03-05,Unknown,0.0,0.0,0.0,0.0
2497,VPRPL,Vishnu Prakash R Punglia Limited,INE0AE001013,Unknown,Unknown,EQ,2023-09-05,Unknown,0.0,0.0,0.0,0.0
3567,VISHNSG,Vishnu Sugar Mills Ltd.,INE211K01014,Unknown,Unknown,EQ,,Unknown,0.0,0.0,0.0,0.0
3905,VISJYTR,Vishvjyoti Trading Ltd.,INE025N01020,Unknown,Unknown,EQ,,Unknown,0.0,0.0,0.0,0.0
3903,VISVEN,VISHVPRABHA VENTURES LIMITED,INE762D01011,Unknown,Unknown,EQ,,Unknown,0.0,0.0,0.0,0.0
9010,VISVENL-RE,VISHVPRABHA VENTURES LIMITED,INE762D20011,Unknown,Unknown,EQ,,Unknown,0.0,0.0,0.0,0.0
9210,VISVEN-RE,VISHVPRABHA VENTURES LIMITED,INE762D20029,Unknown,Unknown,EQ,,Unknown,0.0,0.0,0.0,0.0
3791,VISHWAFIN,Vishwamitra Financial Services Limited,INE002I01011,Unknown,Unknown,EQ,,Unknown,0.0,0.0,0.0,0.0
2479,VISHWARAJ,Vishwaraj Sugar Industries Limited,INE430N01022,Unknown,Unknown,EQ,2019-10-15,Unknown,0.0,0.0,0.0,0.0
4114,VISHWAST,Vishwas Steels Ltd.,INE014C01019,Unknown,Unknown,EQ,,Unknown,0.0,0.0,0.0,0.0
4933,VISIONCINE,Vision Cinemas Limited,INE515B01025,Unknown,Unknown,EQ,,Unknown,0.0,0.0,0.0,0.0
6370,VISIONCO,Vision Corporation Ltd.,INE661D01015,Unknown,Unknown,EQ,,Unknown,0.0,0.0,0.0,0.0
6742,VISIONLTD,Vision Organics Ltd,INE514B01010,Unknown,Unknown,EQ,,Unknown,0.0,0.0,0.0,0.0
9489,VISPP,Vision Organics Ltd,IN9514B01018,Unknown,Unknown,EQ,,Unknown,0.0,0.0,0.0,0.0
4827,VISTAPH,Vista Pharmaceuticals Ltd.,INE427C01021,Unknown,Unknown,EQ,,Unknown,0.0,0.0,0.0,0.0
7263,VISTARAMAR,Vistar Amar Limited,INE878P01019,Unknown,Unknown,EQ,,Unknown,0.0,0.0,0.0,0.0
9258,VISTA-RE,Vistar Amar Limited,INE878P20019,Unknown,Unknown,EQ,,Unknown,0.0,0.0,0.0,0.0
8858,VISUINTL,VISU INTERNATIONAL lTD.,INE965A01016,Unknown,Unknown,EQ,,Unknown,0.0,0.0,0.0,0.0
6668,VISUALSOFT,Visualsoft Technologies Ltd.,INE755A01011,Unknown,Unknown,EQ,,Unknown,0.0,0.0,0.0,0.0
2481,VITAL,Vital Chemtech Limited,INE0L4K01016,Unknown,Unknown,EQ,2026-03-11,Unknown,0.0,0.0,0.0,0.0
6709,VITALCOMM,Vital Communications Ltd.,INE377B01012,Unknown,Unknown,EQ,,Unknown,0.0,0.0,0.0,0.0
7258,VITANAGRO,Vitan Agro Industries Limited,INE186Q01023,Unknown,Unknown,EQ,,Unknown,0.0,0.0,0.0,0.0
7924,VITESSE,Vitesse Agro Limited,INE550U01014,Unknown,Unknown,EQ,,Unknown,0.0,0.0,0.0,0.0
8410,VIVAA,Vivaa Tradecom Limited,INE0PA601017,Unknown,Unknown,EQ,,Unknown,0.0,0.0,0.0,0.0
8026,VIVANTA,Vivanta Industries Limited,INE299W01022,Unknown,Unknown,EQ,,Unknown,0.0,0.0,0.0,0.0
5093,VIVANZA,Vivanza Biosciences Limited,INE984E01035,Unknown,Unknown,EQ,,Unknown,0.0,0.0,0.0,0.0
2482,VIVIANA,Viviana Power Tech Limited,INE0MEG01014,Unknown,Unknown,BE,2026-06-02,Unknown,0.0,0.0,0.0,0.0
4793,VIVIDIND,Vivid Global Industries Limited,INE737C01023,Unknown,Unknown,EQ,,Unknown,0.0,0.0,0.0,0.0
8060,VIVIDM,VIVID MERCANTILE LIMITED,INE647Z01025,Unknown,Unknown,EQ,,Unknown,0.0,0.0,0.0,0.0
2484,VIVIMEDLAB,Vivimed Labs Limited,INE526G01021,Unknown,Unknown,BE,2005-08-17,Unknown,0.0,0.0,0.0,0.0
2485,VIVOBIOT,Vivo Bio Tech Limited,INE380K01017,Unknown,Unknown,EQ,2026-08-17,Unknown,0.0,0.0,0.0,0.0
2486,VIYASH,Viyash Scientific Limited,INE807F01027,Unknown,Unknown,EQ,2016-03-10,Unknown,0.0,0.0,0.0,0.0
8952,PIDRUGOCPS,VIYASH SCIENTIFIC LIMITED,INE807F03015,Unknown,Unknown,EQ,,Unknown,0.0,0.0,0.0,0.0
3679,VJTFEDU,VJTF Eduservices Limited,INE117F01013,Unknown,Unknown,EQ,,Unknown,0.0,0.0,0.0,0.0
5131,VKGLOBAL,VK Global Industries Limited,INE758B01013,Unknown,Unknown,EQ,,Unknown,0.0,0.0,0.0,0.0
7123,VKJINFRA,VKJ Infradevelopers Limited,INE211P01021,Unknown,Unknown,EQ,,Unknown,0.0,0.0,0.0,0.0
7070,VKSPL,VKS Projects Ltd,INE213M01024,Unknown,Unknown,EQ,,Unknown,0.0,0.0,0.0,0.0
2487,VLEGOV,VL E-Governance & IT Solutions Limited,INE03HW01020,Unknown,Unknown,BE,2023-08-14,Unknown,0.0,0.0,0.0,0.0
2488,VLSFINANCE,VLS Finance Limited,INE709A01018,Unknown,Unknown,EQ,1995-05-25,Unknown,0.0,0.0,0.0,0.0
7044,VMS,VMS INDUSTRIES LIMITED,INE932K01015,Unknown,Unknown,EQ,,Unknown,0.0,0.0,0.0,0.0
9177,VMS-RE,VMS INDUSTRIES LIMITED,INE932K20015,Unknown,Unknown,EQ,,Unknown,0.0,0.0,0.0,0.0
2491,VMSTMT,VMS TMT Limited,INE0SJA01013,Unknown,Unknown,EQ,2025-09-24,Unknown,0.0,0.0,0.0,0.0
1000,IDEA,Vodafone Idea Limited,INE669E01016,Unknown,Unknown,EQ,2007-03-09,Unknown,0.0,0.0,0.0,0.0
5249,VOGUETEX,Vogue Textiles Ltd.,INE047F01012,Unknown,Unknown,EQ,,Unknown,0.0,0.0,0.0,0.0
2494,VOITHPAPR,Voith Paper Fabrics India Limited,INE285C01015,Unknown,Unknown,EQ,2026-08-17,Unknown,0.0,0.0,0.0,0.0
6485,VOLTM,Volant Textile Mills Ltd.,INE962D01025,Unknown,Unknown,EQ,,Unknown,0.0,0.0,0.0,0.0
3612,VOLEX,Volex Finance & Industries Ltd,INE227D01015,Unknown,Unknown,EQ,,Unknown,0.0,0.0,0.0,0.0
6187,VOLGAAIR,Volga Airtechnics Ltd.,INE719B01015,Unknown,Unknown,EQ,,Unknown,0.0,0.0,0.0,0.0
6523,VOLPLAST,Volplast Ltd.,INE489C01013,Unknown,Unknown,EQ,,Unknown,0.0,0.0,0.0,0.0
3682,VOLLF,Voltaire Leasing & Finance Ltd.,INE763D01019,Unknown,Unknown,EQ,,Unknown,0.0,0.0,0.0,0.0
2495,VOLTAMP,Voltamp Transformers Limited,INE540H01012,Unknown,Unknown,EQ,2006-09-20,Unknown,0.0,0.0,0.0,0.0
2496,VOLTAS,Voltas Limited,INE226A01021,Unknown,Unknown,EQ,1995-04-12,Unknown,0.0,0.0,0.0,0.0
4780,VORLADM,Vorin Laboratories Ltd.,INE331D01015,Unknown,Unknown,EQ,,Unknown,0.0,0.0,0.0,0.0
2498,VRAJ,Vraj Iron and Steel Limited,INE0S2V01010,Unknown,Unknown,EQ,2024-07-03,Unknown,0.0,0.0,0.0,0.0
2499,VRLLOG,VRL Logistics Limited,INE366I01010,Unknown,Unknown,EQ,2015-04-30,Unknown,0.0,0.0,0.0,0.0
8452,VRUDDHI,Vruddhi Engineering Works Limited,INE0OMZ01013,Unknown,Unknown,EQ,,Unknown,0.0,0.0,0.0,0.0
8413,VPL,Vrundavan Plantation Limited,INE0Q6901013,Unknown,Unknown,EQ,,Unknown,0.0,0.0,0.0,0.0
6394,VSDCONF,VSD Confin ltd.,INE489F01016,Unknown,Unknown,EQ,,Unknown,0.0,0.0,0.0,0.0
9608,VSFPROJPP,VSF Projects Limited,IN9923K01012,Unknown,Unknown,EQ,,Unknown,0.0,0.0,0.0,0.0
9191,VSFPROJ-RE,VSF Projects Limited,INE923K20014,Unknown,Unknown,EQ,,Unknown,0.0,0.0,0.0,0.0
4405,VSFPROJ,VSF Projects Limited,INE923K01014,Unknown,Unknown,EQ,,Unknown,0.0,0.0,0.0,0.0
2501,VSTIND,VST Industries Limited,INE710A01016,Unknown,Unknown,EQ,2003-09-05,Unknown,0.0,0.0,0.0,0.0
2505,VTMLTD,VTM Limited,INE222F01029,Unknown,Unknown,EQ,2026-08-17,Unknown,0.0,0.0,0.0,0.0
6884,VTXIND,VTX INDUSTRIES LIMITED,INE119G01025,Unknown,Unknown,EQ,,Unknown,0.0,0.0,0.0,0.0
8487,VVIPIL,VVIP Infratech Limited,INE0MNP01016,Unknown,Unknown,EQ,,Unknown,0.0,0.0,0.0,0.0
4321,VXLINSTR,VXL Instruments Ltd.,INE756A01019,Unknown,Unknown,EQ,,Unknown,0.0,0.0,0.0,0.0
3486,VYAPAR,Vyapar Industries Ltd.,INE070G01012,Unknown,Unknown,EQ,,Unknown,0.0,0.0,0.0,0.0
4452,VYVRAUT,Vybra Automet Ltd.,INE251F01010,Unknown,Unknown,EQ,,Unknown,0.0,0.0,0.0,0.0
4750,VYSLIPH,Vysali Pharmaceuticals Ltd.,INE153G01016,Unknown,Unknown,EQ,,Unknown,0.0,0.0,0.0,0.0
2541,WSI,W S Industries (I) Limited,INE100D01014,Unknown,Unknown,EQ,2007-08-01,Unknown,0.0,0.0,0.0,0.0
3436,WWTECHHOL,W W Technology Holdings Ltd.,INE972M01017,Unknown,Unknown,EQ,,Unknown,0.0,0.0,0.0,0.0
8003,WAA,Waa Solar Limited,INE799N01012,Unknown,Unknown,EQ,,Unknown,0.0,0.0,0.0,0.0
2506,WAAREEENER,Waaree Energies Limited,INE377N01017,Unknown,Unknown,EQ,2024-10-28,Unknown,0.0,0.0,0.0,0.0
2508,WAAREERTL,Waaree Renewable Technologies Limited,INE299N01021,Unknown,Unknown,EQ,2025-04-09,Unknown,0.0,0.0,0.0,0.0
7540,WAAREE,WAAREE TECHNOLOGIES LIMITED ,INE725P01012,Unknown,Unknown,EQ,,Unknown,0.0,0.0,0.0,0.0
4371,WADALACOM,Wadala Commodities  Limited,INE868A01020,Unknown,Unknown,EQ,,Unknown,0.0,0.0,0.0,0.0
3298,WAGEND,Wagend Infra Venture Limited,INE786K01023,Unknown,Unknown,EQ,,Unknown,0.0,0.0,0.0,0.0
2510,WAKEFIT,Wakefit Innovations Limited,INE0E7301029,Unknown,Unknown,EQ,2025-12-15,Unknown,0.0,0.0,0.0,0.0
3215,WALCHPF,Walchand Peoplefirst Limited,INE695D01021,Unknown,Unknown,EQ,,Unknown,0.0,0.0,0.0,0.0
2511,WALCHANNAG,Walchandnagar Industries Limited,INE711A01022,Unknown,Unknown,EQ,1996-09-18,Unknown,0.0,0.0,0.0,0.0
6599,WALLFORT,Wallfort Financial Services Ltd.,INE121B01014,Unknown,Unknown,EQ,,Unknown,0.0,0.0,0.0,0.0
2512,WANBURY,Wanbury Limited,INE107F01022,Unknown,Unknown,EQ,2007-01-29,Unknown,0.0,0.0,0.0,0.0
7466,WARDWIZFBL,Wardwizard Foods and Beverages Limited,INE761D01021,Unknown,Unknown,EQ,,Unknown,0.0,0.0,0.0,0.0
3902,WARDHEALTH,WARDWIZARD HEALTHCARE LIMITED,INE048E01013,Unknown,Unknown,EQ,,Unknown,0.0,0.0,0.0,0.0
2513,WARDINMOBI,Wardwizard Innovations & Mobility Limited,INE945P01024,Unknown,Unknown,EQ,2026-08-17,Unknown,0.0,0.0,0.0,0.0
9019,WARDWIZ-RE,WARDWIZARD INNOVATIONS AND MOBILITY LIMITED,INE945P20016,Unknown,Unknown,EQ,,Unknown,0.0,0.0,0.0,0.0
9361,WARWIZ-RE,WARDWIZARD INNOVATIONS AND MOBILITY LIMITED,INE945P20024,Unknown,Unknown,EQ,,Unknown,0.0,0.0,0.0,0.0
9569,WARDWIZPP,WARDWIZARD INNOVATIONS AND MOBILITY LIMITED,IN9945P01014,Unknown,Unknown,EQ,,Unknown,0.0,0.0,0.0,0.0
3862,WARNER,Warner Multimedia Ltd.,INE407B01017,Unknown,Unknown,EQ,,Unknown,0.0,0.0,0.0,0.0
3645,WARRENTEA,Warren Tea Ltd.,INE712A01012,Unknown,Unknown,EQ,,Unknown,0.0,0.0,0.0,0.0
3171,WARTSILA,Wartsila India Ltd.,INE057A01012,Unknown,Unknown,EQ,,Unknown,0.0,0.0,0.0,0.0
6532,WASHISOF,Washington Softwares Ltd.,INE163B01016,Unknown,Unknown,EQ,,Unknown,0.0,0.0,0.0,0.0
2514,WATERBASE,Waterbase Limited,INE054C01015,Unknown,Unknown,EQ,2026-08-17,Unknown,0.0,0.0,0.0,0.0
512,CORDELIA,Waterways Leisure Tourism Limited,INE0LZF01039,Unknown,Unknown,EQ,2026-07-01,Unknown,0.0,0.0,0.0,0.0
4258,WATSSOFT,Watson Software Ltd.,INE950B01016,Unknown,Unknown,EQ,,Unknown,0.0,0.0,0.0,0.0
2527,WEWIN,WE WIN LIMITED,INE082W01014,Unknown,Unknown,EQ,2022-06-15,Unknown,0.0,0.0,0.0,0.0
2516,WEALTH,Wealth First Portfolio Managers Limited,INE658T01017,Unknown,Unknown,EQ,2021-01-20,Unknown,0.0,0.0,0.0,0.0
9473,WEBSL,Web Element Solutions Limited,INE562Q01017,Unknown,Unknown,EQ,,Unknown,0.0,0.0,0.0,0.0
3804,WEBSITY,Websity Infosys Ltd.,INE190B01019,Unknown,Unknown,EQ,,Unknown,0.0,0.0,0.0,0.0
2517,WEBELSOLAR,Websol Energy System Limited,INE855C01023,Unknown,Unknown,EQ,2007-05-15,Unknown,0.0,0.0,0.0,0.0
2518,WEIZMANIND,Weizmann Limited,INE080A01014,Unknown,Unknown,EQ,1995-05-10,Unknown,0.0,0.0,0.0,0.0
3398,ZWELCAST,Welcast Steels Ltd.,INE380G01015,Unknown,Unknown,EQ,,Unknown,0.0,0.0,0.0,0.0
6307,WELCO,Welcome Coir Industries Ltd.,INE818C01013,Unknown,Unknown,EQ,,Unknown,0.0,0.0,0.0,0.0
4816,WELCURE,Welcure Drugs & Pharmaceuticals ltd,INE331C01025,Unknown,Unknown,EQ,,Unknown,0.0,0.0,0.0,0.0
5485,WLPACKP,Well Pack Papers & Containers Ltd.,INE063H01031,Unknown,Unknown,EQ,,Unknown,0.0,0.0,0.0,0.0
4542,WELII,"Wellman Incandescent India Ltd.,",INE143D01014,Unknown,Unknown,EQ,,Unknown,0.0,0.0,0.0,0.0
5467,WELLNESS,Wellness Noni Limited,INE571H01017,Unknown,Unknown,EQ,,Unknown,0.0,0.0,0.0,0.0
6199,WELLWININD,Wellwin Industry Ltd.,INE752A01018,Unknown,Unknown,EQ,,Unknown,0.0,0.0,0.0,0.0
2520,WELCORP,Welspun Corp Limited,INE191B01025,Unknown,Unknown,EQ,2005-05-24,Unknown,0.0,0.0,0.0,0.0
7251,WELSPUNENT,Welspun Enterprises Limited,INE072P01019,Unknown,Unknown,EQ,,Unknown,0.0,0.0,0.0,0.0
2521,WELENT,Welspun Enterprises Limited,INE625G01013,Unknown,Unknown,EQ,2004-11-04,Unknown,0.0,0.0,0.0,0.0
7048,WELGLOB,WELSPUN GLOBAL BRANDS LIMITED,INE390K01016,Unknown,Unknown,EQ,,Unknown,0.0,0.0,0.0,0.0
2522,WELINV,Welspun Investments and Commercials Limited,INE389K01018,Unknown,Unknown,BE,2010-09-20,Unknown,0.0,0.0,0.0,0.0
2524,WELSPUNLIV,Welspun Living Limited,INE192B01031,Unknown,Unknown,EQ,2003-12-04,Unknown,0.0,0.0,0.0,0.0
2523,WELSPLSOL,Welspun Specialty Solutions Limited,INE731F01037,Unknown,Unknown,EQ,2026-04-20,Unknown,0.0,0.0,0.0,0.0
9284,WELSPL-RE,WELSPUN SPECIALTY SOLUTIONS LIMITED,INE731F20011,Unknown,Unknown,EQ,,Unknown,0.0,0.0,0.0,0.0
4928,WELTI,Welterman International Ltd.,INE662D01013,Unknown,Unknown,EQ,,Unknown,0.0,0.0,0.0,0.0
2525,WENDT,Wendt (India) Limited,INE274C01019,Unknown,Unknown,EQ,2006-08-07,Unknown,0.0,0.0,0.0,0.0
8980,WEPSOLN-RE,WEP Solutions Ltd,INE434B20011,Unknown,Unknown,EQ,,Unknown,0.0,0.0,0.0,0.0
6736,WEPSOLN,WEP Solutions Ltd,INE434B01029,Unknown,Unknown,EQ,,Unknown,0.0,0.0,0.0,0.0
2542,WSTCSTPAPR,West Coast Paper Mills Limited,INE976A01021,Unknown,Unknown,EQ,2001-01-17,Unknown,0.0,0.0,0.0,0.0
7224,WESTLEIRES,WEST LEISURE RESORTS LIMITED,INE266P01017,Unknown,Unknown,EQ,,Unknown,0.0,0.0,0.0,0.0
2515,WCIL,Western Carriers (India) Limited,INE0CJF01024,Unknown,Unknown,EQ,2024-09-24,Unknown,0.0,0.0,0.0,0.0
6583,THEWEST,Western India Cottons Ltd.,INE078F01017,Unknown,Unknown,EQ,,Unknown,0.0,0.0,0.0,0.0
5469,WESTE,Western India Shipyard Ltd.,INE382C01028,Unknown,Unknown,EQ,,Unknown,0.0,0.0,0.0,0.0
6358,WERTERNIN,Western Industries Ltd.,INE728C01014,Unknown,Unknown,EQ,,Unknown,0.0,0.0,0.0,0.0
3401,WMINIMT,Western Ministil Ltd.,INE187U01015,Unknown,Unknown,EQ,,Unknown,0.0,0.0,0.0,0.0
8684,WOSAL,Western Overseas Study Abroad Limited,INE1MF401019,Unknown,Unknown,EQ,,Unknown,0.0,0.0,0.0,0.0
2526,WESTLIFE,WESTLIFE FOODWORLD LIMITED,INE274F01020,Unknown,Unknown,EQ,2023-06-05,Unknown,0.0,0.0,0.0,0.0
2528,WEWORK,WeWork India Management Limited,INE085001019,Unknown,Unknown,EQ,2025-10-10,Unknown,0.0,0.0,0.0,0.0
2529,WHBRADY,WH Brady & Company Limited,INE855A01019,Unknown,Unknown,EQ,2026-08-17,Unknown,0.0,0.0,0.0,0.0
2530,WHEELS,Wheels India Limited,INE715A01015,Unknown,Unknown,EQ,2000-04-07,Unknown,0.0,0.0,0.0,0.0
8257,WITS,Wherrelz IT Solutions Limited,INE0IM001015,Unknown,Unknown,EQ,,Unknown,0.0,0.0,0.0,0.0
2531,WHIRLPOOL,Whirlpool of India Limited,INE716A01013,Unknown,Unknown,EQ,2010-04-06,Unknown,0.0,0.0,0.0,0.0
3992,WHITHAL,White Hall Commercial Co.Ltd.,INE416X01012,Unknown,Unknown,EQ,,Unknown,0.0,0.0,0.0,0.0
4139,WHITEORG,White Organic Agro Limited,INE146C01019,Unknown,Unknown,EQ,,Unknown,0.0,0.0,0.0,0.0
8098,WORL,White Organic Retail Limited,INE06CG01019,Unknown,Unknown,EQ,,Unknown,0.0,0.0,0.0,0.0
3336,WILLARD,Willard India Ltd.,INE481D01018,Unknown,Unknown,EQ,,Unknown,0.0,0.0,0.0,0.0
4383,WILLIMFI,Williamson Financial Services ltd.,INE188E01017,Unknown,Unknown,EQ,,Unknown,0.0,0.0,0.0,0.0
2532,WILLAMAGOR,Williamson Magor & Company Limited,INE210A01017,Unknown,Unknown,EQ,1995-02-08,Unknown,0.0,0.0,0.0,0.0
3642,WTAL,Williamson Tea Assam Ltd.,INE222A01012,Unknown,Unknown,EQ,,Unknown,0.0,0.0,0.0,0.0
5170,WILFI,Wilwayfort India Ltd.,INE189E01015,Unknown,Unknown,EQ,,Unknown,0.0,0.0,0.0,0.0
4977,WIMPLAST,Wim Plast Ltd.,INE015B01018,Unknown,Unknown,EQ,,Unknown,0.0,0.0,0.0,0.0
3198,WIMCO,Wimco Ltd.,INE333A01025,Unknown,Unknown,EQ,,Unknown,0.0,0.0,0.0,0.0
2533,WINDLAS,Windlas Biotech Limited,INE0H5O01029,Unknown,Unknown,EQ,2021-08-16,Unknown,0.0,0.0,0.0,0.0
2534,WINDMACHIN,Windsor Machines Limited,INE052A01021,Unknown,Unknown,EQ,2011-08-17,Unknown,0.0,0.0,0.0,0.0
5536,WINPRO,WinPro Industries Limited,INE974C01022,Unknown,Unknown,EQ,,Unknown,0.0,0.0,0.0,0.0
3892,WINROC,Winro Commercial (India) Ltd.,INE837E01019,Unknown,Unknown,EQ,,Unknown,0.0,0.0,0.0,0.0
4942,WINSOMBR,Winsome Breweries Ltd.,INE391C01011,Unknown,Unknown,EQ,,Unknown,0.0,0.0,0.0,0.0
3620,WINSOMEDJ,Winsome Diamonds and Jewellery Limited,INE664A01015,Unknown,Unknown,EQ,,Unknown,0.0,0.0,0.0,0.0
4220,WINSOMTX,Winsome Textile Industries Ltd,INE837B01031,Unknown,Unknown,EQ,,Unknown,0.0,0.0,0.0,0.0
4199,WINSOME,Winsome Yarns Ltd.,INE784B01035,Unknown,Unknown,EQ,,Unknown,0.0,0.0,0.0,0.0
4838,WINTAC,Wintac Ltd.,INE812C01016,Unknown,Unknown,EQ,,Unknown,0.0,0.0,0.0,0.0
7369,WINYCOMM,WINY COMMERCIAL AND FISCAL SERVICES LIMITED,INE111C01013,Unknown,Unknown,EQ,,Unknown,0.0,0.0,0.0,0.0
2536,WIPRO,Wipro Limited,INE075A01022,Unknown,Unknown,EQ,1995-11-08,Unknown,0.0,0.0,0.0,0.0
3611,WIREFABR,Wires & Fabriks (SA) Ltd.,INE469D01013,Unknown,Unknown,EQ,,Unknown,0.0,0.0,0.0,0.0
3849,WISEC,Wisec Global Ltd.,INE638C01015,Unknown,Unknown,EQ,,Unknown,0.0,0.0,0.0,0.0
2537,WOCKPHARMA,Wockhardt Limited,INE049B01025,Unknown,Unknown,EQ,2000-02-23,Unknown,0.0,0.0,0.0,0.0
9023,WOCKH-RE,Wockhardt Ltd,INE049B20017,Unknown,Unknown,EQ,,Unknown,0.0,0.0,0.0,0.0
6212,WOMENNET,Women Networks Ltd.,INE905B01010,Unknown,Unknown,EQ,,Unknown,0.0,0.0,0.0,0.0
7211,WOMENSNEXT,Womens Next Loungeries Limited,INE174Q01011,Unknown,Unknown,EQ,,Unknown,0.0,0.0,0.0,0.0
2519,WEL,Wonder Electricals Limited,INE02WG01024,Unknown,Unknown,EQ,2022-01-17,Unknown,0.0,0.0,0.0,0.0
2538,WONDERLA,Wonderla Holidays Limited,INE066O01014,Unknown,Unknown,EQ,2014-05-09,Unknown,0.0,0.0,0.0,0.0
5067,WOODSVILA,Woodsvilla Limited,INE374J01020,Unknown,Unknown,EQ,,Unknown,0.0,0.0,0.0,0.0
3701,WOPOLIN,Wopolin Plastic Limited,INE986C01018,Unknown,Unknown,EQ,,Unknown,0.0,0.0,0.0,0.0
8669,WORKMATES,WORKMATES CORE2CLOUD SOLUTION LIMITED,INE1I1301016,Unknown,Unknown,EQ,,Unknown,0.0,0.0,0.0,0.0
4962,WWALUM,WORLDWIDE ALUMINIUM LIMITED,INE550D01010,Unknown,Unknown,EQ,,Unknown,0.0,0.0,0.0,0.0
7238,WORTH,Worth Investment & Trading Co Limited,INE114O01020,Unknown,Unknown,EQ,,Unknown,0.0,0.0,0.0,0.0
2539,WORTHPERI,Worth Peripherals Limited,INE196Y01018,Unknown,Unknown,EQ,2020-08-04,Unknown,0.0,0.0,0.0,0.0
2540,WPIL,WPIL Limited,INE765D01022,Unknown,Unknown,EQ,2026-04-20,Unknown,0.0,0.0,0.0,0.0
3765,WSFX,WSFX Global Pay Limited,INE549D01012,Unknown,Unknown,EQ,,Unknown,0.0,0.0,0.0,0.0
3027,WYETH,Wyeth Ltd.,INE378A01012,Unknown,Unknown,EQ,,Unknown,0.0,0.0,0.0,0.0
2543,XCHANGING,Xchanging Solutions Limited,INE692G01013,Unknown,Unknown,EQ,2005-03-09,Unknown,0.0,0.0,0.0,0.0
2544,XELPMOC,Xelpmoc Design And Tech Limited,INE01P501012,Unknown,Unknown,EQ,2019-02-04,Unknown,0.0,0.0,0.0,0.0
6869,XLENERGY,XL Energy Limited,INE183H01011,Unknown,Unknown,EQ,,Unknown,0.0,0.0,0.0,0.0
6631,XOINFO,XO Infotech Ltd.,INE490B01013,Unknown,Unknown,EQ,,Unknown,0.0,0.0,0.0,0.0
2545,XPROINDIA,Xpro India Limited,INE445C01015,Unknown,Unknown,EQ,2004-04-27,Unknown,0.0,0.0,0.0,0.0
2546,XTGLOBAL,Xtglobal Infotech Limited,INE547B01028,Unknown,Unknown,EQ,2024-09-16,Unknown,0.0,0.0,0.0,0.0
2547,XTRANET,Xtranet Technologies Limited,INE0NG701011,Unknown,Unknown,EQ,2026-07-30,Unknown,0.0,0.0,0.0,0.0
7249,YAANENT,YAAN ENTERPRISES LIMITED,INE969E01010,Unknown,Unknown,EQ,,Unknown,0.0,0.0,0.0,0.0
8768,YAASHVI,YAASHVI JEWELLERS LIMITED,INE1T6L01010,Unknown,Unknown,EQ,,Unknown,0.0,0.0,0.0,0.0
8714,YAJUR,YAJUR FIBRES LIMITED,INE0CNJ01010,Unknown,Unknown,EQ,,Unknown,0.0,0.0,0.0,0.0
9309,YAMNIN-RE,Yamini Investments Company Limited,INE457N20017,Unknown,Unknown,EQ,,Unknown,0.0,0.0,0.0,0.0
3739,YAMNINV,Yamini Investments Company Limited,INE457N01025,Unknown,Unknown,EQ,,Unknown,0.0,0.0,0.0,0.0
6391,YANTRA,Yantra Natural Resources Limited,INE903B01023,Unknown,Unknown,EQ,,Unknown,0.0,0.0,0.0,0.0
9602,YARNPP,Yarn Syndicate Ltd.,IN9564C01011,Unknown,Unknown,EQ,,Unknown,0.0,0.0,0.0,0.0
4204,YARNSYN,Yarn Syndicate Ltd.,INE564C01013,Unknown,Unknown,EQ,,Unknown,0.0,0.0,0.0,0.0
9147,YARNSYN-RE,Yarn Syndicate Ltd.,INE564C20013,Unknown,Unknown,EQ,,Unknown,0.0,0.0,0.0,0.0
7685,YASHCHEM,Yash Chemex Limited,INE571U01010,Unknown,Unknown,EQ,,Unknown,0.0,0.0,0.0,0.0
8517,YASHHV,Yash Highvoltage Limited,INE00GK01023,Unknown,Unknown,EQ,,Unknown,0.0,0.0,0.0,0.0
4669,YASHINNO,YASH INNOVENTURES LIMITED,INE823D01011,Unknown,Unknown,EQ,,Unknown,0.0,0.0,0.0,0.0
3838,YASHMGM,Yash Management & Satellite Ltd.,INE216B01012,Unknown,Unknown,EQ,,Unknown,0.0,0.0,0.0,0.0
8739,YASHHTEJ,Yashhtej Industries (India) Limited,INE1O6P01016,Unknown,Unknown,EQ,,Unknown,0.0,0.0,0.0,0.0
2548,YASHO,Yasho Industries Limited,INE616Z01012,Unknown,Unknown,EQ,2023-08-21,Unknown,0.0,0.0,0.0,0.0
5096,YASHRAJC,Yashraj Containeurs Ltd.,INE095C01018,Unknown,Unknown,EQ,,Unknown,0.0,0.0,0.0,0.0
2549,YATHARTH,Yatharth Hospital & Trauma Care Services Limited,INE0JO301016,Unknown,Unknown,EQ,2023-08-07,Unknown,0.0,0.0,0.0,0.0
2550,YATRA,Yatra Online Limited,INE0JR601024,Unknown,Unknown,EQ,2023-09-28,Unknown,0.0,0.0,0.0,0.0
2551,YESBANK,Yes Bank Limited,INE528G01035,Unknown,Unknown,EQ,2005-07-12,Unknown,0.0,0.0,0.0,0.0
2552,YOGI,Yogi Limited,INE290E01011,Unknown,Unknown,EQ,2026-08-17,Unknown,0.0,0.0,0.0,0.0
4562,YOGISUNG,Yogi Sung-won (India) Ltd.,INE429B01011,Unknown,Unknown,EQ,,Unknown,0.0,0.0,0.0,0.0
4284,YOKOGAWA,Yokogawa India Ltd.,INE718A01019,Unknown,Unknown,EQ,,Unknown,0.0,0.0,0.0,0.0
5274,YORKEXP,York Exports Ltd.,INE057Q01018,Unknown,Unknown,EQ,,Unknown,0.0,0.0,0.0,0.0
9180,YUG-RE,Yug Decor Limited,INE796W20019,Unknown,Unknown,EQ,,Unknown,0.0,0.0,0.0,0.0
9396,YUG-RE1,Yug Decor Limited,INE796W20027,Unknown,Unknown,EQ,,Unknown,0.0,0.0,0.0,0.0
7821,YUG,Yug Decor Limited,INE796W01019,Unknown,Unknown,EQ,,Unknown,0.0,0.0,0.0,0.0
2553,YUKEN,Yuken India Limited,INE384C01016,Unknown,Unknown,EQ,2021-09-02,Unknown,0.0,0.0,0.0,0.0
3818,YULEFIN,Yule Financing & Leasing Co. Ltd.,INE490C01011,Unknown,Unknown,EQ,,Unknown,0.0,0.0,0.0,0.0
6988,YUNIKM,Yunik Managing Advisors Limited,INE143K01019,Unknown,Unknown,EQ,,Unknown,0.0,0.0,0.0,0.0
7142,YURANUS,Yuranus Infrastructure Ltd,INE156M01017,Unknown,Unknown,EQ,,Unknown,0.0,0.0,0.0,0.0
6367,YUVRAAJHPL,YUVRAAJ HYGIENE PRODUCTS LTD,INE139D01020,Unknown,Unknown,EQ,,Unknown,0.0,0.0,0.0,0.0
2554,ZAGGLE,Zaggle Prepaid Ocean Services Limited,INE07K301024,Unknown,Unknown,EQ,2023-09-22,Unknown,0.0,0.0,0.0,0.0
3525,ZANDUREALT,Zandu Realty Limited,INE719A01017,Unknown,Unknown,EQ,,Unknown,0.0,0.0,0.0,0.0
7693,ZEAL,Zeal Aqua Limited,INE819S01025,Unknown,Unknown,EQ,,Unknown,0.0,0.0,0.0,0.0
2555,ZEEL,Zee Entertainment Enterprises Limited,INE256A01028,Unknown,Unknown,EQ,1998-09-09,Unknown,0.0,0.0,0.0,0.0
2556,ZEELEARN,Zee Learn Limited,INE565L01011,Unknown,Unknown,BE,2010-12-20,Unknown,0.0,0.0,0.0,0.0
2557,ZEEMEDIA,Zee Media Corporation Limited,INE966H01019,Unknown,Unknown,EQ,2007-01-10,Unknown,0.0,0.0,0.0,0.0
8646,ZELIO,Zelio E Mobility Limited,INE1B3501014,Unknown,Unknown,EQ,,Unknown,0.0,0.0,0.0,0.0
2561,ZENTEC,Zen Technologies Limited,INE251B01027,Unknown,Unknown,EQ,2015-03-30,Unknown,0.0,0.0,0.0,0.0
4953,ZENER,Zenergy Ltd,INE860B01017,Unknown,Unknown,EQ,,Unknown,0.0,0.0,0.0,0.0
3654,ZENCAP,Zenith Capitals Ltd.,INE132N01016,Unknown,Unknown,EQ,,Unknown,0.0,0.0,0.0,0.0
4276,ZENITHCOMP,Zenith Computers Ltd.,INE598B01013,Unknown,Unknown,EQ,,Unknown,0.0,0.0,0.0,0.0
2558,ZENITHEXPO,Zenith Exports Limited,INE058B01018,Unknown,Unknown,EQ,1996-07-10,Unknown,0.0,0.0,0.0,0.0
4181,ZENIFIB,Zenith Fibres Limited,INE106C01013,Unknown,Unknown,EQ,,Unknown,0.0,0.0,0.0,0.0
5271,ZENITHHE,Zenith Health Care Ltd.,INE812B01026,Unknown,Unknown,EQ,,Unknown,0.0,0.0,0.0,0.0
6691,ZENITHINFO,Zenith Infotech Ltd.,INE899A01017,Unknown,Unknown,EQ,,Unknown,0.0,0.0,0.0,0.0
2559,ZENITHSTL,Zenith Steel Pipes & Industries Limited,INE318D01020,Unknown,Unknown,EQ,2007-04-30,Unknown,0.0,0.0,0.0,0.0
5279,ZENLABS,Zenlabs Ethica Limited,INE546F01013,Unknown,Unknown,EQ,,Unknown,0.0,0.0,0.0,0.0
6593,ZENOTECH,Zenotech Laboratories Limited,INE486F01012,Unknown,Unknown,EQ,,Unknown,0.0,0.0,0.0,0.0
2560,ZENSARTECH,Zensar Technologies Limited,INE520A01027,Unknown,Unknown,EQ,2003-07-09,Unknown,0.0,0.0,0.0,0.0
8616,SML100CASE,Zerodha Mutual Fund,INF0R8F01141,Unknown,Unknown,EQ,,Unknown,0.0,0.0,0.0,0.0
8474,MID150CASE,Zerodha Mutual Fund,INF0R8F01059,Unknown,Unknown,EQ,,Unknown,0.0,0.0,0.0,0.0
8475,TOP100CASE,Zerodha Mutual Fund,INF0R8F01067,Unknown,Unknown,EQ,,Unknown,0.0,0.0,0.0,0.0
8657,NIFTYCASE,Zerodha Mutual Fund,INF0R8F01166,Unknown,Unknown,EQ,,Unknown,0.0,0.0,0.0,0.0
2562,ZFCVINDIA,ZF Commercial Vehicle Control Systems India Limited,INE342J01019,Unknown,Unknown,EQ,2008-10-01,Unknown,0.0,0.0,0.0,0.0
2563,ZFSTEERING,ZF Steering Gear (India) Limited,INE116C01012,Unknown,Unknown,EQ,2026-04-20,Unknown,0.0,0.0,0.0,0.0
6218,ZICOM,Zicom Electronic Security Systems l,INE871B01014,Unknown,Unknown,EQ,,Unknown,0.0,0.0,0.0,0.0
6656,ZIGMASOF,Zigma Software Ltd,INE746C01032,Unknown,Unknown,EQ,,Unknown,0.0,0.0,0.0,0.0
4773,ZILLOPH,Zillion Pharmachem Ltd.,INE845F01019,Unknown,Unknown,EQ,,Unknown,0.0,0.0,0.0,0.0
2564,ZIMLAB,Zim Laboratories Limited,INE518E01015,Unknown,Unknown,EQ,2022-11-25,Unknown,0.0,0.0,0.0,0.0
7272,ZINEMA,ZINEMA MEDIA AND ENTERTAINMENT LIMITED,INE641Q01019,Unknown,Unknown,EQ,,Unknown,0.0,0.0,0.0,0.0
4024,ZODJRDMKJ,Zodiac-JRD-MKJ Ltd.,INE077B01018,Unknown,Unknown,EQ,,Unknown,0.0,0.0,0.0,0.0
9311,ZODJRD-RE,Zodiac-JRD-MKJ Ltd.,INE077B20018,Unknown,Unknown,EQ,,Unknown,0.0,0.0,0.0,0.0
2566,ZODIACLOTH,Zodiac Clothing Company Limited,INE206B01013,Unknown,Unknown,EQ,1995-09-27,Unknown,0.0,0.0,0.0,0.0
2565,ZODIAC,Zodiac Energy Limited,INE761Y01019,Unknown,Unknown,EQ,2021-12-14,Unknown,0.0,0.0,0.0,0.0
3290,ZODIACVEN,Zodiac Ventures Limited,INE945J01027,Unknown,Unknown,EQ,,Unknown,0.0,0.0,0.0,0.0
9340,ZODIAC-RE,Zodiac Ventures Limited,INE945J20019,Unknown,Unknown,EQ,,Unknown,0.0,0.0,0.0,0.0
2567,ZOTA,Zota Health Care LImited,INE358U01012,Unknown,Unknown,EQ,2019-08-19,Unknown,0.0,0.0,0.0,0.0
3522,ZR2,ZR2 BIOENERGY LIMITED,INE218N01021,Unknown,Unknown,EQ,,Unknown,0.0,0.0,0.0,0.0
2569,ZUARI,Zuari Agro Chemicals Limited,INE840M01016,Unknown,Unknown,EQ,2012-11-27,Unknown,0.0,0.0,0.0,0.0
5167,ZUARIFOR,Zuari Forex Ltd.,INE579H01010,Unknown,Unknown,EQ,,Unknown,0.0,0.0,0.0,0.0
2570,ZUARIIND,ZUARI INDUSTRIES LIMITED,INE217A01012,Unknown,Unknown,EQ,1995-04-12,Unknown,0.0,0.0,0.0,0.0
5102,ZYDEN,Zyden Gentec Ltd.,INE622B01045,Unknown,Unknown,EQ,,Unknown,0.0,0.0,0.0,0.0
2571,ZYDUSLIFE,Zydus Lifesciences Limited,INE010B01027,Unknown,Unknown,EQ,2000-04-18,Unknown,0.0,0.0,0.0,0.0
2572,ZYDUSWELL,Zydus Wellness Limited,INE768C01028,Unknown,Unknown,EQ,2009-11-13,Unknown,0.0,0.0,0.0,0.0
6910,ZYLOG,ZYLOG SYSTEMS LIMITED,INE225I01026,Unknown,Unknown,EQ,,Unknown,0.0,0.0,0.0,0.0
