symbol,signal_date,entry_date,exit_date,entry_price,exit_price,ret_pct,exit_reason,holding_days,deliv_per,deliv_spike_x,company_name
360ONE,2025-04-15,2025-04-16,2025-04-22,933.95,1008.67,8.0,TARGET_HIT,4,62.47,3.84,360 ONE WAM LIMITED
360ONE,2025-06-27,2025-06-30,2025-07-02,1206.5,1164.27,-3.5,STOP_LOSS,3,62.75,3.46,360 ONE WAM LIMITED
360ONE,2026-04-09,2026-04-10,2026-04-16,998.0,1077.84,8.0,TARGET_HIT,5,60.38,2.45,360 ONE WAM LIMITED
360ONE,2026-07-07,2026-07-08,2026-07-08,1142.8,1102.8,-3.5,STOP_LOSS,1,68.08,2.34,360 ONE WAM LIMITED
3BBLACKBIO,2026-06-10,2026-06-11,2026-06-18,1234.7,1191.49,-3.5,STOP_LOSS,6,62.89,3.42,3B Blackbio Dx Limited
3BBLACKBIO,2026-08-24,2026-08-25,2026-08-28,1261.5,1362.42,8.0,TARGET_HIT,4,60.36,2.28,3B Blackbio Dx Limited
3MINDIA,2025-11-03,2025-11-04,2025-11-04,33060.0,35704.8,8.0,TARGET_HIT,1,73.22,13.86,3M India Limited
63MOONS,2024-10-01,2024-10-03,2024-10-07,400.0,386.0,-3.5,STOP_LOSS,3,55.56,1.9,63 moons technologies limited
AAATECH,2025-09-24,2025-09-25,2025-09-25,81.9,79.03,-3.5,STOP_LOSS,1,91.38,21.97,AAA Technologies Limited
AAATECH,2025-09-30,2025-10-01,2025-10-01,80.25,86.67,8.0,TARGET_HIT,1,85.6,3.05,AAA Technologies Limited
AADHARHFC,2026-04-10,2026-04-13,2026-04-24,471.0,488.1,3.63,TIME_EXIT,10,65.68,2.22,Aadhar Housing Finance Limited
AAREYDRUGS,2025-12-16,2025-12-17,2025-12-17,67.0,64.66,-3.5,STOP_LOSS,1,65.61,3.61,Aarey Drugs & Pharmaceuticals Limited
AAREYDRUGS,2025-12-17,2025-12-18,2025-12-19,67.41,65.05,-3.5,STOP_LOSS,2,90.81,7.88,Aarey Drugs & Pharmaceuticals Limited
AAREYDRUGS,2026-02-12,2026-02-13,2026-02-13,69.87,67.42,-3.5,STOP_LOSS,1,61.66,2.53,Aarey Drugs & Pharmaceuticals Limited
AAREYDRUGS,2026-03-18,2026-03-19,2026-03-19,69.11,66.69,-3.5,STOP_LOSS,1,71.43,3.44,Aarey Drugs & Pharmaceuticals Limited
AAREYDRUGS,2026-09-11,2026-09-15,2026-09-16,98.71,95.26,-3.5,STOP_LOSS,2,65.21,1.92,Aarey Drugs & Pharmaceuticals Limited
AARTIDRUGS,2025-05-05,2025-05-06,2025-05-07,355.15,383.56,8.0,TARGET_HIT,2,61.0,2.02,Aarti Drugs Limited
AARTIIND,2026-04-15,2026-04-16,2026-04-22,437.0,471.96,8.0,TARGET_HIT,5,63.81,4.49,Aarti Industries Limited
AAVAS,2025-09-22,2025-09-23,2025-09-25,1679.3,1620.52,-3.5,STOP_LOSS,3,71.33,1.95,Aavas Financiers Limited
ABB,2025-12-19,2025-12-22,2026-01-02,5180.5,5205.5,0.48,TIME_EXIT,10,74.59,3.02,ABB India Limited
ABBOTINDIA,2025-05-21,2025-05-22,2025-05-26,31400.0,30301.0,-3.5,STOP_LOSS,3,59.01,2.08,Abbott India Limited
ABBOTINDIA,2025-06-05,2025-06-06,2025-06-19,31850.0,31030.0,-2.57,TIME_EXIT,10,76.85,4.9,Abbott India Limited
ABCAPITAL,2026-02-24,2026-02-25,2026-02-27,351.5,339.2,-3.5,STOP_LOSS,3,66.05,2.49,Aditya Birla Capital Limited
ABCAPITAL,2026-02-25,2026-02-26,2026-02-27,354.0,341.61,-3.5,STOP_LOSS,2,66.27,3.38,Aditya Birla Capital Limited
ABDL,2024-12-24,2024-12-26,2025-01-08,417.45,433.5,3.84,TIME_EXIT,10,62.87,3.0,Allied Blenders and Distillers Limited
ABDL,2025-05-14,2025-05-15,2025-05-19,397.0,383.1,-3.5,STOP_LOSS,3,59.49,1.99,Allied Blenders and Distillers Limited
ABDL,2025-05-15,2025-05-16,2025-05-16,417.5,402.89,-3.5,STOP_LOSS,1,56.73,2.0,Allied Blenders and Distillers Limited
ABLBL,2025-11-17,2025-11-18,2025-11-20,138.05,133.22,-3.5,STOP_LOSS,3,62.88,1.82,Aditya Birla Lifestyle Brands Limited
ABSLAMC,2025-05-16,2025-05-19,2025-05-30,707.95,747.05,5.52,TIME_EXIT,10,75.37,3.85,Aditya Birla Sun Life AMC Limited
ABSLAMC,2025-05-19,2025-05-20,2025-05-20,732.0,706.38,-3.5,STOP_LOSS,1,66.94,2.18,Aditya Birla Sun Life AMC Limited
ABSLAMC,2026-06-15,2026-06-16,2026-06-17,1156.4,1115.93,-3.5,STOP_LOSS,2,66.37,2.52,Aditya Birla Sun Life AMC Limited
ABSLAMC,2026-09-11,2026-09-15,2026-09-15,1102.0,1063.43,-3.5,STOP_LOSS,1,66.37,2.15,Aditya Birla Sun Life AMC Limited
ACCELYA,2026-01-14,2026-01-16,2026-01-29,1345.0,1320.3,-1.84,TIME_EXIT,10,73.79,1.88,Accelya Solutions India Limited
ACI,2026-06-09,2026-06-10,2026-06-11,547.05,527.9,-3.5,STOP_LOSS,2,66.45,29.31,Archean Chemical Industries Limited
ACL,2025-08-26,2025-08-28,2025-08-28,93.17,89.91,-3.5,STOP_LOSS,1,63.61,7.71,Andhra Cements Limited
ADANIPORTS,2025-10-15,2025-10-16,2025-10-29,1454.0,1454.8,0.06,TIME_EXIT,10,63.82,2.03,Adani Ports and Special Economic Zone Limited
ADANIPORTS,2025-10-16,2025-10-17,2025-10-24,1479.5,1427.72,-3.5,STOP_LOSS,6,63.3,4.58,Adani Ports and Special Economic Zone Limited
ADANIPORTS,2026-04-17,2026-04-20,2026-04-30,1572.4,1657.3,5.4,TIME_EXIT,10,63.25,2.12,Adani Ports and Special Economic Zone Limited
ADOR,2025-07-03,2025-07-04,2025-07-09,1107.5,1068.74,-3.5,STOP_LOSS,4,56.52,2.97,Ador Welding Limited
ADVANIHOTR,2026-01-23,2026-01-27,2026-02-09,55.0,56.94,3.53,TIME_EXIT,10,59.34,3.41,Advani Hotels & Resorts (India) Limited
AEQUS,2026-04-02,2026-04-06,2026-04-10,124.89,134.88,8.0,TARGET_HIT,5,89.57,3.33,Aequs Limited
AETHER,2025-03-07,2025-03-10,2025-03-17,903.6,871.97,-3.5,STOP_LOSS,5,60.94,1.81,Aether Industries Limited
AETHER,2025-07-07,2025-07-08,2025-07-21,796.0,818.8,2.86,TIME_EXIT,10,56.86,2.01,Aether Industries Limited
AFCONS,2025-06-20,2025-06-23,2025-07-02,444.0,428.46,-3.5,STOP_LOSS,8,61.92,5.6,Afcons Infrastructure Limited
AFFLE,2025-03-19,2025-03-20,2025-03-26,1489.55,1608.71,8.0,TARGET_HIT,5,65.03,2.28,Affle 3i Limited
AFFLE,2025-05-02,2025-05-05,2025-05-06,1620.0,1563.3,-3.5,STOP_LOSS,2,56.43,2.27,Affle 3i Limited
AFFLE,2025-12-19,2025-12-22,2026-01-02,1740.0,1782.7,2.45,TIME_EXIT,10,67.46,3.6,Affle 3i Limited
AFFLE,2026-04-13,2026-04-15,2026-04-28,1435.0,1431.2,-0.26,TIME_EXIT,10,67.45,1.97,Affle 3i Limited
AFFORDABLE,2025-07-03,2025-07-04,2025-07-08,509.9,492.05,-3.5,STOP_LOSS,3,55.17,2.53,Affordable Robotic & Automation Limited
AFIL,2024-12-09,2024-12-10,2024-12-10,94.9,91.58,-3.5,STOP_LOSS,1,73.84,1.86,Akme Fintrade (India) Limited
AGARWALEYE,2025-12-24,2025-12-26,2026-01-08,503.55,503.4,-0.03,TIME_EXIT,10,65.1,2.35,Dr. Agarwal's Health Care Limited
AGARWALEYE,2026-02-27,2026-03-02,2026-03-05,421.0,454.68,8.0,TARGET_HIT,4,68.1,7.74,Dr. Agarwal's Health Care Limited
AGIIL,2024-11-19,2024-11-21,2024-11-22,1640.0,1582.6,-3.5,STOP_LOSS,2,66.39,2.22,Agi Infra Limited
AGIIL,2024-12-27,2024-12-30,2025-01-06,1786.0,1723.49,-3.5,STOP_LOSS,6,55.57,2.59,Agi Infra Limited
AGIIL,2025-03-20,2025-03-21,2025-03-21,835.0,901.8,8.0,TARGET_HIT,1,70.75,3.07,Agi Infra Limited
AHLUCONT,2025-09-17,2025-09-18,2025-10-01,979.7,980.3,0.06,TIME_EXIT,10,63.43,1.98,Ahluwalia Contracts (India) Limited
AHLUCONT,2026-02-03,2026-02-04,2026-02-06,878.0,847.27,-3.5,STOP_LOSS,3,65.88,2.32,Ahluwalia Contracts (India) Limited
AHLUCONT,2026-07-06,2026-07-07,2026-07-08,858.7,828.65,-3.5,STOP_LOSS,2,67.47,2.32,Ahluwalia Contracts (India) Limited
AIAENG,2025-03-21,2025-03-24,2025-04-04,3330.55,3213.98,-3.5,STOP_LOSS,9,60.46,5.15,AIA Engineering Limited
AIAENG,2025-12-24,2025-12-26,2025-12-29,3941.9,3803.93,-3.5,STOP_LOSS,2,60.09,2.74,AIA Engineering Limited
AIAENG,2025-12-24,2025-12-26,2025-12-29,3941.9,3803.93,-3.5,STOP_LOSS,2,60.09,2.22,AIA Engineering Limited
AIAENG,2026-05-19,2026-05-20,2026-05-27,3982.8,4301.42,8.0,TARGET_HIT,6,56.73,1.95,AIA Engineering Limited
AIIL,2025-04-22,2025-04-23,2025-04-24,1880.5,1814.68,-3.5,STOP_LOSS,2,79.68,10.17,Authum Investment & Infrastructure Limited
AJANTPHARM,2024-10-08,2024-10-09,2024-10-10,3426.4,3306.48,-3.5,STOP_LOSS,2,68.91,2.77,Ajanta Pharma Limited
AJANTPHARM,2024-12-04,2024-12-05,2024-12-06,3000.0,2895.0,-3.5,STOP_LOSS,2,57.71,2.3,Ajanta Pharma Limited
AJANTPHARM,2025-07-15,2025-07-16,2025-07-29,2710.0,2823.2,4.18,TIME_EXIT,10,85.14,2.07,Ajanta Pharma Limited
AJANTPHARM,2025-12-04,2025-12-05,2025-12-18,2631.9,2600.3,-1.2,TIME_EXIT,10,64.57,1.86,Ajanta Pharma Limited
AJAXENGG,2026-04-22,2026-04-23,2026-05-04,532.7,514.06,-3.5,STOP_LOSS,8,73.77,1.9,Ajax Engineering Limited
AJAXENGG,2026-04-23,2026-04-24,2026-04-27,535.0,516.28,-3.5,STOP_LOSS,2,67.75,2.68,Ajax Engineering Limited
AKUMS,2026-04-30,2026-05-04,2026-05-12,550.0,530.75,-3.5,STOP_LOSS,7,61.36,1.91,Akums Drugs and Pharmaceuticals Limited
AKUMS,2026-07-10,2026-07-13,2026-07-17,694.0,669.71,-3.5,STOP_LOSS,5,57.19,2.78,Akums Drugs and Pharmaceuticals Limited
ALBERTDAVD,2026-05-06,2026-05-07,2026-05-07,813.95,785.46,-3.5,STOP_LOSS,1,71.24,15.05,Albert David Limited
ALEMBICLTD,2026-02-10,2026-02-11,2026-02-13,100.7,97.18,-3.5,STOP_LOSS,3,65.3,2.13,Alembic Limited
ALICON,2026-08-07,2026-08-10,2026-08-14,736.0,710.24,-3.5,STOP_LOSS,5,64.12,6.69,Alicon Castalloy Limited
ALIVUS,2025-04-28,2025-04-29,2025-05-08,1060.0,1144.8,8.0,TARGET_HIT,7,60.78,2.57,Alivus Life Sciences Limited
ALKEM,2024-10-04,2024-10-07,2024-10-17,6230.0,6011.95,-3.5,STOP_LOSS,9,61.0,1.98,Alkem Laboratories Limited
ALKEM,2025-09-11,2025-09-12,2025-09-25,5393.5,5508.0,2.12,TIME_EXIT,10,84.74,3.72,Alkem Laboratories Limited
ALKEM,2025-11-04,2025-11-06,2025-11-19,5670.5,5724.0,0.94,TIME_EXIT,10,66.21,2.21,Alkem Laboratories Limited
ALLDIGI,2024-10-17,2024-10-18,2024-10-22,1088.65,1050.55,-3.5,STOP_LOSS,3,61.5,1.89,Alldigi Tech Limited
ALLDIGI,2024-11-27,2024-11-28,2024-11-28,1027.75,991.78,-3.5,STOP_LOSS,1,77.63,2.22,Alldigi Tech Limited
ALLDIGI,2025-01-07,2025-01-08,2025-01-13,1020.15,984.44,-3.5,STOP_LOSS,4,68.23,2.58,Alldigi Tech Limited
ALLDIGI,2025-07-30,2025-07-31,2025-07-31,1000.0,965.0,-3.5,STOP_LOSS,1,63.65,2.92,Alldigi Tech Limited
ALLDIGI,2026-01-29,2026-01-30,2026-02-03,905.0,977.4,8.0,TARGET_HIT,3,57.7,7.4,Alldigi Tech Limited
ALLTIME,2025-11-04,2025-11-06,2025-11-06,308.3,297.51,-3.5,STOP_LOSS,1,61.99,1.91,All Time Plastics Limited
ALLTIME,2026-02-18,2026-02-19,2026-02-19,254.87,245.95,-3.5,STOP_LOSS,1,93.09,4.62,All Time Plastics Limited
AMAGI,2026-04-21,2026-04-22,2026-04-28,376.25,406.35,8.0,TARGET_HIT,5,74.49,1.87,Amagi Media Labs Limited
AMANTA,2026-04-02,2026-04-06,2026-04-07,109.0,105.18,-3.5,STOP_LOSS,2,87.35,2.39,Amanta Healthcare Limited
AMBIKCO,2025-07-16,2025-07-17,2025-07-22,1656.5,1598.52,-3.5,STOP_LOSS,4,58.63,1.89,Ambika Cotton Mills Limited
AMBIKCO,2025-09-18,2025-09-19,2025-09-23,1525.0,1471.62,-3.5,STOP_LOSS,3,59.27,2.71,Ambika Cotton Mills Limited
AMBIKCO,2026-08-07,2026-08-10,2026-08-10,1855.0,1790.08,-3.5,STOP_LOSS,1,61.85,5.92,Ambika Cotton Mills Limited
AMBUJACEM,2024-09-27,2024-09-30,2024-10-04,634.0,611.81,-3.5,STOP_LOSS,5,59.59,2.84,Ambuja Cements Limited
AMBUJACEM,2025-06-09,2025-06-10,2025-06-13,564.0,544.26,-3.5,STOP_LOSS,4,66.18,1.96,Ambuja Cements Limited
AMRUTANJAN,2025-10-28,2025-10-29,2025-10-31,747.1,720.95,-3.5,STOP_LOSS,3,60.11,6.97,Amrutanjan Health Care Limited
ANANDRATHI,2025-02-20,2025-02-21,2025-03-04,3882.0,4192.56,8.0,TARGET_HIT,7,63.52,2.95,Anand Rathi Wealth Limited
ANANDRATHI,2025-02-25,2025-02-27,2025-02-27,4170.65,4024.68,-3.5,STOP_LOSS,1,79.31,3.55,Anand Rathi Wealth Limited
ANANDRATHI,2026-08-06,2026-08-07,2026-08-20,2081.5,2171.1,4.3,TIME_EXIT,10,66.55,4.26,Anand Rathi Wealth Limited
ANDHRAPAP,2026-04-08,2026-04-09,2026-04-15,62.26,67.24,8.0,TARGET_HIT,5,85.43,3.17,ANDHRA PAPER LIMITED
ANURAS,2025-03-06,2025-03-07,2025-03-21,761.0,770.65,1.27,TIME_EXIT,10,61.36,4.41,Anupam Rasayan India Limited
ANURAS,2025-06-11,2025-06-12,2025-06-25,1093.6,1133.8,3.68,TIME_EXIT,10,58.52,2.36,Anupam Rasayan India Limited
ANURAS,2025-07-30,2025-07-31,2025-08-08,1148.9,1108.69,-3.5,STOP_LOSS,7,74.56,2.59,Anupam Rasayan India Limited
ANURAS,2025-08-13,2025-08-14,2025-08-18,1181.0,1139.66,-3.5,STOP_LOSS,2,80.18,3.02,Anupam Rasayan India Limited
ANURAS,2025-09-24,2025-09-25,2025-09-29,1111.0,1072.12,-3.5,STOP_LOSS,3,68.01,2.43,Anupam Rasayan India Limited
ANURAS,2026-04-09,2026-04-10,2026-04-23,1279.0,1381.32,8.0,TARGET_HIT,10,76.26,2.13,Anupam Rasayan India Limited
ANURAS,2026-08-19,2026-08-20,2026-09-02,1225.9,1240.3,1.17,TIME_EXIT,10,71.42,1.86,Anupam Rasayan India Limited
APCOTEXIND,2024-12-06,2024-12-09,2024-12-09,405.85,391.65,-3.5,STOP_LOSS,1,66.39,2.28,Apcotex Industries Limited
APLAPOLLO,2024-09-25,2024-09-26,2024-10-03,1520.0,1641.6,8.0,TARGET_HIT,6,58.3,2.51,APL Apollo Tubes Limited
APLAPOLLO,2024-09-27,2024-09-30,2024-10-11,1535.85,1571.7,2.33,TIME_EXIT,10,73.66,2.22,APL Apollo Tubes Limited
APLLTD,2026-03-25,2026-03-27,2026-03-27,694.0,669.71,-3.5,STOP_LOSS,1,76.31,3.76,Alembic Pharmaceuticals Limited
APLLTD,2026-05-06,2026-05-07,2026-05-12,795.0,767.18,-3.5,STOP_LOSS,4,79.05,5.16,Alembic Pharmaceuticals Limited
APOLLOHOSP,2025-04-15,2025-04-16,2025-04-30,6870.0,6977.0,1.56,TIME_EXIT,10,77.84,1.85,Apollo Hospitals Enterprise Limited
APOLLOHOSP,2025-07-03,2025-07-04,2025-07-11,7593.0,7327.24,-3.5,STOP_LOSS,6,68.62,1.92,Apollo Hospitals Enterprise Limited
APOLLOPIPE,2025-08-29,2025-09-01,2025-09-12,405.25,391.07,-3.5,STOP_LOSS,10,57.58,1.85,Apollo Pipes Limited
APOLLOPIPE,2026-08-05,2026-08-06,2026-08-07,538.1,519.27,-3.5,STOP_LOSS,2,61.0,3.91,Apollo Pipes Limited
APOLLOTYRE,2026-08-21,2026-08-24,2026-08-24,465.05,448.77,-3.5,STOP_LOSS,1,72.15,2.94,Apollo Tyres Limited
APTUS,2025-04-16,2025-04-17,2025-05-02,321.4,319.85,-0.48,TIME_EXIT,10,62.9,1.83,Aptus Value Housing Finance India Limited
APTUS,2025-04-22,2025-04-23,2025-04-25,340.85,328.92,-3.5,STOP_LOSS,3,74.52,2.05,Aptus Value Housing Finance India Limited
ARIHANTSUP,2024-12-02,2024-12-03,2024-12-09,397.8,429.62,8.0,TARGET_HIT,5,56.06,1.83,Arihant Superstructures Limited
ARIHANTSUP,2024-12-06,2024-12-09,2024-12-11,422.9,456.73,8.0,TARGET_HIT,3,67.07,2.23,Arihant Superstructures Limited
ARIHANTSUP,2024-12-09,2024-12-10,2024-12-13,440.0,475.2,8.0,TARGET_HIT,4,68.02,6.8,Arihant Superstructures Limited
ARIS,2026-04-28,2026-04-29,2026-05-07,134.0,144.72,8.0,TARGET_HIT,7,60.23,5.79,Arisinfra Solutions Limited
ARMANFIN,2025-11-17,2025-11-18,2025-11-20,1750.6,1689.33,-3.5,STOP_LOSS,3,60.68,2.49,Arman Financial Services Limited
ARMANFIN,2026-05-27,2026-05-29,2026-05-29,1829.0,1764.98,-3.5,STOP_LOSS,1,57.62,2.45,Arman Financial Services Limited
ARMANFIN,2026-05-27,2026-05-29,2026-05-29,1829.0,1764.98,-3.5,STOP_LOSS,1,57.62,2.15,Arman Financial Services Limited
ARTEMISMED,2026-07-10,2026-07-13,2026-07-24,275.0,275.75,0.27,TIME_EXIT,10,67.48,2.32,Artemis Medicare Services Limited
ARVINDFASN,2026-04-02,2026-04-06,2026-04-10,435.7,470.56,8.0,TARGET_HIT,5,75.72,2.51,Arvind Fashions Limited
ARVSMART,2025-08-21,2025-08-22,2025-08-25,640.0,617.6,-3.5,STOP_LOSS,2,68.75,2.01,Arvind SmartSpaces Limited
ARVSMART,2025-09-16,2025-09-17,2025-09-26,648.25,625.56,-3.5,STOP_LOSS,8,57.59,3.04,Arvind SmartSpaces Limited
ASALCBR,2026-06-22,2026-06-23,2026-07-06,856.2,874.45,2.13,TIME_EXIT,10,59.95,2.33,Associated Alcohols & Breweries Ltd.
ASHIANA,2024-12-19,2024-12-20,2024-12-20,350.0,337.75,-3.5,STOP_LOSS,1,55.33,3.23,Ashiana Housing Limited
ASHOKLEY,2025-06-26,2025-06-27,2025-07-10,250.39,249.8,-0.24,TIME_EXIT,10,55.13,2.36,Ashok Leyland Limited
ASIANHOTNR,2025-09-23,2025-09-24,2025-09-24,344.25,332.2,-3.5,STOP_LOSS,1,83.08,2.16,Asian Hotels (North) Limited
ASIANHOTNR,2026-08-27,2026-08-28,2026-08-31,307.75,332.37,8.0,TARGET_HIT,2,95.84,6.52,Asian Hotels (North) Limited
ASIANHOTNR,2026-08-28,2026-08-31,2026-08-31,309.95,334.75,8.0,TARGET_HIT,1,96.65,4.1,Asian Hotels (North) Limited
ASIANTILES,2025-11-12,2025-11-13,2025-11-13,69.2,66.78,-3.5,STOP_LOSS,1,57.13,2.01,Asian Granito India Limited
ASIANTILES,2025-12-18,2025-12-19,2025-12-22,69.0,74.52,8.0,TARGET_HIT,2,55.96,5.06,Asian Granito India Limited
ASIANTILES,2025-12-19,2025-12-22,2025-12-24,72.69,78.51,8.0,TARGET_HIT,3,56.84,5.2,Asian Granito India Limited
ASKAUTOLTD,2025-06-06,2025-06-09,2025-06-11,462.4,446.22,-3.5,STOP_LOSS,3,59.23,2.34,ASK Automotive Limited
ASPINWALL,2025-01-09,2025-01-10,2025-01-10,318.0,306.87,-3.5,STOP_LOSS,1,63.19,2.11,Aspinwall and Company Limited
ASTERDM,2025-01-07,2025-01-08,2025-01-10,524.2,505.85,-3.5,STOP_LOSS,3,64.03,1.81,Aster DM Quality Care Limited
ASTRAL,2025-02-05,2025-02-06,2025-02-07,1521.0,1467.76,-3.5,STOP_LOSS,2,77.42,3.88,Astral Limited
ASTRAL,2026-07-21,2026-07-22,2026-08-04,1411.1,1448.0,2.61,TIME_EXIT,10,58.75,1.92,Astral Limited
ASTRAMICRO,2025-04-15,2025-04-16,2025-04-21,750.0,810.0,8.0,TARGET_HIT,3,65.04,3.88,Astra Microwave Products Limited
ASTRAZEN,2026-06-22,2026-06-23,2026-06-29,8546.5,8247.37,-3.5,STOP_LOSS,5,61.77,1.97,AstraZeneca Pharma India Limited
ATAM,2025-01-20,2025-01-21,2025-01-21,146.0,140.89,-3.5,STOP_LOSS,1,55.41,6.34,Atam Valves Limited
AUBANK,2025-01-10,2025-01-13,2025-01-24,569.95,594.65,4.33,TIME_EXIT,10,66.08,2.47,AU Small Finance Bank Limited
AUBANK,2025-01-14,2025-01-15,2025-01-27,576.95,556.76,-3.5,STOP_LOSS,9,71.77,1.95,AU Small Finance Bank Limited
AUBANK,2025-05-28,2025-05-29,2025-06-09,707.0,763.56,8.0,TARGET_HIT,8,67.5,2.43,AU Small Finance Bank Limited
AUBANK,2025-06-02,2025-06-03,2025-06-12,725.0,783.0,8.0,TARGET_HIT,8,70.71,3.75,AU Small Finance Bank Limited
AUBANK,2025-11-04,2025-11-06,2025-11-19,880.9,925.65,5.08,TIME_EXIT,10,76.22,1.84,AU Small Finance Bank Limited
AUBANK,2026-01-16,2026-01-19,2026-01-21,1025.0,989.12,-3.5,STOP_LOSS,3,55.71,3.67,AU Small Finance Bank Limited
AUBANK,2026-04-24,2026-04-27,2026-04-28,1057.0,1020.0,-3.5,STOP_LOSS,2,58.11,1.96,AU Small Finance Bank Limited
AUROPHARMA,2026-06-30,2026-07-01,2026-07-14,1578.7,1552.8,-1.64,TIME_EXIT,10,60.79,1.87,Aurobindo Pharma Limited
AUROPHARMA,2026-08-04,2026-08-05,2026-08-18,1587.3,1645.0,3.64,TIME_EXIT,10,62.69,3.29,Aurobindo Pharma Limited
AURUM,2025-12-11,2025-12-12,2025-12-24,176.4,190.51,8.0,TARGET_HIT,9,71.85,2.31,Aurum PropTech Limited
AURUM,2025-12-23,2025-12-24,2026-01-06,188.4,185.67,-1.45,TIME_EXIT,10,63.58,3.17,Aurum PropTech Limited
AURUM,2026-06-05,2026-06-08,2026-06-08,189.13,182.51,-3.5,STOP_LOSS,1,59.49,2.21,Aurum PropTech Limited
AUTOAXLES,2025-05-19,2025-05-20,2025-06-02,1719.0,1748.0,1.69,TIME_EXIT,10,66.0,1.94,Automotive Axles Limited
AUTOAXLES,2025-07-24,2025-07-25,2025-08-06,1873.2,1807.64,-3.5,STOP_LOSS,9,62.19,3.4,Automotive Axles Limited
AUTOAXLES,2026-04-08,2026-04-09,2026-04-17,1713.1,1850.15,8.0,TARGET_HIT,7,61.21,2.79,Automotive Axles Limited
AUTOAXLES,2026-08-03,2026-08-04,2026-08-07,1880.0,1814.2,-3.5,STOP_LOSS,4,59.67,5.46,Automotive Axles Limited
AUTOIND,2026-04-29,2026-04-30,2026-05-05,64.8,69.98,8.0,TARGET_HIT,4,58.29,1.92,Autoline Industries Limited
AVADHSUGAR,2025-12-15,2025-12-16,2025-12-19,386.9,373.36,-3.5,STOP_LOSS,4,74.64,2.69,Avadh Sugar & Energy Limited
AVALON,2026-01-06,2026-01-07,2026-01-12,923.0,890.7,-3.5,STOP_LOSS,4,60.85,3.26,Avalon Technologies Limited
AVG,2024-11-28,2024-11-29,2024-12-02,458.05,442.02,-3.5,STOP_LOSS,2,62.13,2.21,AVG Logistics Limited
AVL,2024-12-10,2024-12-11,2024-12-11,503.6,485.97,-3.5,STOP_LOSS,1,61.02,2.26,Aditya Vision Limited
AVL,2024-12-18,2024-12-19,2024-12-27,501.05,541.13,8.0,TARGET_HIT,7,71.04,2.66,Aditya Vision Limited
AVL,2025-01-08,2025-01-09,2025-01-09,514.2,496.2,-3.5,STOP_LOSS,1,89.24,4.26,Aditya Vision Limited
AVL,2026-06-15,2026-06-16,2026-06-18,571.8,617.54,8.0,TARGET_HIT,3,55.67,2.37,Aditya Vision Limited
AVL,2026-06-19,2026-06-22,2026-06-23,640.0,617.6,-3.5,STOP_LOSS,2,64.19,2.57,Aditya Vision Limited
AWFIS,2025-01-07,2025-01-08,2025-01-08,754.3,727.9,-3.5,STOP_LOSS,1,55.7,1.94,Awfis Space Solutions Limited
AXISBANK,2025-04-16,2025-04-17,2025-05-02,1155.6,1182.2,2.3,TIME_EXIT,10,65.47,1.91,Axis Bank Limited
AXISBANK,2025-04-17,2025-04-21,2025-04-25,1202.0,1159.93,-3.5,STOP_LOSS,5,67.48,1.85,Axis Bank Limited
AXISBANK,2025-04-21,2025-04-22,2025-04-25,1230.4,1187.34,-3.5,STOP_LOSS,4,68.43,1.91,Axis Bank Limited
AXISBANK,2025-06-06,2025-06-09,2025-06-20,1212.5,1220.7,0.68,TIME_EXIT,10,66.3,2.34,Axis Bank Limited
AXISBANK,2025-09-23,2025-09-24,2025-09-29,1168.0,1127.12,-3.5,STOP_LOSS,4,74.55,2.86,Axis Bank Limited
AXISBANK,2026-01-05,2026-01-06,2026-01-13,1304.6,1258.94,-3.5,STOP_LOSS,6,75.86,2.2,Axis Bank Limited
AXISBANK,2026-01-29,2026-01-30,2026-02-02,1352.0,1304.68,-3.5,STOP_LOSS,2,74.03,2.08,Axis Bank Limited
AXISCADES,2024-12-24,2024-12-26,2024-12-27,645.05,622.47,-3.5,STOP_LOSS,2,57.6,1.88,AXISCADES Technologies Limited
AXISCADES,2026-03-30,2026-04-01,2026-04-02,1590.1,1534.45,-3.5,STOP_LOSS,2,64.71,2.09,AXISCADES Technologies Limited
AXISCADES,2026-03-30,2026-04-01,2026-04-02,1590.1,1534.45,-3.5,STOP_LOSS,2,64.71,1.87,AXISCADES Technologies Limited
AYMSYNTEX,2025-06-05,2025-06-06,2025-06-11,246.0,265.68,8.0,TARGET_HIT,4,78.01,3.04,AYM Syntex Limited
AYMSYNTEX,2026-02-23,2026-02-24,2026-02-24,211.0,203.61,-3.5,STOP_LOSS,1,74.54,2.68,AYM Syntex Limited
AZAD,2025-09-17,2025-09-18,2025-09-26,1605.0,1548.82,-3.5,STOP_LOSS,7,64.25,1.88,Azad Engineering Limited
BAJAJ-AUTO,2025-08-18,2025-08-19,2025-09-02,8609.0,9030.5,4.9,TIME_EXIT,10,56.61,3.69,Bajaj Auto Limited
BAJAJFINSV,2026-06-15,2026-06-16,2026-06-29,1755.0,1759.3,0.25,TIME_EXIT,10,59.45,2.84,Bajaj Finserv Limited
BAJAJFINSV,2026-06-16,2026-06-17,2026-06-30,1792.0,1780.2,-0.66,TIME_EXIT,10,60.54,2.38,Bajaj Finserv Limited
BAJAJHCARE,2024-11-05,2024-11-06,2024-11-13,378.1,364.87,-3.5,STOP_LOSS,6,58.04,1.83,Bajaj Healthcare Limited
BAJAJHFL,2025-03-21,2025-03-24,2025-03-24,126.0,121.59,-3.5,STOP_LOSS,1,58.19,8.22,Bajaj Housing Finance Limited
BAJAJHLDNG,2025-06-30,2025-07-01,2025-07-08,14473.0,13966.44,-3.5,STOP_LOSS,6,58.99,2.33,Bajaj Holdings & Investment Limited
BALAJITELE,2025-04-16,2025-04-17,2025-04-21,80.77,87.23,8.0,TARGET_HIT,2,58.93,2.04,Balaji Telefilms Limited
BALAJITELE,2025-05-22,2025-05-23,2025-05-23,82.8,79.9,-3.5,STOP_LOSS,1,71.4,4.52,Balaji Telefilms Limited
BALAXI,2025-04-03,2025-04-04,2025-04-04,68.99,66.58,-3.5,STOP_LOSS,1,92.49,30.55,BALAXI PHARMACEUTICALS LIMITED
BALKRISIND,2025-07-01,2025-07-02,2025-07-15,2484.0,2672.0,7.57,TIME_EXIT,10,86.9,5.4,Balkrishna Industries Limited
BALKRISIND,2026-01-14,2026-01-16,2026-01-29,2438.5,2353.15,-3.5,STOP_LOSS,10,83.99,3.74,Balkrishna Industries Limited
BALKRISIND,2026-01-14,2026-01-16,2026-01-29,2438.5,2353.15,-3.5,STOP_LOSS,10,83.99,2.88,Balkrishna Industries Limited
BALKRISIND,2026-07-09,2026-07-10,2026-07-15,2220.0,2142.3,-3.5,STOP_LOSS,4,76.15,2.73,Balkrishna Industries Limited
BANDHANBNK,2026-02-11,2026-02-12,2026-02-24,168.0,181.44,8.0,TARGET_HIT,9,61.76,2.34,Bandhan Bank Limited
BANDHANBNK,2026-02-12,2026-02-13,2026-02-24,168.1,181.55,8.0,TARGET_HIT,8,66.37,3.05,Bandhan Bank Limited
BANDHANBNK,2026-09-11,2026-09-15,2026-09-16,177.0,170.8,-3.5,STOP_LOSS,2,57.58,4.09,Bandhan Bank Limited
BANDHANBNK,2026-09-11,2026-09-15,2026-09-16,177.0,170.8,-3.5,STOP_LOSS,2,57.58,3.0,Bandhan Bank Limited
BANSALWIRE,2025-04-21,2025-04-22,2025-04-30,369.3,356.37,-3.5,STOP_LOSS,7,76.42,4.71,Bansal Wire Industries Limited
BANSALWIRE,2025-04-22,2025-04-23,2025-04-28,375.7,362.55,-3.5,STOP_LOSS,4,85.28,6.08,Bansal Wire Industries Limited
BANSALWIRE,2026-05-07,2026-05-08,2026-05-11,326.85,315.41,-3.5,STOP_LOSS,2,57.64,3.63,Bansal Wire Industries Limited
BANSWRAS,2024-12-04,2024-12-05,2024-12-09,150.8,162.86,8.0,TARGET_HIT,3,74.76,7.56,Banswara Syntex Limited
BANSWRAS,2024-12-05,2024-12-06,2024-12-09,153.8,166.1,8.0,TARGET_HIT,2,82.44,2.98,Banswara Syntex Limited
BANSWRAS,2025-03-05,2025-03-06,2025-03-10,135.55,130.81,-3.5,STOP_LOSS,3,94.75,9.98,Banswara Syntex Limited
BASF,2024-09-30,2024-10-01,2024-10-01,7386.4,7977.31,8.0,TARGET_HIT,1,58.53,2.52,BASF India Limited
BASF,2025-09-16,2025-09-17,2025-09-26,4708.0,4543.22,-3.5,STOP_LOSS,8,70.58,2.64,BASF India Limited
BAYERCROP,2024-10-01,2024-10-03,2024-10-04,6600.0,6369.0,-3.5,STOP_LOSS,2,81.85,3.04,Bayer Cropscience Limited
BAYERCROP,2024-10-04,2024-10-07,2024-10-16,6740.0,6504.1,-3.5,STOP_LOSS,8,72.07,2.4,Bayer Cropscience Limited
BAYERCROP,2024-11-05,2024-11-06,2024-11-11,6765.05,6528.27,-3.5,STOP_LOSS,4,80.5,6.27,Bayer Cropscience Limited
BAYERCROP,2025-05-20,2025-05-21,2025-05-27,5107.4,5515.99,8.0,TARGET_HIT,5,71.46,2.21,Bayer Cropscience Limited
BAYERCROP,2025-06-30,2025-07-01,2025-07-14,6270.0,6224.5,-0.73,TIME_EXIT,10,59.01,2.45,Bayer Cropscience Limited
BBOX,2025-09-29,2025-09-30,2025-09-30,528.45,509.95,-3.5,STOP_LOSS,1,58.59,1.89,Black Box Limited
BBOX,2025-11-27,2025-11-28,2025-11-28,556.0,536.54,-3.5,STOP_LOSS,1,65.48,2.01,Black Box Limited
BECTORFOOD,2024-10-14,2024-10-15,2024-10-17,1922.5,1855.21,-3.5,STOP_LOSS,3,69.52,2.4,Mrs. Bectors Food Specialities Limited
BECTORFOOD,2024-11-28,2024-11-29,2024-12-05,1807.8,1952.42,8.0,TARGET_HIT,5,85.71,2.24,Mrs. Bectors Food Specialities Limited
BECTORFOOD,2025-02-04,2025-02-05,2025-02-05,1549.0,1494.78,-3.5,STOP_LOSS,1,73.65,2.87,Mrs. Bectors Food Specialities Limited
BECTORFOOD,2025-12-09,2025-12-10,2025-12-12,1307.9,1262.12,-3.5,STOP_LOSS,3,75.17,3.56,Mrs. Bectors Food Specialities Limited
BECTORFOOD,2026-02-03,2026-02-04,2026-02-04,234.06,225.87,-3.5,STOP_LOSS,1,60.09,2.85,Mrs. Bectors Food Specialities Limited
BECTORFOOD,2026-04-17,2026-04-20,2026-04-21,192.24,207.62,8.0,TARGET_HIT,2,64.27,3.7,Mrs. Bectors Food Specialities Limited
BEL,2025-10-24,2025-10-27,2025-10-29,425.0,410.12,-3.5,STOP_LOSS,3,60.51,1.87,Bharat Electronics Limited
BEPL,2026-04-13,2026-04-15,2026-04-21,94.4,101.95,8.0,TARGET_HIT,5,59.81,1.98,Bhansali Engineering Polymers Limited
BETA,2026-05-13,2026-05-14,2026-05-15,1419.0,1369.34,-3.5,STOP_LOSS,2,57.08,2.31,Beta Drugs Limited
BHARATRAS,2025-01-23,2025-01-24,2025-01-27,10257.7,9898.68,-3.5,STOP_LOSS,2,63.08,1.87,Bharat Rasayan Limited
BHARATWIRE,2024-09-30,2024-10-01,2024-10-03,277.7,267.98,-3.5,STOP_LOSS,3,59.09,2.62,Bharat Wire Ropes Limited
BHARATWIRE,2025-12-16,2025-12-17,2025-12-17,180.0,173.7,-3.5,STOP_LOSS,1,55.93,1.99,Bharat Wire Ropes Limited
BHARTIARTL,2025-03-21,2025-03-24,2025-03-28,1740.0,1679.1,-3.5,STOP_LOSS,5,69.77,2.31,Bharti Airtel Limited
BHARTIARTL,2025-11-04,2025-11-06,2025-11-07,2115.0,2040.98,-3.5,STOP_LOSS,2,61.72,2.29,Bharti Airtel Limited
BHARTIARTL,2026-08-14,2026-08-17,2026-08-26,1984.2,1914.75,-3.5,STOP_LOSS,8,66.98,1.8,Bharti Airtel Limited
BHARTIHEXA,2026-04-29,2026-04-30,2026-05-11,1525.1,1471.72,-3.5,STOP_LOSS,8,79.22,4.0,Bharti Hexacom Limited
BHEL,2026-04-13,2026-04-15,2026-04-17,291.02,314.3,8.0,TARGET_HIT,3,57.12,3.35,Bharat Heavy Electricals Limited
BIKAJI,2026-03-30,2026-04-01,2026-04-13,629.65,637.75,1.29,TIME_EXIT,10,59.7,1.93,Bikaji Foods International Limited
BIL,2025-07-10,2025-07-11,2025-07-11,751.0,811.08,8.0,TARGET_HIT,1,98.87,5.03,Bhartiya International Limited
BIL,2025-07-11,2025-07-14,2025-07-21,827.0,893.16,8.0,TARGET_HIT,6,86.87,3.56,Bhartiya International Limited
BIL,2025-11-04,2025-11-06,2025-11-19,848.0,834.8,-1.56,TIME_EXIT,10,72.48,3.58,Bhartiya International Limited
BIL,2026-02-03,2026-02-04,2026-02-04,925.5,893.11,-3.5,STOP_LOSS,1,73.26,4.29,Bhartiya International Limited
BIOCON,2025-06-25,2025-06-26,2025-07-07,353.55,381.83,8.0,TARGET_HIT,8,62.37,2.8,Biocon Limited
BIRLACORPN,2025-05-12,2025-05-13,2025-05-19,1311.9,1416.85,8.0,TARGET_HIT,5,90.65,9.77,Birla Corporation Limited
BIRLACORPN,2025-07-22,2025-07-23,2025-07-25,1473.0,1421.44,-3.5,STOP_LOSS,3,55.8,13.12,Birla Corporation Limited
BLACKBUCK,2025-07-16,2025-07-17,2025-07-17,455.0,439.08,-3.5,STOP_LOSS,1,59.15,2.51,BLACKBUCK LIMITED
BLAL,2025-03-19,2025-03-20,2025-04-03,201.2,214.44,6.58,TIME_EXIT,10,59.43,1.94,BEML Land Assets Limited
BLAL,2026-04-15,2026-04-16,2026-04-22,198.0,191.07,-3.5,STOP_LOSS,5,58.72,5.34,BEML Land Assets Limited
BLKASHYAP,2025-12-12,2025-12-15,2025-12-16,49.9,53.89,8.0,TARGET_HIT,2,63.83,2.83,B. L. Kashyap and Sons Limited
BLSE,2026-06-29,2026-06-30,2026-07-01,234.7,253.48,8.0,TARGET_HIT,2,70.42,4.48,BLS E-Services Limited
BLUEJET,2024-12-17,2024-12-18,2024-12-19,547.0,590.76,8.0,TARGET_HIT,2,60.39,5.88,Blue Jet Healthcare Limited
BLUEJET,2025-01-30,2025-01-31,2025-01-31,718.0,692.87,-3.5,STOP_LOSS,1,92.26,1.87,Blue Jet Healthcare Limited
BLUESTARCO,2024-12-04,2024-12-05,2024-12-06,1928.8,2083.1,8.0,TARGET_HIT,2,57.58,2.04,Blue Star Limited
BLUESTARCO,2024-12-05,2024-12-06,2024-12-09,1979.8,2138.18,8.0,TARGET_HIT,2,65.01,2.4,Blue Star Limited
BLUESTARCO,2025-09-22,2025-09-23,2025-09-24,1996.0,1926.14,-3.5,STOP_LOSS,2,68.49,3.56,Blue Star Limited
BLUESTONE,2026-03-18,2026-03-19,2026-03-23,532.0,513.38,-3.5,STOP_LOSS,3,66.44,3.54,BlueStone Jewellery and Lifestyle Limited
BMWVENTLTD,2026-02-09,2026-02-10,2026-02-10,60.4,58.29,-3.5,STOP_LOSS,1,58.64,2.28,BMW Ventures Limited
BODALCHEM,2026-05-07,2026-05-08,2026-05-11,74.48,71.87,-3.5,STOP_LOSS,2,57.62,3.62,Bodal Chemicals Limited
BOROLTD,2025-05-13,2025-05-14,2025-05-19,336.0,362.88,8.0,TARGET_HIT,4,64.0,2.04,Borosil Limited
BOROSCI,2026-03-25,2026-03-27,2026-03-27,105.16,101.48,-3.5,STOP_LOSS,1,77.54,3.36,Borosil Scientific Limited
BOROSCI,2026-03-25,2026-03-27,2026-03-27,105.16,101.48,-3.5,STOP_LOSS,1,77.54,2.66,Borosil Scientific Limited
BOSCH-HCIL,2026-01-08,2026-01-09,2026-01-12,1500.0,1447.5,-3.5,STOP_LOSS,2,61.48,2.3,BOSCH HOME COMFORT INDIA LIMITED
BOSCHLTD,2025-12-04,2025-12-05,2025-12-18,36985.0,35690.52,-3.5,STOP_LOSS,10,64.92,2.31,Bosch Limited
BPCL,2026-01-29,2026-01-30,2026-02-02,366.7,353.87,-3.5,STOP_LOSS,2,55.18,2.04,Bharat Petroleum Corporation Limited
BPL,2024-12-03,2024-12-04,2024-12-09,121.1,130.79,8.0,TARGET_HIT,4,56.65,2.33,BPL Limited
BPL,2024-12-04,2024-12-05,2024-12-05,128.9,124.39,-3.5,STOP_LOSS,1,63.1,5.24,BPL Limited
BRIGADE,2024-09-27,2024-09-30,2024-10-08,1400.0,1351.0,-3.5,STOP_LOSS,7,59.12,2.16,Brigade Enterprises Limited
BRITANNIA,2025-06-02,2025-06-03,2025-06-16,5605.0,5560.5,-0.79,TIME_EXIT,10,56.37,2.46,Britannia Industries Limited
BRITANNIA,2026-01-05,2026-01-06,2026-01-19,6040.0,5943.5,-1.6,TIME_EXIT,10,69.46,3.43,Britannia Industries Limited
BUILDPRO,2026-04-13,2026-04-15,2026-04-15,1132.3,1092.67,-3.5,STOP_LOSS,1,58.24,5.14,Shankara Buildpro Limited
BUILDPRO,2026-04-13,2026-04-15,2026-04-15,1132.3,1092.67,-3.5,STOP_LOSS,1,58.24,3.62,Shankara Buildpro Limited
BUILDPRO,2026-05-07,2026-05-08,2026-05-08,1146.0,1105.89,-3.5,STOP_LOSS,1,80.07,5.14,Shankara Buildpro Limited
BYKE,2024-10-31,2024-11-01,2024-11-01,77.4,74.69,-3.5,STOP_LOSS,1,57.94,5.35,The Byke Hospitality Ltd
BYKE,2024-11-01,2024-11-04,2024-11-04,78.99,76.23,-3.5,STOP_LOSS,1,61.94,2.91,The Byke Hospitality Ltd
BYKE,2026-01-05,2026-01-06,2026-01-06,60.89,58.76,-3.5,STOP_LOSS,1,55.6,6.46,The Byke Hospitality Ltd
CANFINHOME,2025-10-03,2025-10-06,2025-10-17,785.0,801.05,2.04,TIME_EXIT,10,69.57,7.83,Can Fin Homes Limited
CANFINHOME,2025-10-06,2025-10-07,2025-10-20,804.5,838.35,4.21,TIME_EXIT,10,62.11,1.84,Can Fin Homes Limited
CANHLIFE,2025-12-09,2025-12-10,2025-12-11,122.8,118.5,-3.5,STOP_LOSS,2,70.92,2.15,Canara HSBC Life Insurance Company Limited
CANHLIFE,2025-12-16,2025-12-17,2025-12-22,124.0,133.92,8.0,TARGET_HIT,4,85.54,2.71,Canara HSBC Life Insurance Company Limited
CANHLIFE,2026-07-02,2026-07-03,2026-07-13,141.82,153.17,8.0,TARGET_HIT,7,66.61,4.55,Canara HSBC Life Insurance Company Limited
CANHLIFE,2026-08-27,2026-08-28,2026-08-31,157.5,151.99,-3.5,STOP_LOSS,2,63.8,7.88,Canara HSBC Life Insurance Company Limited
CANTABIL,2024-12-05,2024-12-06,2024-12-11,241.55,260.87,8.0,TARGET_HIT,4,55.88,2.5,Cantabil Retail India Limited
CANTABIL,2024-12-12,2024-12-13,2024-12-19,259.0,279.72,8.0,TARGET_HIT,5,68.1,10.21,Cantabil Retail India Limited
CAPITALSFB,2024-12-31,2025-01-01,2025-01-03,290.0,279.85,-3.5,STOP_LOSS,3,61.31,1.97,Capital Small Finance Bank Limited
CAPITALSFB,2026-06-17,2026-06-18,2026-06-19,298.2,287.76,-3.5,STOP_LOSS,2,60.79,4.29,Capital Small Finance Bank Limited
CAPITALSFB,2026-07-07,2026-07-08,2026-07-08,296.0,285.64,-3.5,STOP_LOSS,1,73.7,2.99,Capital Small Finance Bank Limited
CARBORUNIV,2025-04-21,2025-04-22,2025-04-25,1050.0,1013.25,-3.5,STOP_LOSS,4,72.62,2.69,Carborundum Universal Limited
CARBORUNIV,2025-06-25,2025-06-26,2025-07-09,979.0,997.8,1.92,TIME_EXIT,10,62.83,2.65,Carborundum Universal Limited
CARERATING,2026-04-17,2026-04-20,2026-04-24,1612.8,1556.35,-3.5,STOP_LOSS,5,82.12,6.44,CARE Ratings Limited
CARERATING,2026-04-20,2026-04-21,2026-04-24,1635.0,1577.78,-3.5,STOP_LOSS,4,80.06,3.59,CARE Ratings Limited
CEIGALL,2025-04-22,2025-04-23,2025-04-25,268.95,259.54,-3.5,STOP_LOSS,3,65.57,1.87,Ceigall India Limited
CEIGALL,2026-04-22,2026-04-23,2026-05-04,321.6,347.33,8.0,TARGET_HIT,8,68.82,3.75,Ceigall India Limited
CELLO,2026-04-08,2026-04-09,2026-04-09,424.4,409.55,-3.5,STOP_LOSS,1,70.27,3.35,Cello World Limited
CEMPRO,2026-07-20,2026-07-21,2026-07-22,1635.0,1577.78,-3.5,STOP_LOSS,2,77.64,1.98,Cemindia Projects Limited
CENTUM,2025-08-06,2025-08-07,2025-08-12,2330.3,2516.72,8.0,TARGET_HIT,4,55.66,21.48,Centum Electronics Limited
CENTUM,2025-08-19,2025-08-20,2025-08-20,2670.0,2883.6,8.0,TARGET_HIT,1,62.77,2.1,Centum Electronics Limited
CERA,2025-10-31,2025-11-03,2025-11-07,6230.0,6011.95,-3.5,STOP_LOSS,5,63.21,1.8,Cera Sanitaryware Limited
CERA,2025-11-03,2025-11-04,2025-11-07,6250.0,6031.25,-3.5,STOP_LOSS,4,58.44,1.86,Cera Sanitaryware Limited
CHALET,2025-03-19,2025-03-20,2025-03-24,793.95,857.47,8.0,TARGET_HIT,3,59.39,3.72,Chalet Hotels Limited
CHALET,2026-01-01,2026-01-02,2026-01-06,899.0,867.54,-3.5,STOP_LOSS,3,70.24,4.5,Chalet Hotels Limited
CHEMBOND,2024-12-19,2024-12-20,2024-12-24,588.9,636.01,8.0,TARGET_HIT,3,66.87,3.38,Chembond Material Technologies Limited
CHEMBOND,2025-02-06,2025-02-07,2025-02-11,578.35,558.11,-3.5,STOP_LOSS,3,88.95,5.92,Chembond Material Technologies Limited
CHEMBOND,2025-04-22,2025-04-23,2025-05-07,521.7,553.65,6.12,TIME_EXIT,10,84.98,6.88,Chembond Material Technologies Limited
CHEMBOND,2025-04-24,2025-04-25,2025-05-06,530.9,512.32,-3.5,STOP_LOSS,7,82.39,3.28,Chembond Material Technologies Limited
CHEVIOT,2026-05-04,2026-05-05,2026-05-07,1219.0,1316.52,8.0,TARGET_HIT,3,61.09,4.0,Cheviot Company Limited
CHOLAFIN,2025-09-22,2025-09-23,2025-09-26,1629.9,1572.85,-3.5,STOP_LOSS,4,64.15,2.61,Cholamandalam Investment and Finance Company Limited
CHOLAFIN,2025-12-12,2025-12-15,2025-12-17,1734.0,1673.31,-3.5,STOP_LOSS,3,72.4,2.51,Cholamandalam Investment and Finance Company Limited
CHOLAHLDNG,2024-10-01,2024-10-03,2024-10-04,2055.0,1983.08,-3.5,STOP_LOSS,2,61.94,2.06,Cholamandalam Financial Holdings Limited
CHOLAHLDNG,2025-04-21,2025-04-22,2025-04-28,1970.0,1901.05,-3.5,STOP_LOSS,5,74.24,3.27,Cholamandalam Financial Holdings Limited
CHOLAHLDNG,2025-12-24,2025-12-26,2025-12-29,1902.0,1835.43,-3.5,STOP_LOSS,2,80.32,2.53,Cholamandalam Financial Holdings Limited
CIEINDIA,2025-06-09,2025-06-10,2025-06-19,452.6,436.76,-3.5,STOP_LOSS,8,62.04,2.69,CIE Automotive India Limited
CLEAN,2024-10-01,2024-10-03,2024-10-04,1616.85,1560.26,-3.5,STOP_LOSS,2,61.11,3.96,Clean Science and Technology Limited
CLEAN,2024-10-01,2024-10-03,2024-10-04,1616.85,1560.26,-3.5,STOP_LOSS,2,61.11,2.99,Clean Science and Technology Limited
CLEAN,2025-04-21,2025-04-22,2025-04-30,1212.0,1169.58,-3.5,STOP_LOSS,7,56.99,2.09,Clean Science and Technology Limited
CLEDUCATE,2025-08-11,2025-08-12,2025-08-12,105.0,113.4,8.0,TARGET_HIT,1,84.77,19.48,CL Educate Limited
CMSINFO,2025-04-16,2025-04-17,2025-04-29,465.0,448.72,-3.5,STOP_LOSS,8,67.4,2.13,CMS Info Systems Limited
CMSINFO,2026-08-03,2026-08-04,2026-08-11,275.4,265.76,-3.5,STOP_LOSS,6,65.23,2.76,CMS Info Systems Limited
COALINDIA,2025-03-21,2025-03-24,2025-03-26,407.95,393.67,-3.5,STOP_LOSS,3,60.2,3.39,Coal India Limited
COFORGE,2026-07-27,2026-07-28,2026-07-29,1570.0,1695.6,8.0,TARGET_HIT,2,57.72,1.98,Coforge Limited
COLPAL,2024-11-26,2024-11-27,2024-12-02,2960.0,2856.4,-3.5,STOP_LOSS,4,61.28,2.61,Colgate Palmolive (India) Limited
COLPAL,2025-01-03,2025-01-06,2025-01-06,2829.0,2729.98,-3.5,STOP_LOSS,1,59.31,1.83,Colgate Palmolive (India) Limited
COLPAL,2026-02-25,2026-02-26,2026-03-02,2283.0,2203.09,-3.5,STOP_LOSS,3,63.36,3.89,Colgate Palmolive (India) Limited
CONCOR,2025-05-16,2025-05-19,2025-05-23,737.95,712.12,-3.5,STOP_LOSS,5,55.41,8.13,Container Corporation of India Limited
CONCOR,2025-09-15,2025-09-16,2025-09-24,558.0,538.47,-3.5,STOP_LOSS,7,63.32,7.56,Container Corporation of India Limited
CONCOR,2026-07-03,2026-07-06,2026-07-07,490.0,472.85,-3.5,STOP_LOSS,2,61.96,5.33,Container Corporation of India Limited
CONSOFINVT,2025-05-16,2025-05-19,2025-05-22,194.33,187.53,-3.5,STOP_LOSS,4,98.38,2.38,Consolidated Finvest & Holdings Limited
CONSOFINVT,2025-05-19,2025-05-20,2025-05-22,196.44,189.56,-3.5,STOP_LOSS,3,97.88,1.86,Consolidated Finvest & Holdings Limited
CONSOFINVT,2026-02-10,2026-02-11,2026-02-12,236.0,227.74,-3.5,STOP_LOSS,2,79.47,2.04,Consolidated Finvest & Holdings Limited
CONSOFINVT,2026-07-09,2026-07-10,2026-07-10,267.0,257.65,-3.5,STOP_LOSS,1,64.35,9.13,Consolidated Finvest & Holdings Limited
CONTROLPR,2026-01-23,2026-01-27,2026-01-28,673.6,650.02,-3.5,STOP_LOSS,2,57.47,1.88,Control Print Limited
CONTROLPR,2026-09-02,2026-09-03,2026-09-09,609.5,588.17,-3.5,STOP_LOSS,5,86.53,3.7,Control Print Limited
COROMANDEL,2026-08-03,2026-08-04,2026-08-05,2128.0,2053.52,-3.5,STOP_LOSS,2,62.67,1.86,Coromandel International Limited
COSMOFIRST,2025-05-15,2025-05-16,2025-05-19,638.1,689.15,8.0,TARGET_HIT,2,55.38,2.58,COSMO FIRST LIMITED
COSMOFIRST,2025-11-04,2025-11-06,2025-11-11,870.5,840.03,-3.5,STOP_LOSS,4,63.61,2.31,COSMO FIRST LIMITED
COSMOFIRST,2026-02-10,2026-02-11,2026-02-12,660.1,637.0,-3.5,STOP_LOSS,2,73.33,2.38,COSMO FIRST LIMITED
CPPLUS,2026-09-01,2026-09-02,2026-09-15,3742.0,3663.4,-2.1,TIME_EXIT,10,60.48,2.0,Aditya Infotech Limited
CRAFTSMAN,2025-11-04,2025-11-06,2025-11-10,6850.0,6610.25,-3.5,STOP_LOSS,3,61.98,2.99,Craftsman Automation Limited
CRAFTSMAN,2026-01-14,2026-01-16,2026-01-20,7850.0,7575.25,-3.5,STOP_LOSS,3,74.01,2.94,Craftsman Automation Limited
CRAMC,2026-06-15,2026-06-16,2026-06-24,257.0,248.0,-3.5,STOP_LOSS,7,57.15,3.29,Canara Robeco Asset Management Company Limited
CREST,2026-06-05,2026-06-08,2026-06-16,361.6,390.53,8.0,TARGET_HIT,7,77.6,24.97,Crest Ventures Limited
CRISIL,2025-06-10,2025-06-11,2025-06-11,5525.0,5967.0,8.0,TARGET_HIT,1,74.73,3.49,Crisil Limited
CROMPTON,2025-06-26,2025-06-27,2025-07-02,360.0,347.4,-3.5,STOP_LOSS,4,63.86,1.88,Crompton Greaves Consumer Electricals Limited
CROMPTON,2025-07-15,2025-07-16,2025-07-22,350.0,337.75,-3.5,STOP_LOSS,5,56.75,2.14,Crompton Greaves Consumer Electricals Limited
CSLFINANCE,2025-12-10,2025-12-11,2025-12-17,294.0,317.52,8.0,TARGET_HIT,5,96.96,26.01,CSL Finance Limited
CUB,2025-04-21,2025-04-22,2025-05-02,179.8,173.51,-3.5,STOP_LOSS,8,70.84,1.83,City Union Bank Limited
CUB,2025-06-03,2025-06-04,2025-06-05,203.99,196.85,-3.5,STOP_LOSS,2,67.83,3.14,City Union Bank Limited
CUB,2026-01-30,2026-02-02,2026-02-02,284.1,274.16,-3.5,STOP_LOSS,1,60.81,2.15,City Union Bank Limited
CUB,2026-04-22,2026-04-23,2026-04-24,270.15,260.69,-3.5,STOP_LOSS,2,77.9,2.03,City Union Bank Limited
CUBEXTUB,2025-06-06,2025-06-09,2025-06-10,109.7,118.48,8.0,TARGET_HIT,2,56.91,3.45,Cubex Tubings Limited
CUBEXTUB,2025-06-09,2025-06-10,2025-06-12,115.09,111.06,-3.5,STOP_LOSS,3,56.34,2.65,Cubex Tubings Limited
CUMMINSIND,2025-10-24,2025-10-27,2025-11-07,4220.0,4291.8,1.7,TIME_EXIT,10,55.93,3.38,Cummins India Limited
CUPID,2025-02-13,2025-02-14,2025-02-14,73.4,70.83,-3.5,STOP_LOSS,1,61.92,5.34,Cupid Limited
CYIENT,2024-11-26,2024-11-27,2024-12-09,1875.0,2025.0,8.0,TARGET_HIT,9,67.62,2.0,Cyient Limited
CYIENT,2026-06-16,2026-06-17,2026-06-30,865.0,871.95,0.8,TIME_EXIT,10,59.38,2.14,Cyient Limited
DABUR,2025-12-31,2026-01-01,2026-01-14,505.0,513.75,1.73,TIME_EXIT,10,55.19,2.27,Dabur India Limited
DABUR,2026-01-22,2026-01-23,2026-01-28,525.35,506.96,-3.5,STOP_LOSS,4,67.08,3.33,Dabur India Limited
DAICHI,2026-06-17,2026-06-18,2026-06-22,304.89,329.28,8.0,TARGET_HIT,3,56.29,5.89,Dai-Ichi Karkaria Limited
DALBHARAT,2024-12-02,2024-12-03,2024-12-16,1879.75,1945.95,3.52,TIME_EXIT,10,57.49,4.48,Dalmia Bharat Limited
DALBHARAT,2025-08-12,2025-08-13,2025-08-28,2274.0,2351.4,3.4,TIME_EXIT,10,76.03,3.22,Dalmia Bharat Limited
DALBHARAT,2025-09-17,2025-09-18,2025-09-22,2488.9,2401.79,-3.5,STOP_LOSS,3,73.96,4.4,Dalmia Bharat Limited
DALMIASUG,2026-02-10,2026-02-11,2026-02-11,308.0,297.22,-3.5,STOP_LOSS,1,59.47,2.01,Dalmia Bharat Sugar and Industries Limited
DBCORP,2026-04-16,2026-04-17,2026-04-30,212.0,216.62,2.18,TIME_EXIT,10,63.2,3.12,D.B.Corp Limited
DBEIL,2025-09-09,2025-09-10,2025-09-12,151.4,146.1,-3.5,STOP_LOSS,3,56.35,3.59,Deepak Builders & Engineers India Limited
DCAL,2025-11-04,2025-11-06,2025-11-06,291.0,280.82,-3.5,STOP_LOSS,1,62.49,2.33,Dishman Carbogen Amcis Limited
DCBBANK,2024-12-02,2024-12-03,2024-12-16,127.69,127.15,-0.42,TIME_EXIT,10,57.24,2.95,DCB Bank Limited
DCBBANK,2025-05-30,2025-06-02,2025-06-05,146.7,141.57,-3.5,STOP_LOSS,4,69.67,2.64,DCB Bank Limited
DCBBANK,2025-10-10,2025-10-13,2025-10-20,130.15,140.56,8.0,TARGET_HIT,6,65.03,2.08,DCB Bank Limited
DCI,2025-01-01,2025-01-02,2025-01-02,440.0,424.6,-3.5,STOP_LOSS,1,67.48,4.58,Dc Infotech And Communication Limited
DCMNVL,2025-01-17,2025-01-20,2025-01-21,206.1,198.89,-3.5,STOP_LOSS,2,85.66,3.18,DCM Nouvelle Limited
DCMSHRIRAM,2024-12-31,2025-01-01,2025-01-06,1144.0,1103.96,-3.5,STOP_LOSS,4,62.35,4.51,DCM Shriram Limited
DCMSRIND,2025-04-30,2025-05-02,2025-05-08,181.78,175.42,-3.5,STOP_LOSS,5,67.94,1.81,DCM Shriram Industries Limited
DDEVPLSTIK,2026-01-23,2026-01-27,2026-01-30,290.45,280.28,-3.5,STOP_LOSS,4,55.84,2.59,Ddev Plastiks Industries Limited
DECCANCE,2025-01-07,2025-01-08,2025-01-09,740.1,714.2,-3.5,STOP_LOSS,2,68.46,1.88,Deccan Cements Limited
DECCANCE,2025-05-20,2025-05-21,2025-05-26,791.0,763.32,-3.5,STOP_LOSS,4,78.34,1.89,Deccan Cements Limited
DECCANCE,2026-08-26,2026-08-27,2026-09-09,572.1,565.5,-1.15,TIME_EXIT,10,77.77,3.77,Deccan Cements Limited
DEEDEV,2026-09-01,2026-09-02,2026-09-04,619.0,668.52,8.0,TARGET_HIT,3,56.23,1.93,DEE Development Engineers Limited
DEEPINDS,2024-10-09,2024-10-10,2024-10-14,464.05,501.17,8.0,TARGET_HIT,3,55.02,1.98,Deep Industries Limited
DELHIVERY,2025-12-22,2025-12-23,2026-01-05,410.0,411.95,0.48,TIME_EXIT,10,75.73,2.65,Delhivery Limited
DELHIVERY,2026-06-15,2026-06-16,2026-06-29,455.55,463.55,1.76,TIME_EXIT,10,57.72,2.05,Delhivery Limited
DENORA,2025-07-30,2025-07-31,2025-07-31,905.05,873.37,-3.5,STOP_LOSS,1,55.36,4.42,De Nora India Limited
DEVYANI,2024-12-24,2024-12-26,2025-01-03,181.0,195.48,8.0,TARGET_HIT,7,67.49,2.89,Devyani International Limited
DHANUKA,2026-04-17,2026-04-20,2026-04-30,1009.65,1079.65,6.93,TIME_EXIT,10,63.67,2.53,Dhanuka Agritech Limited
DHARMAJ,2026-01-12,2026-01-13,2026-01-13,243.0,234.5,-3.5,STOP_LOSS,1,58.66,3.59,Dharmaj Crop Guard Limited
DHARMAJ,2026-08-10,2026-08-11,2026-08-12,285.0,275.02,-3.5,STOP_LOSS,2,64.12,2.43,Dharmaj Crop Guard Limited
DIAMONDYD,2025-03-07,2025-03-10,2025-03-18,1092.4,1054.17,-3.5,STOP_LOSS,6,95.05,3.75,Prataap Snacks Limited
DIAMONDYD,2025-09-02,2025-09-03,2025-09-04,944.85,1020.44,8.0,TARGET_HIT,2,69.0,2.51,Prataap Snacks Limited
DIAMONDYD,2025-09-03,2025-09-04,2025-09-04,1041.0,1004.56,-3.5,STOP_LOSS,1,73.9,16.03,Prataap Snacks Limited
DIAMONDYD,2025-11-04,2025-11-06,2025-11-06,1148.2,1108.01,-3.5,STOP_LOSS,1,74.07,3.48,Prataap Snacks Limited
DIAMONDYD,2025-11-04,2025-11-06,2025-11-06,1148.2,1108.01,-3.5,STOP_LOSS,1,74.07,2.77,Prataap Snacks Limited
DIAMONDYD,2025-11-27,2025-11-28,2025-12-08,1088.0,1049.92,-3.5,STOP_LOSS,7,70.67,3.02,Prataap Snacks Limited
DIAMONDYD,2026-04-17,2026-04-20,2026-04-28,965.0,1042.2,8.0,TARGET_HIT,7,62.7,3.0,Prataap Snacks Limited
DIAMONDYD,2026-05-13,2026-05-14,2026-05-18,1018.6,982.95,-3.5,STOP_LOSS,3,62.83,2.08,Prataap Snacks Limited
DIAMONDYD,2026-06-25,2026-06-29,2026-07-07,1135.8,1226.66,8.0,TARGET_HIT,7,71.08,3.03,Prataap Snacks Limited
DIAMONDYD,2026-06-25,2026-06-29,2026-07-07,1135.8,1226.66,8.0,TARGET_HIT,7,71.08,2.56,Prataap Snacks Limited
DICIND,2026-08-17,2026-08-18,2026-08-19,594.8,573.98,-3.5,STOP_LOSS,2,62.96,3.91,DIC India Limited
DIGJAMLMTD,2026-09-10,2026-09-11,2026-09-11,64.5,62.24,-3.5,STOP_LOSS,1,66.51,103.83,Digjam Limited
DIVGIITTS,2024-10-01,2024-10-03,2024-10-07,602.8,581.7,-3.5,STOP_LOSS,3,63.12,1.88,Divgi Torqtransfer Systems Limited
DIVGIITTS,2024-10-08,2024-10-09,2024-10-18,623.0,601.19,-3.5,STOP_LOSS,8,67.3,3.17,Divgi Torqtransfer Systems Limited
DIVISLAB,2026-08-28,2026-08-31,2026-09-11,9239.0,9322.0,0.9,TIME_EXIT,10,58.56,2.28,Divi's Laboratories Limited
DIVISLAB,2026-08-31,2026-09-01,2026-09-11,9251.5,9322.0,0.76,TIME_EXIT,10,70.24,2.15,Divi's Laboratories Limited
DJML,2024-11-29,2024-12-02,2024-12-02,161.0,155.36,-3.5,STOP_LOSS,1,68.76,4.06,DJ Mediaprint & Logistics Limited
DJML,2024-12-02,2024-12-03,2024-12-05,156.0,168.48,8.0,TARGET_HIT,3,64.13,3.55,DJ Mediaprint & Logistics Limited
DJML,2024-12-06,2024-12-09,2024-12-10,184.5,178.04,-3.5,STOP_LOSS,2,72.64,3.19,DJ Mediaprint & Logistics Limited
DMART,2025-04-23,2025-04-24,2025-04-25,4509.8,4351.96,-3.5,STOP_LOSS,2,63.59,2.34,Avenue Supermarts Limited
DMART,2025-08-18,2025-08-19,2025-09-02,4584.9,4680.0,2.07,TIME_EXIT,10,60.97,5.58,Avenue Supermarts Limited
DMART,2026-03-25,2026-03-27,2026-04-01,3900.0,4212.0,8.0,TARGET_HIT,4,61.83,3.48,Avenue Supermarts Limited
DODLA,2026-05-27,2026-05-29,2026-05-29,1124.9,1085.53,-3.5,STOP_LOSS,1,70.27,1.97,Dodla Dairy Limited
DOLLAR,2024-10-01,2024-10-03,2024-10-07,537.1,518.3,-3.5,STOP_LOSS,3,59.68,2.08,Dollar Industries Limited
DOLLAR,2024-10-03,2024-10-04,2024-10-04,549.0,529.78,-3.5,STOP_LOSS,1,58.66,3.17,Dollar Industries Limited
DOLLAR,2025-05-14,2025-05-15,2025-05-15,409.9,395.55,-3.5,STOP_LOSS,1,65.39,2.75,Dollar Industries Limited
DOLLAR,2026-02-04,2026-02-05,2026-02-06,335.5,323.76,-3.5,STOP_LOSS,2,78.93,3.2,Dollar Industries Limited
DOLPHIN,2026-08-11,2026-08-12,2026-08-12,446.0,481.68,8.0,TARGET_HIT,1,57.21,3.01,Dolphin Offshore Enterprises (India) Limited
DOLPHIN,2026-08-12,2026-08-13,2026-08-13,502.0,484.43,-3.5,STOP_LOSS,1,83.71,34.78,Dolphin Offshore Enterprises (India) Limited
DYNAMATECH,2025-07-15,2025-07-16,2025-07-28,7222.0,6969.23,-3.5,STOP_LOSS,9,68.06,6.54,Dynamatic Technologies Limited
EBGNG,2026-03-12,2026-03-13,2026-03-13,387.95,374.37,-3.5,STOP_LOSS,1,59.87,2.7,GNG Electronics Limited
EDELWEISS,2025-05-12,2025-05-13,2025-05-13,80.5,86.94,8.0,TARGET_HIT,1,58.27,2.16,Edelweiss Financial Services Limited
EFCIL,2025-11-10,2025-11-11,2025-11-11,305.0,294.32,-3.5,STOP_LOSS,1,62.35,2.25,EFC (I) Limited
EFCIL,2026-04-16,2026-04-17,2026-04-22,202.2,195.12,-3.5,STOP_LOSS,4,61.17,2.4,EFC (I) Limited
EICHERMOT,2025-04-16,2025-04-17,2025-05-02,5615.5,5418.96,-3.5,STOP_LOSS,10,61.97,1.9,Eicher Motors Limited
EICHERMOT,2026-08-03,2026-08-04,2026-08-17,8024.0,8050.0,0.32,TIME_EXIT,10,58.14,2.07,Eicher Motors Limited
EIFFL,2025-04-23,2025-04-24,2025-04-24,199.01,214.93,8.0,TARGET_HIT,1,84.94,4.43,Euro India Fresh Foods Limited
EIMCOELECO,2024-12-16,2024-12-17,2024-12-17,2572.35,2482.32,-3.5,STOP_LOSS,1,69.83,2.31,Eimco Elecon (India) Limited
ELECTHERM,2025-12-15,2025-12-16,2025-12-17,858.95,828.89,-3.5,STOP_LOSS,2,76.89,2.25,Electrotherm (India) Limited
ELECTHERM,2026-05-26,2026-05-27,2026-05-27,815.0,786.48,-3.5,STOP_LOSS,1,69.16,2.2,Electrotherm (India) Limited
ELGIEQUIP,2026-04-07,2026-04-08,2026-04-15,492.85,532.28,8.0,TARGET_HIT,6,71.17,1.81,Elgi Equipments Limited
ELPROINTL,2026-05-07,2026-05-08,2026-05-08,127.1,137.27,8.0,TARGET_HIT,1,87.71,3.91,Elpro International Limited
ELPROINTL,2026-05-08,2026-05-11,2026-05-22,160.08,172.89,8.0,TARGET_HIT,10,58.54,5.55,Elpro International Limited
ELPROINTL,2026-07-27,2026-07-28,2026-08-10,178.4,175.53,-1.61,TIME_EXIT,10,65.41,4.2,Elpro International Limited
EMAMIREAL,2024-12-05,2024-12-06,2024-12-10,135.78,146.64,8.0,TARGET_HIT,3,100.0,6.92,Emami Realty Limited
EMAMIREAL,2024-12-09,2024-12-10,2025-03-25,149.68,144.44,-3.5,STOP_LOSS,2,93.82,11.32,Emami Realty Limited
EMAMIREAL,2026-04-24,2026-04-27,2026-04-27,99.99,107.99,8.0,TARGET_HIT,1,86.87,6.17,Emami Realty Limited
EMCURE,2026-01-02,2026-01-05,2026-01-07,1441.9,1557.25,8.0,TARGET_HIT,3,71.16,3.18,Emcure Pharmaceuticals Limited
EMIL,2024-12-06,2024-12-09,2024-12-12,182.2,175.82,-3.5,STOP_LOSS,4,72.15,2.12,Electronics Mart India Limited
EMIL,2026-08-03,2026-08-04,2026-08-05,132.9,143.53,8.0,TARGET_HIT,2,62.57,2.15,Electronics Mart India Limited
EMIL,2026-08-04,2026-08-05,2026-08-05,136.0,146.88,8.0,TARGET_HIT,1,57.74,2.49,Electronics Mart India Limited
EMKAY,2026-09-01,2026-09-02,2026-09-02,266.75,257.41,-3.5,STOP_LOSS,1,57.63,2.98,Emkay Global Financial Services Limited
EMUDHRA,2026-04-02,2026-04-06,2026-04-07,410.0,442.8,8.0,TARGET_HIT,2,76.23,3.69,eMudhra Limited
ENDURANCE,2025-03-07,2025-03-10,2025-03-11,1882.65,1816.76,-3.5,STOP_LOSS,2,70.97,4.11,Endurance Technologies Limited
ENDURANCE,2026-02-03,2026-02-04,2026-02-05,2508.0,2420.22,-3.5,STOP_LOSS,2,68.0,3.59,Endurance Technologies Limited
ENDURANCE,2026-04-08,2026-04-09,2026-04-22,2380.0,2399.1,0.8,TIME_EXIT,10,66.05,2.97,Endurance Technologies Limited
ENDURANCE,2026-07-16,2026-07-17,2026-07-24,2760.0,2663.4,-3.5,STOP_LOSS,6,61.5,2.24,Endurance Technologies Limited
ENTERO,2025-02-05,2025-02-06,2025-02-06,1533.9,1480.21,-3.5,STOP_LOSS,1,76.38,3.99,Entero Healthcare Solutions Limited
ENTERO,2026-05-20,2026-05-21,2026-05-22,1262.0,1362.96,8.0,TARGET_HIT,2,82.7,2.63,Entero Healthcare Solutions Limited
ENTERO,2026-05-21,2026-05-22,2026-05-26,1319.4,1273.22,-3.5,STOP_LOSS,3,67.18,3.67,Entero Healthcare Solutions Limited
EPACK,2025-03-20,2025-03-21,2025-03-21,372.3,359.27,-3.5,STOP_LOSS,1,57.19,2.59,EPACK Durable Limited
EPL,2026-03-25,2026-03-27,2026-03-30,200.0,216.0,8.0,TARGET_HIT,2,62.13,2.02,EPL Limited
EQUITASBNK,2025-06-10,2025-06-11,2025-06-13,70.64,68.17,-3.5,STOP_LOSS,3,64.11,1.87,Equitas Small Finance Bank Limited
EQUITASBNK,2026-01-23,2026-01-27,2026-01-27,72.23,69.7,-3.5,STOP_LOSS,1,55.08,2.79,Equitas Small Finance Bank Limited
EQUITASBNK,2026-06-05,2026-06-08,2026-06-15,73.2,79.06,8.0,TARGET_HIT,6,79.63,6.45,Equitas Small Finance Bank Limited
ERIS,2026-04-15,2026-04-16,2026-04-21,1460.0,1408.9,-3.5,STOP_LOSS,4,59.8,2.42,Eris Lifesciences Limited
ERIS,2026-04-16,2026-04-17,2026-04-21,1452.0,1401.18,-3.5,STOP_LOSS,3,87.88,8.59,Eris Lifesciences Limited
ERIS,2026-07-16,2026-07-17,2026-07-17,1495.9,1443.54,-3.5,STOP_LOSS,1,57.63,1.85,Eris Lifesciences Limited
ESCORTS,2025-05-27,2025-05-28,2025-05-28,3549.7,3425.46,-3.5,STOP_LOSS,1,62.09,2.84,Escorts Kubota Limited
ETERNAL,2026-08-20,2026-08-21,2026-08-31,330.0,318.45,-3.5,STOP_LOSS,7,64.15,2.1,ETERNAL LIMITED
ETHOSLTD,2025-07-22,2025-07-23,2025-07-24,2952.7,2849.36,-3.5,STOP_LOSS,2,91.14,7.29,Ethos Limited
ETHOSLTD,2025-11-03,2025-11-04,2025-11-10,2911.3,2809.4,-3.5,STOP_LOSS,5,82.14,2.24,Ethos Limited
ETHOSLTD,2025-11-04,2025-11-06,2025-11-07,2990.0,2885.35,-3.5,STOP_LOSS,2,83.45,3.56,Ethos Limited
ETHOSLTD,2025-11-04,2025-11-06,2025-11-07,2990.0,2885.35,-3.5,STOP_LOSS,2,83.45,2.66,Ethos Limited
ETHOSLTD,2025-11-25,2025-11-26,2025-12-02,3056.0,2949.04,-3.5,STOP_LOSS,5,70.38,2.95,Ethos Limited
EUREKAFORB,2024-11-06,2024-11-07,2024-11-13,599.4,578.42,-3.5,STOP_LOSS,5,55.38,7.48,Eureka Forbes Limited
EUREKAFORB,2025-11-10,2025-11-11,2025-11-24,558.0,572.85,2.66,TIME_EXIT,10,56.48,3.35,Eureka Forbes Limited
EUREKAFORB,2025-11-12,2025-11-13,2025-11-26,576.7,591.25,2.52,TIME_EXIT,10,62.18,3.81,Eureka Forbes Limited
EUREKAFORB,2026-06-30,2026-07-01,2026-07-08,456.8,440.81,-3.5,STOP_LOSS,6,57.76,1.99,Eureka Forbes Limited
EUROPRATIK,2026-05-20,2026-05-21,2026-05-22,269.15,259.73,-3.5,STOP_LOSS,2,71.08,5.87,Euro Pratik Sales Limited
EVEREADY,2025-06-05,2025-06-06,2025-06-19,318.5,320.45,0.61,TIME_EXIT,10,56.2,2.76,Eveready Industries India Limited
EXCELINDUS,2025-02-07,2025-02-10,2025-02-10,1291.0,1245.82,-3.5,STOP_LOSS,1,66.09,2.55,Excel Industries Limited
EXCELINDUS,2026-05-07,2026-05-08,2026-05-11,1044.0,1007.46,-3.5,STOP_LOSS,2,72.27,5.12,Excel Industries Limited
EXIDEIND,2025-08-19,2025-08-20,2025-09-03,395.1,419.1,6.07,TIME_EXIT,10,74.53,14.09,Exide Industries Limited
EXPLEOSOL,2024-12-03,2024-12-04,2024-12-05,1432.6,1382.46,-3.5,STOP_LOSS,2,57.21,2.24,Expleo Solutions Limited
FAIRCHEMOR,2025-12-30,2025-12-31,2026-01-01,712.0,768.96,8.0,TARGET_HIT,2,74.64,2.92,Fairchem Organics Limited
FAIRCHEMOR,2025-12-31,2026-01-01,2026-01-02,733.5,792.18,8.0,TARGET_HIT,2,60.68,2.62,Fairchem Organics Limited
FAIRCHEMOR,2026-01-01,2026-01-02,2026-01-05,781.8,754.44,-3.5,STOP_LOSS,2,58.04,10.54,Fairchem Organics Limited
FAZE3Q,2025-05-12,2025-05-13,2025-05-15,620.45,598.73,-3.5,STOP_LOSS,3,62.34,2.01,Faze Three Limited
FDC,2025-01-07,2025-01-08,2025-01-10,504.0,486.36,-3.5,STOP_LOSS,3,65.77,2.2,FDC Limited
FEDERALBNK,2026-06-30,2026-07-01,2026-07-14,329.0,327.5,-0.46,TIME_EXIT,10,58.14,1.86,The Federal Bank  Limited
FEDFINA,2025-06-09,2025-06-10,2025-06-23,112.71,113.62,0.81,TIME_EXIT,10,56.58,4.77,Fedbank Financial Services Limited
FEDFINA,2025-11-26,2025-11-27,2025-12-03,148.39,143.2,-3.5,STOP_LOSS,5,56.81,2.82,Fedbank Financial Services Limited
FEDFINA,2025-12-24,2025-12-26,2025-12-30,148.9,143.69,-3.5,STOP_LOSS,3,57.68,1.8,Fedbank Financial Services Limited
FIBERWEB,2024-12-03,2024-12-04,2024-12-04,65.0,62.72,-3.5,STOP_LOSS,1,57.71,3.17,Fiberweb (India) Limited
FINEORG,2026-08-12,2026-08-13,2026-08-17,5265.1,5080.82,-3.5,STOP_LOSS,3,57.22,2.05,Fine Organic Industries Limited
FISCHER,2025-08-29,2025-09-01,2025-09-09,1067.3,1152.68,8.0,TARGET_HIT,7,67.88,1.9,Fischer Medical Ventures Limited
FIVESTAR,2025-07-02,2025-07-03,2025-07-16,763.9,745.9,-2.36,TIME_EXIT,10,68.68,3.14,Five-Star Business Finance Limited
FLAIR,2025-11-04,2025-11-06,2025-11-10,316.95,305.86,-3.5,STOP_LOSS,3,62.53,4.69,Flair Writing Industries Limited
FLAIR,2025-11-04,2025-11-06,2025-11-10,316.95,305.86,-3.5,STOP_LOSS,3,62.53,3.27,Flair Writing Industries Limited
FLUOROCHEM,2025-03-20,2025-03-21,2025-03-24,4000.0,3860.0,-3.5,STOP_LOSS,2,58.81,2.95,Gujarat Fluorochemicals Limited
FLUOROCHEM,2025-12-29,2025-12-30,2026-01-06,3639.8,3512.41,-3.5,STOP_LOSS,6,80.56,3.82,Gujarat Fluorochemicals Limited
FLUOROCHEM,2026-04-24,2026-04-27,2026-05-04,3425.0,3699.0,8.0,TARGET_HIT,6,80.85,2.97,Gujarat Fluorochemicals Limited
FMGOETZE,2025-05-28,2025-05-29,2025-05-29,411.95,444.91,8.0,TARGET_HIT,1,58.13,6.51,Federal-Mogul Goetze (India) Limited.
FMGOETZE,2025-11-04,2025-11-06,2025-11-06,519.95,501.75,-3.5,STOP_LOSS,1,59.23,9.72,Federal-Mogul Goetze (India) Limited.
FMGOETZE,2025-11-04,2025-11-06,2025-11-06,519.95,501.75,-3.5,STOP_LOSS,1,59.23,5.1,Federal-Mogul Goetze (India) Limited.
FMGOETZE,2026-02-10,2026-02-11,2026-02-11,475.05,458.42,-3.5,STOP_LOSS,1,56.81,1.81,Federal-Mogul Goetze (India) Limited.
FUSION,2025-01-17,2025-01-20,2025-01-24,185.0,178.52,-3.5,STOP_LOSS,5,75.79,4.98,Fusion Finance Limited
FUSION,2026-04-22,2026-04-23,2026-05-05,182.3,196.88,8.0,TARGET_HIT,9,72.82,2.64,Fusion Finance Limited
FUSION,2026-09-04,2026-09-07,2026-09-09,202.9,195.8,-3.5,STOP_LOSS,3,68.38,4.1,Fusion Finance Limited
GABRIEL,2026-04-28,2026-04-29,2026-05-07,1030.0,1112.4,8.0,TARGET_HIT,7,85.15,4.33,Gabriel India Limited
GAIL,2024-09-27,2024-09-30,2024-10-07,234.0,225.81,-3.5,STOP_LOSS,6,58.48,2.0,GAIL (India) Limited
GAIL,2026-07-28,2026-07-29,2026-08-11,175.5,175.34,-0.09,TIME_EXIT,10,59.86,2.46,GAIL (India) Limited
GAIL,2026-08-31,2026-09-01,2026-09-11,173.41,173.62,0.12,TIME_EXIT,10,80.53,2.7,GAIL (India) Limited
GALAPREC,2025-12-12,2025-12-15,2025-12-19,747.85,807.68,8.0,TARGET_HIT,5,75.42,3.41,Gala Precision Engineering Limited
GALAXYSURF,2025-05-15,2025-05-16,2025-05-29,2258.0,2287.2,1.29,TIME_EXIT,10,58.5,2.77,Galaxy Surfactants Limited
GALAXYSURF,2025-05-29,2025-05-30,2025-06-12,2308.9,2397.4,3.83,TIME_EXIT,10,59.68,2.86,Galaxy Surfactants Limited
GALAXYSURF,2025-12-24,2025-12-26,2026-01-06,2070.9,1998.42,-3.5,STOP_LOSS,8,56.37,1.82,Galaxy Surfactants Limited
GALAXYSURF,2026-04-29,2026-04-30,2026-04-30,1927.9,1860.42,-3.5,STOP_LOSS,1,83.63,5.15,Galaxy Surfactants Limited
GALLANTT,2024-12-04,2024-12-05,2024-12-05,382.0,368.63,-3.5,STOP_LOSS,1,64.35,2.27,Gallantt Ispat Limited
GANDHITUBE,2026-02-10,2026-02-11,2026-02-11,850.0,820.25,-3.5,STOP_LOSS,1,63.42,8.65,Gandhi Special Tubes Limited
GANDHITUBE,2026-08-12,2026-08-13,2026-08-26,900.0,901.5,0.17,TIME_EXIT,10,74.09,3.71,Gandhi Special Tubes Limited
GANESHBE,2025-09-02,2025-09-03,2025-09-08,98.8,95.34,-3.5,STOP_LOSS,4,66.07,2.24,Ganesh Benzoplast Limited
GANESHCP,2026-03-30,2026-04-01,2026-04-06,170.38,184.01,8.0,TARGET_HIT,4,61.13,2.24,Ganesh Consumer Products Limited
GANESHCP,2026-06-01,2026-06-02,2026-06-02,200.77,216.83,8.0,TARGET_HIT,1,75.62,4.08,Ganesh Consumer Products Limited
GANESHCP,2026-06-02,2026-06-03,2026-06-03,216.77,209.18,-3.5,STOP_LOSS,1,57.85,2.62,Ganesh Consumer Products Limited
GANESHHOU,2026-06-22,2026-06-23,2026-06-24,775.0,747.88,-3.5,STOP_LOSS,2,68.3,1.9,GANESH HOUSING LIMITED
GARFIBRES,2025-03-18,2025-03-19,2025-03-20,800.6,864.65,8.0,TARGET_HIT,2,63.24,1.99,Garware Technical Fibres Limited
GARFIBRES,2025-05-02,2025-05-05,2025-05-15,872.7,942.52,8.0,TARGET_HIT,9,65.29,2.14,Garware Technical Fibres Limited
GATEWAY,2026-02-10,2026-02-11,2026-02-12,64.99,62.72,-3.5,STOP_LOSS,2,59.32,1.89,Gateway Distriparks Limited
GATEWAY,2026-03-25,2026-03-27,2026-03-27,54.25,52.35,-3.5,STOP_LOSS,1,68.51,4.11,Gateway Distriparks Limited
GATEWAY,2026-03-25,2026-03-27,2026-03-27,54.25,52.35,-3.5,STOP_LOSS,1,68.51,3.09,Gateway Distriparks Limited
GCSL,2026-06-18,2026-06-19,2026-06-23,435.5,420.26,-3.5,STOP_LOSS,3,57.18,5.75,Gretex Corporate Services Limited
GEECEE,2024-11-07,2024-11-08,2024-11-08,439.5,424.12,-3.5,STOP_LOSS,1,62.26,5.25,GeeCee Ventures Limited
GEMAROMA,2026-08-03,2026-08-04,2026-08-04,198.78,191.82,-3.5,STOP_LOSS,1,73.56,2.77,Gem Aromatics Limited
GESHIP,2025-10-27,2025-10-28,2025-11-10,1065.0,1089.6,2.31,TIME_EXIT,10,65.07,3.77,The Great Eastern Shipping Company Limited
GFLLIMITED,2024-10-01,2024-10-03,2024-10-04,90.69,87.52,-3.5,STOP_LOSS,2,56.02,2.93,GFL Limited
GHCL,2025-07-16,2025-07-17,2025-07-28,618.0,596.37,-3.5,STOP_LOSS,8,64.17,2.54,GHCL Limited
GHCL,2025-09-22,2025-09-23,2025-10-07,593.8,610.7,2.85,TIME_EXIT,10,58.55,2.83,GHCL Limited
GHCLTEXTIL,2025-11-04,2025-11-06,2025-11-06,82.0,79.13,-3.5,STOP_LOSS,1,56.38,2.22,GHCL Textiles Limited
GHCLTEXTIL,2025-11-04,2025-11-06,2025-11-06,82.0,79.13,-3.5,STOP_LOSS,1,56.38,1.84,GHCL Textiles Limited
GHCLTEXTIL,2026-05-21,2026-05-22,2026-05-22,93.6,90.32,-3.5,STOP_LOSS,1,75.7,6.01,GHCL Textiles Limited
GICHSGFIN,2025-04-16,2025-04-17,2025-05-02,175.2,175.37,0.1,TIME_EXIT,10,56.66,2.59,GIC Housing Finance Limited
GICHSGFIN,2026-06-19,2026-06-22,2026-06-25,165.0,159.22,-3.5,STOP_LOSS,4,59.27,1.83,GIC Housing Finance Limited
GICRE,2025-07-15,2025-07-16,2025-07-28,385.3,371.81,-3.5,STOP_LOSS,9,71.31,2.38,General Insurance Corporation of India
GILLANDERS,2024-11-14,2024-11-18,2024-11-18,107.0,103.26,-3.5,STOP_LOSS,1,72.47,5.16,Gillanders Arbuthnot & Company Limited
GILLETTE,2026-05-08,2026-05-11,2026-05-12,8148.0,7862.82,-3.5,STOP_LOSS,2,74.38,2.71,Gillette India Limited
GKSL,2026-01-28,2026-01-29,2026-02-06,103.52,111.8,8.0,TARGET_HIT,7,60.03,2.77,Gujarat Kidney And Super Speciality Limited
GKSL,2026-02-12,2026-02-13,2026-02-19,112.91,108.96,-3.5,STOP_LOSS,5,56.15,1.95,Gujarat Kidney And Super Speciality Limited
GKSL,2026-04-16,2026-04-17,2026-04-29,111.95,120.91,8.0,TARGET_HIT,9,59.33,2.65,Gujarat Kidney And Super Speciality Limited
GKWLIMITED,2024-11-06,2024-11-07,2024-11-08,3572.65,3447.61,-3.5,STOP_LOSS,2,82.9,2.84,GKW Limited
GKWLIMITED,2025-10-10,2025-10-13,2025-10-13,1790.0,1727.35,-3.5,STOP_LOSS,1,95.4,10.43,GKW Limited
GLAND,2025-06-30,2025-07-01,2025-07-14,1842.3,1889.6,2.57,TIME_EXIT,10,76.52,2.29,Gland Pharma Limited
GLAND,2025-07-01,2025-07-02,2025-07-15,1878.1,1895.8,0.94,TIME_EXIT,10,64.17,1.9,Gland Pharma Limited
GLAND,2025-07-16,2025-07-17,2025-07-30,1987.2,2060.7,3.7,TIME_EXIT,10,63.55,3.19,Gland Pharma Limited
GLAND,2025-07-17,2025-07-18,2025-07-31,2018.1,2064.8,2.31,TIME_EXIT,10,76.36,2.22,Gland Pharma Limited
GLAND,2026-04-30,2026-05-04,2026-05-08,1750.8,1890.86,8.0,TARGET_HIT,5,70.76,2.29,Gland Pharma Limited
GLAND,2026-05-06,2026-05-07,2026-05-18,1811.9,1956.85,8.0,TARGET_HIT,8,87.1,3.94,Gland Pharma Limited
GLAXO,2025-04-16,2025-04-17,2025-04-21,2917.0,2814.9,-3.5,STOP_LOSS,2,66.76,2.03,GlaxoSmithKline Pharmaceuticals Limited
GLAXO,2026-08-18,2026-08-19,2026-08-27,2877.3,3107.48,8.0,TARGET_HIT,7,55.91,7.37,GlaxoSmithKline Pharmaceuticals Limited
GLENMARK,2025-03-27,2025-03-28,2025-04-04,1525.75,1472.35,-3.5,STOP_LOSS,5,64.57,3.87,Glenmark Pharmaceuticals Limited
GLOBAL,2025-11-24,2025-11-25,2025-12-01,81.5,88.02,8.0,TARGET_HIT,5,57.71,1.84,Global Education Limited
GLOBAL,2026-04-13,2026-04-15,2026-04-16,104.9,101.23,-3.5,STOP_LOSS,2,67.98,4.42,Global Education Limited
GLOBAL,2026-08-17,2026-08-18,2026-08-31,107.45,107.02,-0.4,TIME_EXIT,10,61.23,3.16,Global Education Limited
GLOTTIS,2025-12-31,2026-01-01,2026-01-01,62.0,59.83,-3.5,STOP_LOSS,1,60.49,3.49,Glottis Limited
GLOTTIS,2026-01-02,2026-01-05,2026-01-08,61.11,58.97,-3.5,STOP_LOSS,4,60.78,2.11,Glottis Limited
GMBREW,2026-09-07,2026-09-08,2026-09-11,941.4,908.45,-3.5,STOP_LOSS,4,58.28,3.76,GM Breweries Limited
GMMPFAUDLR,2026-04-27,2026-04-28,2026-05-05,919.9,887.7,-3.5,STOP_LOSS,6,69.14,2.67,GMM Pfaudler Limited
GMRAIRPORT,2025-09-12,2025-09-15,2025-09-26,88.41,87.28,-1.28,TIME_EXIT,10,78.58,6.64,GMR AIRPORTS LIMITED
GMRAIRPORT,2025-10-24,2025-10-27,2025-11-07,94.0,95.66,1.77,TIME_EXIT,10,58.1,4.49,GMR AIRPORTS LIMITED
GMRP&UI,2025-03-21,2025-03-24,2025-03-25,114.0,110.01,-3.5,STOP_LOSS,2,60.21,6.12,GMR Power and Urban Infra Limited
GMRP&UI,2026-02-25,2026-02-26,2026-03-02,121.8,117.54,-3.5,STOP_LOSS,3,60.65,1.81,GMR Power and Urban Infra Limited
GMRP&UI,2026-04-22,2026-04-23,2026-04-24,110.51,106.64,-3.5,STOP_LOSS,2,69.93,3.05,GMR Power and Urban Infra Limited
GNA,2025-07-17,2025-07-18,2025-07-25,335.0,323.27,-3.5,STOP_LOSS,6,64.96,1.85,GNA Axles Limited
GNFC,2025-03-27,2025-03-28,2025-04-02,505.0,487.32,-3.5,STOP_LOSS,3,62.63,2.25,Gujarat Narmada Valley Fertilizers and Chemicals Limited
GNFC,2025-12-09,2025-12-10,2025-12-23,497.8,489.4,-1.69,TIME_EXIT,10,55.51,4.03,Gujarat Narmada Valley Fertilizers and Chemicals Limited
GNRL,2026-08-12,2026-08-13,2026-08-17,113.98,109.99,-3.5,STOP_LOSS,3,56.51,3.18,Gujarat Natural Resources Limited
GOCLCORP,2024-11-07,2024-11-08,2024-11-11,432.7,417.56,-3.5,STOP_LOSS,2,61.8,2.84,GOCL Corporation Limited
GOCLCORP,2024-12-04,2024-12-05,2024-12-11,409.65,395.31,-3.5,STOP_LOSS,5,59.09,2.1,GOCL Corporation Limited
GOCLCORP,2025-08-22,2025-08-25,2025-08-25,401.7,387.64,-3.5,STOP_LOSS,1,90.01,21.65,GOCL Corporation Limited
GOCOLORS,2025-01-03,2025-01-06,2025-01-06,1023.1,987.29,-3.5,STOP_LOSS,1,70.32,1.99,Go Fashion (India) Limited
GOCOLORS,2025-01-09,2025-01-10,2025-01-13,990.0,955.35,-3.5,STOP_LOSS,2,94.06,4.66,Go Fashion (India) Limited
GODIGIT,2025-05-19,2025-05-20,2025-05-21,305.5,329.94,8.0,TARGET_HIT,2,60.88,2.27,Go Digit General Insurance Limited
GODREJAGRO,2025-03-06,2025-03-07,2025-03-10,780.0,752.7,-3.5,STOP_LOSS,2,56.03,2.06,Godrej Agrovet Limited
GODREJCP,2025-03-27,2025-03-28,2025-03-28,1054.05,1138.37,8.0,TARGET_HIT,1,77.04,2.82,Godrej Consumer Products Limited
GODREJCP,2025-12-15,2025-12-16,2025-12-29,1166.2,1206.3,3.44,TIME_EXIT,10,75.44,1.9,Godrej Consumer Products Limited
GODREJCP,2025-12-31,2026-01-01,2026-01-14,1225.0,1226.9,0.16,TIME_EXIT,10,64.88,2.05,Godrej Consumer Products Limited
GODREJPROP,2025-03-21,2025-03-24,2025-03-26,2199.0,2122.04,-3.5,STOP_LOSS,3,70.11,4.83,Godrej Properties Limited
GOKEX,2024-12-04,2024-12-05,2024-12-09,975.0,1053.0,8.0,TARGET_HIT,3,86.11,2.23,Gokaldas Exports Limited
GOLDTECH,2026-06-25,2026-06-29,2026-06-29,56.01,54.05,-3.5,STOP_LOSS,1,56.92,4.67,AION-TECH SOLUTIONS LIMITED
GPTHEALTH,2026-07-28,2026-07-29,2026-08-07,166.8,160.96,-3.5,STOP_LOSS,8,62.27,2.62,GPT Healthcare Limited
GRANULES,2026-03-20,2026-03-23,2026-03-25,585.0,631.8,8.0,TARGET_HIT,3,68.42,1.89,Granules India Limited
GRANULES,2026-09-11,2026-09-15,2026-09-15,917.0,884.9,-3.5,STOP_LOSS,1,63.58,4.59,Granules India Limited
GRAVITA,2024-12-16,2024-12-17,2024-12-24,2300.0,2219.5,-3.5,STOP_LOSS,6,74.77,3.41,Gravita India Limited
GREENPANEL,2024-12-03,2024-12-04,2024-12-06,362.65,349.96,-3.5,STOP_LOSS,3,88.8,17.73,Greenpanel Industries Limited
GREENPANEL,2025-05-26,2025-05-27,2025-06-05,255.0,275.4,8.0,TARGET_HIT,8,73.7,3.94,Greenpanel Industries Limited
GREENPANEL,2026-09-17,2026-09-18,2026-09-18,158.5,157.83,-0.42,TIME_EXIT,1,69.85,4.37,Greenpanel Industries Limited
GREENPLY,2026-06-25,2026-06-29,2026-06-30,305.59,294.89,-3.5,STOP_LOSS,2,57.14,1.9,Greenply Industries Limited
GRINDWELL,2024-10-04,2024-10-07,2024-10-08,2455.0,2369.07,-3.5,STOP_LOSS,2,87.16,5.49,Grindwell Norton Limited
GRINDWELL,2025-09-04,2025-09-05,2025-09-18,1597.0,1661.1,4.01,TIME_EXIT,10,94.39,4.4,Grindwell Norton Limited
GRINDWELL,2026-02-04,2026-02-05,2026-02-16,1669.0,1610.58,-3.5,STOP_LOSS,8,67.34,3.8,Grindwell Norton Limited
GRINDWELL,2026-04-16,2026-04-17,2026-04-30,1578.7,1575.9,-0.18,TIME_EXIT,10,92.3,4.14,Grindwell Norton Limited
GRPLTD,2024-12-16,2024-12-17,2024-12-17,3488.0,3365.92,-3.5,STOP_LOSS,1,74.12,4.84,GRP Limited
GRPLTD,2025-11-26,2025-11-27,2025-11-28,2009.8,1939.46,-3.5,STOP_LOSS,2,82.24,2.42,GRP Limited
GRWRHITECH,2026-08-28,2026-08-31,2026-09-03,7289.5,7034.37,-3.5,STOP_LOSS,4,78.9,2.07,Garware Hi-Tech Films Limited
GTPL,2025-03-18,2025-03-19,2025-03-21,109.46,118.22,8.0,TARGET_HIT,3,63.47,2.13,GTPL Hathway Limited
GUFICBIO,2026-03-17,2026-03-18,2026-03-23,293.8,283.52,-3.5,STOP_LOSS,4,80.27,3.78,Gufic Biosciences Limited
GUJAPOLLO,2025-06-13,2025-06-16,2025-06-18,389.85,376.21,-3.5,STOP_LOSS,3,74.06,6.3,Gujarat Apollo Industries Limited
GUJAPOLLO,2025-08-21,2025-08-22,2025-08-22,482.0,520.56,8.0,TARGET_HIT,1,77.75,3.78,Gujarat Apollo Industries Limited
GUJTHEM,2025-05-15,2025-05-16,2025-05-21,329.3,317.77,-3.5,STOP_LOSS,4,57.47,2.62,Gujarat Themis Biosyn Limited
GUJTHEM,2025-07-29,2025-07-30,2025-07-31,392.0,378.28,-3.5,STOP_LOSS,2,65.48,13.87,Gujarat Themis Biosyn Limited
GUJTHEM,2025-08-20,2025-08-21,2025-09-04,381.0,381.3,0.08,TIME_EXIT,10,56.56,2.79,Gujarat Themis Biosyn Limited
GUJTHEM,2025-10-06,2025-10-07,2025-10-07,428.25,413.26,-3.5,STOP_LOSS,1,81.43,2.85,Gujarat Themis Biosyn Limited
GUJTHEM,2026-09-03,2026-09-04,2026-09-04,428.7,413.7,-3.5,STOP_LOSS,1,66.3,2.1,Gujarat Themis Biosyn Limited
GULFOILLUB,2026-08-24,2026-08-25,2026-08-31,1164.9,1124.13,-3.5,STOP_LOSS,5,60.04,3.85,Gulf Oil Lubricants India Limited
GULPOLY,2026-02-10,2026-02-11,2026-02-11,169.8,163.86,-3.5,STOP_LOSS,1,56.76,2.06,Gulshan Polyols Limited
GVT&D,2025-05-16,2025-05-19,2025-05-20,1888.0,1821.92,-3.5,STOP_LOSS,2,80.16,1.9,GE Vernova T&D India Limited
GVT&D,2025-05-27,2025-05-28,2025-06-04,2230.5,2408.94,8.0,TARGET_HIT,6,59.15,3.9,GE Vernova T&D India Limited
HALDYNGL,2026-05-25,2026-05-26,2026-05-29,114.19,110.19,-3.5,STOP_LOSS,4,58.33,5.72,Haldyn Glass Limited
HAPPYFORGE,2025-10-17,2025-10-20,2025-10-31,969.0,1021.1,5.38,TIME_EXIT,10,55.68,2.34,Happy Forgings Limited
HAPPYFORGE,2025-10-20,2025-10-21,2025-11-03,999.0,1014.9,1.59,TIME_EXIT,10,76.36,10.66,Happy Forgings Limited
HAPPYFORGE,2025-11-12,2025-11-13,2025-11-24,1035.0,998.78,-3.5,STOP_LOSS,8,70.97,3.19,Happy Forgings Limited
HAPPYFORGE,2026-02-11,2026-02-12,2026-02-12,1180.0,1274.4,8.0,TARGET_HIT,1,88.27,5.67,Happy Forgings Limited
HAPPYFORGE,2026-06-22,2026-06-23,2026-07-06,1535.8,1482.05,-3.5,STOP_LOSS,10,80.34,4.49,Happy Forgings Limited
HARSHA,2025-05-23,2025-05-26,2025-05-28,391.55,377.85,-3.5,STOP_LOSS,3,74.14,12.29,Harsha Engineers International Limited
HARSHA,2025-06-27,2025-06-30,2025-07-11,410.0,410.35,0.09,TIME_EXIT,10,57.63,1.81,Harsha Engineers International Limited
HARSHA,2026-04-13,2026-04-15,2026-04-16,375.0,405.0,8.0,TARGET_HIT,2,57.89,1.82,Harsha Engineers International Limited
HATSUN,2026-03-02,2026-03-04,2026-03-09,910.0,878.15,-3.5,STOP_LOSS,4,60.32,2.25,Hatsun Agro Product Limited
HAWKINCOOK,2026-05-29,2026-06-01,2026-06-12,7490.5,7684.5,2.59,TIME_EXIT,10,65.69,3.35,Hawkins Cookers Limited
HAWKINCOOK,2026-07-01,2026-07-02,2026-07-15,8600.0,8963.0,4.22,TIME_EXIT,10,63.64,2.43,Hawkins Cookers Limited
HAWKINCOOK,2026-07-02,2026-07-03,2026-07-16,8971.5,8955.0,-0.18,TIME_EXIT,10,64.6,3.26,Hawkins Cookers Limited
HCG,2024-12-17,2024-12-18,2024-12-23,527.45,508.99,-3.5,STOP_LOSS,4,56.69,2.77,Healthcare Global Enterprises Limited
HCG,2024-12-18,2024-12-19,2024-12-23,531.1,512.51,-3.5,STOP_LOSS,3,57.02,2.63,Healthcare Global Enterprises Limited
HCG,2025-03-04,2025-03-05,2025-03-13,515.0,496.98,-3.5,STOP_LOSS,7,73.86,4.34,Healthcare Global Enterprises Limited
HCG,2025-10-17,2025-10-20,2025-10-24,725.0,783.0,8.0,TARGET_HIT,5,71.13,3.48,Healthcare Global Enterprises Limited
HCG,2026-07-16,2026-07-17,2026-07-30,664.8,669.65,0.73,TIME_EXIT,10,87.15,2.25,Healthcare Global Enterprises Limited
HCLTECH,2024-09-27,2024-09-30,2024-10-08,1808.0,1744.72,-3.5,STOP_LOSS,7,63.54,1.94,HCL Technologies Limited
HDFCAMC,2025-02-05,2025-02-06,2025-02-07,4014.8,3874.28,-3.5,STOP_LOSS,2,67.81,2.46,HDFC Asset Management Company Limited
HDFCAMC,2025-05-14,2025-05-15,2025-05-28,4590.0,4827.4,5.17,TIME_EXIT,10,72.85,2.16,HDFC Asset Management Company Limited
HDFCAMC,2025-05-15,2025-05-16,2025-05-29,4720.0,4844.9,2.65,TIME_EXIT,10,68.69,3.5,HDFC Asset Management Company Limited
HDFCAMC,2025-05-16,2025-05-19,2025-05-30,4760.8,4783.0,0.47,TIME_EXIT,10,76.42,2.54,HDFC Asset Management Company Limited
HDFCAMC,2025-05-19,2025-05-20,2025-06-02,4821.6,4821.2,-0.01,TIME_EXIT,10,74.54,1.91,HDFC Asset Management Company Limited
HDFCAMC,2025-07-16,2025-07-17,2025-07-30,5382.5,5670.0,5.34,TIME_EXIT,10,62.69,1.96,HDFC Asset Management Company Limited
HDFCAMC,2026-02-03,2026-02-04,2026-02-17,2680.0,2863.6,6.85,TIME_EXIT,10,62.55,2.51,HDFC Asset Management Company Limited
HDFCAMC,2026-02-04,2026-02-05,2026-02-18,2725.0,2812.6,3.21,TIME_EXIT,10,78.8,3.06,HDFC Asset Management Company Limited
HDFCAMC,2026-02-05,2026-02-06,2026-02-19,2772.6,2732.2,-1.46,TIME_EXIT,10,77.53,1.95,HDFC Asset Management Company Limited
HDFCBANK,2024-11-19,2024-11-21,2024-12-04,1749.4,1860.1,6.33,TIME_EXIT,10,74.61,2.03,HDFC Bank Limited
HDFCBANK,2025-02-28,2025-03-03,2025-03-06,1739.8,1678.91,-3.5,STOP_LOSS,4,71.72,2.86,HDFC Bank Limited
HDFCLIFE,2025-05-28,2025-05-29,2025-06-03,788.0,760.42,-3.5,STOP_LOSS,4,65.82,1.88,HDFC Life Insurance Company Limited
HDFCLIFE,2025-06-20,2025-06-23,2025-07-04,769.95,785.1,1.97,TIME_EXIT,10,66.27,3.6,HDFC Life Insurance Company Limited
HECPROJECT,2025-05-27,2025-05-28,2025-06-02,137.0,132.2,-3.5,STOP_LOSS,4,57.69,3.97,HEC Infra Projects Limited
HECPROJECT,2026-03-02,2026-03-04,2026-03-05,112.0,120.96,8.0,TARGET_HIT,2,96.35,9.22,HEC Infra Projects Limited
HEXT,2025-05-16,2025-05-19,2025-05-19,767.95,741.07,-3.5,STOP_LOSS,1,83.41,3.57,Hexaware Technologies Limited
HEXT,2025-05-20,2025-05-21,2025-05-30,790.0,853.2,8.0,TARGET_HIT,8,66.01,2.79,Hexaware Technologies Limited
HEXT,2025-08-25,2025-08-26,2025-08-26,825.4,796.51,-3.5,STOP_LOSS,1,75.14,3.44,Hexaware Technologies Limited
HEXT,2026-07-07,2026-07-08,2026-07-09,535.05,516.32,-3.5,STOP_LOSS,2,60.33,6.88,Hexaware Technologies Limited
HGS,2025-10-24,2025-10-27,2025-11-06,521.0,502.76,-3.5,STOP_LOSS,9,57.09,4.41,Hinduja Global Solutions Limited
HILTON,2024-10-31,2024-11-01,2024-11-04,90.89,87.71,-3.5,STOP_LOSS,2,61.18,2.17,Hilton Metal Forging Limited
HILTON,2024-12-04,2024-12-05,2024-12-13,90.3,97.52,8.0,TARGET_HIT,7,66.18,9.44,Hilton Metal Forging Limited
HILTON,2025-05-20,2025-05-21,2025-05-28,80.4,77.59,-3.5,STOP_LOSS,6,59.19,2.83,Hilton Metal Forging Limited
HINDALCO,2025-12-30,2025-12-31,2026-01-06,886.4,957.31,8.0,TARGET_HIT,5,77.79,4.66,Hindalco Industries Limited
HINDALCO,2026-01-29,2026-01-30,2026-01-30,1000.0,965.0,-3.5,STOP_LOSS,1,59.09,2.26,Hindalco Industries Limited
HINDPETRO,2024-12-11,2024-12-12,2024-12-19,410.0,395.65,-3.5,STOP_LOSS,6,60.15,2.17,Hindustan Petroleum Corporation Limited
HINDWAREAP,2025-08-01,2025-08-04,2025-08-05,270.9,292.57,8.0,TARGET_HIT,2,62.23,2.24,Hindware Home Innovation Limited
HINDWAREAP,2025-08-04,2025-08-05,2025-08-07,287.25,277.2,-3.5,STOP_LOSS,3,58.92,2.59,Hindware Home Innovation Limited
HIRECT,2024-11-29,2024-12-02,2024-12-02,1318.7,1272.55,-3.5,STOP_LOSS,1,68.2,2.64,Hirect Limited
HIRECT,2025-10-28,2025-10-29,2025-10-31,1725.9,1863.97,8.0,TARGET_HIT,3,59.35,3.77,Hirect Limited
HIRECT,2025-10-30,2025-10-31,2025-11-07,1824.9,1761.03,-3.5,STOP_LOSS,6,60.49,3.69,Hirect Limited
HITECH,2025-05-19,2025-05-20,2025-05-23,97.0,93.6,-3.5,STOP_LOSS,4,79.25,4.69,Hi-Tech Pipes Limited
HNDFDS,2025-09-18,2025-09-19,2025-09-26,548.75,529.54,-3.5,STOP_LOSS,6,78.32,2.56,Hindustan Foods Limited
HOMEFIRST,2025-09-24,2025-09-25,2025-09-25,1275.0,1230.38,-3.5,STOP_LOSS,1,80.86,2.75,Home First Finance Company India Limited
HONASA,2025-03-06,2025-03-07,2025-03-11,219.85,212.16,-3.5,STOP_LOSS,3,80.07,5.38,Honasa Consumer Limited
HONASA,2026-05-14,2026-05-15,2026-05-22,352.0,380.16,8.0,TARGET_HIT,6,72.61,1.86,Honasa Consumer Limited
HONAUT,2024-12-24,2024-12-26,2025-01-08,41006.2,41907.15,2.2,TIME_EXIT,10,68.8,5.23,Honeywell Automation India Limited
HONAUT,2025-03-19,2025-03-20,2025-03-24,34560.0,33350.4,-3.5,STOP_LOSS,3,60.91,2.08,Honeywell Automation India Limited
HONAUT,2025-10-24,2025-10-27,2025-11-06,37110.0,35811.15,-3.5,STOP_LOSS,9,86.46,4.99,Honeywell Automation India Limited
HUHTAMAKI,2024-10-09,2024-10-10,2024-10-18,400.9,386.87,-3.5,STOP_LOSS,7,68.65,2.95,Huhtamaki India Limited
HUHTAMAKI,2025-04-21,2025-04-22,2025-04-23,202.8,219.02,8.0,TARGET_HIT,2,55.26,3.42,Huhtamaki India Limited
HUHTAMAKI,2025-05-14,2025-05-15,2025-05-27,199.4,215.35,8.0,TARGET_HIT,9,59.93,4.0,Huhtamaki India Limited
HUHTAMAKI,2026-07-20,2026-07-21,2026-07-22,252.89,273.12,8.0,TARGET_HIT,2,59.25,6.41,Huhtamaki India Limited
HYUNDAI,2025-01-07,2025-01-08,2025-01-13,1820.0,1756.3,-3.5,STOP_LOSS,4,68.39,4.61,Hyundai Motor India Limited
ICEMAKE,2025-12-11,2025-12-12,2025-12-12,753.0,813.24,8.0,TARGET_HIT,1,62.14,4.93,Ice Make Refrigeration Limited
ICEMAKE,2026-05-25,2026-05-26,2026-05-26,816.15,881.44,8.0,TARGET_HIT,1,63.94,2.51,Ice Make Refrigeration Limited
ICEMAKE,2026-07-20,2026-07-21,2026-07-22,830.1,896.51,8.0,TARGET_HIT,2,61.6,4.64,Ice Make Refrigeration Limited
ICICIAMC,2026-04-09,2026-04-10,2026-04-21,3275.0,3537.0,8.0,TARGET_HIT,8,66.69,2.67,ICICI Prudential Asset Management Company Limited
ICICIAMC,2026-05-27,2026-05-29,2026-06-01,3450.0,3329.25,-3.5,STOP_LOSS,2,60.75,1.91,ICICI Prudential Asset Management Company Limited
ICICIBANK,2026-01-07,2026-01-08,2026-01-19,1429.0,1378.98,-3.5,STOP_LOSS,8,76.69,2.22,ICICI Bank Limited
ICICIBANK,2026-06-11,2026-06-12,2026-06-25,1330.0,1387.5,4.32,TIME_EXIT,10,66.91,2.46,ICICI Bank Limited
ICICIGI,2026-05-07,2026-05-08,2026-05-08,1858.0,1792.97,-3.5,STOP_LOSS,1,68.07,2.23,ICICI Lombard General Insurance Company Limited
ICICIPRULI,2025-06-26,2025-06-27,2025-07-10,649.05,673.05,3.7,TIME_EXIT,10,59.62,2.8,ICICI Prudential Life Insurance Company Limited
ICICIPRULI,2025-08-14,2025-08-18,2025-08-26,642.0,619.53,-3.5,STOP_LOSS,7,60.45,1.85,ICICI Prudential Life Insurance Company Limited
ICICIPRULI,2026-04-17,2026-04-20,2026-04-21,562.0,542.33,-3.5,STOP_LOSS,2,63.92,2.16,ICICI Prudential Life Insurance Company Limited
ICICIPRULI,2026-08-31,2026-09-01,2026-09-02,507.0,489.26,-3.5,STOP_LOSS,2,77.99,4.14,ICICI Prudential Life Insurance Company Limited
ICRA,2025-09-16,2025-09-17,2025-09-25,6750.0,6513.75,-3.5,STOP_LOSS,7,62.31,1.94,ICRA Limited
ICRA,2025-12-23,2025-12-24,2026-01-06,6154.5,6288.0,2.17,TIME_EXIT,10,73.94,3.07,ICRA Limited
ICRA,2026-06-19,2026-06-22,2026-07-03,5322.0,5286.5,-0.67,TIME_EXIT,10,56.94,16.51,ICRA Limited
IDFCFIRSTB,2025-04-03,2025-04-04,2025-04-04,60.5,58.38,-3.5,STOP_LOSS,1,57.27,3.87,IDFC First Bank Limited
IDFCFIRSTB,2025-12-15,2025-12-16,2025-12-29,83.34,84.54,1.44,TIME_EXIT,10,55.92,2.26,IDFC First Bank Limited
IGIL,2025-05-30,2025-06-02,2025-06-02,400.9,386.87,-3.5,STOP_LOSS,1,66.88,6.33,International Gemological Institute Limited
IGL,2026-04-10,2026-04-13,2026-04-23,159.7,172.48,8.0,TARGET_HIT,9,68.58,2.69,Indraprastha Gas Limited
IGPL,2025-05-19,2025-05-20,2025-05-20,488.95,471.84,-3.5,STOP_LOSS,1,58.61,5.29,IG Petrochemicals Limited
IGPL,2026-03-20,2026-03-23,2026-03-23,387.0,373.46,-3.5,STOP_LOSS,1,70.75,2.19,IG Petrochemicals Limited
IIFLCAPS,2026-09-01,2026-09-02,2026-09-15,339.45,336.5,-0.87,TIME_EXIT,10,72.0,4.25,IIFL Capital Services Limited
IKIO,2025-03-18,2025-03-19,2025-03-19,212.17,229.14,8.0,TARGET_HIT,1,57.12,2.45,IKIO Technologies Limited
IKS,2025-08-06,2025-08-07,2025-08-21,1588.2,1586.6,-0.1,TIME_EXIT,10,55.89,2.38,Inventurus Knowledge Solutions Limited
IKS,2025-09-19,2025-09-22,2025-09-26,1528.1,1474.62,-3.5,STOP_LOSS,5,62.61,9.62,Inventurus Knowledge Solutions Limited
IKS,2025-11-04,2025-11-06,2025-11-13,1675.0,1616.38,-3.5,STOP_LOSS,6,61.98,2.35,Inventurus Knowledge Solutions Limited
IMAGICAA,2026-08-06,2026-08-07,2026-08-07,51.99,50.17,-3.5,STOP_LOSS,1,59.76,2.66,Imagicaaworld Entertainment Limited
IMFA,2025-08-13,2025-08-14,2025-08-22,803.35,867.62,8.0,TARGET_HIT,6,59.35,4.77,Indian Metals & Ferro Alloys Limited
IMPAL,2025-06-25,2025-06-26,2025-07-09,1141.3,1147.5,0.54,TIME_EXIT,10,74.41,12.26,India Motor Parts and Accessories Limited
INDGN,2026-02-17,2026-02-18,2026-02-24,494.0,476.71,-3.5,STOP_LOSS,5,61.3,2.38,Indegene Limited
INDGN,2026-08-06,2026-08-07,2026-08-20,557.5,566.7,1.65,TIME_EXIT,10,58.34,6.8,Indegene Limited
INDHOTEL,2026-06-30,2026-07-01,2026-07-14,713.95,733.3,2.71,TIME_EXIT,10,68.75,2.17,The Indian Hotels Company Limited
INDHOTEL,2026-08-31,2026-09-01,2026-09-11,728.15,718.5,-1.33,TIME_EXIT,10,66.8,4.69,The Indian Hotels Company Limited
INDIACEM,2024-11-29,2024-12-02,2024-12-09,367.25,354.4,-3.5,STOP_LOSS,6,71.22,2.45,The India Cements Limited
INDIACEM,2026-06-25,2026-06-29,2026-07-01,385.55,372.06,-3.5,STOP_LOSS,3,88.63,7.33,The India Cements Limited
INDIAMART,2026-06-18,2026-06-19,2026-06-23,2080.9,2008.07,-3.5,STOP_LOSS,3,63.07,2.78,Indiamart Intermesh Limited
INDIANB,2025-03-21,2025-03-24,2025-04-01,553.0,533.64,-3.5,STOP_LOSS,6,67.14,2.49,Indian Bank
INDIANCARD,2024-12-09,2024-12-10,2024-12-10,328.8,317.29,-3.5,STOP_LOSS,1,69.46,7.97,Indian Card Clothing Company Limited
INDIANHUME,2025-11-26,2025-11-27,2025-12-08,403.35,389.23,-3.5,STOP_LOSS,8,62.89,2.0,Indian Hume Pipe Company Limited
INDIANHUME,2025-12-24,2025-12-26,2025-12-29,423.5,408.68,-3.5,STOP_LOSS,2,56.01,2.13,Indian Hume Pipe Company Limited
INDIGO,2024-11-25,2024-11-26,2024-12-09,4274.5,4489.45,5.03,TIME_EXIT,10,74.5,2.51,InterGlobe Aviation Limited
INDIGO,2025-06-30,2025-07-01,2025-07-03,5962.5,5753.81,-3.5,STOP_LOSS,3,68.8,2.32,InterGlobe Aviation Limited
INDIGO,2025-09-29,2025-09-30,2025-10-14,5551.0,5759.0,3.75,TIME_EXIT,10,72.58,25.74,InterGlobe Aviation Limited
INDIGOPNTS,2026-07-02,2026-07-03,2026-07-08,1089.4,1051.27,-3.5,STOP_LOSS,4,65.52,8.98,Indigo Paints Limited
INDIQUBE,2026-04-22,2026-04-23,2026-04-23,170.0,183.6,8.0,TARGET_HIT,1,69.48,3.09,Indiqube Spaces Limited
INDIQUBE,2026-07-10,2026-07-13,2026-07-13,179.0,172.74,-3.5,STOP_LOSS,1,88.9,7.06,Indiqube Spaces Limited
INDNIPPON,2025-05-16,2025-05-19,2025-05-30,666.0,719.28,8.0,TARGET_HIT,10,58.37,4.25,India Nippon Electricals Limited
INDNIPPON,2025-05-19,2025-05-20,2025-05-30,674.95,728.95,8.0,TARGET_HIT,9,65.01,3.33,India Nippon Electricals Limited
INDNIPPON,2025-08-05,2025-08-06,2025-08-08,815.0,786.48,-3.5,STOP_LOSS,3,64.05,1.81,India Nippon Electricals Limited
INDNIPPON,2025-09-03,2025-09-04,2025-09-08,850.1,918.11,8.0,TARGET_HIT,3,74.12,3.09,India Nippon Electricals Limited
INDOBORAX,2025-06-02,2025-06-03,2025-06-13,199.9,192.9,-3.5,STOP_LOSS,9,62.78,5.17,Indo Borax & Chemicals Limited
INDOBORAX,2025-12-09,2025-12-10,2025-12-10,262.9,253.7,-3.5,STOP_LOSS,1,79.98,11.32,Indo Borax & Chemicals Limited
INDOBORAX,2025-12-15,2025-12-16,2025-12-16,280.1,270.3,-3.5,STOP_LOSS,1,59.22,3.37,Indo Borax & Chemicals Limited
INDOBORAX,2026-03-02,2026-03-04,2026-03-17,243.3,244.01,0.29,TIME_EXIT,10,69.1,2.5,Indo Borax & Chemicals Limited
INDORAMA,2025-09-29,2025-09-30,2025-10-14,58.25,57.09,-1.99,TIME_EXIT,10,66.66,6.02,Indo Rama Synthetics (India) Limited
INDORAMA,2025-09-30,2025-10-01,2025-10-01,60.45,58.33,-3.5,STOP_LOSS,1,60.02,6.43,Indo Rama Synthetics (India) Limited
INDOSTAR,2024-12-04,2024-12-05,2024-12-06,288.45,311.53,8.0,TARGET_HIT,2,63.64,1.87,IndoStar Capital Finance Limited
INDOSTAR,2026-02-12,2026-02-13,2026-02-13,240.26,231.85,-3.5,STOP_LOSS,1,55.56,2.03,IndoStar Capital Finance Limited
INDOSTAR,2026-09-01,2026-09-02,2026-09-15,250.13,241.38,-3.5,STOP_LOSS,10,57.37,1.87,IndoStar Capital Finance Limited
INDOTHAI,2026-03-25,2026-03-27,2026-04-09,284.3,290.1,2.04,TIME_EXIT,10,74.22,2.96,Indo Thai Securities Limited
INDRAMEDCO,2025-05-16,2025-05-19,2025-05-19,449.15,433.43,-3.5,STOP_LOSS,1,62.09,2.83,Indraprastha Medical Corporation Limited
INDSWFTLAB,2026-02-05,2026-02-06,2026-02-06,123.5,133.38,8.0,TARGET_HIT,1,55.6,2.94,Ind-Swift Laboratories Limited
INDUSINDBK,2026-01-14,2026-01-16,2026-01-20,945.0,911.92,-3.5,STOP_LOSS,3,59.69,2.57,IndusInd Bank Limited
INDUSINDBK,2026-01-16,2026-01-19,2026-01-20,947.95,914.77,-3.5,STOP_LOSS,2,66.84,2.17,IndusInd Bank Limited
INFOBEAN,2025-11-27,2025-11-28,2025-12-02,612.0,590.58,-3.5,STOP_LOSS,3,63.37,2.74,InfoBeans Technologies Limited
INFY,2025-11-12,2025-11-13,2025-11-14,1557.1,1502.6,-3.5,STOP_LOSS,2,74.49,2.13,Infosys Limited
INFY,2025-12-22,2025-12-23,2025-12-30,1679.0,1620.24,-3.5,STOP_LOSS,6,75.47,4.67,Infosys Limited
INFY,2026-07-29,2026-07-30,2026-07-31,1168.0,1127.12,-3.5,STOP_LOSS,2,58.52,2.66,Infosys Limited
INGERRAND,2024-11-22,2024-11-25,2024-12-06,4535.0,4450.85,-1.86,TIME_EXIT,10,81.4,6.41,Ingersoll Rand (India) Limited
INGERRAND,2026-04-13,2026-04-15,2026-04-22,3945.8,4261.46,8.0,TARGET_HIT,6,58.79,1.93,Ingersoll Rand (India) Limited
INNOVACAP,2026-04-23,2026-04-24,2026-04-24,734.75,709.03,-3.5,STOP_LOSS,1,83.2,2.36,Innova Captab Limited
INNOVANA,2025-06-20,2025-06-23,2025-06-23,445.95,481.63,8.0,TARGET_HIT,1,92.54,5.68,Innovana Thinklabs Limited
INOXGREEN,2025-09-19,2025-09-22,2025-10-06,197.99,213.83,8.0,TARGET_HIT,10,76.56,1.95,Inox Green Energy Services Limited
INOXGREEN,2025-09-22,2025-09-23,2025-09-25,199.89,192.89,-3.5,STOP_LOSS,3,58.14,3.6,Inox Green Energy Services Limited
INOXGREEN,2026-09-10,2026-09-11,2026-09-15,178.01,171.78,-3.5,STOP_LOSS,3,78.53,3.07,Inox Green Energy Services Limited
INOXINDIA,2025-12-31,2026-01-01,2026-01-12,1137.0,1097.2,-3.5,STOP_LOSS,8,84.4,2.79,INOX India Limited
INSECTICID,2025-12-30,2025-12-31,2026-01-08,708.7,683.9,-3.5,STOP_LOSS,7,56.42,3.28,Insecticides (India) Limited
INSECTICID,2026-04-30,2026-05-04,2026-05-15,701.45,722.8,3.04,TIME_EXIT,10,63.4,2.13,Insecticides (India) Limited
INTENTECH,2026-01-14,2026-01-16,2026-01-16,119.0,114.84,-3.5,STOP_LOSS,1,58.72,3.59,Intense Technologies Limited
INTENTECH,2026-01-29,2026-01-30,2026-01-30,117.97,113.84,-3.5,STOP_LOSS,1,91.59,18.65,Intense Technologies Limited
INTENTECH,2026-05-08,2026-05-11,2026-05-11,107.0,103.26,-3.5,STOP_LOSS,1,62.15,9.84,Intense Technologies Limited
INTLCONV,2025-05-19,2025-05-20,2025-05-21,84.9,81.93,-3.5,STOP_LOSS,2,62.57,3.76,International Conveyors Limited
IPCALAB,2024-10-11,2024-10-14,2024-10-22,1660.15,1602.04,-3.5,STOP_LOSS,7,65.01,6.96,IPCA Laboratories Limited
IPCALAB,2025-11-07,2025-11-10,2025-11-14,1324.0,1429.92,8.0,TARGET_HIT,5,63.08,2.66,IPCA Laboratories Limited
IPCALAB,2026-03-25,2026-03-27,2026-04-01,1594.7,1538.89,-3.5,STOP_LOSS,4,81.74,2.93,IPCA Laboratories Limited
ISGEC,2025-12-24,2025-12-26,2025-12-29,925.0,892.62,-3.5,STOP_LOSS,2,66.77,3.4,Isgec Heavy Engineering Limited
ITC,2025-01-02,2025-01-03,2025-01-06,490.25,473.09,-3.5,STOP_LOSS,2,81.84,2.3,ITC Limited
ITC,2025-04-22,2025-04-23,2025-05-07,436.2,431.15,-1.16,TIME_EXIT,10,72.08,1.96,ITC Limited
ITCHOTELS,2025-03-21,2025-03-24,2025-04-01,193.98,209.5,8.0,TARGET_HIT,6,64.35,10.71,ITC Hotels Limited
ITCHOTELS,2026-04-08,2026-04-09,2026-04-16,151.97,164.13,8.0,TARGET_HIT,6,70.14,5.41,ITC Hotels Limited
IVALUE,2025-11-11,2025-11-12,2025-11-13,307.95,332.59,8.0,TARGET_HIT,2,57.74,2.64,Ivalue Infosolutions Limited
IXIGO,2024-12-10,2024-12-11,2024-12-11,145.0,156.6,8.0,TARGET_HIT,1,67.12,4.52,Le Travenues Technology Limited
JAGRAN,2025-03-21,2025-03-24,2025-03-27,70.98,68.5,-3.5,STOP_LOSS,4,85.67,1.87,Jagran Prakashan Limited
JAGRAN,2025-05-28,2025-05-29,2025-05-30,83.3,80.38,-3.5,STOP_LOSS,2,62.82,3.4,Jagran Prakashan Limited
JAGRAN,2025-07-15,2025-07-16,2025-07-29,71.81,72.11,0.42,TIME_EXIT,10,66.29,2.51,Jagran Prakashan Limited
JAGRAN,2026-06-02,2026-06-03,2026-06-05,78.2,75.46,-3.5,STOP_LOSS,3,62.4,2.3,Jagran Prakashan Limited
JAGRAN,2026-06-03,2026-06-04,2026-06-05,77.5,74.79,-3.5,STOP_LOSS,2,64.17,3.51,Jagran Prakashan Limited
JAGRAN,2026-06-04,2026-06-05,2026-06-08,68.1,65.72,-3.5,STOP_LOSS,2,75.07,3.64,Jagran Prakashan Limited
JAIBALAJI,2025-03-19,2025-03-20,2025-03-25,144.9,139.83,-3.5,STOP_LOSS,4,80.02,4.6,Jai Balaji Industries Limited
JAIBALAJI,2025-03-20,2025-03-21,2025-03-24,146.25,141.13,-3.5,STOP_LOSS,2,76.64,2.72,Jai Balaji Industries Limited
JAICORPLTD,2025-05-15,2025-05-16,2025-05-20,103.0,111.24,8.0,TARGET_HIT,3,57.69,2.55,Jai Corp Limited
JAMNAAUTO,2025-03-19,2025-03-20,2025-03-27,77.81,75.09,-3.5,STOP_LOSS,6,63.68,1.91,Jamna Auto Industries Limited
JAYAGROGN,2026-09-09,2026-09-10,2026-09-11,259.0,249.94,-3.5,STOP_LOSS,2,59.31,3.67,Jayant Agro Organics Limited
JAYSREETEA,2025-05-16,2025-05-19,2025-05-30,104.8,104.46,-0.32,TIME_EXIT,10,55.38,3.44,Jayshree Tea & Industries Limited
JINDALSTEL,2025-05-14,2025-05-15,2025-05-28,940.0,945.15,0.55,TIME_EXIT,10,57.14,5.95,JINDAL STEEL LIMITED
JITFINFRA,2026-02-16,2026-02-17,2026-02-18,412.55,398.11,-3.5,STOP_LOSS,2,72.9,2.28,JITF Infralogistics Limited
JITFINFRA,2026-07-13,2026-07-14,2026-07-15,378.2,408.46,8.0,TARGET_HIT,2,63.34,6.55,JITF Infralogistics Limited
JKCEMENT,2025-02-13,2025-02-14,2025-02-14,4795.1,4627.27,-3.5,STOP_LOSS,1,74.48,4.16,JK Cement Limited
JKIL,2025-10-30,2025-10-31,2025-11-04,660.0,636.9,-3.5,STOP_LOSS,3,67.51,2.06,J.Kumar Infraprojects Limited
JKIPL,2025-11-04,2025-11-06,2025-11-07,119.1,114.93,-3.5,STOP_LOSS,2,76.12,2.52,Jinkushal Industries Limited
JLHL,2026-06-30,2026-07-01,2026-07-14,1425.6,1483.5,4.06,TIME_EXIT,10,73.72,4.56,Jupiter Life Line Hospitals Limited
JNKINDIA,2025-07-21,2025-07-22,2025-07-25,342.45,330.46,-3.5,STOP_LOSS,4,65.29,2.08,JNK India Limited
JSFB,2026-07-13,2026-07-14,2026-07-20,486.9,525.85,8.0,TARGET_HIT,5,56.77,1.83,Jana Small Finance Bank Limited
JSL,2025-06-26,2025-06-27,2025-07-07,697.0,672.6,-3.5,STOP_LOSS,7,60.92,2.35,Jindal Stainless Limited
JSL,2025-10-27,2025-10-28,2025-10-30,814.8,786.28,-3.5,STOP_LOSS,3,64.06,2.5,Jindal Stainless Limited
JSWDULUX,2026-05-11,2026-05-12,2026-05-12,3045.2,2938.62,-3.5,STOP_LOSS,1,60.14,3.27,JSW Dulux Limited
JSWHL,2025-03-21,2025-03-24,2025-03-26,23159.0,22348.44,-3.5,STOP_LOSS,3,86.25,10.62,JSW Holdings Limited
JSWSTEEL,2025-03-21,2025-03-24,2025-04-04,1063.0,1025.8,-3.5,STOP_LOSS,9,73.75,2.44,JSW Steel Limited
JTEKTINDIA,2025-06-26,2025-06-27,2025-07-10,142.99,137.99,-3.5,STOP_LOSS,10,60.47,3.54,Jtekt India Limited
JYOTHYLAB,2025-06-10,2025-06-11,2025-06-16,347.2,335.05,-3.5,STOP_LOSS,4,60.88,7.5,Jyothy Labs Limited
JYOTHYLAB,2026-08-03,2026-08-04,2026-08-12,206.06,198.85,-3.5,STOP_LOSS,7,55.27,2.24,Jyothy Labs Limited
JYOTICNC,2025-10-06,2025-10-07,2025-10-09,932.55,899.91,-3.5,STOP_LOSS,3,62.74,3.42,Jyoti CNC Automation Limited
KAJARIACER,2025-03-24,2025-03-25,2025-03-28,900.0,868.5,-3.5,STOP_LOSS,4,63.18,1.83,Kajaria Ceramics Limited
KAJARIACER,2025-06-24,2025-06-25,2025-07-01,1105.0,1066.32,-3.5,STOP_LOSS,5,60.13,2.61,Kajaria Ceramics Limited
KAJARIACER,2025-07-02,2025-07-03,2025-07-14,1118.0,1207.44,8.0,TARGET_HIT,8,59.86,4.07,Kajaria Ceramics Limited
KAJARIACER,2026-04-20,2026-04-21,2026-05-04,1190.0,1148.35,-3.5,STOP_LOSS,10,70.64,3.48,Kajaria Ceramics Limited
KAJARIACER,2026-06-24,2026-06-25,2026-06-29,1218.4,1175.76,-3.5,STOP_LOSS,3,64.22,2.98,Kajaria Ceramics Limited
KALPATARU,2026-05-06,2026-05-07,2026-05-08,345.0,372.6,8.0,TARGET_HIT,2,55.84,6.61,Kalpataru Limited
KALPATARU,2026-08-24,2026-08-25,2026-08-25,289.7,279.56,-3.5,STOP_LOSS,1,60.24,1.93,Kalpataru Limited
KAMAHOLD,2026-05-26,2026-05-27,2026-06-05,2658.9,2565.84,-3.5,STOP_LOSS,8,77.57,5.07,Kama Holdings Limited
KAMATHOTEL,2024-12-06,2024-12-09,2024-12-10,220.5,238.14,8.0,TARGET_HIT,2,61.32,3.1,Kamat Hotels (I) Limited
KAMATHOTEL,2024-12-09,2024-12-10,2024-12-10,231.02,249.5,8.0,TARGET_HIT,1,60.24,3.69,Kamat Hotels (I) Limited
KAMATHOTEL,2026-03-11,2026-03-12,2026-03-12,194.98,188.16,-3.5,STOP_LOSS,1,60.9,4.59,Kamat Hotels (I) Limited
KAMATHOTEL,2026-08-13,2026-08-14,2026-08-21,188.8,203.9,8.0,TARGET_HIT,6,65.85,3.02,Kamat Hotels (I) Limited
KAMATHOTEL,2026-08-14,2026-08-17,2026-08-17,197.3,190.39,-3.5,STOP_LOSS,1,55.92,3.36,Kamat Hotels (I) Limited
KANORICHEM,2025-03-20,2025-03-21,2025-03-26,84.6,81.64,-3.5,STOP_LOSS,4,56.88,3.23,Kanoria Chemicals & Industries Limited
KANPRPLA,2025-09-10,2025-09-11,2025-09-12,236.05,227.79,-3.5,STOP_LOSS,2,55.57,3.93,Kanpur Plastipack Limited
KANPRPLA,2026-04-27,2026-04-28,2026-04-30,207.6,200.33,-3.5,STOP_LOSS,3,91.45,13.53,Kanpur Plastipack Limited
KANSAINER,2025-06-30,2025-07-01,2025-07-14,253.35,245.95,-2.92,TIME_EXIT,10,60.94,2.42,Kansai Nerolac Paints Limited
KANSAINER,2025-07-24,2025-07-25,2025-07-28,249.45,240.72,-3.5,STOP_LOSS,2,72.86,2.51,Kansai Nerolac Paints Limited
KANSAINER,2025-12-24,2025-12-26,2025-12-26,244.79,236.22,-3.5,STOP_LOSS,1,63.47,5.71,Kansai Nerolac Paints Limited
KARURVYSYA,2025-03-25,2025-03-26,2025-04-07,210.98,203.6,-3.5,STOP_LOSS,8,57.0,3.06,Karur Vysya Bank Limited
KARURVYSYA,2025-04-17,2025-04-21,2025-04-25,223.5,215.68,-3.5,STOP_LOSS,5,64.05,2.12,Karur Vysya Bank Limited
KARURVYSYA,2025-08-25,2025-08-26,2025-08-26,229.95,221.9,-3.5,STOP_LOSS,1,74.87,3.36,Karur Vysya Bank Limited
KARURVYSYA,2025-11-13,2025-11-14,2025-11-27,250.11,251.33,0.49,TIME_EXIT,10,68.02,1.87,Karur Vysya Bank Limited
KDDL,2025-09-16,2025-09-17,2025-09-18,2468.8,2666.3,8.0,TARGET_HIT,2,68.55,1.82,KDDL Limited
KENNAMET,2026-08-07,2026-08-10,2026-08-12,3309.9,3574.69,8.0,TARGET_HIT,3,55.15,2.19,Kennametal India Limited
KERNEX,2024-11-13,2024-11-14,2024-11-14,800.7,864.76,8.0,TARGET_HIT,1,61.19,2.88,Kernex Microsystems (India) Limited
KHADIM,2025-01-31,2025-02-03,2025-02-04,373.85,360.77,-3.5,STOP_LOSS,2,56.91,2.98,Khadim India Limited
KHADIM,2025-06-05,2025-06-20,2025-06-20,280.0,270.2,-3.5,STOP_LOSS,1,79.62,8.86,Khadim India Limited
KHAICHEM,2025-05-19,2025-05-20,2025-05-21,74.35,71.75,-3.5,STOP_LOSS,2,57.59,3.64,Khaitan Chemicals & Fertilizers Limited
KICL,2026-06-22,2026-06-23,2026-06-29,5399.0,5210.04,-3.5,STOP_LOSS,5,78.08,3.05,Kalyani Investment Company Limited
KIMS,2024-11-19,2024-11-21,2024-11-25,563.95,609.07,8.0,TARGET_HIT,3,65.41,1.8,Krishna Institute of Medical Sciences Limited
KIMS,2025-03-24,2025-03-25,2025-03-25,650.0,627.25,-3.5,STOP_LOSS,1,61.15,2.54,Krishna Institute of Medical Sciences Limited
KINGFA,2026-03-30,2026-04-01,2026-04-13,4228.0,4411.9,4.35,TIME_EXIT,10,59.76,3.17,Kingfa Science & Technology (India) Limited
KINGFA,2026-08-07,2026-08-10,2026-08-12,5600.0,6048.0,8.0,TARGET_HIT,3,61.3,6.16,Kingfa Science & Technology (India) Limited
KIRLFER,2026-06-15,2026-06-16,2026-06-16,445.0,429.42,-3.5,STOP_LOSS,1,92.34,4.2,Kirloskar Ferrous Industries Limited
KIRLOSIND,2025-09-12,2025-09-15,2025-09-22,3974.0,4291.92,8.0,TARGET_HIT,6,57.47,2.09,Kirloskar Industries Limited
KIRLPNU,2025-04-22,2025-04-23,2025-04-24,1217.9,1315.33,8.0,TARGET_HIT,2,62.47,2.36,Kirloskar Pneumatic Company Limited
KIRLPNU,2025-05-14,2025-05-15,2025-05-28,1201.0,1278.7,6.47,TIME_EXIT,10,55.9,2.68,Kirloskar Pneumatic Company Limited
KIRLPNU,2026-01-28,2026-01-29,2026-02-09,1129.0,1219.32,8.0,TARGET_HIT,8,75.24,3.66,Kirloskar Pneumatic Company Limited
KKCL,2026-05-06,2026-05-07,2026-05-08,506.0,488.29,-3.5,STOP_LOSS,2,63.64,7.86,Kewal Kiran Clothing Limited
KLBRENG-B,2026-06-01,2026-06-02,2026-06-09,490.45,473.28,-3.5,STOP_LOSS,6,75.53,2.25,Kilburn Engineering Limited
KMEW,2025-01-23,2025-01-24,2025-01-24,2111.0,2037.12,-3.5,STOP_LOSS,1,60.9,2.07,Knowledge Marine & Engineering Works Limited
KNRCON,2026-08-04,2026-08-05,2026-08-06,128.2,138.46,8.0,TARGET_HIT,2,56.56,2.22,KNR Constructions Limited
KOKUYOCMLN,2025-03-20,2025-03-21,2025-03-21,110.05,106.2,-3.5,STOP_LOSS,1,71.55,3.25,Kokuyo Camlin Limited
KOTAKBANK,2026-08-27,2026-08-28,2026-09-10,424.6,416.55,-1.9,TIME_EXIT,10,67.78,3.38,Kotak Mahindra Bank Limited
KOTYARK,2026-03-25,2026-03-27,2026-04-06,395.0,381.18,-3.5,STOP_LOSS,7,84.01,2.01,Kotyark Industries Limited
KOTYARK,2026-04-24,2026-04-27,2026-04-28,417.75,403.13,-3.5,STOP_LOSS,2,60.94,3.98,Kotyark Industries Limited
KOTYARK,2026-04-27,2026-04-28,2026-04-28,435.95,420.69,-3.5,STOP_LOSS,1,62.17,1.95,Kotyark Industries Limited
KPIL,2025-10-16,2025-10-17,2025-10-27,1284.0,1239.06,-3.5,STOP_LOSS,7,72.0,2.77,Kalpataru Projects International Limited
KPIL,2025-12-24,2025-12-26,2025-12-30,1210.0,1167.65,-3.5,STOP_LOSS,3,67.43,2.13,Kalpataru Projects International Limited
KPIL,2026-02-10,2026-02-11,2026-02-12,1135.0,1095.27,-3.5,STOP_LOSS,2,70.68,1.92,Kalpataru Projects International Limited
KPRMILL,2026-03-25,2026-03-27,2026-03-30,849.95,820.2,-3.5,STOP_LOSS,2,60.12,2.23,K.P.R. Mill Limited
KRISHANA,2025-01-17,2025-01-20,2025-01-21,214.7,207.19,-3.5,STOP_LOSS,2,65.88,2.19,Krishana Phoschem Limited
KRISHANA,2025-03-11,2025-03-12,2025-03-18,212.15,229.12,8.0,TARGET_HIT,4,70.29,2.47,Krishana Phoschem Limited
KRISHANA,2025-03-18,2025-03-19,2025-03-20,233.75,252.45,8.0,TARGET_HIT,2,81.11,1.9,Krishana Phoschem Limited
KRISHANA,2025-05-05,2025-05-06,2025-05-08,299.8,323.78,8.0,TARGET_HIT,3,70.22,2.91,Krishana Phoschem Limited
KRISHANA,2025-12-16,2025-12-17,2025-12-18,540.8,521.87,-3.5,STOP_LOSS,2,55.06,2.68,Krishana Phoschem Limited
KRISHANA,2026-04-02,2026-04-06,2026-04-08,545.7,589.36,8.0,TARGET_HIT,3,56.86,2.17,Krishana Phoschem Limited
KRISHANA,2026-04-08,2026-04-09,2026-04-09,603.9,582.76,-3.5,STOP_LOSS,1,57.36,1.8,Krishana Phoschem Limited
KRISHIVAL,2026-08-20,2026-08-21,2026-09-03,398.2,413.5,3.84,TIME_EXIT,10,74.21,2.52,Krishival Foods Limited
KRITI,2025-05-26,2025-05-27,2025-05-30,148.79,143.58,-3.5,STOP_LOSS,4,60.92,2.12,Kriti Industries (India) Limited
KRITINUT,2025-05-12,2025-05-13,2025-05-13,111.8,107.89,-3.5,STOP_LOSS,1,56.62,8.33,Kriti Nutrients Limited
KRONOX,2025-03-27,2025-03-28,2025-03-28,149.5,144.27,-3.5,STOP_LOSS,1,64.35,6.41,Kronox Lab Sciences Limited
KRYSTAL,2025-11-07,2025-11-10,2025-11-10,577.0,556.8,-3.5,STOP_LOSS,1,83.57,3.78,Krystal Integrated Services Limited
KSB,2024-09-30,2024-10-01,2024-10-04,894.6,863.29,-3.5,STOP_LOSS,4,73.79,2.13,Ksb Limited
KSB,2026-04-20,2026-04-21,2026-05-04,980.0,945.7,-3.5,STOP_LOSS,10,56.38,2.1,Ksb Limited
KSHINTL,2026-03-02,2026-03-04,2026-03-11,370.0,399.6,8.0,TARGET_HIT,6,56.43,2.34,KSH International Limited
KSL,2025-03-06,2025-03-07,2025-03-11,783.0,755.6,-3.5,STOP_LOSS,3,73.31,2.02,Kalyani Steels Limited
KSL,2025-11-03,2025-11-04,2025-11-04,888.0,856.92,-3.5,STOP_LOSS,1,64.55,2.11,Kalyani Steels Limited
KTKBANK,2025-04-16,2025-04-17,2025-05-02,191.44,195.07,1.9,TIME_EXIT,10,59.6,1.88,The Karnataka Bank Limited
KTKBANK,2025-06-09,2025-06-10,2025-06-19,204.9,197.73,-3.5,STOP_LOSS,8,60.86,1.94,The Karnataka Bank Limited
KTKBANK,2025-09-04,2025-09-05,2025-09-18,176.49,176.59,0.06,TIME_EXIT,10,64.74,2.16,The Karnataka Bank Limited
KUANTUM,2025-03-21,2025-03-24,2025-03-24,113.0,109.04,-3.5,STOP_LOSS,1,55.76,3.03,Kuantum Papers Limited
KUANTUM,2025-03-24,2025-03-25,2025-03-26,112.11,108.19,-3.5,STOP_LOSS,2,64.16,2.64,Kuantum Papers Limited
LALPATHLAB,2025-01-30,2025-01-31,2025-02-03,2888.0,2786.92,-3.5,STOP_LOSS,2,59.52,6.3,Dr. Lal Path Labs Ltd.
LALPATHLAB,2025-03-27,2025-03-28,2025-04-01,2487.75,2400.68,-3.5,STOP_LOSS,2,58.14,1.9,Dr. Lal Path Labs Ltd.
LALPATHLAB,2025-04-02,2025-04-03,2025-04-07,2485.0,2398.02,-3.5,STOP_LOSS,3,81.51,5.58,Dr. Lal Path Labs Ltd.
LALPATHLAB,2026-07-06,2026-07-07,2026-07-20,1695.0,1693.3,-0.1,TIME_EXIT,10,77.82,3.08,Dr. Lal Path Labs Ltd.
LAOPALA,2026-02-19,2026-02-20,2026-02-27,199.0,214.92,8.0,TARGET_HIT,6,59.89,3.63,La Opala RG Limited
LAOPALA,2026-05-27,2026-05-29,2026-06-01,182.3,175.92,-3.5,STOP_LOSS,2,60.04,1.9,La Opala RG Limited
LAURUSLABS,2024-10-11,2024-10-14,2024-10-22,474.1,457.51,-3.5,STOP_LOSS,7,55.11,2.11,Laurus Labs Limited
LAURUSLABS,2026-08-27,2026-08-28,2026-08-31,1929.7,1862.16,-3.5,STOP_LOSS,2,64.84,2.38,Laurus Labs Limited
LGBBROSLTD,2025-08-21,2025-08-22,2025-08-22,1329.8,1283.26,-3.5,STOP_LOSS,1,61.76,4.97,LG Balakrishnan & Bros Limited
LGEINDIA,2026-08-03,2026-08-04,2026-08-14,1569.8,1695.38,8.0,TARGET_HIT,9,56.29,1.99,LG Electronics India Limited
LICHSGFIN,2025-09-15,2025-09-16,2025-09-29,572.45,567.2,-0.92,TIME_EXIT,10,56.89,1.9,LIC Housing Finance Limited
LICHSGFIN,2026-01-14,2026-01-16,2026-01-21,535.25,516.52,-3.5,STOP_LOSS,4,57.88,2.41,LIC Housing Finance Limited
LICHSGFIN,2026-06-29,2026-06-30,2026-07-07,564.0,544.26,-3.5,STOP_LOSS,6,71.31,5.95,LIC Housing Finance Limited
LICI,2025-09-15,2025-09-16,2025-09-29,882.0,895.05,1.48,TIME_EXIT,10,68.87,1.86,Life Insurance Corporation Of India
LICI,2025-11-03,2025-11-04,2025-11-06,925.0,892.62,-3.5,STOP_LOSS,3,63.64,4.11,Life Insurance Corporation Of India
LIKHITHA,2025-03-06,2025-03-07,2025-03-10,280.15,270.34,-3.5,STOP_LOSS,2,68.99,2.3,Likhitha Infrastructure Limited
LIKHITHA,2026-08-11,2026-08-12,2026-08-12,247.39,238.73,-3.5,STOP_LOSS,1,61.87,3.68,Likhitha Infrastructure Limited
LINC,2026-06-22,2026-06-23,2026-06-23,114.0,110.01,-3.5,STOP_LOSS,1,59.87,5.36,Linc Limited
LINC,2026-06-24,2026-06-25,2026-06-25,119.5,115.32,-3.5,STOP_LOSS,1,65.89,2.88,Linc Limited
LINCOLN,2026-02-10,2026-02-11,2026-02-12,535.0,516.28,-3.5,STOP_LOSS,2,57.87,5.14,Lincoln Pharmaceuticals Limited
LINCOLN,2026-08-05,2026-08-06,2026-08-07,616.9,595.31,-3.5,STOP_LOSS,2,62.51,2.91,Lincoln Pharmaceuticals Limited
LLOYDSME,2026-04-17,2026-04-20,2026-04-29,1631.0,1761.48,8.0,TARGET_HIT,8,57.68,2.8,Lloyds Metals And Energy Limited
LLOYDSME,2026-05-26,2026-05-27,2026-05-29,1869.8,1804.36,-3.5,STOP_LOSS,3,56.18,2.13,Lloyds Metals And Energy Limited
LMW,2025-05-13,2025-05-14,2025-05-27,17390.0,17571.0,1.04,TIME_EXIT,10,73.12,2.31,LMW Limited
LOKESHMACH,2026-03-05,2026-03-06,2026-03-06,200.0,216.0,8.0,TARGET_HIT,1,60.0,2.8,Lokesh Machines Limited
LORDSCHLO,2024-12-12,2024-12-13,2024-12-13,182.5,176.11,-3.5,STOP_LOSS,1,55.06,3.13,Lords Chloro Alkali Limited
LORDSCHLO,2026-07-27,2026-07-28,2026-07-28,169.0,163.08,-3.5,STOP_LOSS,1,67.28,8.78,Lords Chloro Alkali Limited
LOTUSDEV,2026-05-06,2026-05-07,2026-05-13,144.96,139.89,-3.5,STOP_LOSS,5,67.69,3.35,Sri Lotus Developers and Realty Limited
LT,2024-11-25,2024-11-26,2024-12-09,3754.9,3947.3,5.12,TIME_EXIT,10,64.86,3.3,Larsen & Toubro Limited
LT,2025-03-21,2025-03-24,2025-04-04,3449.0,3328.28,-3.5,STOP_LOSS,9,67.81,1.92,Larsen & Toubro Limited
LTF,2025-09-29,2025-09-30,2025-10-13,245.75,265.41,8.0,TARGET_HIT,9,57.56,3.08,L&T Finance Limited
LTTS,2025-11-12,2025-11-13,2025-11-18,4210.0,4062.65,-3.5,STOP_LOSS,4,69.34,2.42,L&T Technology Services Limited
LUMAXTECH,2025-11-04,2025-11-06,2025-11-06,1201.4,1159.35,-3.5,STOP_LOSS,1,58.65,3.57,Lumax Auto Technologies Limited
LUPIN,2025-11-03,2025-11-04,2025-11-17,1985.8,2052.1,3.34,TIME_EXIT,10,60.3,2.85,Lupin Limited
LUPIN,2026-03-05,2026-03-06,2026-03-16,2341.0,2259.06,-3.5,STOP_LOSS,7,63.89,2.27,Lupin Limited
M&MFIN,2025-09-04,2025-09-05,2025-09-18,264.25,285.39,8.0,TARGET_HIT,10,64.64,2.5,Mahindra & Mahindra Financial Services Limited
MACPOWER,2024-11-12,2024-11-13,2024-11-13,1349.45,1302.22,-3.5,STOP_LOSS,1,57.83,3.75,Macpower CNC Machines Limited
MACPOWER,2024-12-30,2024-12-31,2025-01-02,1537.35,1483.54,-3.5,STOP_LOSS,3,87.16,4.61,Macpower CNC Machines Limited
MAHASTEEL,2025-09-29,2025-09-30,2025-10-01,413.5,446.58,8.0,TARGET_HIT,2,76.5,2.48,Mahamaya Steel Industries Limited
MAHASTEEL,2025-09-30,2025-10-01,2025-10-01,413.15,446.2,8.0,TARGET_HIT,1,83.57,5.7,Mahamaya Steel Industries Limited
MAHEPC,2025-01-16,2025-01-17,2025-01-17,132.3,127.67,-3.5,STOP_LOSS,1,66.23,5.93,Mahindra EPC Irrigation Limited
MAHLIFE,2025-06-09,2025-06-10,2025-06-13,354.1,341.71,-3.5,STOP_LOSS,4,58.71,2.32,Mahindra Lifespace Developers Limited
MAHLIFE,2025-10-15,2025-10-16,2025-10-29,384.95,387.45,0.65,TIME_EXIT,10,57.74,2.09,Mahindra Lifespace Developers Limited
MAHLIFE,2025-11-27,2025-11-28,2025-12-08,416.35,401.78,-3.5,STOP_LOSS,7,58.42,2.56,Mahindra Lifespace Developers Limited
MAHLIFE,2026-06-19,2026-06-22,2026-07-03,359.5,369.95,2.91,TIME_EXIT,10,65.93,5.5,Mahindra Lifespace Developers Limited
MAHLOG,2025-07-08,2025-07-09,2025-07-17,369.9,399.49,8.0,TARGET_HIT,7,61.94,2.37,Mahindra Logistics Limited
MAHLOG,2025-10-20,2025-10-21,2025-10-27,365.0,352.22,-3.5,STOP_LOSS,5,61.51,2.12,Mahindra Logistics Limited
MAHLOG,2026-04-17,2026-04-20,2026-04-24,431.7,416.59,-3.5,STOP_LOSS,5,63.59,2.39,Mahindra Logistics Limited
MAHSCOOTER,2025-02-03,2025-02-04,2025-02-10,9511.0,9178.12,-3.5,STOP_LOSS,5,56.52,3.32,Maharashtra Scooters Limited
MAHSCOOTER,2025-05-15,2025-05-16,2025-05-19,12448.0,13443.84,8.0,TARGET_HIT,2,65.97,8.23,Maharashtra Scooters Limited
MAHSCOOTER,2025-05-16,2025-05-19,2025-05-19,12700.0,13716.0,8.0,TARGET_HIT,1,63.47,3.18,Maharashtra Scooters Limited
MAITHANALL,2025-05-13,2025-05-14,2025-05-26,988.0,1067.04,8.0,TARGET_HIT,9,57.56,2.07,Maithan Alloys Limited
MALLCOM,2025-06-16,2025-06-17,2025-06-17,1156.0,1248.48,8.0,TARGET_HIT,1,69.0,6.72,Mallcom (India) Limited
MALLCOM,2026-02-04,2026-02-05,2026-02-16,1198.8,1156.84,-3.5,STOP_LOSS,8,72.32,2.88,Mallcom (India) Limited
MALLCOM,2026-04-08,2026-04-09,2026-04-13,1108.45,1069.65,-3.5,STOP_LOSS,3,93.84,6.48,Mallcom (India) Limited
MANAKCOAT,2024-11-19,2024-11-21,2024-11-21,65.8,63.5,-3.5,STOP_LOSS,1,87.96,2.42,Manaksia Coated Metals & Industries Limited
MANAKCOAT,2024-11-19,2024-11-21,2024-11-21,65.8,63.5,-3.5,STOP_LOSS,1,87.96,1.95,Manaksia Coated Metals & Industries Limited
MANAKCOAT,2024-11-28,2024-11-29,2024-12-02,71.23,76.93,8.0,TARGET_HIT,2,69.34,2.11,Manaksia Coated Metals & Industries Limited
MANAKCOAT,2024-12-05,2024-12-06,2024-12-06,93.8,90.52,-3.5,STOP_LOSS,1,79.25,3.25,Manaksia Coated Metals & Industries Limited
MANAKSTEEL,2026-08-28,2026-08-31,2026-09-02,99.52,107.48,8.0,TARGET_HIT,3,87.09,7.27,Manaksia Steels Limited
MANAKSTEEL,2026-09-01,2026-09-02,2026-09-03,104.0,112.32,8.0,TARGET_HIT,2,60.79,16.02,Manaksia Steels Limited
MANAKSTEEL,2026-09-02,2026-09-03,2026-09-03,112.0,108.08,-3.5,STOP_LOSS,1,72.29,2.74,Manaksia Steels Limited
MANALIPETC,2025-06-11,2025-06-12,2025-06-12,59.0,63.72,8.0,TARGET_HIT,1,67.79,3.31,Manali Petrochemicals Limited
MANBA,2026-06-12,2026-06-15,2026-06-15,125.01,120.63,-3.5,STOP_LOSS,1,73.25,3.51,Manba Finance Limited
MANBA,2026-06-25,2026-06-29,2026-07-01,130.0,140.4,8.0,TARGET_HIT,3,75.7,1.82,Manba Finance Limited
MANGLMCEM,2024-10-01,2024-10-03,2024-10-04,911.05,879.16,-3.5,STOP_LOSS,2,55.93,2.7,Mangalam Cement Limited
MANGLMCEM,2024-12-27,2024-12-30,2025-01-06,984.7,950.24,-3.5,STOP_LOSS,6,55.26,5.89,Mangalam Cement Limited
MANGLMCEM,2025-09-29,2025-09-30,2025-10-14,756.1,729.64,-3.5,STOP_LOSS,10,57.78,3.44,Mangalam Cement Limited
MANKIND,2025-01-07,2025-01-08,2025-01-09,2928.0,2825.52,-3.5,STOP_LOSS,2,76.22,1.9,Mankind Pharma Limited
MANORAMA,2024-09-27,2024-09-30,2024-09-30,848.0,818.32,-3.5,STOP_LOSS,1,69.41,2.58,Manorama Industries Limited
MANORAMA,2024-10-24,2024-10-25,2024-10-25,970.0,936.05,-3.5,STOP_LOSS,1,64.38,5.81,Manorama Industries Limited
MANORAMA,2024-11-25,2024-11-26,2024-11-26,1229.95,1186.9,-3.5,STOP_LOSS,1,56.59,4.08,Manorama Industries Limited
MANORG,2025-05-15,2025-05-16,2025-09-15,572.45,552.41,-3.5,STOP_LOSS,8,61.66,7.26,Mangalam Organics Limited
MANYAVAR,2024-11-29,2024-12-02,2024-12-03,1455.0,1404.08,-3.5,STOP_LOSS,2,60.31,2.3,Vedant Fashions Limited
MARATHON,2024-12-20,2024-12-23,2024-12-27,613.0,591.54,-3.5,STOP_LOSS,5,64.87,2.71,Marathon Nextgen Realty Limited
MARATHON,2025-04-17,2025-04-21,2025-04-25,541.0,522.06,-3.5,STOP_LOSS,5,58.24,4.61,Marathon Nextgen Realty Limited
MARATHON,2025-04-21,2025-04-22,2025-04-24,556.0,536.54,-3.5,STOP_LOSS,3,63.23,2.57,Marathon Nextgen Realty Limited
MARATHON,2025-05-13,2025-05-14,2025-05-23,514.0,496.01,-3.5,STOP_LOSS,8,73.21,2.08,Marathon Nextgen Realty Limited
MARATHON,2025-05-14,2025-05-15,2025-05-19,529.25,510.73,-3.5,STOP_LOSS,3,72.49,2.02,Marathon Nextgen Realty Limited
MARATHON,2025-06-06,2025-06-09,2025-06-11,568.45,613.93,8.0,TARGET_HIT,3,59.39,4.39,Marathon Nextgen Realty Limited
MARATHON,2025-06-09,2025-06-10,2025-06-11,590.0,569.35,-3.5,STOP_LOSS,2,56.3,4.68,Marathon Nextgen Realty Limited
MARATHON,2025-06-20,2025-06-23,2025-06-23,590.0,637.2,8.0,TARGET_HIT,1,61.1,4.17,Marathon Nextgen Realty Limited
MARATHON,2025-06-23,2025-06-24,2025-06-24,636.0,613.74,-3.5,STOP_LOSS,1,60.47,5.04,Marathon Nextgen Realty Limited
MARATHON,2025-09-22,2025-09-23,2025-09-24,674.6,650.99,-3.5,STOP_LOSS,2,58.22,2.07,Marathon Nextgen Realty Limited
MARICO,2025-04-03,2025-04-04,2025-04-11,658.9,711.61,8.0,TARGET_HIT,5,66.43,1.81,Marico Limited
MARICO,2025-04-04,2025-04-07,2025-04-11,650.0,702.0,8.0,TARGET_HIT,4,55.72,2.67,Marico Limited
MARICO,2025-04-11,2025-04-15,2025-04-29,716.0,711.35,-0.65,TIME_EXIT,10,69.03,2.66,Marico Limited
MARICO,2025-11-12,2025-11-13,2025-11-26,720.95,734.1,1.82,TIME_EXIT,10,69.75,2.34,Marico Limited
MARUTI,2025-08-19,2025-08-20,2025-09-03,14362.0,14927.0,3.93,TIME_EXIT,10,56.9,2.06,Maruti Suzuki India Limited
MARUTI,2026-07-29,2026-07-30,2026-08-12,13939.0,13875.0,-0.46,TIME_EXIT,10,67.22,1.91,Maruti Suzuki India Limited
MASFIN,2025-05-07,2025-05-08,2025-05-09,268.0,258.62,-3.5,STOP_LOSS,2,89.72,6.17,MAS Financial Services Limited
MASFIN,2026-06-18,2026-06-19,2026-06-23,321.7,310.44,-3.5,STOP_LOSS,3,69.12,2.03,MAS Financial Services Limited
MASFIN,2026-08-31,2026-09-01,2026-09-02,306.6,295.87,-3.5,STOP_LOSS,2,64.1,7.42,MAS Financial Services Limited
MASTERTR,2025-03-20,2025-03-21,2025-03-25,118.7,128.2,8.0,TARGET_HIT,3,55.07,6.26,Master Trust Limited
MATRIMONY,2025-12-11,2025-12-12,2025-12-15,555.0,535.57,-3.5,STOP_LOSS,2,73.31,2.76,Matrimony.Com Limited
MATRIMONY,2026-01-02,2026-01-05,2026-01-12,550.3,531.04,-3.5,STOP_LOSS,6,65.32,2.38,Matrimony.Com Limited
MATRIMONY,2026-01-22,2026-01-23,2026-01-29,573.0,552.94,-3.5,STOP_LOSS,5,63.79,1.98,Matrimony.Com Limited
MATRIMONY,2026-08-07,2026-08-10,2026-08-11,480.0,518.4,8.0,TARGET_HIT,2,79.72,11.76,Matrimony.Com Limited
MAWANASUG,2025-05-19,2025-05-20,2025-05-20,98.05,94.62,-3.5,STOP_LOSS,1,56.95,3.06,Mawana Sugars Limited
MAXHEALTH,2025-03-21,2025-03-24,2025-03-26,1174.65,1133.54,-3.5,STOP_LOSS,3,67.08,2.78,Max Healthcare Institute Limited
MAXHEALTH,2025-06-27,2025-06-30,2025-07-10,1284.5,1239.54,-3.5,STOP_LOSS,9,80.99,6.0,Max Healthcare Institute Limited
MAXHEALTH,2025-11-19,2025-11-20,2025-12-01,1166.0,1125.19,-3.5,STOP_LOSS,8,60.56,2.19,Max Healthcare Institute Limited
MAYURUNIQ,2025-07-15,2025-07-16,2025-07-29,595.3,600.75,0.92,TIME_EXIT,10,55.07,3.11,Mayur Uniquoters Ltd
MAYURUNIQ,2025-10-29,2025-10-30,2025-11-12,525.1,531.75,1.27,TIME_EXIT,10,59.67,4.19,Mayur Uniquoters Ltd
MAYURUNIQ,2025-10-30,2025-10-31,2025-11-13,530.45,528.35,-0.4,TIME_EXIT,10,58.26,2.01,Mayur Uniquoters Ltd
MAYURUNIQ,2025-10-31,2025-11-03,2025-11-12,545.35,526.26,-3.5,STOP_LOSS,8,65.34,3.02,Mayur Uniquoters Ltd
MAYURUNIQ,2026-01-23,2026-01-27,2026-02-03,500.7,540.76,8.0,TARGET_HIT,6,80.37,7.02,Mayur Uniquoters Ltd
MAYURUNIQ,2026-01-23,2026-01-27,2026-02-03,500.7,540.76,8.0,TARGET_HIT,6,80.37,4.6,Mayur Uniquoters Ltd
MAZDA,2026-05-29,2026-06-01,2026-06-12,224.5,232.28,3.47,TIME_EXIT,10,58.33,3.05,Mazda Limited
MAZDA,2026-06-01,2026-06-02,2026-06-05,232.9,224.75,-3.5,STOP_LOSS,4,60.77,2.56,Mazda Limited
MBAPL,2025-05-12,2025-05-13,2025-05-16,296.0,285.64,-3.5,STOP_LOSS,4,55.78,3.66,Madhya Bharat Agro Products Limited
MCL,2025-12-24,2025-12-26,2025-12-26,59.05,56.98,-3.5,STOP_LOSS,1,58.05,2.82,M TEK COPPER LIMITED
MCL,2025-12-26,2025-12-29,2025-12-29,64.95,62.68,-3.5,STOP_LOSS,1,58.95,2.55,M TEK COPPER LIMITED
MEDANTA,2024-12-04,2024-12-05,2024-12-11,1168.95,1128.04,-3.5,STOP_LOSS,5,61.17,1.93,Global Health Limited
MEDANTA,2025-02-21,2025-02-24,2025-02-24,1235.0,1191.77,-3.5,STOP_LOSS,1,64.54,2.32,Global Health Limited
MEDANTA,2026-05-04,2026-05-05,2026-05-15,1169.5,1263.06,8.0,TARGET_HIT,9,68.51,3.02,Global Health Limited
MEDANTA,2026-05-15,2026-05-18,2026-05-29,1242.9,1199.4,-3.5,STOP_LOSS,10,55.24,1.82,Global Health Limited
MEDANTA,2026-06-09,2026-06-10,2026-06-23,1245.0,1302.8,4.64,TIME_EXIT,10,73.25,2.03,Global Health Limited
MEDANTA,2026-06-23,2026-06-24,2026-07-07,1303.0,1324.3,1.63,TIME_EXIT,10,59.34,2.05,Global Health Limited
MEDANTA,2026-08-07,2026-08-10,2026-08-12,1459.0,1407.94,-3.5,STOP_LOSS,3,75.27,2.88,Global Health Limited
MEDIASSIST,2025-05-19,2025-05-20,2025-05-27,481.0,519.48,8.0,TARGET_HIT,6,85.93,5.05,Medi Assist Healthcare Services Limited
MEDIASSIST,2025-07-10,2025-07-11,2025-07-14,579.95,559.65,-3.5,STOP_LOSS,2,57.18,3.16,Medi Assist Healthcare Services Limited
MEDICAMEQ,2025-10-31,2025-11-03,2025-11-07,377.5,407.7,8.0,TARGET_HIT,5,82.23,2.87,Medicamen Biotech Limited
MEDICAMEQ,2025-11-07,2025-11-10,2025-11-21,400.0,400.8,0.2,TIME_EXIT,10,55.39,2.03,Medicamen Biotech Limited
MEDICO,2024-12-26,2024-12-27,2024-12-27,54.2,58.54,8.0,TARGET_HIT,1,56.77,2.54,Medico Remedies Limited
MEDICO,2025-12-24,2025-12-26,2025-12-26,55.77,53.82,-3.5,STOP_LOSS,1,71.04,4.23,Medico Remedies Limited
MEDICO,2025-12-24,2025-12-26,2025-12-26,55.77,53.82,-3.5,STOP_LOSS,1,71.04,3.1,Medico Remedies Limited
MEDPLUS,2024-11-18,2024-11-19,2024-12-02,729.0,787.32,8.0,TARGET_HIT,10,62.69,4.0,Medplus Health Services Limited
MEDPLUS,2024-11-19,2024-11-21,2024-12-02,734.1,792.83,8.0,TARGET_HIT,8,58.47,3.3,Medplus Health Services Limited
MEDPLUS,2024-11-19,2024-11-21,2024-12-02,734.1,792.83,8.0,TARGET_HIT,8,58.47,2.5,Medplus Health Services Limited
MEDPLUS,2025-04-15,2025-04-16,2025-04-30,812.25,806.15,-0.75,TIME_EXIT,10,68.9,2.68,Medplus Health Services Limited
MEDPLUS,2026-02-03,2026-02-04,2026-02-16,865.0,834.72,-3.5,STOP_LOSS,9,60.25,1.83,Medplus Health Services Limited
MEDPLUS,2026-03-30,2026-04-01,2026-04-02,844.05,814.51,-3.5,STOP_LOSS,2,63.52,2.04,Medplus Health Services Limited
MEDPLUS,2026-05-13,2026-05-14,2026-05-15,890.0,961.2,8.0,TARGET_HIT,2,66.14,1.96,Medplus Health Services Limited
MENNPIS,2026-09-08,2026-09-09,2026-09-09,85.0,82.02,-3.5,STOP_LOSS,1,57.01,3.01,Menon Pistons Limited
METROBRAND,2025-09-10,2025-09-11,2025-09-24,1250.0,1276.1,2.09,TIME_EXIT,10,57.79,2.39,Metro Brands Limited
METROPOLIS,2025-06-09,2025-06-10,2025-06-16,1727.7,1667.23,-3.5,STOP_LOSS,5,82.62,4.81,Metropolis Healthcare Limited
METROPOLIS,2025-09-04,2025-09-05,2025-09-08,2248.0,2169.32,-3.5,STOP_LOSS,2,75.5,2.38,Metropolis Healthcare Limited
MFSL,2025-04-21,2025-04-22,2025-05-06,1243.9,1269.2,2.03,TIME_EXIT,10,81.43,3.63,Max Financial Services Limited
MFSL,2025-05-22,2025-05-23,2025-06-02,1414.0,1527.12,8.0,TARGET_HIT,7,83.83,3.35,Max Financial Services Limited
MFSL,2025-05-23,2025-05-26,2025-06-06,1474.1,1508.1,2.31,TIME_EXIT,10,74.34,4.17,Max Financial Services Limited
MHLXMIRU,2026-08-13,2026-08-14,2026-08-14,202.4,195.32,-3.5,STOP_LOSS,1,62.74,2.79,Mahalaxmi Rubtech Limited
MHRIL,2026-04-10,2026-04-13,2026-04-15,248.1,267.95,8.0,TARGET_HIT,3,58.33,2.44,Mahindra Holidays & Resorts India Limited
MICEL,2024-12-26,2024-12-27,2024-12-30,88.51,85.41,-3.5,STOP_LOSS,2,70.28,2.45,MIC Electronics Limited
MINDACORP,2026-04-15,2026-04-16,2026-04-29,517.8,522.45,0.9,TIME_EXIT,10,71.99,1.96,Minda Corporation Limited
MMFL,2025-03-21,2025-03-24,2025-03-25,360.0,347.4,-3.5,STOP_LOSS,2,70.43,5.04,MM Forgings Limited
MMFL,2025-03-24,2025-03-25,2025-03-25,362.0,349.33,-3.5,STOP_LOSS,1,69.05,2.38,MM Forgings Limited
MMFL,2025-05-14,2025-05-15,2025-05-28,356.75,357.1,0.1,TIME_EXIT,10,69.64,6.53,MM Forgings Limited
MMFL,2025-05-15,2025-05-16,2025-05-29,361.8,374.45,3.5,TIME_EXIT,10,65.1,3.83,MM Forgings Limited
MMP,2025-05-23,2025-05-26,2025-05-26,286.0,275.99,-3.5,STOP_LOSS,1,69.46,2.25,MMP Industries Limited
MOLDTKPAC,2025-05-23,2025-05-26,2025-06-06,638.95,690.07,8.0,TARGET_HIT,10,62.22,6.06,Mold-Tek Packaging Limited
MOLDTKPAC,2025-07-11,2025-07-14,2025-07-25,713.55,741.05,3.85,TIME_EXIT,10,66.6,3.01,Mold-Tek Packaging Limited
MOLDTKPAC,2025-07-22,2025-07-23,2025-07-25,755.3,728.86,-3.5,STOP_LOSS,3,56.99,2.55,Mold-Tek Packaging Limited
MOLDTKPAC,2025-12-23,2025-12-24,2026-01-06,602.1,608.65,1.09,TIME_EXIT,10,72.9,2.06,Mold-Tek Packaging Limited
MOLDTKPAC,2026-03-05,2026-03-06,2026-03-09,564.45,544.69,-3.5,STOP_LOSS,2,91.62,2.96,Mold-Tek Packaging Limited
MOLDTKPAC,2026-05-07,2026-05-08,2026-05-13,586.1,632.99,8.0,TARGET_HIT,4,66.56,4.26,Mold-Tek Packaging Limited
MONARCH,2026-07-10,2026-07-13,2026-07-24,360.0,347.4,-3.5,STOP_LOSS,10,65.6,2.39,Monarch Networth Capital Limited
MONARCH,2026-07-13,2026-07-14,2026-07-24,363.75,351.02,-3.5,STOP_LOSS,9,75.73,4.22,Monarch Networth Capital Limited
MOTHERSON,2026-05-27,2026-05-29,2026-06-08,144.46,139.4,-3.5,STOP_LOSS,7,59.44,2.42,Samvardhana Motherson International Limited
MOTHERSON,2026-05-29,2026-06-01,2026-06-02,146.01,140.9,-3.5,STOP_LOSS,2,63.54,3.61,Samvardhana Motherson International Limited
MSUMI,2024-12-10,2024-12-11,2024-12-13,65.71,63.41,-3.5,STOP_LOSS,3,60.87,2.09,Motherson Sumi Wiring India Limited
MSUMI,2025-07-07,2025-07-08,2025-07-18,62.5,60.31,-3.5,STOP_LOSS,9,77.62,4.08,Motherson Sumi Wiring India Limited
MSUMI,2025-07-08,2025-07-09,2025-07-18,64.89,62.62,-3.5,STOP_LOSS,8,56.02,5.0,Motherson Sumi Wiring India Limited
MUFTI,2025-03-07,2025-03-10,2025-03-10,130.0,125.45,-3.5,STOP_LOSS,1,61.31,2.17,Credo Brands Marketing Limited
MUFTI,2025-03-11,2025-03-12,2025-03-26,130.23,128.11,-1.63,TIME_EXIT,10,59.12,1.95,Credo Brands Marketing Limited
MUKANDLTD,2025-04-23,2025-04-24,2025-04-25,105.68,101.98,-3.5,STOP_LOSS,2,56.92,2.68,Mukand Limited
MUNJALSHOW,2025-05-23,2025-05-26,2025-05-27,137.0,147.96,8.0,TARGET_HIT,2,69.44,3.05,Munjal Showa Limited
MUTHOOTCAP,2025-07-09,2025-07-10,2025-07-10,335.65,362.5,8.0,TARGET_HIT,1,63.54,2.57,Muthoot Capital Services Limited
MUTHOOTCAP,2026-08-05,2026-08-06,2026-08-10,266.0,256.69,-3.5,STOP_LOSS,3,57.73,4.43,Muthoot Capital Services Limited
NAHARCAP,2026-08-06,2026-08-07,2026-08-07,279.0,269.24,-3.5,STOP_LOSS,1,66.57,13.71,Nahar Capital and Financial Services Limited
NAHARINDUS,2024-12-11,2024-12-12,2024-12-13,152.6,147.26,-3.5,STOP_LOSS,2,65.51,4.03,Nahar Industrial Enterprises Limited
NAHARINDUS,2026-08-24,2026-08-25,2026-08-25,153.0,147.64,-3.5,STOP_LOSS,1,65.31,8.77,Nahar Industrial Enterprises Limited
NAHARSPING,2026-08-04,2026-08-05,2026-08-06,325.1,313.72,-3.5,STOP_LOSS,2,63.99,3.56,Nahar Spinning Mills Limited
NAHARSPING,2026-08-05,2026-08-06,2026-08-06,346.0,333.89,-3.5,STOP_LOSS,1,79.0,2.28,Nahar Spinning Mills Limited
NAM-INDIA,2026-03-25,2026-03-27,2026-03-27,865.0,834.72,-3.5,STOP_LOSS,1,74.22,2.56,Nippon Life India Asset Management Limited
NATHBIOGEN,2025-05-14,2025-05-15,2025-05-16,174.0,187.92,8.0,TARGET_HIT,2,84.43,6.49,Nath Bio-Genes (India) Limited
NATHBIOGEN,2025-05-15,2025-05-16,2025-05-26,183.51,198.19,8.0,TARGET_HIT,7,69.47,2.92,Nath Bio-Genes (India) Limited
NATHBIOGEN,2025-06-12,2025-06-13,2025-06-23,203.5,196.38,-3.5,STOP_LOSS,7,61.69,3.57,Nath Bio-Genes (India) Limited
NATHBIOGEN,2025-07-07,2025-07-08,2025-10-13,223.0,215.2,-3.5,STOP_LOSS,4,57.4,3.55,Nath Bio-Genes (India) Limited
NAVINFLUOR,2026-05-25,2026-05-26,2026-05-29,7453.5,7192.63,-3.5,STOP_LOSS,4,55.37,2.84,Navin Fluorine International Limited
NAVNETEDUL,2024-12-09,2024-12-10,2024-12-10,149.5,144.27,-3.5,STOP_LOSS,1,63.63,2.68,Navneet Education Limited
NAVNETEDUL,2025-02-27,2025-02-28,2025-03-10,137.65,132.83,-3.5,STOP_LOSS,7,61.73,3.03,Navneet Education Limited
NAVNETEDUL,2025-04-24,2025-04-25,2025-05-02,145.51,140.42,-3.5,STOP_LOSS,5,63.55,2.52,Navneet Education Limited
NAVNETEDUL,2026-04-17,2026-04-20,2026-04-20,158.75,153.19,-3.5,STOP_LOSS,1,66.15,5.54,Navneet Education Limited
NAZARA,2024-11-25,2024-11-26,2024-11-29,957.0,1033.56,8.0,TARGET_HIT,4,60.91,2.32,Nazara Technologies Limited
NAZARA,2025-04-24,2025-04-25,2025-04-25,1029.0,992.98,-3.5,STOP_LOSS,1,60.43,2.43,Nazara Technologies Limited
NBIFIN,2026-07-09,2026-07-10,2026-07-10,1949.9,2105.89,8.0,TARGET_HIT,1,98.71,96.98,N. B. I. Industrial Finance Company Limited
NCLIND,2024-11-19,2024-11-21,2024-11-29,206.4,222.91,8.0,TARGET_HIT,7,62.16,1.9,NCL Industries Limited
NCLIND,2024-12-16,2024-12-17,2024-12-19,225.9,217.99,-3.5,STOP_LOSS,3,72.2,4.07,NCL Industries Limited
NCLIND,2026-01-02,2026-01-05,2026-01-09,208.0,200.72,-3.5,STOP_LOSS,5,55.58,2.99,NCL Industries Limited
NDLVENTURE,2025-08-12,2025-08-13,2025-08-13,96.99,93.6,-3.5,STOP_LOSS,1,64.66,14.7,NDL Ventures Limited
NDTV,2025-03-19,2025-03-20,2025-03-25,122.36,118.08,-3.5,STOP_LOSS,4,67.92,2.79,New Delhi Television Limited
NELCAST,2025-07-21,2025-07-22,2025-07-22,154.09,166.42,8.0,TARGET_HIT,1,69.11,5.28,Nelcast Limited
NELCAST,2026-08-28,2026-08-31,2026-09-02,119.1,114.93,-3.5,STOP_LOSS,3,69.84,2.1,Nelcast Limited
NEPHROPLUS,2026-04-16,2026-04-17,2026-04-22,571.25,551.26,-3.5,STOP_LOSS,4,76.88,2.29,Nephrocare Health Services Limited
NEPHROPLUS,2026-06-09,2026-06-10,2026-06-23,719.9,694.7,-3.5,STOP_LOSS,10,62.8,2.27,Nephrocare Health Services Limited
NESCO,2024-11-05,2024-11-06,2024-11-13,1004.0,968.86,-3.5,STOP_LOSS,6,61.12,2.87,Nesco Limited
NESCO,2026-04-17,2026-04-20,2026-04-24,1218.0,1175.37,-3.5,STOP_LOSS,5,64.47,2.89,Nesco Limited
NESCO,2026-07-02,2026-07-03,2026-07-14,1118.0,1078.87,-3.5,STOP_LOSS,8,66.48,2.76,Nesco Limited
NESCO,2026-07-03,2026-07-06,2026-07-08,1128.0,1088.52,-3.5,STOP_LOSS,3,59.86,2.84,Nesco Limited
NGLFINE,2025-02-05,2025-02-06,2025-02-06,1800.0,1944.0,8.0,TARGET_HIT,1,60.25,22.09,NGL Fine-Chem Limited
NGLFINE,2025-02-06,2025-02-07,2025-02-07,1980.6,1911.28,-3.5,STOP_LOSS,1,59.95,3.1,NGL Fine-Chem Limited
NH,2024-12-04,2024-12-05,2024-12-18,1316.5,1280.5,-2.73,TIME_EXIT,10,69.66,4.34,Narayana Hrudayalaya Ltd.
NHPC,2025-09-15,2025-09-16,2025-09-26,86.79,83.75,-3.5,STOP_LOSS,9,55.27,2.72,NHPC Limited
NIBE,2025-09-17,2025-09-18,2025-09-26,1313.9,1419.01,8.0,TARGET_HIT,7,62.32,2.65,NIBE Limited
NIITMTS,2025-11-10,2025-11-11,2025-11-14,344.5,332.44,-3.5,STOP_LOSS,4,73.64,2.37,NIIT Learning Systems Limited
NIITMTS,2025-11-20,2025-11-21,2025-11-26,355.55,383.99,8.0,TARGET_HIT,4,69.27,2.24,NIIT Learning Systems Limited
NILKAMAL,2025-03-20,2025-03-21,2025-03-28,1593.65,1537.87,-3.5,STOP_LOSS,6,74.54,4.52,Nilkamal Limited
NILKAMAL,2025-03-21,2025-03-24,2025-03-27,1616.7,1560.12,-3.5,STOP_LOSS,4,92.56,9.33,Nilkamal Limited
NILKAMAL,2025-07-29,2025-07-30,2025-08-01,1727.0,1666.55,-3.5,STOP_LOSS,3,70.01,5.68,Nilkamal Limited
NILKAMAL,2026-06-17,2026-06-18,2026-07-01,1299.8,1261.6,-2.94,TIME_EXIT,10,78.75,5.79,Nilkamal Limited
NILKAMAL,2026-07-13,2026-07-14,2026-07-17,1335.1,1441.91,8.0,TARGET_HIT,4,59.28,3.41,Nilkamal Limited
NINSYS,2025-03-19,2025-03-20,2025-03-20,519.3,501.12,-3.5,STOP_LOSS,1,95.75,4.42,NINtec Systems Limited
NITCO,2024-10-10,2024-10-11,2024-10-11,93.5,90.23,-3.5,STOP_LOSS,1,71.31,5.59,Nitco Limited
NITCO,2025-04-22,2025-04-23,2025-04-23,127.0,122.56,-3.5,STOP_LOSS,1,82.84,25.23,Nitco Limited
NITCO,2025-04-23,2025-04-24,2025-05-05,131.0,126.42,-3.5,STOP_LOSS,7,74.55,2.72,Nitco Limited
NITCO,2025-04-24,2025-04-25,2025-04-25,135.98,131.22,-3.5,STOP_LOSS,1,70.18,3.89,Nitco Limited
NITCO,2025-07-01,2025-07-02,2025-07-08,154.0,148.61,-3.5,STOP_LOSS,5,55.99,5.91,Nitco Limited
NITCO,2025-12-30,2025-12-31,2025-12-31,103.11,99.5,-3.5,STOP_LOSS,1,56.22,3.17,Nitco Limited
NITTAGELA,2026-09-15,2026-09-16,2026-09-16,1725.9,1665.49,-3.5,STOP_LOSS,1,64.78,3.79,Nitta Gelatin India Limited
NIVABUPA,2026-05-06,2026-05-07,2026-05-11,79.0,85.32,8.0,TARGET_HIT,3,64.57,2.09,Niva Bupa Health Insurance Company Limited
NIVABUPA,2026-07-13,2026-07-14,2026-07-22,88.75,85.64,-3.5,STOP_LOSS,7,68.49,9.67,Niva Bupa Health Insurance Company Limited
NOCIL,2025-03-21,2025-03-24,2025-03-25,191.4,184.7,-3.5,STOP_LOSS,2,64.59,1.89,NOCIL Limited
NORTHARC,2026-01-22,2026-01-23,2026-01-27,276.87,267.18,-3.5,STOP_LOSS,3,57.53,2.49,Northern Arc Capital Limited
NRAIL,2025-06-10,2025-06-11,2025-06-13,302.15,326.32,8.0,TARGET_HIT,3,56.37,2.55,N R Agarwal Industries Limited
NRAIL,2025-11-12,2025-11-13,2025-11-18,487.55,470.49,-3.5,STOP_LOSS,4,57.92,3.58,N R Agarwal Industries Limited
NSIL,2026-05-07,2026-05-08,2026-05-12,5892.0,5685.78,-3.5,STOP_LOSS,3,57.09,2.25,Nalwa Sons Investments Limited
NTPC,2025-10-29,2025-10-30,2025-10-31,349.0,336.78,-3.5,STOP_LOSS,2,55.93,2.02,NTPC Limited
NTPC,2026-01-14,2026-01-16,2026-01-20,352.65,340.31,-3.5,STOP_LOSS,3,69.34,1.81,NTPC Limited
NTPC,2026-02-23,2026-02-24,2026-03-09,374.95,376.25,0.35,TIME_EXIT,10,71.24,2.37,NTPC Limited
NTPC,2026-02-24,2026-02-25,2026-03-02,382.75,369.35,-3.5,STOP_LOSS,4,60.09,2.3,NTPC Limited
NUCLEUS,2026-04-16,2026-04-17,2026-04-20,825.45,796.56,-3.5,STOP_LOSS,2,68.34,6.58,Nucleus Software Exports Limited
NUVAMA,2025-03-19,2025-03-20,2025-03-21,5650.0,6102.0,8.0,TARGET_HIT,2,70.95,2.18,Nuvama Wealth Management Limited
NUVOCO,2025-04-09,2025-04-11,2025-04-24,315.65,340.9,8.0,TARGET_HIT,8,83.7,1.93,Nuvoco Vistas Corporation Limited
NUVOCO,2025-04-24,2025-04-25,2025-04-29,339.9,328.0,-3.5,STOP_LOSS,3,81.19,2.11,Nuvoco Vistas Corporation Limited
NUVOCO,2025-06-06,2025-06-09,2025-06-19,355.0,342.58,-3.5,STOP_LOSS,9,71.64,2.43,Nuvoco Vistas Corporation Limited
OBEROIRLTY,2026-02-20,2026-02-23,2026-03-02,1530.0,1476.45,-3.5,STOP_LOSS,6,61.96,2.01,Oberoi Realty Limited
OBEROIRLTY,2026-06-15,2026-06-16,2026-06-29,1682.0,1754.1,4.29,TIME_EXIT,10,57.04,5.74,Oberoi Realty Limited
OBEROIRLTY,2026-06-16,2026-06-17,2026-06-30,1668.4,1769.2,6.04,TIME_EXIT,10,57.12,2.41,Oberoi Realty Limited
OCCLLTD,2025-10-29,2025-10-30,2025-10-30,135.32,130.58,-3.5,STOP_LOSS,1,69.22,4.44,OCCL Limited
OIL,2025-03-27,2025-03-28,2025-04-02,388.4,374.81,-3.5,STOP_LOSS,3,58.04,3.36,Oil India Limited
OMFREIGHT,2026-01-16,2026-01-19,2026-01-20,99.99,96.49,-3.5,STOP_LOSS,2,77.03,22.19,Om Freight Forwarders Limited
ONESOURCE,2025-03-19,2025-03-20,2025-03-26,1615.0,1744.2,8.0,TARGET_HIT,5,69.87,1.91,Onesource Specialty Pharma Limited
ONESOURCE,2025-08-29,2025-09-01,2025-09-08,1891.0,1824.82,-3.5,STOP_LOSS,6,81.41,2.5,Onesource Specialty Pharma Limited
ONESOURCE,2026-06-01,2026-06-02,2026-06-08,1820.0,1756.3,-3.5,STOP_LOSS,5,66.61,2.28,Onesource Specialty Pharma Limited
ONGC,2025-03-21,2025-03-24,2025-04-04,244.19,235.64,-3.5,STOP_LOSS,9,55.21,2.94,Oil & Natural Gas Corporation Limited
ONGC,2026-01-14,2026-01-16,2026-01-28,246.9,266.65,8.0,TARGET_HIT,9,56.21,2.62,Oil & Natural Gas Corporation Limited
ORCHPHARMA,2024-11-19,2024-11-21,2024-11-26,1440.0,1555.2,8.0,TARGET_HIT,4,77.16,2.25,Orchid Pharma Limited
ORCHPHARMA,2025-07-03,2025-07-04,2025-07-08,753.3,726.93,-3.5,STOP_LOSS,3,63.29,3.12,Orchid Pharma Limited
ORCHPHARMA,2025-07-15,2025-07-16,2025-07-22,741.3,715.35,-3.5,STOP_LOSS,5,64.23,2.14,Orchid Pharma Limited
ORCHPHARMA,2025-08-01,2025-08-04,2025-08-04,816.25,787.68,-3.5,STOP_LOSS,1,99.72,2.02,Orchid Pharma Limited
ORICONENT,2025-07-30,2025-07-31,2025-08-06,49.12,53.05,8.0,TARGET_HIT,5,59.24,3.17,Oricon Enterprises Limited
ORICONENT,2025-11-03,2025-11-04,2025-11-13,54.72,59.1,8.0,TARGET_HIT,8,83.87,4.35,Oricon Enterprises Limited
ORICONENT,2025-11-04,2025-11-06,2025-11-07,57.3,55.29,-3.5,STOP_LOSS,2,65.69,6.27,Oricon Enterprises Limited
ORICONENT,2025-11-04,2025-11-06,2025-11-07,57.3,55.29,-3.5,STOP_LOSS,2,65.69,3.9,Oricon Enterprises Limited
ORICONENT,2026-03-24,2026-03-25,2026-03-25,68.0,65.62,-3.5,STOP_LOSS,1,58.66,2.25,Oricon Enterprises Limited
ORICONENT,2026-04-02,2026-04-06,2026-04-15,65.9,71.17,8.0,TARGET_HIT,8,83.3,2.52,Oricon Enterprises Limited
ORICONENT,2026-04-02,2026-04-06,2026-04-15,65.9,71.17,8.0,TARGET_HIT,8,83.3,2.06,Oricon Enterprises Limited
ORICONENT,2026-08-18,2026-08-19,2026-08-26,56.79,54.8,-3.5,STOP_LOSS,6,95.03,14.61,Oricon Enterprises Limited
ORIENTBELL,2026-08-24,2026-08-25,2026-08-31,379.6,366.31,-3.5,STOP_LOSS,5,58.75,2.74,Orient Bell Limited
ORIENTCEM,2025-05-16,2025-05-19,2025-05-30,356.6,350.3,-1.77,TIME_EXIT,10,79.21,2.78,Orient Cement Limited
ORIENTCEM,2025-06-06,2025-06-09,2025-06-09,310.0,334.8,8.0,TARGET_HIT,1,72.37,1.81,Orient Cement Limited
ORIENTELEC,2026-02-10,2026-02-11,2026-02-13,180.86,174.53,-3.5,STOP_LOSS,3,63.83,4.69,Orient Electric Limited
ORIENTHOT,2025-04-22,2025-04-23,2025-04-25,158.1,152.57,-3.5,STOP_LOSS,3,60.52,2.16,Oriental Hotels Limited
ORKLAINDIA,2026-06-25,2026-06-29,2026-07-01,621.3,599.55,-3.5,STOP_LOSS,3,80.54,2.14,Orkla India Limited
PAGEIND,2024-12-03,2024-12-04,2024-12-17,46302.5,49212.85,6.29,TIME_EXIT,10,68.57,1.91,Page Industries Limited
PAGEIND,2025-01-07,2025-01-08,2025-01-10,48667.0,46963.66,-3.5,STOP_LOSS,3,61.76,2.23,Page Industries Limited
PAGEIND,2025-03-19,2025-03-20,2025-04-03,41500.0,43489.15,4.79,TIME_EXIT,10,64.59,1.91,Page Industries Limited
PAGEIND,2025-06-26,2025-06-27,2025-07-10,48510.0,48245.0,-0.55,TIME_EXIT,10,55.61,1.82,Page Industries Limited
PAGEIND,2025-09-16,2025-09-17,2025-09-19,45215.0,43632.48,-3.5,STOP_LOSS,3,57.07,2.02,Page Industries Limited
PANACHE,2025-09-24,2025-09-25,2026-01-05,384.88,371.41,-3.5,STOP_LOSS,4,82.47,8.26,Panache Digilife Limited
PANACHE,2026-06-18,2026-06-19,2026-06-19,423.8,408.97,-3.5,STOP_LOSS,1,66.4,4.36,Panache Digilife Limited
PANAMAPET,2025-05-08,2025-05-09,2025-05-19,366.0,395.28,8.0,TARGET_HIT,7,75.56,3.57,Panama Petrochem Limited
PARACABLES,2025-03-19,2025-03-20,2025-03-20,56.59,54.61,-3.5,STOP_LOSS,1,55.87,1.92,Paramount Communications Limited
PARAGMILK,2024-10-01,2024-10-03,2024-10-03,196.5,212.22,8.0,TARGET_HIT,1,58.94,3.37,Parag Milk Foods Limited
PARKHOSPS,2026-07-03,2026-07-06,2026-07-07,294.0,283.71,-3.5,STOP_LOSS,2,64.14,2.35,Park Medi World Limited
PARKHOTELS,2024-11-26,2024-11-27,2024-11-28,158.0,170.64,8.0,TARGET_HIT,2,74.18,7.15,Apeejay Surrendra Park Hotels Limited
PARKHOTELS,2024-11-27,2024-11-28,2024-12-02,168.0,181.44,8.0,TARGET_HIT,3,61.11,3.02,Apeejay Surrendra Park Hotels Limited
PASHUPATI,2026-03-02,2026-03-04,2026-03-13,1010.0,974.65,-3.5,STOP_LOSS,8,66.85,4.73,Pashupati Cotspin Limited
PASHUPATI,2026-07-01,2026-07-02,2026-07-03,89.6,86.46,-3.5,STOP_LOSS,2,65.92,1.92,Pashupati Cotspin Limited
PAUSHAKLTD,2026-07-02,2026-07-03,2026-07-06,560.0,540.4,-3.5,STOP_LOSS,2,59.93,4.87,Paushak Limited
PAVNAIND,2025-08-21,2025-08-22,2025-08-26,449.75,434.01,-3.5,STOP_LOSS,3,57.5,4.99,Pavna Industries Limited
PDMJEPAPER,2025-06-26,2025-06-27,2025-07-07,116.66,125.99,8.0,TARGET_HIT,7,65.48,2.18,Pudumjee Paper Products Limited
PDMJEPAPER,2025-08-01,2025-08-04,2025-08-04,125.0,120.62,-3.5,STOP_LOSS,1,59.1,3.18,Pudumjee Paper Products Limited
PETRONET,2025-04-16,2025-04-17,2025-05-02,300.4,312.4,3.99,TIME_EXIT,10,67.62,1.82,Petronet LNG Limited
PETRONET,2026-02-27,2026-03-02,2026-03-04,315.0,303.97,-3.5,STOP_LOSS,3,61.19,3.97,Petronet LNG Limited
PETRONET,2026-08-19,2026-08-20,2026-09-02,290.0,289.2,-0.28,TIME_EXIT,10,59.65,3.13,Petronet LNG Limited
PFC,2026-01-29,2026-01-30,2026-02-04,384.0,414.72,8.0,TARGET_HIT,4,60.58,2.12,Power Finance Corporation Limited
PFIZER,2026-08-19,2026-08-20,2026-08-25,4961.3,4787.65,-3.5,STOP_LOSS,4,69.86,4.66,Pfizer Limited
PFOCUS,2025-04-30,2025-05-02,2025-05-06,111.45,107.55,-3.5,STOP_LOSS,3,67.21,2.6,Prime Focus Limited
PGHH,2025-07-17,2025-07-18,2025-07-24,13463.0,12991.8,-3.5,STOP_LOSS,5,74.03,2.4,Procter & Gamble Hygiene and Health Care Limited
PGHH,2025-09-02,2025-09-03,2025-09-12,13687.0,13207.96,-3.5,STOP_LOSS,8,85.78,5.83,Procter & Gamble Hygiene and Health Care Limited
PGHL,2024-11-26,2024-11-27,2024-12-09,5255.0,5675.4,8.0,TARGET_HIT,9,90.96,15.41,Procter & Gamble Health Limited
PGHL,2025-04-23,2025-04-24,2025-05-02,5201.0,5018.96,-3.5,STOP_LOSS,6,75.95,3.17,Procter & Gamble Health Limited
PGHL,2025-05-28,2025-05-29,2025-06-05,5784.0,5581.56,-3.5,STOP_LOSS,6,58.1,2.83,Procter & Gamble Health Limited
PGHL,2026-04-10,2026-04-13,2026-04-24,4960.0,5138.7,3.6,TIME_EXIT,10,79.76,4.1,Procter & Gamble Health Limited
PGHL,2026-05-22,2026-05-25,2026-05-27,5649.0,6100.92,8.0,TARGET_HIT,3,65.84,5.59,Procter & Gamble Health Limited
PGIL,2024-10-08,2024-10-09,2024-10-22,973.4,939.33,-3.5,STOP_LOSS,10,68.78,4.48,Pearl Global Industries Limited
PGIL,2025-11-10,2025-11-11,2025-11-12,1400.1,1512.11,8.0,TARGET_HIT,2,67.4,2.05,Pearl Global Industries Limited
PHOENIXLTD,2024-11-22,2024-11-25,2024-12-04,1649.05,1780.97,8.0,TARGET_HIT,8,60.04,2.01,The Phoenix Mills Limited
PHOENIXLTD,2024-11-25,2024-11-26,2024-12-04,1675.05,1809.05,8.0,TARGET_HIT,7,64.35,3.91,The Phoenix Mills Limited
PHOENIXLTD,2025-02-18,2025-02-19,2025-02-27,1581.05,1525.71,-3.5,STOP_LOSS,6,66.86,2.04,The Phoenix Mills Limited
PHOENIXLTD,2025-06-02,2025-06-03,2025-06-16,1597.6,1616.6,1.19,TIME_EXIT,10,69.8,1.82,The Phoenix Mills Limited
PHOENIXLTD,2025-06-09,2025-06-10,2025-06-13,1628.0,1571.02,-3.5,STOP_LOSS,4,81.03,7.65,The Phoenix Mills Limited
PHOENIXLTD,2025-10-15,2025-10-16,2025-10-29,1674.1,1707.9,2.02,TIME_EXIT,10,58.57,2.74,The Phoenix Mills Limited
PHOENIXLTD,2025-10-16,2025-10-17,2025-10-30,1675.0,1703.5,1.7,TIME_EXIT,10,61.18,2.55,The Phoenix Mills Limited
PIDILITIND,2025-11-18,2025-11-19,2025-12-02,1495.0,1468.9,-1.75,TIME_EXIT,10,65.61,1.95,Pidilite Industries Limited
PILANIINVS,2025-09-19,2025-09-22,2025-09-23,5495.0,5302.68,-3.5,STOP_LOSS,2,84.49,6.01,Pilani Investment and Industries Corporation Limited
PILANIINVS,2026-03-18,2026-03-19,2026-03-23,4705.0,4540.32,-3.5,STOP_LOSS,3,79.93,4.02,Pilani Investment and Industries Corporation Limited
PILANIINVS,2026-03-19,2026-03-20,2026-03-23,4870.5,4700.03,-3.5,STOP_LOSS,2,80.8,7.52,Pilani Investment and Industries Corporation Limited
PIRAMALFIN,2026-03-02,2026-03-04,2026-03-09,1760.0,1698.4,-3.5,STOP_LOSS,4,56.7,1.92,Piramal Finance Limited
PIRAMALFIN,2026-03-05,2026-03-06,2026-03-09,1788.6,1726.0,-3.5,STOP_LOSS,2,85.17,7.14,Piramal Finance Limited
PITTIENG,2024-12-12,2024-12-13,2024-12-20,1406.6,1357.37,-3.5,STOP_LOSS,6,75.9,2.48,Pitti Engineering Limited
PITTIENG,2025-03-19,2025-03-20,2025-03-20,1050.0,1013.25,-3.5,STOP_LOSS,1,84.32,4.94,Pitti Engineering Limited
PITTIENG,2025-08-18,2025-08-19,2025-08-20,984.0,949.56,-3.5,STOP_LOSS,2,61.5,2.98,Pitti Engineering Limited
PIXTRANS,2025-06-27,2025-06-30,2025-07-07,1600.0,1544.0,-3.5,STOP_LOSS,6,61.1,2.06,Pix Transmissions Limited
PLATIND,2025-11-19,2025-11-20,2025-12-02,273.95,264.36,-3.5,STOP_LOSS,9,62.89,2.16,Platinum Industries Limited
PLATIND,2026-08-27,2026-08-28,2026-09-02,227.29,219.33,-3.5,STOP_LOSS,4,56.38,2.28,Platinum Industries Limited
PNBHOUSING,2026-03-25,2026-03-27,2026-03-30,800.0,772.0,-3.5,STOP_LOSS,2,58.58,1.9,PNB Housing Finance Limited
PNGSREVA,2026-04-17,2026-04-20,2026-04-23,380.0,410.4,8.0,TARGET_HIT,4,74.65,1.96,PNGS Reva Diamond Jewellery Limited
POLICYBZR,2025-05-15,2025-05-16,2025-05-16,1798.8,1735.84,-3.5,STOP_LOSS,1,76.7,5.26,PB Fintech Limited
POLICYBZR,2025-12-09,2025-12-10,2025-12-15,1957.3,1888.79,-3.5,STOP_LOSS,4,64.96,2.03,PB Fintech Limited
POLICYBZR,2026-05-20,2026-05-21,2026-05-22,1830.0,1765.95,-3.5,STOP_LOSS,2,68.14,1.9,PB Fintech Limited
POLYCAB,2026-02-25,2026-02-26,2026-03-10,8348.5,8056.3,-3.5,STOP_LOSS,9,63.28,3.82,Polycab India Limited
POLYCAB,2026-02-26,2026-02-27,2026-03-09,8502.0,8204.43,-3.5,STOP_LOSS,7,60.55,1.94,Polycab India Limited
POLYCAB,2026-02-27,2026-03-02,2026-03-10,8400.0,8106.0,-3.5,STOP_LOSS,7,62.5,2.57,Polycab India Limited
PONNIERODE,2026-08-17,2026-08-18,2026-08-18,370.6,357.63,-3.5,STOP_LOSS,1,88.93,18.19,Ponni Sugars (Erode) Limited
PONNIERODE,2026-08-18,2026-08-19,2026-08-20,363.9,393.01,8.0,TARGET_HIT,2,60.56,2.23,Ponni Sugars (Erode) Limited
POONAWALLA,2024-11-26,2024-11-27,2024-11-29,363.65,350.92,-3.5,STOP_LOSS,3,77.59,2.71,Poonawalla Fincorp Limited
POONAWALLA,2025-09-17,2025-09-18,2025-09-18,453.0,489.24,8.0,TARGET_HIT,1,66.05,2.24,Poonawalla Fincorp Limited
POWERGRID,2024-11-25,2024-11-26,2024-11-29,342.0,330.03,-3.5,STOP_LOSS,4,69.08,1.89,Power Grid Corporation of India Limited
POWERGRID,2025-09-18,2025-09-19,2025-09-30,290.0,279.85,-3.5,STOP_LOSS,8,76.47,2.29,Power Grid Corporation of India Limited
PRABHA,2026-04-13,2026-04-15,2026-04-24,164.25,158.5,-3.5,STOP_LOSS,8,75.7,2.47,Prabha Energy Limited
PRAKASH,2025-12-26,2025-12-29,2025-12-31,137.05,148.01,8.0,TARGET_HIT,3,80.19,1.94,Prakash Industries Limited
PRECOT,2024-11-13,2024-11-14,2024-11-18,536.95,579.91,8.0,TARGET_HIT,2,85.76,11.92,Precot Limited
PRECOT,2026-02-04,2026-02-05,2026-02-05,490.0,472.85,-3.5,STOP_LOSS,1,64.14,36.91,Precot Limited
PREMIERENE,2026-05-27,2026-05-29,2026-06-11,1060.0,1058.0,-0.19,TIME_EXIT,10,58.31,1.98,Premier Energies Limited
PREMIERPOL,2026-03-24,2026-03-25,2026-03-30,59.13,63.86,8.0,TARGET_HIT,4,84.54,2.15,Premier Polyfilm Limited
PRESTIGE,2025-06-05,2025-06-06,2025-06-19,1634.0,1678.0,2.69,TIME_EXIT,10,59.29,1.96,Prestige Estates Projects Limited
PRIMESECU,2025-06-20,2025-06-23,2025-07-01,260.7,281.56,8.0,TARGET_HIT,7,79.34,5.2,Prime Securities Limited
PRIMESECU,2025-06-23,2025-06-24,2025-07-07,274.35,292.05,6.45,TIME_EXIT,10,66.85,4.42,Prime Securities Limited
PRIMESECU,2025-11-04,2025-11-06,2025-11-12,304.75,294.08,-3.5,STOP_LOSS,5,66.38,2.58,Prime Securities Limited
PRIMESECU,2025-11-04,2025-11-06,2025-11-12,304.75,294.08,-3.5,STOP_LOSS,5,66.38,2.18,Prime Securities Limited
PRIMESECU,2026-01-30,2026-02-02,2026-02-02,279.9,270.1,-3.5,STOP_LOSS,1,56.02,4.43,Prime Securities Limited
PRIMESECU,2026-06-04,2026-06-05,2026-06-05,278.65,300.94,8.0,TARGET_HIT,1,71.99,5.28,Prime Securities Limited
PRIMESECU,2026-06-05,2026-06-08,2026-06-08,306.0,295.29,-3.5,STOP_LOSS,1,71.54,8.39,Prime Securities Limited
PRIMESECU,2026-08-04,2026-08-05,2026-08-11,286.0,308.88,8.0,TARGET_HIT,5,56.41,2.79,Prime Securities Limited
PRIMESECU,2026-08-10,2026-08-11,2026-08-12,303.0,292.4,-3.5,STOP_LOSS,2,71.11,2.47,Prime Securities Limited
PRIVISCL,2024-10-10,2024-10-11,2024-10-18,1604.5,1732.86,8.0,TARGET_HIT,6,61.18,3.29,Privi Speciality Chemicals Limited
PRIVISCL,2024-10-11,2024-10-14,2024-10-18,1645.0,1776.6,8.0,TARGET_HIT,5,55.75,2.47,Privi Speciality Chemicals Limited
PRIVISCL,2025-04-15,2025-04-16,2025-04-17,1870.0,1804.55,-3.5,STOP_LOSS,2,59.66,2.08,Privi Speciality Chemicals Limited
PRIVISCL,2026-04-13,2026-04-15,2026-04-23,2980.0,3218.4,8.0,TARGET_HIT,7,70.13,6.34,Privi Speciality Chemicals Limited
PRIVISCL,2026-04-13,2026-04-15,2026-04-23,2980.0,3218.4,8.0,TARGET_HIT,7,70.13,3.99,Privi Speciality Chemicals Limited
PRIVISCL,2026-06-11,2026-06-12,2026-06-22,3273.0,3534.84,8.0,TARGET_HIT,7,60.2,2.49,Privi Speciality Chemicals Limited
PRIVISCL,2026-06-12,2026-06-15,2026-06-25,3500.0,3550.5,1.44,TIME_EXIT,10,58.9,3.64,Privi Speciality Chemicals Limited
PRIVISCL,2026-09-08,2026-09-09,2026-09-18,3474.5,3444.9,-0.85,TIME_EXIT,8,66.25,2.13,Privi Speciality Chemicals Limited
PRIVISCL,2026-09-09,2026-09-10,2026-09-18,3505.1,3444.9,-1.72,TIME_EXIT,7,59.28,2.13,Privi Speciality Chemicals Limited
PRUDENT,2025-03-21,2025-03-24,2025-03-26,2349.75,2267.51,-3.5,STOP_LOSS,3,67.48,11.06,Prudent Corporate Advisory Services Limited
PRUDENT,2026-02-06,2026-02-09,2026-02-20,2579.5,2595.5,0.62,TIME_EXIT,10,87.15,3.47,Prudent Corporate Advisory Services Limited
PSPPROJECT,2025-04-08,2025-04-09,2025-04-25,637.1,638.95,0.29,TIME_EXIT,10,86.7,4.46,PSP Projects Limited
PTC,2026-04-16,2026-04-17,2026-04-28,185.0,199.8,8.0,TARGET_HIT,8,55.4,3.52,PTC India Limited
PTC,2026-04-17,2026-04-20,2026-04-28,185.25,200.07,8.0,TARGET_HIT,7,67.33,5.18,PTC India Limited
PTC,2026-08-04,2026-08-05,2026-08-10,190.0,183.35,-3.5,STOP_LOSS,4,58.57,1.95,PTC India Limited
PTC,2026-08-07,2026-08-10,2026-08-11,180.0,173.7,-3.5,STOP_LOSS,2,57.27,4.24,PTC India Limited
PUNJABCHEM,2024-09-30,2024-10-01,2024-10-03,1283.7,1238.77,-3.5,STOP_LOSS,3,61.48,2.16,Punjab Chemicals & Crop Protection Limited
PUNJABCHEM,2025-03-17,2025-03-18,2025-03-21,790.8,854.06,8.0,TARGET_HIT,4,85.99,2.11,Punjab Chemicals & Crop Protection Limited
PUNJABCHEM,2026-06-22,2026-06-23,2026-06-29,1056.4,1019.43,-3.5,STOP_LOSS,5,90.17,3.18,Punjab Chemicals & Crop Protection Limited
PYRAMID,2025-11-21,2025-11-24,2025-11-26,168.0,162.12,-3.5,STOP_LOSS,3,59.38,2.77,Pyramid Technoplast Limited
PYRAMID,2026-04-27,2026-04-28,2026-04-28,181.79,175.43,-3.5,STOP_LOSS,1,81.41,7.49,Pyramid Technoplast Limited
QUESS,2025-09-17,2025-09-18,2025-09-19,276.9,267.21,-3.5,STOP_LOSS,2,57.49,2.63,Quess Corp Limited
RACE,2025-08-01,2025-08-04,2025-08-04,253.55,244.68,-3.5,STOP_LOSS,1,81.73,21.0,Race Eco Chain Limited
RACLGEAR,2025-03-24,2025-03-25,2025-04-01,765.15,738.37,-3.5,STOP_LOSS,5,94.91,5.23,RACL Geartech Limited
RACLGEAR,2025-05-14,2025-05-15,2025-05-20,834.0,900.72,8.0,TARGET_HIT,4,84.21,102.09,RACL Geartech Limited
RADICO,2024-11-26,2024-11-27,2024-12-10,2361.65,2425.85,2.72,TIME_EXIT,10,68.57,1.93,Radico Khaitan Limited
RADICO,2025-05-30,2025-06-02,2025-06-04,2552.9,2757.13,8.0,TARGET_HIT,3,71.36,1.99,Radico Khaitan Limited
RADICO,2025-07-14,2025-07-15,2025-07-28,2748.2,2652.01,-3.5,STOP_LOSS,10,63.18,2.45,Radico Khaitan Limited
RADICO,2025-09-15,2025-09-16,2025-09-26,2986.6,2882.07,-3.5,STOP_LOSS,9,61.59,3.17,Radico Khaitan Limited
RADICO,2026-04-16,2026-04-17,2026-04-20,3040.1,3283.31,8.0,TARGET_HIT,2,57.77,2.73,Radico Khaitan Limited
RAINBOW,2026-05-06,2026-05-07,2026-05-20,1299.0,1342.0,3.31,TIME_EXIT,10,84.23,8.25,Rainbow Childrens Medicare Limited
RAINBOW,2026-08-04,2026-08-05,2026-08-11,1575.0,1519.88,-3.5,STOP_LOSS,5,60.7,2.23,Rainbow Childrens Medicare Limited
RAINBOW,2026-08-05,2026-08-06,2026-08-07,1598.6,1542.65,-3.5,STOP_LOSS,2,62.12,3.21,Rainbow Childrens Medicare Limited
RALLIS,2026-07-13,2026-07-14,2026-07-23,230.0,221.95,-3.5,STOP_LOSS,8,70.99,2.34,Rallis India Limited
RAMCOCEM,2025-12-15,2025-12-16,2025-12-29,1062.0,1057.0,-0.47,TIME_EXIT,10,65.9,1.98,The Ramco Cements Limited
RAMCOCEM,2025-12-24,2025-12-26,2026-01-08,1060.4,1082.5,2.08,TIME_EXIT,10,76.01,1.95,The Ramco Cements Limited
RAMCOCEM,2026-01-30,2026-02-02,2026-02-09,1087.7,1174.72,8.0,TARGET_HIT,6,75.95,3.13,The Ramco Cements Limited
RAMCOCEM,2026-06-25,2026-06-29,2026-07-10,914.5,942.1,3.02,TIME_EXIT,10,56.1,2.68,The Ramco Cements Limited
RAMCOCEM,2026-06-29,2026-06-30,2026-07-13,929.7,938.2,0.91,TIME_EXIT,10,69.18,3.4,The Ramco Cements Limited
RAMCOIND,2024-11-06,2024-11-07,2024-11-07,266.01,287.29,8.0,TARGET_HIT,1,66.91,3.55,Ramco Industries Limited
RAMCOIND,2025-05-15,2025-05-16,2025-05-29,251.5,257.46,2.37,TIME_EXIT,10,61.3,1.97,Ramco Industries Limited
RAMCOIND,2026-01-09,2026-01-12,2026-01-14,316.5,305.42,-3.5,STOP_LOSS,3,65.39,2.14,Ramco Industries Limited
RAMCOSYS,2026-02-03,2026-02-04,2026-02-04,520.0,561.6,8.0,TARGET_HIT,1,83.99,12.14,Ramco Systems Limited
RAMKY,2025-01-07,2025-01-08,2025-01-10,636.2,613.93,-3.5,STOP_LOSS,3,80.09,1.99,Ramky Infrastructure Limited
RAMRAT,2025-02-05,2025-02-06,2025-02-10,581.5,561.15,-3.5,STOP_LOSS,3,78.74,4.56,Ram Ratna Wires Limited
RAMRAT,2025-02-06,2025-02-07,2025-02-10,580.0,559.7,-3.5,STOP_LOSS,2,72.66,2.25,Ram Ratna Wires Limited
RAMRAT,2025-05-13,2025-05-14,2025-05-21,569.9,615.49,8.0,TARGET_HIT,6,60.71,2.17,Ram Ratna Wires Limited
RAMRAT,2025-05-14,2025-05-15,2025-05-21,585.35,632.18,8.0,TARGET_HIT,5,63.6,4.38,Ram Ratna Wires Limited
RAMRAT,2026-07-29,2026-07-30,2026-07-31,456.5,440.52,-3.5,STOP_LOSS,2,66.64,5.24,Ram Ratna Wires Limited
RANEHOLDIN,2024-12-09,2024-12-10,2024-12-12,1880.0,1814.2,-3.5,STOP_LOSS,3,61.0,2.54,Rane Holdings Limited
RANEHOLDIN,2025-06-25,2025-06-26,2025-07-09,1594.5,1556.1,-2.41,TIME_EXIT,10,58.52,3.01,Rane Holdings Limited
RANEHOLDIN,2025-07-17,2025-07-18,2025-07-22,1642.8,1585.3,-3.5,STOP_LOSS,3,55.09,2.19,Rane Holdings Limited
RANEHOLDIN,2026-04-20,2026-04-21,2026-05-04,1099.8,1139.7,3.63,TIME_EXIT,10,58.09,3.16,Rane Holdings Limited
RATEGAIN,2026-04-24,2026-04-27,2026-04-29,592.6,571.86,-3.5,STOP_LOSS,3,61.89,6.26,Rategain Travel Technologies Limited
RATEGAIN,2026-04-30,2026-05-04,2026-05-11,608.4,657.07,8.0,TARGET_HIT,6,63.53,2.53,Rategain Travel Technologies Limited
RAYMONDREL,2025-09-19,2025-09-22,2025-09-24,665.0,641.72,-3.5,STOP_LOSS,3,68.69,2.58,Raymond Realty Limited
RAYMONDREL,2025-10-24,2025-10-27,2025-10-29,670.1,646.65,-3.5,STOP_LOSS,3,59.58,5.21,Raymond Realty Limited
RAYMONDREL,2025-10-27,2025-10-28,2025-10-28,686.5,662.47,-3.5,STOP_LOSS,1,55.07,4.9,Raymond Realty Limited
RBA,2026-05-05,2026-05-06,2026-05-19,67.23,68.28,1.56,TIME_EXIT,10,81.76,1.84,Restaurant Brands Asia Limited
RBA,2026-05-27,2026-05-29,2026-06-11,69.5,68.05,-2.09,TIME_EXIT,10,80.82,2.34,Restaurant Brands Asia Limited
RBA,2026-06-18,2026-06-19,2026-06-19,69.89,75.48,8.0,TARGET_HIT,1,76.24,3.36,Restaurant Brands Asia Limited
RBLBANK,2024-10-16,2024-10-17,2024-10-17,210.7,203.33,-3.5,STOP_LOSS,1,60.7,1.83,RBL Bank Limited
RBLBANK,2026-02-18,2026-02-19,2026-03-02,327.0,315.56,-3.5,STOP_LOSS,8,62.1,3.37,RBL Bank Limited
RECLTD,2025-07-23,2025-07-24,2025-08-01,400.0,386.0,-3.5,STOP_LOSS,7,70.08,3.5,REC Limited
RELIANCE,2025-04-29,2025-04-30,2025-05-14,1402.0,1424.4,1.6,TIME_EXIT,10,66.65,2.59,Reliance Industries Limited
RELIANCE,2025-10-20,2025-10-21,2025-11-03,1468.0,1484.7,1.14,TIME_EXIT,10,55.42,2.46,Reliance Industries Limited
RELIANCE,2026-04-28,2026-04-29,2026-05-12,1392.0,1364.0,-2.01,TIME_EXIT,10,65.53,2.88,Reliance Industries Limited
RELIANCE,2026-04-29,2026-04-30,2026-05-13,1409.0,1359.68,-3.5,STOP_LOSS,10,67.15,1.94,Reliance Industries Limited
RELIGARE,2024-11-19,2024-11-21,2024-12-04,250.0,257.85,3.14,TIME_EXIT,10,71.67,2.04,Religare Enterprises Limited
RELIGARE,2025-05-16,2025-05-19,2025-05-23,221.0,238.68,8.0,TARGET_HIT,5,77.29,3.14,Religare Enterprises Limited
RELIGARE,2026-03-25,2026-03-27,2026-03-27,225.0,217.12,-3.5,STOP_LOSS,1,77.58,3.07,Religare Enterprises Limited
RELIGARE,2026-06-23,2026-06-24,2026-07-01,270.0,260.55,-3.5,STOP_LOSS,6,56.86,1.8,Religare Enterprises Limited
RELIGARE,2026-08-31,2026-09-01,2026-09-11,247.05,256.81,3.95,TIME_EXIT,10,62.28,4.6,Religare Enterprises Limited
RELTD,2025-10-31,2025-11-03,2025-11-03,167.77,161.9,-3.5,STOP_LOSS,1,68.19,2.63,Ravindra Energy Limited
RELTD,2026-03-25,2026-03-27,2026-03-27,136.88,132.09,-3.5,STOP_LOSS,1,69.26,2.89,Ravindra Energy Limited
REPCOHOME,2025-11-03,2025-11-04,2025-11-07,439.0,423.64,-3.5,STOP_LOSS,4,61.59,2.13,Repco Home Finance Limited
REPCOHOME,2026-06-15,2026-06-16,2026-06-25,392.0,423.36,8.0,TARGET_HIT,8,65.79,1.83,Repco Home Finance Limited
REPL,2024-12-03,2024-12-04,2024-12-04,225.9,217.99,-3.5,STOP_LOSS,1,57.67,4.38,Rudrabhishek Enterprises Limited
RGL,2024-12-06,2024-12-09,2024-12-10,190.9,184.22,-3.5,STOP_LOSS,2,56.98,3.45,Renaissance Global Limited
RHIM,2024-12-11,2024-12-12,2024-12-12,575.95,555.79,-3.5,STOP_LOSS,1,67.01,2.38,RHI MAGNESITA INDIA LIMITED
RHL,2025-05-27,2025-05-28,2025-05-28,254.99,246.07,-3.5,STOP_LOSS,1,70.6,21.55,Robust Hotels Limited
RIR,2026-09-04,2026-09-07,2026-09-07,175.04,189.04,8.0,TARGET_HIT,1,57.34,2.17,RIR Power Electronics Limited
RISHABH,2026-06-17,2026-06-18,2026-07-01,570.0,584.8,2.6,TIME_EXIT,10,68.39,2.23,Rishabh Instruments Limited
RKFORGE,2026-07-16,2026-07-17,2026-07-17,591.0,570.31,-3.5,STOP_LOSS,1,55.62,18.07,Ramkrishna Forgings Limited
RKSWAMY,2025-01-07,2025-01-08,2025-01-10,260.0,250.9,-3.5,STOP_LOSS,3,79.3,2.37,R K Swamy Limited
RMDRIP,2025-12-29,2025-12-30,2026-01-07,81.89,88.44,8.0,TARGET_HIT,7,55.59,3.57,R M Drip and Sprinklers Systems Limited
RMDRIP,2026-01-01,2026-01-02,2026-01-12,84.5,91.26,8.0,TARGET_HIT,7,70.18,2.96,R M Drip and Sprinklers Systems Limited
RMDRIP,2026-01-02,2026-01-05,2026-01-13,85.6,92.45,8.0,TARGET_HIT,7,78.44,4.75,R M Drip and Sprinklers Systems Limited
RMDRIP,2026-01-05,2026-01-06,2026-01-13,86.75,93.69,8.0,TARGET_HIT,6,59.85,2.33,R M Drip and Sprinklers Systems Limited
RMDRIP,2026-01-07,2026-01-08,2026-01-20,88.75,95.85,8.0,TARGET_HIT,9,68.1,2.61,R M Drip and Sprinklers Systems Limited
RML,2025-08-19,2025-08-20,2025-09-01,865.05,834.77,-3.5,STOP_LOSS,8,69.76,2.54,Rane (Madras) Limited
RML,2025-11-04,2025-11-06,2025-11-10,854.8,824.88,-3.5,STOP_LOSS,3,57.6,3.43,Rane (Madras) Limited
RML,2025-11-06,2025-11-07,2025-11-10,850.0,820.25,-3.5,STOP_LOSS,2,61.55,4.2,Rane (Madras) Limited
RNBDENIMS,2026-01-22,2026-01-23,2026-01-23,148.99,143.78,-3.5,STOP_LOSS,1,94.98,2.53,R&B Denims Limited
ROSSARI,2025-05-16,2025-05-19,2025-05-19,713.95,688.96,-3.5,STOP_LOSS,1,78.08,3.26,Rossari Biotech Limited
ROSSTECH,2025-07-22,2025-07-23,2025-07-23,518.05,559.49,8.0,TARGET_HIT,1,60.17,2.81,Rossell Techsys Limited
ROSSTECH,2026-04-08,2026-04-09,2026-04-10,798.2,862.06,8.0,TARGET_HIT,2,63.33,2.27,Rossell Techsys Limited
RPEL,2026-05-08,2026-05-11,2026-05-12,784.0,756.56,-3.5,STOP_LOSS,2,65.34,3.35,Raghav Productivity Enhancers Limited
RPGLIFE,2025-09-19,2025-09-22,2025-09-26,2440.9,2355.47,-3.5,STOP_LOSS,5,69.8,2.54,RPG Life Sciences Limited
RPGLIFE,2025-12-09,2025-12-10,2025-12-15,2263.8,2184.57,-3.5,STOP_LOSS,4,57.05,2.51,RPG Life Sciences Limited
RPSGVENT,2025-07-23,2025-07-24,2025-08-04,959.0,925.44,-3.5,STOP_LOSS,8,66.47,2.23,RPSG VENTURES LIMITED
RPTECH,2025-12-24,2025-12-26,2025-12-30,356.4,343.93,-3.5,STOP_LOSS,3,76.86,1.95,Rashi Peripherals Limited
RSL,2026-07-29,2026-07-30,2026-08-05,142.95,154.39,8.0,TARGET_HIT,5,55.52,3.07,Rajputana Stainless Limited
RSWM,2026-02-03,2026-02-04,2026-02-17,153.95,159.21,3.42,TIME_EXIT,10,59.24,4.93,RSWM Limited
RSYSTEMS,2025-10-20,2025-10-21,2025-11-03,411.75,425.4,3.32,TIME_EXIT,10,69.62,3.05,R Systems International Limited
RUBFILA,2025-06-27,2025-06-30,2025-06-30,87.6,84.53,-3.5,STOP_LOSS,1,60.22,3.71,Rubfila International Limited
RUPA,2026-02-10,2026-02-11,2026-02-12,152.75,147.4,-3.5,STOP_LOSS,2,59.23,2.16,Rupa & Company Limited
RUSTOMJEE,2025-06-11,2025-06-12,2025-06-12,580.0,559.7,-3.5,STOP_LOSS,1,59.98,3.69,Keystone Realtors Limited
RVHL,2024-12-16,2024-12-17,2024-12-18,76.98,74.29,-3.5,STOP_LOSS,2,60.29,2.18,Ravinder Heights Limited
SAFARI,2026-02-03,2026-02-04,2026-02-11,2080.0,2007.2,-3.5,STOP_LOSS,6,79.67,3.2,Safari Industries (India) Limited
SAFARI,2026-09-11,2026-09-15,2026-09-15,1550.0,1495.75,-3.5,STOP_LOSS,1,62.77,2.63,Safari Industries (India) Limited
SAGCEM,2025-07-18,2025-07-21,2025-07-21,267.21,257.86,-3.5,STOP_LOSS,1,55.73,11.56,Sagar Cements Limited
SAGCEM,2025-08-19,2025-08-20,2025-08-26,243.4,262.87,8.0,TARGET_HIT,5,67.81,2.0,Sagar Cements Limited
SAHLIBHFI,2026-09-02,2026-09-03,2026-09-03,88.1,85.02,-3.5,STOP_LOSS,1,58.85,13.01,Shalibhadra Finance Limited
SAILIFE,2026-03-25,2026-03-27,2026-03-27,1010.0,974.65,-3.5,STOP_LOSS,1,62.81,2.59,Sai Life Sciences Limited
SAIPARENT,2026-05-25,2026-05-26,2026-05-29,495.0,477.68,-3.5,STOP_LOSS,4,57.16,2.87,Sai Parenterals Limited
SAKAR,2025-12-09,2025-12-10,2025-12-11,396.0,427.68,8.0,TARGET_HIT,2,77.03,4.75,Sakar Healthcare Limited
SAKAR,2026-03-25,2026-03-27,2026-03-27,540.0,521.1,-3.5,STOP_LOSS,1,57.58,2.06,Sakar Healthcare Limited
SAMHI,2026-01-06,2026-01-07,2026-01-12,193.58,186.8,-3.5,STOP_LOSS,4,63.81,2.07,Samhi Hotels Limited
SAMHI,2026-01-07,2026-01-08,2026-01-12,198.88,191.92,-3.5,STOP_LOSS,3,56.0,2.32,Samhi Hotels Limited
SAMHI,2026-01-08,2026-01-09,2026-01-12,199.92,192.92,-3.5,STOP_LOSS,2,57.74,3.11,Samhi Hotels Limited
SAMHI,2026-07-30,2026-07-31,2026-07-31,186.25,179.73,-3.5,STOP_LOSS,1,56.16,2.13,Samhi Hotels Limited
SANDHAR,2026-02-10,2026-02-11,2026-02-11,569.95,550.0,-3.5,STOP_LOSS,1,76.72,4.14,Sandhar Technologies Limited
SANDUMA,2025-09-19,2025-09-22,2025-09-23,162.9,157.2,-3.5,STOP_LOSS,2,67.94,2.99,Sandur Manganese & Iron Ores Limited
SANGAMIND,2025-06-06,2025-06-09,2025-06-13,428.85,413.84,-3.5,STOP_LOSS,5,61.01,3.69,Sangam (India) Limited
SANGAMIND,2025-11-07,2025-11-10,2025-11-11,475.0,458.38,-3.5,STOP_LOSS,2,65.21,2.02,Sangam (India) Limited
SANGAMIND,2025-12-31,2026-01-01,2026-01-02,498.8,481.34,-3.5,STOP_LOSS,2,57.27,6.96,Sangam (India) Limited
SANOFICONR,2025-03-18,2025-03-19,2025-03-21,4800.85,4632.82,-3.5,STOP_LOSS,3,68.29,1.93,Sanofi Consumer Healthcare India Limited
SANOFICONR,2025-11-04,2025-11-06,2025-11-07,4800.0,4632.0,-3.5,STOP_LOSS,2,81.33,2.8,Sanofi Consumer Healthcare India Limited
SANOFICONR,2026-03-30,2026-04-01,2026-04-06,4350.0,4698.0,8.0,TARGET_HIT,4,60.16,3.34,Sanofi Consumer Healthcare India Limited
SANOFICONR,2026-03-30,2026-04-01,2026-04-06,4350.0,4698.0,8.0,TARGET_HIT,4,60.16,2.61,Sanofi Consumer Healthcare India Limited
SANOFICONR,2026-07-29,2026-07-30,2026-07-31,4745.0,4578.92,-3.5,STOP_LOSS,2,77.1,7.15,Sanofi Consumer Healthcare India Limited
SANSERA,2025-07-02,2025-07-03,2025-07-11,1409.3,1359.97,-3.5,STOP_LOSS,7,67.47,2.43,Sansera Engineering Limited
SANSERA,2025-11-25,2025-11-26,2025-12-08,1678.8,1620.04,-3.5,STOP_LOSS,9,67.09,3.26,Sansera Engineering Limited
SANSTAR,2025-05-20,2025-05-21,2025-05-30,94.92,102.51,8.0,TARGET_HIT,8,62.13,2.83,Sanstar Limited
SANSTAR,2026-01-14,2026-01-16,2026-01-27,95.0,91.68,-3.5,STOP_LOSS,8,75.55,1.88,Sanstar Limited
SAPPHIRE,2025-09-10,2025-09-11,2025-09-17,332.9,321.25,-3.5,STOP_LOSS,5,69.79,3.22,Sapphire Foods India Limited
SAPPHIRE,2025-10-29,2025-10-30,2025-10-31,295.0,284.68,-3.5,STOP_LOSS,2,71.87,7.64,Sapphire Foods India Limited
SARLAPOLY,2026-04-22,2026-04-23,2026-04-27,90.0,86.85,-3.5,STOP_LOSS,3,60.26,4.33,Sarla Performance Fibers Limited
SARLAPOLY,2026-05-13,2026-05-14,2026-05-15,98.0,94.57,-3.5,STOP_LOSS,2,64.73,2.52,Sarla Performance Fibers Limited
SARLAPOLY,2026-09-01,2026-09-02,2026-09-03,103.81,100.18,-3.5,STOP_LOSS,2,63.09,4.96,Sarla Performance Fibers Limited
SATIN,2026-05-08,2026-05-11,2026-05-12,210.51,227.35,8.0,TARGET_HIT,2,58.84,2.59,Satin Creditcare Network Limited
SBCL,2025-02-06,2025-02-07,2025-02-10,525.0,506.62,-3.5,STOP_LOSS,2,77.16,3.37,Shivalik Bimetal Controls Limited
SBFC,2025-09-22,2025-09-23,2025-09-26,111.16,107.27,-3.5,STOP_LOSS,4,65.89,1.86,SBFC Finance Limited
SBFC,2026-05-06,2026-05-07,2026-05-13,95.03,91.7,-3.5,STOP_LOSS,5,79.81,5.42,SBFC Finance Limited
SBGLP,2025-01-03,2025-01-06,2025-01-06,137.5,132.69,-3.5,STOP_LOSS,1,62.02,3.35,Suratwwala Business Group Limited
SBIN,2025-06-27,2025-06-30,2025-07-11,809.0,808.65,-0.04,TIME_EXIT,10,57.08,1.87,State Bank of India
SBIN,2025-09-19,2025-09-22,2025-10-06,862.0,874.05,1.4,TIME_EXIT,10,67.66,2.67,State Bank of India
SBIN,2026-02-12,2026-02-13,2026-02-26,1189.0,1209.5,1.72,TIME_EXIT,10,60.09,2.04,State Bank of India
SCHAEFFLER,2025-03-21,2025-03-24,2025-03-27,3575.0,3449.88,-3.5,STOP_LOSS,4,56.33,2.03,Schaeffler India Limited
SCHAEFFLER,2025-06-05,2025-06-06,2025-06-10,4344.9,4192.83,-3.5,STOP_LOSS,3,60.05,2.33,Schaeffler India Limited
SCHAEFFLER,2025-09-30,2025-10-01,2025-10-14,4148.6,4003.4,-3.5,STOP_LOSS,9,63.39,4.26,Schaeffler India Limited
SCHAEFFLER,2025-10-31,2025-11-03,2025-11-14,4162.0,4086.1,-1.82,TIME_EXIT,10,69.1,3.62,Schaeffler India Limited
SCHAND,2025-03-21,2025-03-24,2025-03-28,174.9,168.78,-3.5,STOP_LOSS,5,76.21,1.89,S Chand And Company Limited
SEAMECLTD,2025-08-13,2025-08-14,2025-08-14,880.0,849.2,-3.5,STOP_LOSS,1,71.98,4.49,Seamec Limited
SEAMECLTD,2025-08-22,2025-08-25,2025-08-29,909.45,982.21,8.0,TARGET_HIT,4,64.38,1.97,Seamec Limited
SEAMECLTD,2025-12-03,2025-12-04,2025-12-11,980.0,1058.4,8.0,TARGET_HIT,6,69.09,2.09,Seamec Limited
SEAMECLTD,2026-01-27,2026-01-28,2026-01-29,1175.0,1269.0,8.0,TARGET_HIT,2,63.07,4.01,Seamec Limited
SEAMECLTD,2026-03-30,2026-04-01,2026-04-13,1462.2,1514.8,3.6,TIME_EXIT,10,68.78,2.94,Seamec Limited
SEAMECLTD,2026-08-04,2026-08-05,2026-08-18,1483.1,1574.7,6.18,TIME_EXIT,10,55.67,1.96,Seamec Limited
SEIL,2026-05-08,2026-05-11,2026-05-12,211.63,204.22,-3.5,STOP_LOSS,2,70.67,2.11,Shanti Educational Initiatives Limited
SEIL,2026-08-24,2026-08-25,2026-08-31,209.9,202.55,-3.5,STOP_LOSS,5,73.49,1.93,Shanti Educational Initiatives Limited
SENORES,2025-12-24,2025-12-26,2026-01-08,836.0,821.4,-1.75,TIME_EXIT,10,75.67,4.11,Senores Pharmaceuticals Limited
SENORES,2026-04-27,2026-04-28,2026-04-29,940.0,907.1,-3.5,STOP_LOSS,2,63.59,2.55,Senores Pharmaceuticals Limited
SESHAPAPER,2026-02-17,2026-02-18,2026-02-18,293.11,282.85,-3.5,STOP_LOSS,1,70.2,2.38,Seshasayee Paper and Boards Limited
SFL,2026-04-16,2026-04-17,2026-04-24,548.05,528.87,-3.5,STOP_LOSS,6,55.58,1.83,Sheela Foam Limited
SGFIN,2026-03-25,2026-03-27,2026-03-30,429.5,414.47,-3.5,STOP_LOSS,2,55.53,1.85,SG Finserve Limited
SGIL,2024-10-01,2024-10-03,2024-10-03,429.75,414.71,-3.5,STOP_LOSS,1,55.18,1.87,Synergy Green Industries Limited
SGIL,2025-04-16,2025-04-17,2025-04-22,438.65,473.74,8.0,TARGET_HIT,3,70.32,3.9,Synergy Green Industries Limited
SGIL,2025-04-22,2025-04-23,2025-04-23,488.95,471.84,-3.5,STOP_LOSS,1,55.53,2.99,Synergy Green Industries Limited
SGIL,2025-04-23,2025-04-24,2025-04-25,501.0,483.46,-3.5,STOP_LOSS,2,85.62,11.23,Synergy Green Industries Limited
SGIL,2025-04-24,2025-04-25,2025-04-25,507.5,489.74,-3.5,STOP_LOSS,1,60.1,3.36,Synergy Green Industries Limited
SGIL,2026-01-12,2026-01-13,2026-01-13,526.0,507.59,-3.5,STOP_LOSS,1,75.2,2.14,Synergy Green Industries Limited
SGMART,2025-10-28,2025-10-29,2025-10-31,357.65,345.13,-3.5,STOP_LOSS,3,60.47,1.93,SG Mart Limited
SGMART,2025-10-29,2025-10-30,2025-10-30,370.95,357.97,-3.5,STOP_LOSS,1,62.52,1.94,SG Mart Limited
SGMART,2025-12-24,2025-12-26,2025-12-29,383.55,370.13,-3.5,STOP_LOSS,2,61.87,2.58,SG Mart Limited
SGMART,2025-12-24,2025-12-26,2025-12-29,383.55,370.13,-3.5,STOP_LOSS,2,61.87,2.22,SG Mart Limited
SGMART,2026-02-10,2026-02-11,2026-02-11,417.95,403.32,-3.5,STOP_LOSS,1,74.5,2.17,SG Mart Limited
SGMART,2026-02-11,2026-02-12,2026-02-25,427.05,438.75,2.74,TIME_EXIT,10,61.38,3.95,SG Mart Limited
SGMART,2026-03-24,2026-03-25,2026-03-27,464.95,502.15,8.0,TARGET_HIT,3,80.11,2.57,SG Mart Limited
SGMART,2026-04-30,2026-05-04,2026-05-04,573.0,552.94,-3.5,STOP_LOSS,1,61.99,2.33,SG Mart Limited
SGMART,2026-08-31,2026-09-01,2026-09-09,803.3,775.18,-3.5,STOP_LOSS,7,66.63,2.24,SG Mart Limited
SHADOWFAX,2026-03-25,2026-03-27,2026-04-08,114.53,123.69,8.0,TARGET_HIT,9,58.11,2.49,Shadowfax Technologies Limited
SHAHALLOYS,2025-09-09,2025-09-10,2025-09-10,78.5,75.75,-3.5,STOP_LOSS,1,65.76,7.09,Shah Alloys Limited
SHAILY,2024-10-30,2024-10-31,2024-11-06,989.0,1068.12,8.0,TARGET_HIT,5,61.85,2.51,Shaily Engineering Plastics Limited
SHAILY,2025-05-08,2025-05-09,2025-05-12,1617.0,1746.36,8.0,TARGET_HIT,2,55.96,2.34,Shaily Engineering Plastics Limited
SHANKARA,2025-05-16,2025-05-19,2025-05-19,753.0,813.24,8.0,TARGET_HIT,1,92.39,23.6,Shankara Building Products Limited
SHANKARA,2025-06-12,2025-06-13,2025-06-16,1011.0,1091.88,8.0,TARGET_HIT,2,74.05,2.37,Shankara Building Products Limited
SHANKARA,2026-08-04,2026-08-05,2026-08-06,145.6,140.5,-3.5,STOP_LOSS,2,64.21,2.01,Shankara Building Products Limited
SHARDACROP,2024-10-01,2024-10-03,2024-10-04,575.55,555.41,-3.5,STOP_LOSS,2,70.86,3.19,Sharda Cropchem Limited
SHARDACROP,2024-10-01,2024-10-03,2024-10-04,575.55,555.41,-3.5,STOP_LOSS,2,70.86,2.53,Sharda Cropchem Limited
SHARDAMOTR,2025-07-01,2025-07-02,2025-07-04,1992.8,1923.05,-3.5,STOP_LOSS,3,74.78,13.36,Sharda Motor Industries Limited
SHIVALIK,2024-12-02,2024-12-03,2024-12-03,640.0,691.2,8.0,TARGET_HIT,1,58.41,1.92,Shivalik Rasayan Limited
SHIVAUM,2026-07-07,2026-07-08,2026-07-08,453.0,437.14,-3.5,STOP_LOSS,1,88.08,551.5,Shiv Aum Steels Limited
SHK,2025-05-16,2025-05-19,2025-05-19,205.0,221.4,8.0,TARGET_HIT,1,63.95,2.26,S H Kelkar and Company Limited
SHK,2026-06-15,2026-06-16,2026-06-17,134.32,145.07,8.0,TARGET_HIT,2,62.62,3.01,S H Kelkar and Company Limited
SHOPERSTOP,2025-04-22,2025-04-23,2025-04-23,557.5,537.99,-3.5,STOP_LOSS,1,82.96,13.39,Shoppers Stop Limited
SHRADHA,2025-06-19,2025-06-20,2025-06-20,77.98,75.25,-3.5,STOP_LOSS,1,94.31,3.06,Shradha Realty Limited
SHREECEM,2024-12-17,2024-12-18,2024-12-20,28320.0,27328.8,-3.5,STOP_LOSS,3,61.74,1.83,SHREE CEMENT LIMITED
SHREECEM,2025-05-14,2025-05-15,2025-05-28,30990.0,29905.35,-3.5,STOP_LOSS,10,55.38,4.36,SHREE CEMENT LIMITED
SHREECEM,2025-05-15,2025-05-16,2025-05-28,31400.0,30301.0,-3.5,STOP_LOSS,9,58.23,5.98,SHREE CEMENT LIMITED
SHREEJISPG,2025-11-03,2025-11-04,2025-11-13,273.1,294.95,8.0,TARGET_HIT,8,56.67,1.89,Shreeji Shipping Global Limited
SHRIPISTON,2025-08-14,2025-08-18,2025-08-22,2475.0,2673.0,8.0,TARGET_HIT,5,58.57,1.93,SPR Auto Technologies Limited
SHRIPISTON,2025-08-18,2025-08-19,2025-09-02,2495.0,2531.4,1.46,TIME_EXIT,10,58.37,2.67,SPR Auto Technologies Limited
SHRIPISTON,2025-08-19,2025-08-20,2025-08-28,2609.7,2518.36,-3.5,STOP_LOSS,6,55.0,4.74,SPR Auto Technologies Limited
SHRIRAMFIN,2025-10-29,2025-10-30,2025-11-03,738.5,797.58,8.0,TARGET_HIT,3,67.33,2.4,Shriram Finance Limited
SHYAMMETL,2025-06-26,2025-06-27,2025-07-10,872.2,858.55,-1.57,TIME_EXIT,10,57.11,1.81,Shyam Metalics and Energy Limited
SHYAMMETL,2025-07-16,2025-07-17,2025-07-28,904.45,976.81,8.0,TARGET_HIT,8,60.36,3.93,Shyam Metalics and Energy Limited
SHYAMMETL,2026-08-26,2026-08-27,2026-09-09,1040.5,1073.7,3.19,TIME_EXIT,10,60.36,1.88,Shyam Metalics and Energy Limited
SIGMAADV,2026-04-22,2026-04-23,2026-04-23,237.0,228.7,-3.5,STOP_LOSS,1,70.5,2.74,SIGMA ADVANCED SYSTEMS LIMITED
SIGNPOST,2026-02-26,2026-02-27,2026-03-02,250.0,241.25,-3.5,STOP_LOSS,2,85.51,2.42,Signpost India Limited
SILVERTUC,2025-06-27,2025-06-30,2025-07-07,765.0,738.22,-3.5,STOP_LOSS,6,72.19,3.66,Silver Touch Technologies Limited
SILVERTUC,2025-07-22,2025-07-23,2025-07-24,739.85,799.04,8.0,TARGET_HIT,2,57.98,10.41,Silver Touch Technologies Limited
SILVERTUC,2025-11-18,2025-11-19,2025-11-20,830.5,801.43,-3.5,STOP_LOSS,2,59.95,2.22,Silver Touch Technologies Limited
SIMPLEXINF,2025-03-20,2025-03-21,2025-03-21,295.0,284.68,-3.5,STOP_LOSS,1,84.14,2.29,Simplex Infrastructures Limited
SIMPLEXINF,2025-03-21,2025-04-01,2025-04-01,311.0,335.88,8.0,TARGET_HIT,1,70.06,2.74,Simplex Infrastructures Limited
SIMPLEXINF,2025-07-18,2025-07-21,2025-07-22,316.05,304.99,-3.5,STOP_LOSS,2,55.57,2.07,Simplex Infrastructures Limited
SIMPLEXINF,2025-11-04,2025-11-06,2025-11-07,306.65,295.92,-3.5,STOP_LOSS,2,81.66,37.33,Simplex Infrastructures Limited
SIMPLEXINF,2025-11-04,2025-11-06,2025-11-07,306.65,295.92,-3.5,STOP_LOSS,2,81.66,7.97,Simplex Infrastructures Limited
SIMPLEXINF,2026-05-27,2026-05-29,2026-05-29,260.67,251.55,-3.5,STOP_LOSS,1,63.35,3.14,Simplex Infrastructures Limited
SINCLAIR,2025-09-08,2025-09-09,2025-09-16,112.0,108.08,-3.5,STOP_LOSS,6,56.31,3.47,Sinclairs Hotels Limited
SINGERIND,2026-08-12,2026-08-13,2026-08-13,88.91,85.8,-3.5,STOP_LOSS,1,61.7,16.58,Singer India Limited
SINTERCOM,2026-03-02,2026-03-04,2026-03-04,89.52,86.39,-3.5,STOP_LOSS,1,99.38,7.64,Sintercom India Limited
SINTERCOM,2026-04-17,2026-04-20,2026-04-20,85.01,82.03,-3.5,STOP_LOSS,1,82.02,7.81,Sintercom India Limited
SINTERCOM,2026-07-16,2026-07-17,2026-07-28,79.4,85.75,8.0,TARGET_HIT,8,98.26,8.2,Sintercom India Limited
SIRCA,2025-05-22,2025-05-23,2025-05-26,305.0,329.4,8.0,TARGET_HIT,2,58.48,2.51,Sirca Paints India Limited
SIS,2025-11-06,2025-11-07,2025-11-19,339.0,327.14,-3.5,STOP_LOSS,9,72.41,4.39,SIS LIMITED
SIS,2026-02-05,2026-02-06,2026-02-13,345.45,333.36,-3.5,STOP_LOSS,6,55.84,3.39,SIS LIMITED
SIYSIL,2025-11-03,2025-11-04,2025-11-04,771.0,832.68,8.0,TARGET_HIT,1,59.5,3.33,Siyaram Silk Mills Limited
SJS,2025-10-29,2025-10-30,2025-11-04,1570.0,1695.6,8.0,TARGET_HIT,4,59.33,3.49,S.J.S. Enterprises Limited
SJS,2025-10-30,2025-10-31,2025-11-04,1598.8,1726.7,8.0,TARGET_HIT,3,59.82,2.98,S.J.S. Enterprises Limited
SJS,2026-05-07,2026-05-08,2026-05-14,1990.0,1920.35,-3.5,STOP_LOSS,5,69.45,3.71,S.J.S. Enterprises Limited
SKFINDIA,2025-03-21,2025-03-24,2025-04-07,3805.4,3672.21,-3.5,STOP_LOSS,10,61.12,3.78,SKF India Limited
SKFINDIA,2025-03-24,2025-03-25,2025-04-04,3850.0,3715.25,-3.5,STOP_LOSS,8,73.93,2.58,SKF India Limited
SKFINDIA,2025-06-30,2025-07-01,2025-07-14,4860.0,4841.6,-0.38,TIME_EXIT,10,69.38,6.72,SKF India Limited
SKFINDUS,2026-01-23,2026-01-27,2026-01-27,2602.3,2511.22,-3.5,STOP_LOSS,1,67.94,2.1,SKF India (Industrial) Limited
SKFINDUS,2026-05-27,2026-05-29,2026-06-03,2160.1,2332.91,8.0,TARGET_HIT,4,87.14,3.74,SKF India (Industrial) Limited
SKFINDUS,2026-06-22,2026-06-23,2026-06-29,2762.0,2982.96,8.0,TARGET_HIT,5,63.42,2.93,SKF India (Industrial) Limited
SKFINDUS,2026-06-23,2026-06-24,2026-07-07,2856.2,2859.0,0.1,TIME_EXIT,10,61.04,6.53,SKF India (Industrial) Limited
SKYGOLD,2025-07-22,2025-07-23,2025-07-23,341.0,329.06,-3.5,STOP_LOSS,1,59.17,2.74,SKY GOLD AND DIAMONDS LIMITED
SMARTWORKS,2025-12-31,2026-01-01,2026-01-08,498.7,481.25,-3.5,STOP_LOSS,6,75.0,5.43,Smartworks Coworking Spaces Limited
SMARTWORKS,2026-04-16,2026-04-17,2026-04-21,420.5,454.14,8.0,TARGET_HIT,3,57.38,2.72,Smartworks Coworking Spaces Limited
SMARTWORKS,2026-04-17,2026-04-20,2026-04-24,438.9,423.54,-3.5,STOP_LOSS,5,63.56,2.28,Smartworks Coworking Spaces Limited
SMARTWORKS,2026-04-20,2026-04-21,2026-04-24,440.0,424.6,-3.5,STOP_LOSS,4,56.75,2.0,Smartworks Coworking Spaces Limited
SMCGLOBAL,2025-06-23,2025-06-24,2025-06-30,147.26,159.04,8.0,TARGET_HIT,5,78.91,3.27,SMC Global Securities Limited
SNOWMAN,2024-12-24,2024-12-26,2024-12-26,76.68,74.0,-3.5,STOP_LOSS,1,68.97,3.87,Snowman Logistics Limited
SNOWMAN,2025-09-12,2025-09-15,2025-09-17,59.23,57.16,-3.5,STOP_LOSS,3,55.49,3.19,Snowman Logistics Limited
SOBHA,2025-03-19,2025-03-20,2025-03-26,1254.95,1211.03,-3.5,STOP_LOSS,5,57.83,2.46,Sobha Limited
SOFTTECH,2024-12-10,2024-12-11,2024-12-11,456.0,440.04,-3.5,STOP_LOSS,1,84.68,36.31,Softtech Engineers Limited
SOLARA,2026-03-25,2026-03-27,2026-03-30,452.15,436.32,-3.5,STOP_LOSS,2,63.33,2.25,Solara Active Pharma Sciences Limited
SOLARA,2026-03-25,2026-03-27,2026-03-30,452.15,436.32,-3.5,STOP_LOSS,2,63.33,1.95,Solara Active Pharma Sciences Limited
SOLEX,2025-11-04,2025-11-06,2025-11-06,1755.0,1693.58,-3.5,STOP_LOSS,1,74.16,2.79,Solex Energy Limited
SOLEX,2025-11-04,2025-11-06,2025-11-06,1755.0,1693.58,-3.5,STOP_LOSS,1,74.16,2.23,Solex Energy Limited
SOMANYCERA,2026-02-10,2026-02-11,2026-02-16,410.65,396.28,-3.5,STOP_LOSS,4,81.12,5.2,Somany Ceramics Limited
SONAMLTD,2026-08-18,2026-08-19,2026-08-19,62.3,67.28,8.0,TARGET_HIT,1,73.81,16.08,SONAM LIMITED
SONAMLTD,2026-08-19,2026-08-20,2026-08-25,66.0,63.69,-3.5,STOP_LOSS,4,56.41,11.04,SONAM LIMITED
SOUTHWEST,2024-12-04,2024-12-05,2024-12-05,151.0,145.72,-3.5,STOP_LOSS,1,57.61,3.32,South West Pinnacle Exploration Limited
SOUTHWEST,2024-12-05,2024-12-06,2024-12-09,150.0,162.0,8.0,TARGET_HIT,2,62.68,1.85,South West Pinnacle Exploration Limited
SOUTHWEST,2024-12-09,2024-12-10,2024-12-10,165.8,160.0,-3.5,STOP_LOSS,1,70.22,5.43,South West Pinnacle Exploration Limited
SOUTHWEST,2025-02-05,2025-02-06,2025-02-06,139.99,135.09,-3.5,STOP_LOSS,1,56.07,5.32,South West Pinnacle Exploration Limited
SPAL,2024-12-10,2024-12-11,2024-12-13,953.55,920.18,-3.5,STOP_LOSS,3,58.26,2.58,S. P. Apparels Limited
SPAL,2026-04-22,2026-04-23,2026-04-24,801.3,773.25,-3.5,STOP_LOSS,2,64.16,2.17,S. P. Apparels Limited
SPARC,2026-04-29,2026-04-30,2026-04-30,148.56,143.36,-3.5,STOP_LOSS,1,71.88,1.98,Sun Pharma Advanced Research Company Limited
SPECIALITY,2026-05-21,2026-05-22,2026-05-22,115.78,111.73,-3.5,STOP_LOSS,1,72.07,7.12,Speciality Restaurants Limited
SPECIALITY,2026-06-24,2026-06-25,2026-06-25,137.9,133.07,-3.5,STOP_LOSS,1,56.35,2.21,Speciality Restaurants Limited
SPECTRUM,2025-11-14,2025-11-17,2025-11-17,1551.0,1496.72,-3.5,STOP_LOSS,1,55.82,2.68,Spectrum Electrical Industries Limited
SPECTRUM,2026-03-25,2026-03-27,2026-03-30,1440.8,1556.06,8.0,TARGET_HIT,2,67.18,2.67,Spectrum Electrical Industries Limited
SPECTRUM,2026-03-30,2026-04-01,2026-04-01,1555.0,1500.58,-3.5,STOP_LOSS,1,57.81,2.01,Spectrum Electrical Industries Limited
SPECTRUM,2026-05-11,2026-05-12,2026-05-13,1417.5,1367.89,-3.5,STOP_LOSS,2,67.35,9.68,Spectrum Electrical Industries Limited
SPECTRUM,2026-05-12,2026-05-13,2026-05-14,1355.5,1308.06,-3.5,STOP_LOSS,2,60.41,2.28,Spectrum Electrical Industries Limited
SPECTRUM,2026-05-27,2026-05-29,2026-06-01,1472.8,1421.25,-3.5,STOP_LOSS,2,56.18,3.15,Spectrum Electrical Industries Limited
SPMLINFRA,2026-05-27,2026-05-29,2026-05-29,222.3,214.52,-3.5,STOP_LOSS,1,57.6,1.81,SPML Infra Limited
SRD,2025-04-16,2025-04-17,2025-04-22,68.6,74.09,8.0,TARGET_HIT,3,75.66,2.22,Shankar Lal Rampal Dye-Chem Limited
SRF,2025-06-27,2025-06-30,2025-07-11,3184.8,3182.5,-0.07,TIME_EXIT,10,80.7,5.26,SRF Limited
SSWL,2025-03-18,2025-03-19,2025-04-02,183.0,190.58,4.14,TIME_EXIT,10,65.32,2.52,Steel Strips Wheels Limited
SSWL,2025-06-10,2025-06-11,2025-06-11,256.39,247.42,-3.5,STOP_LOSS,1,56.31,2.23,Steel Strips Wheels Limited
STARCEMENT,2025-07-22,2025-07-23,2025-07-25,239.2,230.83,-3.5,STOP_LOSS,3,72.26,13.15,Star Cement Limited
STARHEALTH,2025-05-15,2025-05-16,2025-05-16,423.95,457.87,8.0,TARGET_HIT,1,62.28,1.88,Star Health and Allied Insurance Company Limited
STARHEALTH,2026-01-29,2026-01-30,2026-02-11,449.0,484.92,8.0,TARGET_HIT,9,62.44,6.89,Star Health and Allied Insurance Company Limited
STARHEALTH,2026-01-30,2026-02-02,2026-02-06,473.5,456.93,-3.5,STOP_LOSS,5,58.29,3.74,Star Health and Allied Insurance Company Limited
STEELCAS,2024-12-09,2024-12-10,2024-12-10,897.95,866.52,-3.5,STOP_LOSS,1,57.53,10.92,Steelcast Limited
STEELCAS,2025-03-05,2025-03-06,2025-03-06,845.0,912.6,8.0,TARGET_HIT,1,79.15,4.64,Steelcast Limited
STEELCAS,2025-05-30,2025-06-02,2025-06-04,1041.2,1124.5,8.0,TARGET_HIT,3,82.02,5.2,Steelcast Limited
STEELCAS,2025-12-01,2025-12-02,2025-12-04,220.85,213.12,-3.5,STOP_LOSS,3,79.13,6.4,Steelcast Limited
STLTECH,2025-03-19,2025-03-20,2025-03-25,87.5,84.44,-3.5,STOP_LOSS,4,67.09,2.82,Sterlite Technologies Limited
STOVEKRAFT,2026-06-25,2026-06-29,2026-07-01,789.5,761.87,-3.5,STOP_LOSS,3,66.75,1.88,Stove Kraft Limited
STYL,2026-04-20,2026-04-21,2026-04-24,248.2,239.51,-3.5,STOP_LOSS,4,57.18,3.78,Seshaasai Technologies Limited
STYL,2026-06-15,2026-06-16,2026-06-29,289.5,312.66,8.0,TARGET_HIT,10,61.77,5.49,Seshaasai Technologies Limited
STYL,2026-06-16,2026-06-17,2026-06-30,292.05,315.41,8.0,TARGET_HIT,10,61.37,1.93,Seshaasai Technologies Limited
STYLAMIND,2025-10-03,2025-10-06,2025-10-07,1700.0,1836.0,8.0,TARGET_HIT,2,64.94,2.38,Stylam Industries Limited
STYLEBAAZA,2024-11-28,2024-11-29,2024-12-05,335.8,324.05,-3.5,STOP_LOSS,5,69.4,2.09,Baazar Style Retail Limited
STYLEBAAZA,2026-08-19,2026-08-20,2026-08-24,431.05,415.96,-3.5,STOP_LOSS,3,63.85,2.1,Baazar Style Retail Limited
STYRENIX,2025-10-20,2025-10-21,2025-10-30,2492.0,2404.78,-3.5,STOP_LOSS,8,57.2,2.61,Styrenix Performance Materials Limited
STYRENIX,2026-03-10,2026-03-11,2026-03-23,1952.9,1884.55,-3.5,STOP_LOSS,9,90.58,14.73,Styrenix Performance Materials Limited
STYRENIX,2026-04-13,2026-04-15,2026-04-24,2181.0,2355.48,8.0,TARGET_HIT,8,58.88,2.54,Styrenix Performance Materials Limited
STYRENIX,2026-07-21,2026-07-22,2026-08-04,2452.9,2649.13,8.0,TARGET_HIT,10,58.93,8.04,Styrenix Performance Materials Limited
SUBROS,2026-06-15,2026-06-16,2026-06-17,756.7,730.22,-3.5,STOP_LOSS,2,60.19,2.9,Subros Limited
SUDARSCHEM,2025-03-18,2025-03-19,2025-04-02,974.85,1001.15,2.7,TIME_EXIT,10,79.59,2.4,Sudarshan Chemical Industries Limited
SUDARSCHEM,2025-03-19,2025-03-20,2025-03-25,1009.15,973.83,-3.5,STOP_LOSS,4,68.65,2.79,Sudarshan Chemical Industries Limited
SUDARSCHEM,2026-07-06,2026-07-07,2026-07-10,927.0,1001.16,8.0,TARGET_HIT,4,61.32,6.76,Sudarshan Chemical Industries Limited
SUKHJITS,2025-12-30,2025-12-31,2025-12-31,189.6,182.96,-3.5,STOP_LOSS,1,56.29,2.28,Sukhjit Starch & Chemicals Limited
SUKHJITS,2026-02-27,2026-03-02,2026-03-02,207.65,200.38,-3.5,STOP_LOSS,1,63.48,12.43,Sukhjit Starch & Chemicals Limited
SUMICHEM,2026-02-09,2026-02-10,2026-02-13,425.0,410.12,-3.5,STOP_LOSS,4,74.21,2.2,Sumitomo Chemical India Limited
SUNCLAY,2025-09-16,2025-09-17,2025-09-19,1737.6,1876.61,8.0,TARGET_HIT,3,87.97,2.99,Sundaram Clayton Limited
SUNCLAY,2026-01-06,2026-01-07,2026-01-08,1250.1,1350.11,8.0,TARGET_HIT,2,68.09,4.03,Sundaram Clayton Limited
SUNDARMFIN,2025-05-30,2025-06-02,2025-06-13,5126.0,5022.5,-2.02,TIME_EXIT,10,67.43,3.99,Sundaram Finance Limited
SUNDARMFIN,2025-06-30,2025-07-01,2025-07-09,5193.0,5011.24,-3.5,STOP_LOSS,7,79.6,2.77,Sundaram Finance Limited
SUNDARMFIN,2025-08-19,2025-08-20,2025-08-26,4965.9,4792.09,-3.5,STOP_LOSS,5,64.86,1.85,Sundaram Finance Limited
SUNDARMFIN,2025-10-24,2025-10-27,2025-11-07,4631.0,4808.0,3.82,TIME_EXIT,10,76.72,2.32,Sundaram Finance Limited
SUNDARMFIN,2025-12-24,2025-12-26,2026-01-08,5140.0,5252.0,2.18,TIME_EXIT,10,77.65,5.08,Sundaram Finance Limited
SUNDARMFIN,2025-12-24,2025-12-26,2026-01-08,5140.0,5252.0,2.18,TIME_EXIT,10,77.65,3.45,Sundaram Finance Limited
SUNDRMFAST,2024-10-16,2024-10-17,2024-10-17,1486.9,1434.86,-3.5,STOP_LOSS,1,69.45,2.53,Sundram Fasteners Limited
SUNDRMFAST,2026-04-30,2026-05-04,2026-05-04,902.5,870.91,-3.5,STOP_LOSS,1,59.81,1.88,Sundram Fasteners Limited
SUNDRMFAST,2026-06-18,2026-06-19,2026-06-30,869.0,938.52,8.0,TARGET_HIT,8,74.02,2.79,Sundram Fasteners Limited
SUNDRMFAST,2026-08-06,2026-08-07,2026-08-11,1091.0,1178.28,8.0,TARGET_HIT,3,73.13,2.95,Sundram Fasteners Limited
SUNFLAG,2026-08-06,2026-08-07,2026-08-07,392.4,378.67,-3.5,STOP_LOSS,1,59.96,4.63,Sunflag Iron And Steel Company Limited
SUNPHARMA,2025-04-03,2025-04-04,2025-04-04,1778.85,1716.59,-3.5,STOP_LOSS,1,59.5,2.17,Sun Pharmaceutical Industries Limited
SUNPHARMA,2026-03-02,2026-03-04,2026-03-17,1721.2,1794.4,4.25,TIME_EXIT,10,56.49,1.99,Sun Pharmaceutical Industries Limited
SUNTECK,2025-10-29,2025-10-30,2025-11-12,444.95,444.9,-0.01,TIME_EXIT,10,64.84,2.17,Sunteck Realty Limited
SUNTECK,2026-02-19,2026-02-20,2026-03-02,406.45,392.22,-3.5,STOP_LOSS,7,58.1,2.68,Sunteck Realty Limited
SUNTECK,2026-07-09,2026-07-10,2026-07-14,321.5,310.25,-3.5,STOP_LOSS,3,90.95,13.17,Sunteck Realty Limited
SUNTV,2025-12-24,2025-12-26,2026-01-08,574.6,567.05,-1.31,TIME_EXIT,10,64.37,2.13,Sun TV Network Limited
SUNTV,2026-03-23,2026-03-24,2026-03-24,600.0,579.0,-3.5,STOP_LOSS,1,66.83,18.73,Sun TV Network Limited
SUPRAJIT,2025-05-12,2025-05-13,2025-05-26,404.7,425.3,5.09,TIME_EXIT,10,93.24,6.39,Suprajit Engineering Limited
SUPREME,2025-04-15,2025-04-16,2025-04-16,107.8,104.03,-3.5,STOP_LOSS,1,56.0,30.04,Supreme Holdings & Hospitality (India) Limited
SUPREMEIND,2025-05-23,2025-05-26,2025-05-28,3918.0,4231.44,8.0,TARGET_HIT,3,67.24,3.24,Supreme Industries Limited
SUPREMEIND,2025-05-26,2025-05-27,2025-06-05,4037.0,4359.96,8.0,TARGET_HIT,8,55.95,1.98,Supreme Industries Limited
SURAJEST,2026-02-04,2026-02-05,2026-02-05,237.95,229.62,-3.5,STOP_LOSS,1,79.37,2.46,Suraj Estate Developers Limited
SURAJEST,2026-08-05,2026-08-06,2026-08-07,207.0,199.76,-3.5,STOP_LOSS,2,70.08,6.56,Suraj Estate Developers Limited
SURAJEST,2026-08-10,2026-08-11,2026-08-20,208.0,200.72,-3.5,STOP_LOSS,8,63.09,2.5,Suraj Estate Developers Limited
SURAKSHA,2025-09-15,2025-09-16,2025-09-18,328.0,316.52,-3.5,STOP_LOSS,3,67.33,2.39,Suraksha Diagnostic Limited
SURAKSHA,2026-05-13,2026-05-14,2026-05-22,306.6,295.87,-3.5,STOP_LOSS,7,58.06,2.63,Suraksha Diagnostic Limited
SURYAROSNI,2025-03-11,2025-03-12,2025-03-17,241.94,233.47,-3.5,STOP_LOSS,3,73.68,2.21,Surya Roshni Limited
SURYAROSNI,2026-03-12,2026-03-13,2026-03-13,220.0,212.3,-3.5,STOP_LOSS,1,60.82,2.08,Surya Roshni Limited
SURYODAY,2025-05-28,2025-05-29,2025-06-09,139.58,150.75,8.0,TARGET_HIT,8,55.87,3.27,Suryoday Small Finance Bank Limited
SURYODAY,2026-04-16,2026-04-17,2026-04-30,143.45,152.89,6.58,TIME_EXIT,10,57.45,2.15,Suryoday Small Finance Bank Limited
SURYODAY,2026-06-19,2026-06-22,2026-07-02,174.22,188.16,8.0,TARGET_HIT,9,57.15,3.42,Suryoday Small Finance Bank Limited
SUYOG,2026-06-22,2026-06-23,2026-06-25,822.0,793.23,-3.5,STOP_LOSS,3,59.86,2.38,Suyog Telematics Limited
SUYOG,2026-07-07,2026-07-08,2026-07-13,885.0,854.02,-3.5,STOP_LOSS,4,57.52,1.81,Suyog Telematics Limited
SWARAJENG,2025-03-17,2025-03-18,2025-03-19,3260.0,3520.8,8.0,TARGET_HIT,2,70.08,5.68,Swaraj Engines Limited
SWARAJENG,2025-06-25,2025-06-26,2025-06-27,4160.9,4015.27,-3.5,STOP_LOSS,2,58.36,2.31,Swaraj Engines Limited
SWARAJENG,2025-06-26,2025-06-27,2025-06-30,4118.0,3973.87,-3.5,STOP_LOSS,2,56.31,3.8,Swaraj Engines Limited
SWARAJENG,2026-02-10,2026-02-11,2026-02-13,3727.9,3597.42,-3.5,STOP_LOSS,3,57.38,3.5,Swaraj Engines Limited
SWARAJENG,2026-07-01,2026-07-02,2026-07-06,4059.0,3916.94,-3.5,STOP_LOSS,3,61.3,2.87,Swaraj Engines Limited
SWARAJENG,2026-07-02,2026-07-03,2026-07-06,3990.0,3850.35,-3.5,STOP_LOSS,2,63.61,3.43,Swaraj Engines Limited
SWELECTES,2026-05-27,2026-05-29,2026-06-01,658.0,634.97,-3.5,STOP_LOSS,2,56.54,2.4,Swelect Energy Systems Limited
SWELECTES,2026-08-06,2026-08-07,2026-08-14,655.0,632.07,-3.5,STOP_LOSS,6,58.24,4.43,Swelect Energy Systems Limited
SWELECTES,2026-08-07,2026-08-10,2026-08-14,670.6,647.13,-3.5,STOP_LOSS,5,74.43,2.8,Swelect Energy Systems Limited
SWELECTES,2026-08-10,2026-08-11,2026-08-14,691.25,667.06,-3.5,STOP_LOSS,4,55.78,4.5,Swelect Energy Systems Limited
SWIGGY,2025-10-16,2025-10-17,2025-10-17,447.0,431.35,-3.5,STOP_LOSS,1,56.62,2.87,Swiggy Limited
SYNGENE,2025-12-15,2025-12-16,2025-12-29,658.0,655.55,-0.37,TIME_EXIT,10,63.74,2.03,Syngene International Limited
SYNGENE,2025-12-18,2025-12-19,2026-01-01,658.0,650.2,-1.19,TIME_EXIT,10,77.36,2.18,Syngene International Limited
TAALTECH,2026-05-27,2026-05-29,2026-05-29,3261.0,3521.88,8.0,TARGET_HIT,1,58.81,7.22,Taal Tech Limited
TAALTECH,2026-05-27,2026-05-29,2026-05-29,3261.0,3521.88,8.0,TARGET_HIT,1,58.81,4.41,Taal Tech Limited
TARC,2026-09-03,2026-09-04,2026-09-07,124.2,134.14,8.0,TARGET_HIT,2,56.03,2.27,TARC Limited
TARMAT,2024-11-08,2024-11-11,2024-11-11,84.8,81.83,-3.5,STOP_LOSS,1,56.62,4.34,Tarmat Limited
TARMAT,2026-01-13,2026-01-14,2026-01-14,54.45,52.54,-3.5,STOP_LOSS,1,69.88,20.34,Tarmat Limited
TARSONS,2026-04-30,2026-05-04,2026-05-07,216.1,233.39,8.0,TARGET_HIT,4,55.81,3.04,Tarsons Products Limited
TASTYBITE,2026-04-21,2026-04-22,2026-04-22,7423.5,7163.68,-3.5,STOP_LOSS,1,67.98,4.07,Tasty Bite Eatables Limited
TASTYBITE,2026-05-05,2026-05-06,2026-05-07,7456.0,8052.48,8.0,TARGET_HIT,2,62.75,2.0,Tasty Bite Eatables Limited
TASTYBITE,2026-05-06,2026-05-07,2026-05-07,7499.0,8098.92,8.0,TARGET_HIT,1,68.01,2.44,Tasty Bite Eatables Limited
TASTYBITE,2026-08-12,2026-08-13,2026-08-13,9361.0,9033.36,-3.5,STOP_LOSS,1,69.43,1.84,Tasty Bite Eatables Limited
TATACOMM,2025-05-19,2025-05-20,2025-06-02,1650.0,1676.2,1.59,TIME_EXIT,10,62.31,2.57,Tata Communications Limited
TATACOMM,2025-12-30,2025-12-31,2026-01-09,1811.7,1748.29,-3.5,STOP_LOSS,8,74.24,3.18,Tata Communications Limited
TATACOMM,2025-12-31,2026-01-01,2026-01-08,1825.3,1761.41,-3.5,STOP_LOSS,6,66.31,2.17,Tata Communications Limited
TATACONSUM,2026-06-25,2026-06-29,2026-06-29,1142.6,1102.61,-3.5,STOP_LOSS,1,56.21,2.05,TATA CONSUMER PRODUCTS LIMITED
TBOTEK,2024-11-07,2024-11-08,2024-11-11,1740.0,1679.1,-3.5,STOP_LOSS,2,60.76,3.21,TBO Tek Limited
TBOTEK,2026-07-10,2026-07-13,2026-07-14,1504.9,1452.23,-3.5,STOP_LOSS,2,88.16,1.93,TBO Tek Limited
TCIEXP,2025-09-03,2025-09-04,2025-09-15,720.35,695.14,-3.5,STOP_LOSS,8,59.35,2.41,TCI Express Limited
TEAMLEASE,2025-09-15,2025-09-16,2025-09-19,1938.8,1870.94,-3.5,STOP_LOSS,4,66.95,3.12,Teamlease Services Limited
TEAMLEASE,2025-09-16,2025-09-17,2025-09-22,1935.0,1867.28,-3.5,STOP_LOSS,4,68.19,2.32,Teamlease Services Limited
TEAMLEASE,2026-05-05,2026-05-06,2026-05-12,1320.0,1425.6,8.0,TARGET_HIT,5,63.67,6.06,Teamlease Services Limited
TEAMLEASE,2026-06-18,2026-06-19,2026-07-02,1457.2,1467.8,0.73,TIME_EXIT,10,62.37,2.58,Teamlease Services Limited
TEAMLEASE,2026-06-19,2026-06-22,2026-07-03,1471.5,1420.0,-3.5,STOP_LOSS,10,72.06,2.62,Teamlease Services Limited
TEGA,2025-07-02,2025-07-03,2025-07-07,1603.5,1731.78,8.0,TARGET_HIT,3,60.61,3.55,Tega Industries Limited
TEGA,2025-12-22,2025-12-23,2025-12-26,2009.0,1938.68,-3.5,STOP_LOSS,4,56.66,2.53,Tega Industries Limited
TERASOFT,2026-06-01,2026-06-02,2026-06-02,419.7,405.01,-3.5,STOP_LOSS,1,57.51,2.85,Tera Software Limited
TERASOFT,2026-06-02,2026-06-03,2026-06-03,439.7,424.31,-3.5,STOP_LOSS,1,59.7,2.02,Tera Software Limited
TEXINFRA,2026-09-03,2026-09-04,2026-09-11,116.32,112.25,-3.5,STOP_LOSS,6,59.47,6.09,Texmaco Infrastructure & Holdings Limited
TFCILTD,2024-11-01,2024-11-04,2024-11-04,164.0,158.26,-3.5,STOP_LOSS,1,64.76,2.18,Tourism Finance Corporation of India Limited
TFCILTD,2024-12-16,2024-12-17,2024-12-18,183.0,176.6,-3.5,STOP_LOSS,2,57.16,3.33,Tourism Finance Corporation of India Limited
TFCILTD,2025-09-05,2025-09-08,2025-09-19,347.75,335.58,-3.5,STOP_LOSS,10,75.65,2.63,Tourism Finance Corporation of India Limited
TGVSL,2026-09-04,2026-09-07,2026-09-09,111.56,107.66,-3.5,STOP_LOSS,3,58.59,4.76,TGV Sraac Limited
THEJO,2026-01-14,2026-01-16,2026-01-20,1836.3,1772.03,-3.5,STOP_LOSS,3,56.04,3.14,Thejo Engineering Limited
THEJO,2026-01-14,2026-01-16,2026-01-20,1836.3,1772.03,-3.5,STOP_LOSS,3,56.04,2.52,Thejo Engineering Limited
THELEELA,2025-09-17,2025-09-18,2025-09-22,428.0,413.02,-3.5,STOP_LOSS,3,83.51,4.67,Leela Palaces Hotels & Resorts Limited
THEMISMED,2025-03-24,2025-03-25,2025-03-25,162.98,157.28,-3.5,STOP_LOSS,1,55.71,3.42,Themis Medicare Limited
THERMAX,2025-11-04,2025-11-06,2025-11-10,3272.0,3157.48,-3.5,STOP_LOSS,3,55.1,2.21,Thermax Limited
THOMASCOTT,2026-05-27,2026-05-29,2026-06-01,300.05,289.55,-3.5,STOP_LOSS,2,59.1,7.52,Thomas Scott (India) Limited
THOMASCOTT,2026-05-27,2026-05-29,2026-06-01,300.05,289.55,-3.5,STOP_LOSS,2,59.1,4.56,Thomas Scott (India) Limited
THYROCARE,2024-10-23,2024-10-24,2024-10-24,949.6,916.36,-3.5,STOP_LOSS,1,72.41,2.17,Thyrocare Technologies Limited
THYROCARE,2024-10-29,2024-10-30,2024-11-12,936.95,962.9,2.77,TIME_EXIT,10,76.78,3.49,Thyrocare Technologies Limited
THYROCARE,2025-05-29,2025-05-30,2025-06-03,1026.0,990.09,-3.5,STOP_LOSS,3,73.08,2.69,Thyrocare Technologies Limited
TIIL,2025-05-06,2025-05-07,2025-05-13,2553.5,2757.78,8.0,TARGET_HIT,5,56.72,2.23,Technocraft Industries (India) Limited
TIIL,2025-11-12,2025-11-13,2025-11-17,2520.0,2431.8,-3.5,STOP_LOSS,3,58.26,2.7,Technocraft Industries (India) Limited
TIINDIA,2024-10-23,2024-10-24,2024-11-04,4522.0,4363.73,-3.5,STOP_LOSS,8,68.23,2.44,Tube Investments of India Limited
TIINDIA,2026-03-02,2026-03-04,2026-03-09,2803.5,2705.38,-3.5,STOP_LOSS,4,70.39,4.19,Tube Investments of India Limited
TIINDIA,2026-03-02,2026-03-04,2026-03-09,2803.5,2705.38,-3.5,STOP_LOSS,4,70.39,3.0,Tube Investments of India Limited
TIINDIA,2026-06-09,2026-06-10,2026-06-11,3127.0,3017.56,-3.5,STOP_LOSS,2,69.32,2.55,Tube Investments of India Limited
TIL,2025-03-26,2025-03-27,2025-03-27,231.31,223.21,-3.5,STOP_LOSS,1,85.33,2.48,TIL Limited
TIMEX,2026-05-22,2026-05-25,2026-05-26,383.9,370.46,-3.5,STOP_LOSS,2,64.92,4.07,Timex Group India Limited
TIMEX,2026-05-25,2026-05-26,2026-05-26,387.0,373.46,-3.5,STOP_LOSS,1,70.05,1.97,Timex Group India Limited
TIMKEN,2025-05-28,2025-05-29,2025-06-10,3140.5,3391.74,8.0,TARGET_HIT,9,70.11,2.44,Timken India Limited
TIMKEN,2025-07-23,2025-07-24,2025-07-25,3560.7,3436.08,-3.5,STOP_LOSS,2,85.56,3.14,Timken India Limited
TIMKEN,2026-01-05,2026-01-06,2026-01-08,3094.6,2986.29,-3.5,STOP_LOSS,3,70.05,3.58,Timken India Limited
TIMKEN,2026-04-15,2026-04-16,2026-04-17,3599.0,3473.04,-3.5,STOP_LOSS,2,56.28,2.14,Timken India Limited
TIMKEN,2026-05-20,2026-05-21,2026-06-01,3690.0,3560.85,-3.5,STOP_LOSS,8,67.95,9.0,Timken India Limited
TIPSMUSIC,2026-05-27,2026-05-29,2026-06-05,668.1,721.55,8.0,TARGET_HIT,6,67.96,1.83,Tips Music Limited
TITAN,2024-09-27,2024-09-30,2024-10-03,3786.0,3653.49,-3.5,STOP_LOSS,4,61.5,2.48,Titan Company Limited
TITAN,2025-12-31,2026-01-01,2026-01-14,4063.7,4221.5,3.88,TIME_EXIT,10,65.88,2.05,Titan Company Limited
TMB,2024-11-28,2024-11-29,2024-12-12,479.0,490.25,2.35,TIME_EXIT,10,57.94,2.23,Tamilnad Mercantile Bank Limited
TMCV,2026-02-27,2026-03-02,2026-03-04,485.0,468.02,-3.5,STOP_LOSS,3,61.42,3.08,Tata Motors Limited
TNPL,2026-01-28,2026-01-29,2026-01-30,138.01,133.18,-3.5,STOP_LOSS,2,80.89,44.37,Tamil Nadu Newsprint & Papers Limited
TORNTPHARM,2025-08-18,2025-08-19,2025-09-02,3660.8,3582.9,-2.13,TIME_EXIT,10,80.49,2.1,Torrent Pharmaceuticals Limited
TORNTPHARM,2025-09-22,2025-09-23,2025-09-25,3678.8,3550.04,-3.5,STOP_LOSS,3,75.68,3.07,Torrent Pharmaceuticals Limited
TORNTPHARM,2026-06-22,2026-06-23,2026-07-06,4492.5,4822.7,7.35,TIME_EXIT,10,64.91,1.84,Torrent Pharmaceuticals Limited
TORNTPOWER,2026-02-05,2026-02-06,2026-02-18,1416.6,1529.93,8.0,TARGET_HIT,9,61.33,2.21,Torrent Power Limited
TRANSWORLD,2024-11-06,2024-11-07,2024-11-08,391.2,377.51,-3.5,STOP_LOSS,2,61.24,2.58,TRANSWORLD SHIPPING LINES LIMITED
TRAVELFOOD,2026-02-10,2026-02-11,2026-02-23,1172.6,1266.41,8.0,TARGET_HIT,9,82.41,5.63,Travel Food Services Limited
TRAVELFOOD,2026-02-11,2026-02-12,2026-02-13,1218.9,1176.24,-3.5,STOP_LOSS,2,63.07,1.83,Travel Food Services Limited
TRAVELFOOD,2026-06-12,2026-06-15,2026-06-22,1275.0,1377.0,8.0,TARGET_HIT,6,74.14,1.98,Travel Food Services Limited
TRF,2025-03-18,2025-03-19,2025-03-21,336.0,362.88,8.0,TARGET_HIT,3,72.02,2.11,TRF Limited
TRITURBINE,2025-12-31,2026-01-01,2026-01-09,538.3,519.46,-3.5,STOP_LOSS,7,91.52,8.75,Triveni Turbine Limited
TRIVENI,2026-02-10,2026-02-11,2026-02-13,396.9,383.01,-3.5,STOP_LOSS,3,56.88,1.92,Triveni Engineering & Industries Limited
TRUALT,2026-06-08,2026-06-09,2026-06-10,521.0,502.76,-3.5,STOP_LOSS,2,66.67,3.28,TruAlt Bioenergy Limited
TVSHLTD,2025-05-15,2025-05-16,2025-05-29,10960.0,11836.8,8.0,TARGET_HIT,10,58.5,8.19,TVS Holdings Limited
TVSMOTOR,2025-04-15,2025-04-16,2025-04-23,2589.0,2796.12,8.0,TARGET_HIT,5,65.47,1.84,TVS Motor Company Limited
TVSMOTOR,2026-07-30,2026-07-31,2026-08-13,4208.4,4342.2,3.18,TIME_EXIT,10,62.29,2.26,TVS Motor Company Limited
TVSMOTOR,2026-07-31,2026-08-03,2026-08-14,4336.5,4307.0,-0.68,TIME_EXIT,10,67.07,2.23,TVS Motor Company Limited
TVSSRICHAK,2025-09-19,2025-09-22,2025-10-01,3172.0,3425.76,8.0,TARGET_HIT,8,65.09,2.38,TVS Srichakra Limited
TVSSRICHAK,2025-09-22,2025-09-23,2025-09-30,3268.1,3153.72,-3.5,STOP_LOSS,6,55.95,2.13,TVS Srichakra Limited
TVSSRICHAK,2025-11-04,2025-11-06,2025-11-11,4183.8,4037.37,-3.5,STOP_LOSS,4,61.6,1.81,TVS Srichakra Limited
TVSSRICHAK,2026-04-17,2026-04-20,2026-04-24,3937.1,3799.3,-3.5,STOP_LOSS,5,69.29,3.17,TVS Srichakra Limited
UBL,2025-04-15,2025-04-16,2025-04-22,2106.6,2275.13,8.0,TARGET_HIT,4,59.42,2.67,United Breweries Limited
UFO,2024-12-03,2024-12-04,2024-12-10,117.9,113.77,-3.5,STOP_LOSS,5,62.28,3.95,UFO Moviez India Limited
UGROCAP,2025-04-21,2025-04-22,2025-04-23,196.55,189.67,-3.5,STOP_LOSS,2,58.73,2.25,Ugro Capital Limited
UJJIVANSFB,2025-06-10,2025-06-11,2025-06-11,51.4,49.6,-3.5,STOP_LOSS,1,67.89,4.39,Ujjivan Small Finance Bank Limited
UJJIVANSFB,2025-10-20,2025-10-21,2025-10-21,51.43,49.63,-3.5,STOP_LOSS,1,61.69,4.24,Ujjivan Small Finance Bank Limited
UJJIVANSFB,2026-07-01,2026-07-02,2026-07-03,61.31,59.16,-3.5,STOP_LOSS,2,55.78,2.52,Ujjivan Small Finance Bank Limited
ULTRACEMCO,2025-09-22,2025-09-23,2025-09-24,12650.0,12207.25,-3.5,STOP_LOSS,2,73.3,2.41,UltraTech Cement Limited
UNICHEMLAB,2025-02-05,2025-02-06,2025-02-11,732.0,706.38,-3.5,STOP_LOSS,4,64.53,2.02,Unichem Laboratories Limited
UNIPARTS,2025-07-04,2025-07-07,2025-07-08,419.9,405.2,-3.5,STOP_LOSS,2,55.67,2.45,Uniparts India Limited
UNIPARTS,2026-07-10,2026-07-13,2026-07-14,707.0,682.26,-3.5,STOP_LOSS,2,66.28,3.12,Uniparts India Limited
UNITDSPR,2025-08-19,2025-08-20,2025-08-28,1330.0,1283.45,-3.5,STOP_LOSS,6,72.74,1.84,United Spirits Limited
UNIVASTU,2025-08-20,2025-08-21,2025-08-25,272.1,293.87,8.0,TARGET_HIT,3,81.04,6.63,Univastu India Limited
UNIVASTU,2026-05-27,2026-05-29,2026-05-29,78.9,76.14,-3.5,STOP_LOSS,1,55.61,2.89,Univastu India Limited
UNOMINDA,2025-06-06,2025-06-09,2025-06-13,1094.0,1055.71,-3.5,STOP_LOSS,5,64.61,2.05,UNO Minda Limited
UNOMINDA,2025-09-19,2025-09-22,2025-09-26,1327.4,1280.94,-3.5,STOP_LOSS,5,70.29,2.02,UNO Minda Limited
URAVIDEF,2026-06-29,2026-06-30,2026-06-30,116.01,111.95,-3.5,STOP_LOSS,1,90.41,2.01,Uravi Defence and Technology Limited
URAVIDEF,2026-06-30,2026-07-01,2026-07-01,120.11,129.72,8.0,TARGET_HIT,1,77.32,2.66,Uravi Defence and Technology Limited
USHAMART,2025-12-31,2026-01-01,2026-01-09,454.05,438.16,-3.5,STOP_LOSS,7,60.38,1.97,Usha Martin Limited
UTIAMC,2025-05-20,2025-05-21,2025-06-03,1184.3,1156.9,-2.31,TIME_EXIT,10,70.72,4.34,UTI Asset Management Company Limited
UTIAMC,2025-05-21,2025-05-22,2025-06-04,1182.6,1155.2,-2.32,TIME_EXIT,10,78.18,2.03,UTI Asset Management Company Limited
UTLSOLAR,2026-04-07,2026-04-08,2026-04-13,224.49,216.63,-3.5,STOP_LOSS,4,58.4,2.37,Fujiyama Power Systems Limited
V2RETAIL,2025-07-04,2025-07-07,2025-07-14,1939.1,1871.23,-3.5,STOP_LOSS,6,69.08,1.83,V2 Retail Limited
V2RETAIL,2025-07-07,2025-07-08,2025-07-11,2014.0,1943.51,-3.5,STOP_LOSS,4,67.33,1.83,V2 Retail Limited
V2RETAIL,2025-12-23,2025-12-24,2026-01-06,2424.0,2339.16,-3.5,STOP_LOSS,10,64.13,1.84,V2 Retail Limited
V2RETAIL,2026-07-01,2026-07-02,2026-07-02,246.03,237.42,-3.5,STOP_LOSS,1,58.46,2.21,V2 Retail Limited
V2RETAIL,2026-09-07,2026-09-08,2026-09-11,222.2,214.42,-3.5,STOP_LOSS,4,59.51,3.69,V2 Retail Limited
VADILALIND,2025-07-23,2025-07-24,2025-07-28,5609.0,5412.68,-3.5,STOP_LOSS,3,67.85,1.97,Vadilal Industries Limited
VALIANTLAB,2026-08-19,2026-08-20,2026-08-20,94.8,91.48,-3.5,STOP_LOSS,1,62.17,3.62,Valiant Laboratories Limited
VALIANTLAB,2026-08-21,2026-08-24,2026-08-26,97.9,105.73,8.0,TARGET_HIT,3,77.52,2.49,Valiant Laboratories Limited
VALIANTORG,2025-05-19,2025-05-20,2025-05-22,403.0,388.9,-3.5,STOP_LOSS,3,72.98,2.19,Valiant Organics Limited
VALIANTORG,2025-05-20,2025-05-21,2025-05-22,399.3,385.32,-3.5,STOP_LOSS,2,64.76,3.35,Valiant Organics Limited
VARROC,2025-09-19,2025-09-22,2025-09-29,631.0,608.92,-3.5,STOP_LOSS,6,79.14,3.0,Varroc Engineering Limited
VBL,2025-07-17,2025-07-18,2025-07-28,491.75,474.54,-3.5,STOP_LOSS,7,65.19,2.33,Varun Beverages Limited
VEDL,2025-08-25,2025-08-26,2025-09-09,435.0,432.8,-0.51,TIME_EXIT,10,68.53,2.21,Vedanta Limited
VEEDOL,2025-09-09,2025-09-10,2025-09-11,1628.4,1758.67,8.0,TARGET_HIT,2,64.35,2.36,Veedol Corporation Limited
VEEDOL,2025-09-10,2025-09-11,2025-09-15,1676.9,1811.05,8.0,TARGET_HIT,3,73.94,1.9,Veedol Corporation Limited
VEEDOL,2025-09-11,2025-09-12,2025-09-15,1748.7,1888.6,8.0,TARGET_HIT,2,59.87,7.49,Veedol Corporation Limited
VEEDOL,2025-09-12,2025-09-15,2025-09-19,1880.0,2030.4,8.0,TARGET_HIT,5,58.31,4.11,Veedol Corporation Limited
VEEDOL,2025-09-15,2025-09-16,2025-09-16,1973.0,1903.94,-3.5,STOP_LOSS,1,58.08,29.83,Veedol Corporation Limited
VENTIVE,2025-09-16,2025-09-17,2025-09-29,760.0,733.4,-3.5,STOP_LOSS,9,70.88,1.81,Ventive Hospitality Limited
VENTIVE,2025-09-22,2025-09-23,2025-09-23,789.0,761.38,-3.5,STOP_LOSS,1,72.98,2.3,Ventive Hospitality Limited
VENTIVE,2025-12-24,2025-12-26,2026-01-08,727.0,743.45,2.26,TIME_EXIT,10,64.77,4.22,Ventive Hospitality Limited
VENTIVE,2026-05-06,2026-05-07,2026-05-12,639.2,690.34,8.0,TARGET_HIT,4,85.16,3.9,Ventive Hospitality Limited
VENTIVE,2026-05-07,2026-05-08,2026-05-18,654.65,631.74,-3.5,STOP_LOSS,7,79.73,2.95,Ventive Hospitality Limited
VENTIVE,2026-06-16,2026-06-17,2026-06-23,665.4,642.11,-3.5,STOP_LOSS,5,73.11,5.17,Ventive Hospitality Limited
VENUSREM,2025-05-16,2025-05-19,2025-05-19,349.0,336.78,-3.5,STOP_LOSS,1,74.97,5.79,Venus Remedies Limited
VENUSREM,2025-11-10,2025-11-11,2025-11-11,548.0,528.82,-3.5,STOP_LOSS,1,60.52,4.5,Venus Remedies Limited
VENUSREM,2026-04-02,2026-04-06,2026-04-06,939.5,906.62,-3.5,STOP_LOSS,1,70.74,2.1,Venus Remedies Limited
VERANDA,2024-12-11,2024-12-12,2024-12-12,277.0,267.3,-3.5,STOP_LOSS,1,68.18,5.98,Veranda Learning Solutions Limited
VERANDA,2025-07-17,2025-07-18,2025-07-18,266.0,256.69,-3.5,STOP_LOSS,1,79.16,1.9,Veranda Learning Solutions Limited
VETO,2025-07-31,2025-08-01,2025-08-04,137.0,132.2,-3.5,STOP_LOSS,2,56.36,7.44,Veto Switchgears And Cables Limited
VGL,2026-01-07,2026-01-08,2026-01-08,153.06,147.7,-3.5,STOP_LOSS,1,63.99,5.6,VARVEE GLOBAL LIMITED
VGUARD,2026-03-25,2026-03-27,2026-03-27,325.0,313.62,-3.5,STOP_LOSS,1,67.33,1.81,V-Guard Industries Limited
VIDHIING,2025-11-13,2025-11-14,2025-11-14,338.5,365.58,8.0,TARGET_HIT,1,56.91,5.67,Vidhi Specialty Food Ingredients Limited
VIDHIING,2026-03-06,2026-03-09,2026-03-09,303.0,292.4,-3.5,STOP_LOSS,1,91.14,36.7,Vidhi Specialty Food Ingredients Limited
VIDHIING,2026-07-08,2026-07-09,2026-07-09,303.2,292.59,-3.5,STOP_LOSS,1,83.52,5.67,Vidhi Specialty Food Ingredients Limited
VIDHIING,2026-08-17,2026-08-18,2026-08-19,322.7,311.41,-3.5,STOP_LOSS,2,77.59,3.53,Vidhi Specialty Food Ingredients Limited
VIJAYA,2026-04-07,2026-04-08,2026-04-17,968.95,1046.47,8.0,TARGET_HIT,8,65.38,3.95,Vijaya Diagnostic Centre Limited
VIJAYA,2026-04-30,2026-05-04,2026-05-08,1139.0,1230.12,8.0,TARGET_HIT,5,85.39,3.81,Vijaya Diagnostic Centre Limited
VINATIORGA,2025-04-24,2025-04-25,2025-04-25,1715.0,1654.98,-3.5,STOP_LOSS,1,75.16,3.28,Vinati Organics Limited
VINATIORGA,2025-05-19,2025-05-20,2025-05-21,1878.9,1813.14,-3.5,STOP_LOSS,2,73.18,3.76,Vinati Organics Limited
VINATIORGA,2026-08-13,2026-08-14,2026-08-27,1343.9,1318.4,-1.9,TIME_EXIT,10,64.02,2.95,Vinati Organics Limited
VINCOFE,2025-01-03,2025-01-06,2025-01-06,130.5,125.93,-3.5,STOP_LOSS,1,68.26,3.46,Vintage Coffee And Beverages Limited
VINDHYATEL,2025-05-13,2025-05-14,2025-05-19,1477.3,1595.48,8.0,TARGET_HIT,4,55.54,2.86,Vindhya Telelinks Limited
VISAKAIND,2026-05-11,2026-05-12,2026-05-12,77.4,74.69,-3.5,STOP_LOSS,1,62.23,3.45,Visaka Industries Limited
VIYASH,2026-08-05,2026-08-06,2026-08-11,275.0,265.38,-3.5,STOP_LOSS,4,60.28,2.05,Viyash Scientific Limited
VLSFINANCE,2026-01-01,2026-01-02,2026-01-07,305.5,294.81,-3.5,STOP_LOSS,4,57.21,2.03,VLS Finance Limited
VMART,2025-06-10,2025-06-11,2025-06-23,3513.0,3390.04,-3.5,STOP_LOSS,9,74.25,10.32,V-Mart Retail Limited
VRLLOG,2025-10-31,2025-11-03,2025-11-04,287.0,276.96,-3.5,STOP_LOSS,2,59.18,3.6,VRL Logistics Limited
VRLLOG,2026-01-27,2026-01-28,2026-02-03,258.95,279.67,8.0,TARGET_HIT,5,62.55,2.25,VRL Logistics Limited
VRLLOG,2026-08-31,2026-09-01,2026-09-09,301.6,291.04,-3.5,STOP_LOSS,7,58.14,1.86,VRL Logistics Limited
VSTL,2025-06-13,2025-06-16,2025-06-16,157.89,152.36,-3.5,STOP_LOSS,1,87.7,7.25,Vibhor Steel Tubes Limited
VSTTILLERS,2024-10-01,2024-10-03,2024-10-03,4630.85,4468.77,-3.5,STOP_LOSS,1,65.16,2.59,V.S.T Tillers Tractors Limited
VSTTILLERS,2025-03-19,2025-03-20,2025-04-01,3661.6,3954.53,8.0,TARGET_HIT,8,58.19,2.12,V.S.T Tillers Tractors Limited
VSTTILLERS,2025-12-23,2025-12-24,2026-01-06,6050.0,6047.5,-0.04,TIME_EXIT,10,59.63,2.02,V.S.T Tillers Tractors Limited
WCIL,2025-05-16,2025-05-19,2025-05-21,81.5,88.02,8.0,TARGET_HIT,3,60.14,2.57,Western Carriers (India) Limited
WELCORP,2026-06-25,2026-06-29,2026-07-03,1465.0,1413.72,-3.5,STOP_LOSS,5,62.94,3.71,Welspun Corp Limited
WELCORP,2026-06-29,2026-06-30,2026-07-01,1520.0,1466.8,-3.5,STOP_LOSS,2,56.33,2.89,Welspun Corp Limited
WELENT,2026-04-16,2026-04-17,2026-04-22,469.6,507.17,8.0,TARGET_HIT,4,59.45,2.12,Welspun Enterprises Limited
WELENT,2026-05-27,2026-05-29,2026-06-10,516.0,557.28,8.0,TARGET_HIT,9,62.72,1.93,Welspun Enterprises Limited
WHIRLPOOL,2024-09-26,2024-09-27,2024-09-30,2155.0,2327.4,8.0,TARGET_HIT,2,75.63,3.28,Whirlpool of India Limited
WINDLAS,2026-03-25,2026-03-27,2026-03-27,779.0,751.74,-3.5,STOP_LOSS,1,70.63,2.14,Windlas Biotech Limited
WONDERLA,2025-07-17,2025-07-18,2025-07-28,658.0,634.97,-3.5,STOP_LOSS,7,58.33,3.35,Wonderla Holidays Limited
WONDERLA,2026-06-23,2026-06-24,2026-07-07,491.0,489.65,-0.27,TIME_EXIT,10,67.55,2.28,Wonderla Holidays Limited
WONDERLA,2026-08-21,2026-08-24,2026-09-04,528.0,533.9,1.12,TIME_EXIT,10,60.84,2.92,Wonderla Holidays Limited
WSTCSTPAPR,2025-02-06,2025-02-07,2025-02-10,542.0,523.03,-3.5,STOP_LOSS,2,87.73,4.24,West Coast Paper Mills Limited
WSTCSTPAPR,2025-06-09,2025-06-10,2025-06-16,519.0,500.84,-3.5,STOP_LOSS,5,58.02,2.09,West Coast Paper Mills Limited
WSTCSTPAPR,2026-02-04,2026-02-05,2026-02-12,430.5,464.94,8.0,TARGET_HIT,6,58.03,3.94,West Coast Paper Mills Limited
WSTCSTPAPR,2026-04-15,2026-04-16,2026-04-21,487.8,470.73,-3.5,STOP_LOSS,4,55.59,2.03,West Coast Paper Mills Limited
XPROINDIA,2025-09-01,2025-09-02,2025-09-10,1193.7,1289.2,8.0,TARGET_HIT,7,55.28,2.53,Xpro India Limited
XPROINDIA,2026-03-25,2026-03-27,2026-04-09,1000.0,1031.8,3.18,TIME_EXIT,10,63.45,2.09,Xpro India Limited
XPROINDIA,2026-07-31,2026-08-03,2026-08-03,1400.0,1351.0,-3.5,STOP_LOSS,1,58.96,7.53,Xpro India Limited
YASHO,2024-09-26,2024-09-27,2024-10-03,2019.0,1948.34,-3.5,STOP_LOSS,5,57.49,1.91,Yasho Industries Limited
YASHO,2025-03-24,2025-03-25,2025-03-25,1837.7,1773.38,-3.5,STOP_LOSS,1,61.25,3.17,Yasho Industries Limited
YASHO,2025-05-19,2025-05-20,2025-05-22,1731.1,1869.59,8.0,TARGET_HIT,3,61.15,2.54,Yasho Industries Limited
YASHO,2025-11-12,2025-11-13,2025-11-13,1686.4,1627.38,-3.5,STOP_LOSS,1,69.28,4.12,Yasho Industries Limited
YASHO,2026-02-03,2026-02-04,2026-02-04,1375.2,1485.22,8.0,TARGET_HIT,1,73.69,4.46,Yasho Industries Limited
YUKEN,2025-07-08,2025-07-09,2025-07-15,1124.1,1084.76,-3.5,STOP_LOSS,5,61.78,2.88,Yuken India Limited
ZFCVINDIA,2025-05-30,2025-06-02,2025-06-13,13412.0,13393.0,-0.14,TIME_EXIT,10,67.24,3.01,ZF Commercial Vehicle Control Systems India Limited
ZFCVINDIA,2025-08-05,2025-08-06,2025-08-08,13605.0,13128.82,-3.5,STOP_LOSS,3,69.91,2.61,ZF Commercial Vehicle Control Systems India Limited
ZFCVINDIA,2025-08-06,2025-08-07,2025-08-08,13649.0,13171.28,-3.5,STOP_LOSS,2,77.12,4.72,ZF Commercial Vehicle Control Systems India Limited
ZFCVINDIA,2026-06-23,2026-06-24,2026-06-24,2814.0,2715.51,-3.5,STOP_LOSS,1,58.67,5.22,ZF Commercial Vehicle Control Systems India Limited
ZODIAC,2025-11-06,2025-11-07,2025-11-07,397.9,383.97,-3.5,STOP_LOSS,1,56.22,2.88,Zodiac Energy Limited
ZODIACLOTH,2024-12-06,2024-12-09,2024-12-11,137.0,147.96,8.0,TARGET_HIT,3,67.02,12.45,Zodiac Clothing Company Limited
ZOTA,2024-12-03,2024-12-04,2024-12-13,624.0,673.92,8.0,TARGET_HIT,8,67.34,3.52,Zota Health Care LImited
ZOTA,2024-12-10,2024-12-11,2024-12-16,654.7,707.08,8.0,TARGET_HIT,4,70.84,2.11,Zota Health Care LImited
ZOTA,2026-06-22,2026-06-23,2026-07-06,1398.0,1420.9,1.64,TIME_EXIT,10,66.24,2.05,Zota Health Care LImited
ZOTA,2026-06-23,2026-06-24,2026-07-07,1375.0,1401.7,1.94,TIME_EXIT,10,57.56,2.32,Zota Health Care LImited
