symbol,signal_date,entry_date,exit_date,entry_price,exit_price,ret_pct,exit_reason,holding_days,deliv_per,deliv_spike_x,company_name
3MINDIA,2025-03-28,2025-04-01,2025-04-07,28701.0,27696.46,-3.5,STOP_LOSS,5,67.67,2.9,3M India Limited
3MINDIA,2025-11-03,2025-11-04,2025-11-04,33060.0,35704.8,8.0,TARGET_HIT,1,73.22,13.86,3M India Limited
AADHARHFC,2026-01-30,2026-02-02,2026-02-13,479.9,466.65,-2.76,TIME_EXIT,10,67.47,2.54,Aadhar Housing Finance Limited
AADHARHFC,2026-06-19,2026-06-22,2026-06-22,516.0,497.94,-3.5,STOP_LOSS,1,69.63,9.21,Aadhar Housing Finance Limited
AARTIPHARM,2025-09-19,2025-09-22,2025-09-23,924.6,892.24,-3.5,STOP_LOSS,2,69.84,21.1,Aarti Pharmalabs Limited
AAVAS,2025-05-30,2025-06-02,2025-06-13,1838.0,1850.5,0.68,TIME_EXIT,10,68.4,3.47,Aavas Financiers Limited
AAVAS,2025-11-24,2025-11-25,2025-11-26,1651.1,1593.31,-3.5,STOP_LOSS,2,72.61,5.43,Aavas Financiers Limited
AAVAS,2026-05-22,2026-05-25,2026-05-29,1399.9,1350.9,-3.5,STOP_LOSS,5,85.01,4.62,Aavas Financiers Limited
AAVAS,2026-05-26,2026-05-27,2026-05-29,1390.0,1341.35,-3.5,STOP_LOSS,3,86.25,4.51,Aavas Financiers Limited
ABB,2025-12-19,2025-12-22,2026-01-02,5180.5,5205.5,0.48,TIME_EXIT,10,74.59,3.02,ABB India Limited
ABBOTINDIA,2025-06-05,2025-06-06,2025-06-19,31850.0,31030.0,-2.57,TIME_EXIT,10,76.85,4.9,Abbott India Limited
ABCAPITAL,2025-06-20,2025-06-23,2025-07-01,258.8,279.5,8.0,TARGET_HIT,7,70.74,3.78,Aditya Birla Capital Limited
ABCAPITAL,2026-02-25,2026-02-26,2026-02-27,354.0,341.61,-3.5,STOP_LOSS,2,66.27,3.38,Aditya Birla Capital Limited
ABCOTS,2026-06-22,2026-06-23,2026-06-24,246.5,237.87,-3.5,STOP_LOSS,2,85.32,5.63,A B Cotspin India Limited
ABFRL,2025-12-23,2025-12-24,2025-12-29,79.06,76.29,-3.5,STOP_LOSS,4,76.16,5.64,Aditya Birla Fashion and Retail Limited
ABINFRA,2026-02-05,2026-02-06,2026-02-09,20.77,20.04,-3.5,STOP_LOSS,2,82.28,5.86,A B Infrabuild Limited
ABINFRA,2026-02-18,2026-02-19,2026-02-23,21.28,20.54,-3.5,STOP_LOSS,3,80.46,8.3,A B Infrabuild Limited
ABINFRA,2026-02-20,2026-02-23,2026-02-23,23.56,22.74,-3.5,STOP_LOSS,1,72.35,4.23,A B Infrabuild Limited
ABREL,2025-06-27,2025-06-30,2025-07-04,2397.6,2313.68,-3.5,STOP_LOSS,5,74.51,4.62,Aditya Birla Real Estate Limited
ABSLAMC,2025-05-16,2025-05-19,2025-05-30,707.95,747.05,5.52,TIME_EXIT,10,75.37,3.85,Aditya Birla Sun Life AMC Limited
ABSLAMC,2026-06-09,2026-06-10,2026-06-15,1065.0,1150.2,8.0,TARGET_HIT,4,83.01,5.28,Aditya Birla Sun Life AMC Limited
ABSLAMC,2026-06-15,2026-06-16,2026-06-17,1156.4,1115.93,-3.5,STOP_LOSS,2,66.37,2.52,Aditya Birla Sun Life AMC Limited
ABSLAMC,2026-09-11,2026-09-15,2026-09-15,1102.0,1063.43,-3.5,STOP_LOSS,1,66.37,2.66,Aditya Birla Sun Life AMC Limited
ACC,2025-11-24,2025-11-25,2025-12-04,1902.0,1835.43,-3.5,STOP_LOSS,8,74.2,27.36,ACC Limited
ACCELYA,2025-01-02,2025-01-03,2025-01-10,1539.0,1485.14,-3.5,STOP_LOSS,6,90.66,4.12,Accelya Solutions India Limited
ACCELYA,2025-04-02,2025-04-03,2025-04-07,1282.0,1237.13,-3.5,STOP_LOSS,3,89.63,4.47,Accelya Solutions India Limited
ACI,2024-11-25,2024-11-26,2024-11-27,720.0,694.8,-3.5,STOP_LOSS,2,65.94,3.03,Archean Chemical Industries Limited
ACI,2026-04-24,2026-04-27,2026-05-08,603.3,608.25,0.82,TIME_EXIT,10,73.78,4.03,Archean Chemical Industries Limited
ACI,2026-06-09,2026-06-10,2026-06-11,547.05,527.9,-3.5,STOP_LOSS,2,66.45,29.31,Archean Chemical Industries Limited
ACI,2026-07-15,2026-07-16,2026-07-21,550.0,594.0,8.0,TARGET_HIT,4,87.12,26.06,Archean Chemical Industries Limited
ACUTAAS,2025-06-20,2025-06-23,2025-06-24,1130.0,1090.45,-3.5,STOP_LOSS,2,75.71,3.34,Acutaas Chemicals Limited
ADANIENSOL,2025-12-19,2025-12-22,2026-01-02,988.25,1067.31,8.0,TARGET_HIT,10,70.01,3.87,Adani Energy Solutions Limited
ADANIPOWER,2026-04-06,2026-04-07,2026-04-10,163.0,176.04,8.0,TARGET_HIT,4,65.61,6.05,Adani Power Limited
ADFFOODS,2026-04-24,2026-04-27,2026-05-08,262.0,273.35,4.33,TIME_EXIT,10,68.05,7.85,ADF Foods Limited
AEGISVOPAK,2026-01-30,2026-02-02,2026-02-02,235.0,226.78,-3.5,STOP_LOSS,1,80.33,8.42,Aegis Vopak Terminals Limited
AEROPLANE,2026-09-07,2026-09-08,2026-09-16,197.0,190.1,-3.5,STOP_LOSS,7,71.03,2.71,Amir Chand Jagdish Kumar (Exports) Limited
AETHER,2025-07-04,2025-07-07,2025-07-18,778.8,822.6,5.62,TIME_EXIT,10,65.41,4.4,Aether Industries Limited
AETHER,2025-09-29,2025-09-30,2025-10-14,757.0,745.05,-1.58,TIME_EXIT,10,93.7,13.74,Aether Industries Limited
AETHER,2026-03-06,2026-03-09,2026-03-11,966.45,1043.77,8.0,TARGET_HIT,3,66.15,7.89,Aether Industries Limited
AFFLE,2025-06-25,2025-06-26,2025-07-09,1952.0,1989.8,1.94,TIME_EXIT,10,82.99,2.98,Affle 3i Limited
AFFLE,2025-12-19,2025-12-22,2026-01-02,1740.0,1782.7,2.45,TIME_EXIT,10,67.46,3.6,Affle 3i Limited
AGARWALEYE,2025-06-19,2025-06-20,2025-06-23,407.0,392.76,-3.5,STOP_LOSS,2,65.74,2.67,Dr. Agarwal's Health Care Limited
AGARWALEYE,2025-09-23,2025-09-24,2025-09-29,463.0,500.04,8.0,TARGET_HIT,4,87.37,4.12,Dr. Agarwal's Health Care Limited
AGI,2026-06-12,2026-06-15,2026-06-16,653.0,705.24,8.0,TARGET_HIT,2,66.52,3.16,AGI Greenpac Limited
AGIIL,2024-10-31,2024-11-01,2024-11-01,1175.0,1269.0,8.0,TARGET_HIT,1,73.7,24.09,Agi Infra Limited
AGIIL,2024-11-19,2024-11-21,2024-11-22,1640.0,1582.6,-3.5,STOP_LOSS,2,66.39,2.61,Agi Infra Limited
AGIIL,2025-05-05,2025-05-06,2025-05-07,871.0,840.52,-3.5,STOP_LOSS,2,71.07,4.78,Agi Infra Limited
AGIIL,2025-05-21,2025-05-22,2025-05-26,897.0,865.6,-3.5,STOP_LOSS,3,67.87,2.75,Agi Infra Limited
AGIIL,2025-09-18,2025-09-19,2025-09-23,1188.0,1146.42,-3.5,STOP_LOSS,3,73.0,5.91,Agi Infra Limited
AIAENG,2025-01-20,2025-01-21,2025-02-03,3535.0,3646.75,3.16,TIME_EXIT,10,77.56,5.19,AIA Engineering Limited
AIAENG,2025-01-29,2025-01-30,2025-02-12,3650.0,3522.25,-3.5,STOP_LOSS,10,84.66,3.21,AIA Engineering Limited
AIAENG,2025-01-31,2025-02-03,2025-02-12,3657.0,3529.0,-3.5,STOP_LOSS,8,89.99,3.6,AIA Engineering Limited
AIAENG,2026-04-15,2026-04-16,2026-04-29,3950.0,3937.2,-0.32,TIME_EXIT,10,80.77,3.95,AIA Engineering Limited
AIIL,2025-03-19,2025-03-20,2025-03-28,1550.0,1674.0,8.0,TARGET_HIT,7,80.59,3.28,Authum Investment & Infrastructure Limited
AIIL,2025-04-21,2025-04-22,2025-04-25,1834.6,1770.39,-3.5,STOP_LOSS,4,79.5,5.42,Authum Investment & Infrastructure Limited
AIIL,2025-04-22,2025-04-23,2025-04-24,1880.5,1814.68,-3.5,STOP_LOSS,2,79.68,10.17,Authum Investment & Infrastructure Limited
AIIL,2025-08-26,2025-08-28,2025-09-04,3129.0,3019.48,-3.5,STOP_LOSS,6,69.67,4.56,Authum Investment & Infrastructure Limited
AIIL,2026-05-20,2026-05-21,2026-05-25,511.7,493.79,-3.5,STOP_LOSS,3,70.69,3.85,Authum Investment & Infrastructure Limited
AJANTPHARM,2024-10-08,2024-10-09,2024-10-10,3426.4,3306.48,-3.5,STOP_LOSS,2,68.91,2.77,Ajanta Pharma Limited
AJANTPHARM,2025-12-22,2025-12-23,2026-01-01,2724.8,2942.78,8.0,TARGET_HIT,8,69.9,3.28,Ajanta Pharma Limited
AJANTPHARM,2026-02-23,2026-02-24,2026-03-02,2988.5,2883.9,-3.5,STOP_LOSS,5,75.55,2.83,Ajanta Pharma Limited
AJAXENGG,2026-04-21,2026-04-22,2026-05-05,515.0,533.4,3.57,TIME_EXIT,10,70.27,3.27,Ajax Engineering Limited
AJAXENGG,2026-04-23,2026-04-24,2026-04-27,535.0,516.28,-3.5,STOP_LOSS,2,67.75,2.68,Ajax Engineering Limited
AJAXENGG,2026-05-29,2026-06-01,2026-06-08,592.95,572.2,-3.5,STOP_LOSS,6,77.27,4.17,Ajax Engineering Limited
AKUMS,2025-05-14,2025-05-15,2025-05-20,524.75,566.73,8.0,TARGET_HIT,4,76.39,2.89,Akums Drugs and Pharmaceuticals Limited
ALIVUS,2026-04-06,2026-04-07,2026-04-15,1005.6,1086.05,8.0,TARGET_HIT,7,65.67,4.5,Alivus Life Sciences Limited
ALIVUS,2026-07-02,2026-07-03,2026-07-08,1165.0,1124.22,-3.5,STOP_LOSS,4,72.56,3.58,Alivus Life Sciences Limited
ALKEM,2025-09-11,2025-09-12,2025-09-25,5393.5,5508.0,2.12,TIME_EXIT,10,84.74,3.72,Alkem Laboratories Limited
ALKEM,2025-09-19,2025-09-22,2025-09-26,5559.0,5364.44,-3.5,STOP_LOSS,5,73.32,2.54,Alkem Laboratories Limited
ALKEM,2026-01-22,2026-01-23,2026-02-02,5785.0,5582.52,-3.5,STOP_LOSS,7,76.82,2.53,Alkem Laboratories Limited
ALKEM,2026-07-03,2026-07-06,2026-07-17,5600.0,5563.0,-0.66,TIME_EXIT,10,69.44,4.42,Alkem Laboratories Limited
ALLCARGO,2025-11-10,2025-11-11,2025-11-11,35.59,34.34,-3.5,STOP_LOSS,1,72.37,3.17,Allcargo Logistics Limited
AMAGI,2026-04-20,2026-04-21,2026-04-28,362.0,390.96,8.0,TARGET_HIT,6,72.26,3.7,Amagi Media Labs Limited
AMBUJACEM,2025-04-09,2025-04-11,2025-04-28,553.75,544.95,-1.59,TIME_EXIT,10,66.93,2.62,Ambuja Cements Limited
ANANDRATHI,2026-08-06,2026-08-07,2026-08-20,2081.5,2171.1,4.3,TIME_EXIT,10,66.55,4.26,Anand Rathi Wealth Limited
ANTHEM,2026-04-08,2026-04-09,2026-04-10,688.05,743.09,8.0,TARGET_HIT,2,85.79,4.14,Anthem Biosciences Limited
ANTHEM,2026-04-27,2026-04-28,2026-05-11,775.05,784.2,1.18,TIME_EXIT,10,70.81,2.73,Anthem Biosciences Limited
ANURAS,2025-07-30,2025-07-31,2025-08-08,1148.9,1108.69,-3.5,STOP_LOSS,7,74.56,2.59,Anupam Rasayan India Limited
ANURAS,2025-11-19,2025-11-20,2025-11-21,1113.9,1203.01,8.0,TARGET_HIT,2,71.15,7.29,Anupam Rasayan India Limited
APLLTD,2026-03-25,2026-03-27,2026-03-27,694.0,669.71,-3.5,STOP_LOSS,1,76.31,3.76,Alembic Pharmaceuticals Limited
APLLTD,2026-05-04,2026-05-05,2026-05-18,767.0,740.16,-3.5,STOP_LOSS,10,88.52,13.84,Alembic Pharmaceuticals Limited
APLLTD,2026-05-06,2026-05-07,2026-05-12,795.0,767.18,-3.5,STOP_LOSS,4,79.05,5.16,Alembic Pharmaceuticals Limited
APOLLOPIPE,2026-08-04,2026-08-05,2026-08-07,533.85,515.17,-3.5,STOP_LOSS,3,67.65,6.58,Apollo Pipes Limited
APOLLOTYRE,2026-08-21,2026-08-24,2026-08-24,465.05,448.77,-3.5,STOP_LOSS,1,72.15,2.94,Apollo Tyres Limited
APTECHT,2025-05-23,2025-05-26,2025-05-30,166.6,160.77,-3.5,STOP_LOSS,5,80.65,6.6,Aptech Limited
APTUS,2025-04-21,2025-04-22,2025-04-30,335.0,323.27,-3.5,STOP_LOSS,7,77.26,6.12,Aptus Value Housing Finance India Limited
APTUS,2025-07-08,2025-07-09,2025-07-22,336.8,346.5,2.88,TIME_EXIT,10,69.52,2.81,Aptus Value Housing Finance India Limited
ARFIN,2025-09-10,2025-09-11,2025-12-22,41.81,45.15,8.0,TARGET_HIT,4,68.3,3.8,Arfin India Limited
ARFIN,2026-01-05,2026-01-06,2026-01-12,76.0,82.08,8.0,TARGET_HIT,5,71.15,3.26,Arfin India Limited
ARIHANTSUP,2024-12-09,2024-12-10,2024-12-13,440.0,475.2,8.0,TARGET_HIT,4,68.02,6.8,Arihant Superstructures Limited
ARIHANTSUP,2025-03-25,2025-03-26,2025-03-28,407.0,392.76,-3.5,STOP_LOSS,3,68.99,5.87,Arihant Superstructures Limited
ARTEMISMED,2024-10-14,2024-10-15,2024-10-18,287.0,276.96,-3.5,STOP_LOSS,4,66.29,3.45,Artemis Medicare Services Limited
ARTEMISMED,2025-11-17,2025-11-18,2025-11-24,284.59,274.63,-3.5,STOP_LOSS,5,66.04,2.79,Artemis Medicare Services Limited
ARVIND,2024-11-29,2024-12-02,2024-12-09,374.95,404.95,8.0,TARGET_HIT,6,72.28,4.17,Arvind Limited
ARVIND,2025-03-06,2025-03-07,2025-03-10,355.0,342.58,-3.5,STOP_LOSS,2,65.05,2.65,Arvind Limited
ARVINDFASN,2024-10-09,2024-10-10,2024-10-22,600.8,579.77,-3.5,STOP_LOSS,9,68.91,7.04,Arvind Fashions Limited
ARVINDFASN,2025-06-03,2025-06-04,2025-06-17,466.75,493.25,5.68,TIME_EXIT,10,84.93,3.99,Arvind Fashions Limited
ARVINDFASN,2026-04-02,2026-04-06,2026-04-10,435.7,470.56,8.0,TARGET_HIT,5,75.72,3.15,Arvind Fashions Limited
ARVINDFASN,2026-04-02,2026-04-06,2026-04-10,435.7,470.56,8.0,TARGET_HIT,5,75.72,2.51,Arvind Fashions Limited
ARVSMART,2025-06-06,2025-06-09,2025-06-13,706.0,681.29,-3.5,STOP_LOSS,5,81.06,28.96,Arvind SmartSpaces Limited
ASHOKLEY,2025-12-30,2025-12-31,2026-01-13,178.48,185.7,4.05,TIME_EXIT,10,65.82,6.69,Ashok Leyland Limited
ASIANTILES,2025-12-17,2025-12-18,2025-12-19,64.0,69.12,8.0,TARGET_HIT,2,69.85,5.0,Asian Granito India Limited
ASIANTILES,2026-04-27,2026-04-28,2026-04-28,78.5,75.75,-3.5,STOP_LOSS,1,67.51,3.25,Asian Granito India Limited
ASKAUTOLTD,2025-03-28,2025-04-01,2025-04-03,450.0,434.25,-3.5,STOP_LOSS,3,81.36,4.23,ASK Automotive Limited
ASTRAL,2024-11-25,2024-11-26,2024-12-09,1792.0,1850.55,3.27,TIME_EXIT,10,71.28,2.56,Astral Limited
ASTRAL,2025-02-05,2025-02-06,2025-02-07,1521.0,1467.76,-3.5,STOP_LOSS,2,77.42,3.88,Astral Limited
ASTRAMICRO,2025-04-15,2025-04-16,2025-04-21,750.0,810.0,8.0,TARGET_HIT,3,65.04,3.88,Astra Microwave Products Limited
ATGL,2025-03-27,2025-03-28,2025-04-01,615.3,593.76,-3.5,STOP_LOSS,2,65.09,16.4,Adani Total Gas Limited
ATUL,2025-05-22,2025-05-23,2025-05-27,7225.5,6972.61,-3.5,STOP_LOSS,3,65.37,5.38,Atul Limited
ATUL,2025-11-17,2025-11-18,2025-11-25,6089.0,5875.88,-3.5,STOP_LOSS,6,90.96,19.26,Atul Limited
ATUL,2025-12-23,2025-12-24,2026-01-06,6051.0,6182.5,2.17,TIME_EXIT,10,73.54,4.18,Atul Limited
AUBANK,2025-06-02,2025-06-03,2025-06-12,725.0,783.0,8.0,TARGET_HIT,8,70.71,3.75,AU Small Finance Bank Limited
AUBANK,2026-04-23,2026-04-24,2026-04-28,1058.7,1021.65,-3.5,STOP_LOSS,3,66.34,3.95,AU Small Finance Bank Limited
AURIONPRO,2024-10-10,2024-10-11,2024-10-23,1698.0,1638.57,-3.5,STOP_LOSS,9,86.82,5.96,Aurionpro Solutions Limited
AURIONPRO,2024-11-25,2024-11-26,2024-12-02,1650.0,1592.25,-3.5,STOP_LOSS,5,77.11,2.7,Aurionpro Solutions Limited
AVALON,2026-02-03,2026-02-04,2026-02-05,1014.05,978.56,-3.5,STOP_LOSS,2,75.74,4.09,Avalon Technologies Limited
AVL,2024-12-18,2024-12-19,2024-12-27,501.05,541.13,8.0,TARGET_HIT,7,71.04,2.66,Aditya Vision Limited
AVL,2025-01-08,2025-01-09,2025-01-09,514.2,496.2,-3.5,STOP_LOSS,1,89.24,4.26,Aditya Vision Limited
AVL,2025-02-28,2025-03-03,2025-03-03,434.4,419.2,-3.5,STOP_LOSS,1,69.87,4.44,Aditya Vision Limited
AVL,2025-03-05,2025-03-06,2025-03-07,465.0,448.72,-3.5,STOP_LOSS,2,94.55,9.41,Aditya Vision Limited
AVL,2025-03-27,2025-03-28,2025-04-04,454.0,438.11,-3.5,STOP_LOSS,5,68.33,3.98,Aditya Vision Limited
AVL,2025-04-02,2025-04-03,2025-04-04,445.0,429.42,-3.5,STOP_LOSS,2,95.11,7.2,Aditya Vision Limited
AVL,2026-05-04,2026-05-05,2026-05-11,548.0,528.82,-3.5,STOP_LOSS,5,76.15,3.43,Aditya Vision Limited
AVL,2026-09-09,2026-09-10,2026-09-10,619.0,597.34,-3.5,STOP_LOSS,1,68.47,4.82,Aditya Vision Limited
AWFIS,2025-02-04,2025-02-05,2025-02-10,706.45,681.72,-3.5,STOP_LOSS,4,71.88,2.94,Awfis Space Solutions Limited
AWFIS,2025-04-22,2025-04-23,2025-04-25,681.0,657.16,-3.5,STOP_LOSS,3,69.2,3.11,Awfis Space Solutions Limited
AWL,2025-05-30,2025-06-02,2025-06-13,268.95,266.2,-1.02,TIME_EXIT,10,68.46,13.37,AWL Agri Business Limited
AXISBANK,2025-09-23,2025-09-24,2025-09-29,1168.0,1127.12,-3.5,STOP_LOSS,4,74.55,2.86,Axis Bank Limited
BAJAJCON,2026-01-13,2026-01-14,2026-01-20,283.15,273.24,-3.5,STOP_LOSS,5,74.32,2.67,Bajaj Consumer Care Limited
BAJAJFINSV,2025-03-17,2025-03-18,2025-03-18,1900.0,1833.5,-3.5,STOP_LOSS,1,67.5,5.65,Bajaj Finserv Limited
BAJAJHFL,2026-06-09,2026-06-10,2026-06-22,84.0,90.72,8.0,TARGET_HIT,9,75.91,2.88,Bajaj Housing Finance Limited
BAJAJHLDNG,2025-07-24,2025-07-25,2025-07-28,14150.0,13654.75,-3.5,STOP_LOSS,2,86.64,5.93,Bajaj Holdings & Investment Limited
BAJAJHLDNG,2026-06-22,2026-06-23,2026-06-24,10920.0,10537.8,-3.5,STOP_LOSS,2,69.06,3.21,Bajaj Holdings & Investment Limited
BAJFINANCE,2025-03-12,2025-03-13,2025-03-25,8500.0,9180.0,8.0,TARGET_HIT,8,75.59,2.78,Bajaj Finance Limited
BALAXI,2025-04-03,2025-04-04,2025-04-04,68.99,66.58,-3.5,STOP_LOSS,1,92.49,30.55,BALAXI PHARMACEUTICALS LIMITED
BALKRISIND,2024-11-29,2024-12-02,2024-12-13,2775.0,2854.85,2.88,TIME_EXIT,10,80.46,2.83,Balkrishna Industries Limited
BALKRISIND,2025-07-01,2025-07-02,2025-07-15,2484.0,2672.0,7.57,TIME_EXIT,10,86.9,5.4,Balkrishna Industries Limited
BALKRISIND,2026-01-05,2026-01-06,2026-01-19,2399.5,2431.6,1.34,TIME_EXIT,10,73.12,2.9,Balkrishna Industries Limited
BALKRISIND,2026-01-14,2026-01-16,2026-01-29,2438.5,2353.15,-3.5,STOP_LOSS,10,83.99,3.74,Balkrishna Industries Limited
BALKRISIND,2026-01-14,2026-01-16,2026-01-29,2438.5,2353.15,-3.5,STOP_LOSS,10,83.99,2.88,Balkrishna Industries Limited
BALKRISIND,2026-04-08,2026-04-09,2026-04-22,2200.0,2309.7,4.99,TIME_EXIT,10,71.84,2.72,Balkrishna Industries Limited
BALKRISIND,2026-07-09,2026-07-10,2026-07-15,2220.0,2142.3,-3.5,STOP_LOSS,4,76.15,2.73,Balkrishna Industries Limited
BALRAMCHIN,2025-10-28,2025-10-29,2025-11-04,471.95,455.43,-3.5,STOP_LOSS,5,83.01,10.33,Balrampur Chini Mills Limited
BANSALWIRE,2024-11-07,2024-11-08,2024-11-08,427.0,412.06,-3.5,STOP_LOSS,1,75.13,4.21,Bansal Wire Industries Limited
BANSALWIRE,2025-04-22,2025-04-23,2025-04-28,375.7,362.55,-3.5,STOP_LOSS,4,85.28,6.08,Bansal Wire Industries Limited
BANSWRAS,2025-03-05,2025-03-06,2025-03-10,135.55,130.81,-3.5,STOP_LOSS,3,94.75,9.98,Banswara Syntex Limited
BASF,2024-09-27,2024-09-30,2024-09-30,7399.0,7140.04,-3.5,STOP_LOSS,1,65.05,5.34,BASF India Limited
BASF,2026-06-22,2026-06-23,2026-07-06,3628.0,3640.8,0.35,TIME_EXIT,10,71.31,7.29,BASF India Limited
BAYERCROP,2024-10-01,2024-10-03,2024-10-04,6600.0,6369.0,-3.5,STOP_LOSS,2,81.85,4.01,Bayer Cropscience Limited
BAYERCROP,2024-10-01,2024-10-03,2024-10-04,6600.0,6369.0,-3.5,STOP_LOSS,2,81.85,3.04,Bayer Cropscience Limited
BAYERCROP,2024-11-04,2024-11-05,2024-11-11,6720.0,6484.8,-3.5,STOP_LOSS,5,70.29,4.4,Bayer Cropscience Limited
BAYERCROP,2025-04-16,2025-04-17,2025-04-30,4899.5,4728.02,-3.5,STOP_LOSS,9,72.26,2.56,Bayer Cropscience Limited
BAYERCROP,2025-06-27,2025-06-30,2025-07-11,6148.0,6196.0,0.78,TIME_EXIT,10,75.12,8.56,Bayer Cropscience Limited
BAYERCROP,2025-09-19,2025-09-22,2025-09-23,5346.0,5158.89,-3.5,STOP_LOSS,2,69.62,9.57,Bayer Cropscience Limited
BAYERCROP,2026-07-16,2026-07-17,2026-07-30,4230.0,4226.5,-0.08,TIME_EXIT,10,69.44,3.22,Bayer Cropscience Limited
BBL,2026-06-22,2026-06-23,2026-06-25,2922.0,2819.73,-3.5,STOP_LOSS,3,72.19,7.72,Bharat Bijlee Limited
BBOX,2025-01-20,2025-01-21,2025-01-21,658.0,634.97,-3.5,STOP_LOSS,1,87.55,6.16,Black Box Limited
BECTORFOOD,2024-11-27,2024-11-28,2024-12-04,1788.0,1931.04,8.0,TARGET_HIT,5,81.5,2.6,Mrs. Bectors Food Specialities Limited
BECTORFOOD,2025-02-04,2025-02-05,2025-02-05,1549.0,1494.78,-3.5,STOP_LOSS,1,73.65,2.87,Mrs. Bectors Food Specialities Limited
BECTORFOOD,2026-06-15,2026-06-16,2026-06-29,185.9,179.39,-3.5,STOP_LOSS,10,87.91,3.7,Mrs. Bectors Food Specialities Limited
BEL,2024-09-27,2024-09-30,2024-10-01,293.45,283.18,-3.5,STOP_LOSS,2,78.3,14.2,Bharat Electronics Limited
BEL,2025-06-20,2025-06-23,2025-07-04,411.0,427.55,4.03,TIME_EXIT,10,78.96,10.28,Bharat Electronics Limited
BERGEPAINT,2025-06-27,2025-06-30,2025-07-11,582.0,572.55,-1.62,TIME_EXIT,10,67.62,3.08,Berger Paints (I) Limited
BHARATFORG,2025-09-29,2025-09-30,2025-10-14,1203.9,1222.9,1.58,TIME_EXIT,10,68.57,11.1,Bharat Forge Limited
BHARATFORG,2026-06-29,2026-06-30,2026-07-13,2114.1,2145.6,1.49,TIME_EXIT,10,67.38,7.65,Bharat Forge Limited
BHARATWIRE,2025-11-03,2025-11-04,2025-11-06,213.15,205.69,-3.5,STOP_LOSS,3,73.27,6.09,Bharat Wire Ropes Limited
BHARTIARTL,2025-06-20,2025-06-23,2025-07-04,1930.0,2017.2,4.52,TIME_EXIT,10,76.44,2.94,Bharti Airtel Limited
BHARTIARTL,2025-09-19,2025-09-22,2025-09-30,1954.0,1885.61,-3.5,STOP_LOSS,7,68.28,3.23,Bharti Airtel Limited
BHARTIARTL,2026-06-19,2026-06-22,2026-06-25,1915.8,1848.75,-3.5,STOP_LOSS,4,77.05,3.1,Bharti Airtel Limited
BHARTIHEXA,2024-10-14,2024-10-15,2024-10-22,1497.5,1445.09,-3.5,STOP_LOSS,6,67.17,3.31,Bharti Hexacom Limited
BHARTIHEXA,2025-03-24,2025-03-25,2025-03-28,1396.7,1508.44,8.0,TARGET_HIT,4,68.53,2.93,Bharti Hexacom Limited
BHARTIHEXA,2025-04-08,2025-04-09,2025-04-15,1425.0,1539.0,8.0,TARGET_HIT,3,87.45,3.8,Bharti Hexacom Limited
BHARTIHEXA,2026-04-29,2026-04-30,2026-05-11,1525.1,1471.72,-3.5,STOP_LOSS,8,79.22,4.0,Bharti Hexacom Limited
BHEL,2026-06-29,2026-06-30,2026-07-02,414.55,400.04,-3.5,STOP_LOSS,3,67.16,6.86,Bharat Heavy Electricals Limited
BIKAJI,2025-08-20,2025-08-21,2025-08-22,795.0,767.18,-3.5,STOP_LOSS,2,66.86,7.93,Bikaji Foods International Limited
BIKAJI,2025-08-25,2025-08-26,2025-08-28,799.0,771.04,-3.5,STOP_LOSS,2,75.13,4.61,Bikaji Foods International Limited
BIKAJI,2026-04-15,2026-04-16,2026-04-23,647.0,698.76,8.0,TARGET_HIT,6,86.16,8.34,Bikaji Foods International Limited
BIKAJI,2026-04-21,2026-04-22,2026-05-05,664.0,680.0,2.41,TIME_EXIT,10,82.41,6.39,Bikaji Foods International Limited
BIOCON,2025-11-03,2025-11-04,2025-11-12,378.0,408.24,8.0,TARGET_HIT,7,70.69,3.67,Biocon Limited
BIRLACORPN,2025-05-12,2025-05-13,2025-05-19,1311.9,1416.85,8.0,TARGET_HIT,5,90.65,9.77,Birla Corporation Limited
BIRLACORPN,2025-07-02,2025-07-03,2025-07-16,1353.0,1403.1,3.7,TIME_EXIT,10,73.03,6.57,Birla Corporation Limited
BLACKBUCK,2025-02-10,2025-02-11,2025-02-11,519.0,500.84,-3.5,STOP_LOSS,1,65.04,5.09,BLACKBUCK LIMITED
BLACKBUCK,2025-03-27,2025-03-28,2025-04-01,429.95,414.9,-3.5,STOP_LOSS,2,75.43,3.05,BLACKBUCK LIMITED
BLACKBUCK,2025-05-26,2025-05-27,2025-05-27,468.85,452.44,-3.5,STOP_LOSS,1,82.81,6.53,BLACKBUCK LIMITED
BLACKBUCK,2025-07-25,2025-07-28,2025-08-01,464.95,448.68,-3.5,STOP_LOSS,5,70.09,3.58,BLACKBUCK LIMITED
BLACKBUCK,2026-03-20,2026-03-23,2026-03-23,609.05,587.73,-3.5,STOP_LOSS,1,65.98,9.91,BLACKBUCK LIMITED
BLACKBUCK,2026-06-19,2026-06-22,2026-06-23,581.9,561.53,-3.5,STOP_LOSS,2,66.95,3.9,BLACKBUCK LIMITED
BLSE,2026-06-29,2026-06-30,2026-07-01,234.7,253.48,8.0,TARGET_HIT,2,70.42,4.48,BLS E-Services Limited
BLUEDART,2026-07-31,2026-08-03,2026-08-03,5560.0,5365.4,-3.5,STOP_LOSS,1,66.19,4.6,Blue Dart Express Limited
BLUESTARCO,2025-09-22,2025-09-23,2025-09-24,1996.0,1926.14,-3.5,STOP_LOSS,2,68.49,3.56,Blue Star Limited
BLUESTONE,2026-03-17,2026-03-18,2026-03-23,538.9,520.04,-3.5,STOP_LOSS,4,68.58,4.51,BlueStone Jewellery and Lifestyle Limited
BLUESTONE,2026-03-18,2026-03-19,2026-03-23,532.0,513.38,-3.5,STOP_LOSS,3,66.44,3.54,BlueStone Jewellery and Lifestyle Limited
BOSCH-HCIL,2026-07-31,2026-08-03,2026-08-05,1398.0,1509.84,8.0,TARGET_HIT,3,67.23,14.16,BOSCH HOME COMFORT INDIA LIMITED
BOSCH-HCIL,2026-08-05,2026-08-06,2026-08-06,1541.2,1664.5,8.0,TARGET_HIT,1,68.67,4.51,BOSCH HOME COMFORT INDIA LIMITED
BOSCHLTD,2025-06-26,2025-06-27,2025-07-04,32490.0,35089.2,8.0,TARGET_HIT,6,65.05,3.28,Bosch Limited
BPCL,2025-03-27,2025-03-28,2025-04-07,276.99,267.3,-3.5,STOP_LOSS,6,80.31,16.65,Bharat Petroleum Corporation Limited
BPCL,2025-10-15,2025-10-16,2025-10-29,338.95,348.1,2.7,TIME_EXIT,10,65.93,3.06,Bharat Petroleum Corporation Limited
BRIGADE,2024-12-16,2024-12-17,2024-12-19,1289.0,1243.88,-3.5,STOP_LOSS,3,73.62,2.56,Brigade Enterprises Limited
BRIGADE,2025-07-17,2025-07-18,2025-07-21,1136.8,1097.01,-3.5,STOP_LOSS,2,71.22,2.54,Brigade Enterprises Limited
BUILDPRO,2026-03-06,2026-03-09,2026-03-09,1000.0,965.0,-3.5,STOP_LOSS,1,82.71,6.8,Shankara Buildpro Limited
BUILDPRO,2026-05-07,2026-05-08,2026-05-08,1146.0,1105.89,-3.5,STOP_LOSS,1,80.07,5.14,Shankara Buildpro Limited
BUILDPRO,2026-07-06,2026-07-07,2026-07-07,1035.5,999.26,-3.5,STOP_LOSS,1,74.09,10.06,Shankara Buildpro Limited
CAMLINFINE,2026-02-03,2026-02-04,2026-02-04,174.0,187.92,8.0,TARGET_HIT,1,65.43,8.12,Camlin Fine Sciences Limited
CAMPUS,2026-02-10,2026-02-11,2026-02-12,283.45,273.53,-3.5,STOP_LOSS,2,82.81,5.35,Campus Activewear Limited
CANBK,2024-09-27,2024-09-30,2024-10-03,113.0,109.04,-3.5,STOP_LOSS,4,67.64,7.2,Canara Bank
CANBK,2025-12-30,2025-12-31,2026-01-12,154.03,148.64,-3.5,STOP_LOSS,9,65.78,5.59,Canara Bank
CANFINHOME,2025-08-20,2025-08-21,2025-08-26,787.95,760.37,-3.5,STOP_LOSS,4,93.1,7.14,Can Fin Homes Limited
CANFINHOME,2025-10-01,2025-10-03,2025-10-16,784.0,804.55,2.62,TIME_EXIT,10,78.63,2.71,Can Fin Homes Limited
CANHLIFE,2025-12-15,2025-12-16,2025-12-22,122.0,131.76,8.0,TARGET_HIT,5,89.49,4.45,Canara HSBC Life Insurance Company Limited
CANHLIFE,2026-02-11,2026-02-12,2026-02-25,150.58,149.98,-0.4,TIME_EXIT,10,77.49,3.13,Canara HSBC Life Insurance Company Limited
CANHLIFE,2026-04-15,2026-04-16,2026-04-21,146.99,141.85,-3.5,STOP_LOSS,4,71.94,3.31,Canara HSBC Life Insurance Company Limited
CANHLIFE,2026-07-02,2026-07-03,2026-07-13,141.82,153.17,8.0,TARGET_HIT,7,66.61,4.55,Canara HSBC Life Insurance Company Limited
CANHLIFE,2026-07-10,2026-07-13,2026-07-13,145.95,157.63,8.0,TARGET_HIT,1,88.84,3.89,Canara HSBC Life Insurance Company Limited
CANTABIL,2024-12-12,2024-12-13,2024-12-19,259.0,279.72,8.0,TARGET_HIT,5,68.1,10.21,Cantabil Retail India Limited
CANTABIL,2026-07-01,2026-07-02,2026-07-02,243.4,262.87,8.0,TARGET_HIT,1,81.52,3.38,Cantabil Retail India Limited
CAPACITE,2026-02-25,2026-02-26,2026-03-02,249.95,241.2,-3.5,STOP_LOSS,3,65.37,4.37,Capacit'e Infraprojects Limited
CAPILLARY,2026-07-03,2026-07-06,2026-07-07,513.6,495.62,-3.5,STOP_LOSS,2,77.7,2.7,Capillary Technologies India Limited
CAPITALSFB,2025-02-07,2025-02-10,2025-02-14,305.05,294.37,-3.5,STOP_LOSS,5,83.88,12.68,Capital Small Finance Bank Limited
CARBORUNIV,2025-04-21,2025-04-22,2025-04-25,1050.0,1013.25,-3.5,STOP_LOSS,4,72.62,2.69,Carborundum Universal Limited
CARBORUNIV,2026-02-11,2026-02-12,2026-02-16,845.0,815.42,-3.5,STOP_LOSS,3,88.77,2.6,Carborundum Universal Limited
CARBORUNIV,2026-04-17,2026-04-20,2026-04-30,939.3,951.75,1.33,TIME_EXIT,10,66.22,4.0,Carborundum Universal Limited
CARBORUNIV,2026-04-27,2026-04-28,2026-05-07,946.0,1021.68,8.0,TARGET_HIT,8,84.76,2.59,Carborundum Universal Limited
CARERATING,2026-04-17,2026-04-20,2026-04-24,1612.8,1556.35,-3.5,STOP_LOSS,5,82.12,6.44,CARE Ratings Limited
CARERATING,2026-04-20,2026-04-21,2026-04-24,1635.0,1577.78,-3.5,STOP_LOSS,4,80.06,3.59,CARE Ratings Limited
CARERATING,2026-07-27,2026-07-28,2026-08-10,1700.6,1732.5,1.88,TIME_EXIT,10,65.43,5.0,CARE Ratings Limited
CARERATING,2026-09-04,2026-09-07,2026-09-11,1738.1,1677.27,-3.5,STOP_LOSS,5,88.17,9.65,CARE Ratings Limited
CARRARO,2026-02-09,2026-02-10,2026-02-13,579.0,558.74,-3.5,STOP_LOSS,4,77.89,6.99,Carraro India Limited
CARRARO,2026-05-21,2026-05-22,2026-05-27,579.95,559.65,-3.5,STOP_LOSS,4,66.01,3.38,Carraro India Limited
CARRARO,2026-08-28,2026-08-31,2026-09-01,557.8,538.28,-3.5,STOP_LOSS,2,80.62,8.41,Carraro India Limited
CARTRADE,2025-06-10,2025-06-11,2025-06-24,1635.0,1615.7,-1.18,TIME_EXIT,10,72.54,2.89,Cartrade Tech Limited
CASTROLIND,2025-10-15,2025-10-16,2025-10-17,205.0,197.82,-3.5,STOP_LOSS,2,71.76,3.93,Castrol India Limited
CASTROLIND,2026-09-04,2026-09-07,2026-09-18,191.8,197.14,2.78,TIME_EXIT,10,71.98,3.83,Castrol India Limited
CCCL,2025-08-22,2025-08-25,2025-08-25,18.51,17.86,-3.5,STOP_LOSS,1,79.72,35.38,Consolidated Construction Consortium Limited
CCL,2026-03-10,2026-03-11,2026-03-24,1045.7,1080.8,3.36,TIME_EXIT,10,79.42,5.16,CCL Products (India) Limited
CCL,2026-07-09,2026-07-10,2026-07-17,1222.0,1179.23,-3.5,STOP_LOSS,6,68.4,2.61,CCL Products (India) Limited
CEATLTD,2025-10-13,2025-10-14,2025-10-14,3599.0,3473.04,-3.5,STOP_LOSS,1,75.26,3.47,CEAT Limited
CEIGALL,2026-02-06,2026-02-09,2026-02-09,297.0,286.6,-3.5,STOP_LOSS,1,73.99,8.43,Ceigall India Limited
CEIGALL,2026-04-22,2026-04-23,2026-05-04,321.6,347.33,8.0,TARGET_HIT,8,68.82,3.75,Ceigall India Limited
CEIGALL,2026-05-05,2026-05-06,2026-05-08,349.1,377.03,8.0,TARGET_HIT,3,69.82,2.72,Ceigall India Limited
CELLO,2026-04-08,2026-04-09,2026-04-09,424.4,409.55,-3.5,STOP_LOSS,1,70.27,3.35,Cello World Limited
CENTUM,2025-11-17,2025-11-18,2025-11-21,2559.7,2470.11,-3.5,STOP_LOSS,4,70.07,6.77,Centum Electronics Limited
CENTURYPLY,2024-10-09,2024-10-10,2024-10-23,880.5,879.05,-0.16,TIME_EXIT,10,79.62,2.55,Century Plyboards (India) Limited
CENTURYPLY,2025-02-05,2025-02-06,2025-02-10,868.2,837.81,-3.5,STOP_LOSS,3,71.33,23.11,Century Plyboards (India) Limited
CGCL,2026-03-11,2026-03-12,2026-03-23,167.56,161.7,-3.5,STOP_LOSS,8,82.43,6.13,Capri Global Capital Limited
CGPOWER,2026-06-29,2026-06-30,2026-07-03,963.1,929.39,-3.5,STOP_LOSS,4,71.48,5.35,CG Power and Industrial Solutions Limited
CGPOWER,2026-08-31,2026-09-01,2026-09-02,901.95,870.38,-3.5,STOP_LOSS,2,68.92,2.52,CG Power and Industrial Solutions Limited
CHALET,2025-07-23,2025-07-24,2025-07-28,939.85,906.96,-3.5,STOP_LOSS,3,81.65,3.22,Chalet Hotels Limited
CHALET,2026-01-01,2026-01-02,2026-01-06,899.0,867.54,-3.5,STOP_LOSS,3,70.24,4.5,Chalet Hotels Limited
CHALET,2026-04-08,2026-04-09,2026-04-22,766.1,809.95,5.72,TIME_EXIT,10,77.06,3.14,Chalet Hotels Limited
CHALET,2026-05-06,2026-05-07,2026-05-11,796.0,768.14,-3.5,STOP_LOSS,3,71.25,6.58,Chalet Hotels Limited
CHEMPLASTS,2025-09-15,2025-09-16,2025-09-18,439.0,423.64,-3.5,STOP_LOSS,3,74.76,28.88,Chemplast Sanmar Limited
CHEMPLASTS,2025-10-27,2025-10-28,2025-11-04,403.7,389.57,-3.5,STOP_LOSS,6,87.52,7.15,Chemplast Sanmar Limited
CHEMPLASTS,2026-02-09,2026-02-10,2026-02-10,284.0,306.72,8.0,TARGET_HIT,1,70.27,11.08,Chemplast Sanmar Limited
CHEMPLASTS,2026-07-02,2026-07-03,2026-07-06,212.8,205.35,-3.5,STOP_LOSS,2,76.8,11.41,Chemplast Sanmar Limited
CHOLAFIN,2025-06-27,2025-06-30,2025-07-01,1656.0,1598.04,-3.5,STOP_LOSS,2,68.26,3.95,Cholamandalam Investment and Finance Company Limited
CHOLAHLDNG,2025-04-21,2025-04-22,2025-04-28,1970.0,1901.05,-3.5,STOP_LOSS,5,74.24,3.27,Cholamandalam Financial Holdings Limited
CHOLAHLDNG,2025-10-23,2025-10-24,2025-11-06,1905.5,2057.94,8.0,TARGET_HIT,10,69.22,3.42,Cholamandalam Financial Holdings Limited
CHOLAHLDNG,2025-12-24,2025-12-26,2025-12-29,1902.0,1835.43,-3.5,STOP_LOSS,2,80.32,3.24,Cholamandalam Financial Holdings Limited
CHOLAHLDNG,2025-12-24,2025-12-26,2025-12-29,1902.0,1835.43,-3.5,STOP_LOSS,2,80.32,2.53,Cholamandalam Financial Holdings Limited
CIEINDIA,2025-01-30,2025-01-31,2025-02-11,465.1,448.82,-3.5,STOP_LOSS,8,92.09,16.19,CIE Automotive India Limited
CIEINDIA,2026-01-22,2026-01-23,2026-02-05,413.0,430.1,4.14,TIME_EXIT,10,88.35,7.33,CIE Automotive India Limited
CIFL,2025-06-16,2025-06-17,2025-06-19,42.9,41.4,-3.5,STOP_LOSS,3,68.65,9.6,Capital India Finance Limited
CMSINFO,2026-06-22,2026-06-23,2026-06-25,303.25,292.64,-3.5,STOP_LOSS,3,82.96,3.65,CMS Info Systems Limited
CMSINFO,2026-08-03,2026-08-04,2026-08-11,275.4,265.76,-3.5,STOP_LOSS,6,65.23,2.76,CMS Info Systems Limited
COFORGE,2024-12-30,2024-12-31,2025-01-09,9700.05,9360.55,-3.5,STOP_LOSS,8,65.7,5.56,Coforge Limited
COHANCE,2025-07-17,2025-07-18,2025-07-23,1090.0,1051.85,-3.5,STOP_LOSS,4,84.22,3.41,Cohance Lifesciences Limited
COHANCE,2026-08-07,2026-08-10,2026-08-20,445.75,481.41,8.0,TARGET_HIT,9,75.82,5.65,Cohance Lifesciences Limited
COLPAL,2024-09-27,2024-09-30,2024-10-10,3780.0,3647.7,-3.5,STOP_LOSS,9,71.63,7.44,Colgate Palmolive (India) Limited
CPPLUS,2026-05-29,2026-06-01,2026-06-03,3074.7,3320.68,8.0,TARGET_HIT,3,68.7,5.77,Aditya Infotech Limited
CRAFTSMAN,2025-02-27,2025-02-28,2025-02-28,4181.0,4515.48,8.0,TARGET_HIT,1,73.46,6.44,Craftsman Automation Limited
CRAFTSMAN,2025-06-25,2025-06-26,2025-07-04,5468.5,5905.98,8.0,TARGET_HIT,7,81.26,8.03,Craftsman Automation Limited
CRAFTSMAN,2026-01-14,2026-01-16,2026-01-20,7850.0,7575.25,-3.5,STOP_LOSS,3,74.01,2.94,Craftsman Automation Limited
CRAMC,2026-04-01,2026-04-02,2026-04-08,229.1,247.43,8.0,TARGET_HIT,5,72.27,3.3,Canara Robeco Asset Management Company Limited
CREDITACC,2025-11-24,2025-11-25,2025-11-28,1393.0,1344.24,-3.5,STOP_LOSS,4,65.01,2.93,CREDITACCESS GRAMEEN LIMITED
CREST,2024-11-29,2024-12-02,2024-12-05,492.9,475.65,-3.5,STOP_LOSS,4,84.34,9.79,Crest Ventures Limited
CREST,2026-04-16,2026-04-17,2026-04-30,359.0,365.95,1.94,TIME_EXIT,10,95.6,23.7,Crest Ventures Limited
CRISIL,2025-06-10,2025-06-11,2025-06-11,5525.0,5967.0,8.0,TARGET_HIT,1,74.73,3.49,Crisil Limited
CSBBANK,2025-03-19,2025-03-20,2025-04-02,297.2,320.98,8.0,TARGET_HIT,9,77.65,2.83,CSB Bank Limited
CUB,2025-04-15,2025-04-16,2025-04-21,169.0,182.52,8.0,TARGET_HIT,3,70.95,2.74,City Union Bank Limited
CUB,2025-06-02,2025-06-03,2025-06-13,199.5,192.52,-3.5,STOP_LOSS,9,70.34,2.85,City Union Bank Limited
CUB,2025-06-03,2025-06-04,2025-06-05,203.99,196.85,-3.5,STOP_LOSS,2,67.83,3.14,City Union Bank Limited
CUB,2025-10-06,2025-10-07,2025-10-09,220.0,212.3,-3.5,STOP_LOSS,3,73.04,3.05,City Union Bank Limited
CUB,2026-06-09,2026-06-10,2026-06-12,258.95,249.89,-3.5,STOP_LOSS,3,69.9,4.11,City Union Bank Limited
CYIENT,2024-11-25,2024-11-26,2024-12-09,1855.0,2003.4,8.0,TARGET_HIT,10,82.64,4.47,Cyient Limited
DABUR,2025-08-20,2025-08-21,2025-08-21,535.95,517.19,-3.5,STOP_LOSS,1,72.47,11.51,Dabur India Limited
DABUR,2026-01-21,2026-01-22,2026-01-28,521.0,502.76,-3.5,STOP_LOSS,5,68.84,3.89,Dabur India Limited
DABUR,2026-01-22,2026-01-23,2026-01-28,525.35,506.96,-3.5,STOP_LOSS,4,67.08,3.33,Dabur India Limited
DALBHARAT,2025-01-21,2025-01-22,2025-01-23,1702.0,1838.16,8.0,TARGET_HIT,2,74.38,7.45,Dalmia Bharat Limited
DALBHARAT,2025-08-12,2025-08-13,2025-08-28,2274.0,2351.4,3.4,TIME_EXIT,10,76.03,3.22,Dalmia Bharat Limited
DALBHARAT,2025-09-17,2025-09-18,2025-09-22,2488.9,2401.79,-3.5,STOP_LOSS,3,73.96,4.4,Dalmia Bharat Limited
DAVANGERE,2025-12-19,2025-12-22,2025-12-22,4.66,4.5,-3.5,STOP_LOSS,1,65.05,9.85,Davangere Sugar Company Limited
DAVANGERE,2026-05-14,2026-05-15,2026-05-19,3.85,4.16,8.0,TARGET_HIT,3,74.07,18.31,Davangere Sugar Company Limited
DBEIL,2024-11-25,2024-11-26,2024-11-29,155.02,167.42,8.0,TARGET_HIT,4,80.34,11.73,Deepak Builders & Engineers India Limited
DCAL,2025-03-18,2025-03-19,2025-03-24,218.1,235.55,8.0,TARGET_HIT,4,79.76,4.06,Dishman Carbogen Amcis Limited
DECCANCE,2025-02-19,2025-02-20,2025-02-20,677.15,731.32,8.0,TARGET_HIT,1,71.07,6.34,Deccan Cements Limited
DEEPAKNTR,2025-09-16,2025-09-17,2025-09-30,1801.0,1835.1,1.89,TIME_EXIT,10,79.46,5.14,Deepak Nitrite Limited
DEVYANI,2024-12-06,2024-12-09,2024-12-20,168.96,172.37,2.02,TIME_EXIT,10,66.02,6.92,Devyani International Limited
DEVYANI,2024-12-24,2024-12-26,2025-01-03,181.0,195.48,8.0,TARGET_HIT,7,67.49,3.76,Devyani International Limited
DEVYANI,2024-12-24,2024-12-26,2025-01-03,181.0,195.48,8.0,TARGET_HIT,7,67.49,2.89,Devyani International Limited
DEVYANI,2025-05-16,2025-05-19,2025-05-21,187.0,180.46,-3.5,STOP_LOSS,3,71.3,11.24,Devyani International Limited
DEVYANI,2025-07-15,2025-07-16,2025-07-28,175.44,169.3,-3.5,STOP_LOSS,9,77.24,5.4,Devyani International Limited
DHANBANK,2024-12-26,2024-12-27,2024-12-27,32.99,31.84,-3.5,STOP_LOSS,1,73.97,5.28,Dhanlaxmi Bank Limited
DHANUKA,2025-05-12,2025-05-13,2025-05-15,1336.0,1442.88,8.0,TARGET_HIT,3,79.25,12.53,Dhanuka Agritech Limited
DIAMONDYD,2025-02-05,2025-02-06,2025-02-10,1121.0,1081.76,-3.5,STOP_LOSS,3,95.35,11.71,Prataap Snacks Limited
DIAMONDYD,2025-03-07,2025-03-10,2025-03-18,1092.4,1054.17,-3.5,STOP_LOSS,6,95.05,3.75,Prataap Snacks Limited
DIAMONDYD,2025-09-03,2025-09-04,2025-09-04,1041.0,1004.56,-3.5,STOP_LOSS,1,73.9,16.03,Prataap Snacks Limited
DIAMONDYD,2025-09-08,2025-09-09,2025-09-10,1029.1,993.08,-3.5,STOP_LOSS,2,83.5,3.76,Prataap Snacks Limited
DIAMONDYD,2025-10-15,2025-10-16,2025-10-29,1040.0,1062.1,2.12,TIME_EXIT,10,76.05,14.59,Prataap Snacks Limited
DIAMONDYD,2026-08-07,2026-08-10,2026-08-11,1229.8,1186.76,-3.5,STOP_LOSS,2,77.96,6.63,Prataap Snacks Limited
DIVISLAB,2024-09-27,2024-09-30,2024-10-03,5472.95,5281.4,-3.5,STOP_LOSS,4,81.92,24.55,Divi's Laboratories Limited
DIVISLAB,2024-12-30,2024-12-31,2025-01-09,6029.4,5818.37,-3.5,STOP_LOSS,8,77.04,8.47,Divi's Laboratories Limited
DLF,2026-08-24,2026-08-25,2026-09-02,688.0,663.92,-3.5,STOP_LOSS,7,67.32,2.81,DLF Limited
DODLA,2025-04-11,2025-04-15,2025-04-21,1175.0,1133.88,-3.5,STOP_LOSS,4,67.14,4.59,Dodla Dairy Limited
DODLA,2026-04-28,2026-04-29,2026-04-30,1150.0,1109.75,-3.5,STOP_LOSS,2,79.46,10.44,Dodla Dairy Limited
DOLLAR,2024-10-10,2024-10-11,2024-10-21,538.6,519.75,-3.5,STOP_LOSS,7,88.94,2.78,Dollar Industries Limited
DOLPHIN,2026-08-12,2026-08-13,2026-08-13,502.0,484.43,-3.5,STOP_LOSS,1,83.71,34.78,Dolphin Offshore Enterprises (India) Limited
DOMS,2025-06-20,2025-06-23,2025-07-04,2430.0,2457.9,1.15,TIME_EXIT,10,76.05,3.21,DOMS Industries Limited
DRREDDY,2026-03-20,2026-03-23,2026-03-23,1293.0,1247.74,-3.5,STOP_LOSS,1,71.56,2.84,Dr. Reddy's Laboratories Limited
DYNAMATECH,2025-07-15,2025-07-16,2025-07-28,7222.0,6969.23,-3.5,STOP_LOSS,9,68.06,6.54,Dynamatic Technologies Limited
EDELWEISS,2025-05-14,2025-05-15,2025-05-20,87.3,94.28,8.0,TARGET_HIT,4,68.26,4.6,Edelweiss Financial Services Limited
EFCIL,2026-02-11,2026-02-12,2026-02-12,276.4,266.73,-3.5,STOP_LOSS,1,79.84,7.94,EFC (I) Limited
EFCIL,2026-08-31,2026-09-01,2026-09-02,208.0,200.72,-3.5,STOP_LOSS,2,91.02,4.63,EFC (I) Limited
EIHOTEL,2025-05-16,2025-05-19,2025-05-29,376.55,363.37,-3.5,STOP_LOSS,9,68.35,2.53,EIH Limited
ELGIEQUIP,2026-04-22,2026-04-23,2026-05-06,552.3,548.5,-0.69,TIME_EXIT,10,70.02,3.03,Elgi Equipments Limited
ELGIEQUIP,2026-06-19,2026-06-22,2026-06-29,615.95,594.39,-3.5,STOP_LOSS,6,71.21,3.27,Elgi Equipments Limited
EMAMILTD,2025-09-04,2025-09-05,2025-09-05,618.0,596.37,-3.5,STOP_LOSS,1,66.37,2.59,Emami Limited
EMAMILTD,2025-12-05,2025-12-08,2025-12-19,525.3,519.25,-1.15,TIME_EXIT,10,77.25,4.34,Emami Limited
EMBDL,2025-05-29,2025-05-30,2025-05-30,112.0,108.08,-3.5,STOP_LOSS,1,66.71,2.57,Embassy Developments Limited
EMCURE,2025-07-30,2025-07-31,2025-08-01,1411.0,1361.62,-3.5,STOP_LOSS,2,82.79,2.68,Emcure Pharmaceuticals Limited
EMCURE,2025-10-03,2025-10-06,2025-10-17,1350.4,1347.5,-0.21,TIME_EXIT,10,75.96,3.61,Emcure Pharmaceuticals Limited
EMCURE,2026-01-02,2026-01-05,2026-01-07,1441.9,1557.25,8.0,TARGET_HIT,3,71.16,3.18,Emcure Pharmaceuticals Limited
EMCURE,2026-06-18,2026-06-19,2026-06-23,1753.0,1893.24,8.0,TARGET_HIT,3,91.17,5.29,Emcure Pharmaceuticals Limited
EMIL,2025-02-03,2025-02-04,2025-02-10,157.39,151.88,-3.5,STOP_LOSS,5,82.08,3.36,Electronics Mart India Limited
EMIL,2026-06-30,2026-07-01,2026-07-02,121.73,131.47,8.0,TARGET_HIT,2,72.08,4.09,Electronics Mart India Limited
EMUDHRA,2026-04-02,2026-04-06,2026-04-07,410.0,442.8,8.0,TARGET_HIT,2,76.23,5.72,eMudhra Limited
EMUDHRA,2026-04-02,2026-04-06,2026-04-07,410.0,442.8,8.0,TARGET_HIT,2,76.23,3.69,eMudhra Limited
ENDURANCE,2024-11-25,2024-11-26,2024-11-29,2412.6,2328.16,-3.5,STOP_LOSS,4,87.0,4.46,Endurance Technologies Limited
ENDURANCE,2025-03-07,2025-03-10,2025-03-11,1882.65,1816.76,-3.5,STOP_LOSS,2,70.97,4.11,Endurance Technologies Limited
ENDURANCE,2025-10-16,2025-10-17,2025-10-29,2951.6,2848.29,-3.5,STOP_LOSS,9,71.3,2.98,Endurance Technologies Limited
ENDURANCE,2026-02-03,2026-02-04,2026-02-05,2508.0,2420.22,-3.5,STOP_LOSS,2,68.0,3.59,Endurance Technologies Limited
ENDURANCE,2026-04-08,2026-04-09,2026-04-22,2380.0,2399.1,0.8,TIME_EXIT,10,66.05,2.97,Endurance Technologies Limited
ENDURANCE,2026-07-15,2026-07-16,2026-07-24,2760.0,2663.4,-3.5,STOP_LOSS,7,72.28,3.38,Endurance Technologies Limited
ENTERO,2025-02-04,2025-02-05,2025-02-07,1526.0,1472.59,-3.5,STOP_LOSS,3,66.63,3.48,Entero Healthcare Solutions Limited
ENTERO,2025-02-05,2025-02-06,2025-02-06,1533.9,1480.21,-3.5,STOP_LOSS,1,76.38,3.99,Entero Healthcare Solutions Limited
ENTERO,2025-04-11,2025-04-15,2025-04-15,1172.0,1265.76,8.0,TARGET_HIT,1,83.89,2.51,Entero Healthcare Solutions Limited
ENTERO,2026-04-16,2026-04-17,2026-04-28,1251.0,1207.21,-3.5,STOP_LOSS,8,67.63,2.84,Entero Healthcare Solutions Limited
ENTERO,2026-05-19,2026-05-20,2026-05-22,1242.0,1341.36,8.0,TARGET_HIT,3,67.25,2.8,Entero Healthcare Solutions Limited
ENTERO,2026-05-20,2026-05-21,2026-05-22,1262.0,1362.96,8.0,TARGET_HIT,2,82.7,2.63,Entero Healthcare Solutions Limited
ENTERO,2026-05-21,2026-05-22,2026-05-26,1319.4,1273.22,-3.5,STOP_LOSS,3,67.18,3.67,Entero Healthcare Solutions Limited
ENTERO,2026-07-27,2026-07-28,2026-07-29,1273.4,1228.83,-3.5,STOP_LOSS,2,68.29,2.78,Entero Healthcare Solutions Limited
EPIGRAL,2025-07-17,2025-07-18,2025-07-29,1811.0,1955.88,8.0,TARGET_HIT,8,74.24,4.41,Epigral Limited
EPL,2026-06-11,2026-06-12,2026-06-17,217.6,235.01,8.0,TARGET_HIT,4,78.08,3.15,EPL Limited
EQUITASBNK,2025-09-24,2025-09-25,2025-10-09,58.3,56.26,-3.5,STOP_LOSS,10,70.35,4.28,Equitas Small Finance Bank Limited
EQUITASBNK,2026-06-04,2026-06-05,2026-06-15,72.8,78.62,8.0,TARGET_HIT,7,77.93,4.63,Equitas Small Finance Bank Limited
EQUITASBNK,2026-06-05,2026-06-08,2026-06-15,73.2,79.06,8.0,TARGET_HIT,6,79.63,6.45,Equitas Small Finance Bank Limited
EQUITASBNK,2026-08-18,2026-08-19,2026-09-01,75.2,73.42,-2.37,TIME_EXIT,10,74.84,3.23,Equitas Small Finance Bank Limited
ERIS,2024-11-25,2024-11-26,2024-11-28,1496.7,1444.32,-3.5,STOP_LOSS,3,67.59,11.88,Eris Lifesciences Limited
ERIS,2024-11-29,2024-12-02,2024-12-11,1450.95,1567.03,8.0,TARGET_HIT,8,80.86,2.85,Eris Lifesciences Limited
ESABINDIA,2026-04-15,2026-04-16,2026-04-21,5550.0,5994.0,8.0,TARGET_HIT,4,89.83,17.13,Esab India Limited
ESCORTS,2025-07-29,2025-07-30,2025-07-31,3499.9,3377.4,-3.5,STOP_LOSS,2,66.77,3.29,Escorts Kubota Limited
ESCORTS,2026-07-28,2026-07-29,2026-08-11,3031.0,3107.0,2.51,TIME_EXIT,10,75.73,3.27,Escorts Kubota Limited
ETHOSLTD,2024-09-30,2024-10-01,2024-10-03,3469.7,3348.26,-3.5,STOP_LOSS,3,80.38,7.4,Ethos Limited
ETHOSLTD,2025-06-16,2025-06-17,2025-06-18,2972.0,2867.98,-3.5,STOP_LOSS,2,66.37,7.63,Ethos Limited
ETHOSLTD,2025-07-22,2025-07-23,2025-07-24,2952.7,2849.36,-3.5,STOP_LOSS,2,91.14,7.29,Ethos Limited
ETHOSLTD,2025-10-10,2025-10-13,2025-10-21,2750.0,2970.0,8.0,TARGET_HIT,7,77.13,2.59,Ethos Limited
ETHOSLTD,2025-11-25,2025-11-26,2025-12-02,3056.0,2949.04,-3.5,STOP_LOSS,5,70.38,2.95,Ethos Limited
ETHOSLTD,2026-02-04,2026-02-05,2026-02-12,2611.4,2520.0,-3.5,STOP_LOSS,6,91.31,12.37,Ethos Limited
EUREKAFORB,2025-03-21,2025-03-24,2025-03-25,538.9,520.04,-3.5,STOP_LOSS,2,71.0,11.29,Eureka Forbes Limited
EUROPRATIK,2026-05-20,2026-05-21,2026-05-22,269.15,259.73,-3.5,STOP_LOSS,2,71.08,5.87,Euro Pratik Sales Limited
EXIDEIND,2025-08-19,2025-08-20,2025-09-03,395.1,419.1,6.07,TIME_EXIT,10,74.53,14.09,Exide Industries Limited
FEDDERSHOL,2026-06-01,2026-06-02,2026-06-08,36.0,34.74,-3.5,STOP_LOSS,5,86.16,7.16,Fedders Holding Limited
FEDERALBNK,2025-12-30,2025-12-31,2026-01-06,267.5,258.14,-3.5,STOP_LOSS,5,75.76,7.96,The Federal Bank  Limited
FEDFINA,2025-11-25,2025-11-26,2025-12-03,147.99,142.81,-3.5,STOP_LOSS,6,75.22,5.17,Fedbank Financial Services Limited
FEDFINA,2025-12-01,2025-12-02,2025-12-03,151.83,146.52,-3.5,STOP_LOSS,2,68.23,2.63,Fedbank Financial Services Limited
FEDFINA,2026-05-11,2026-05-12,2026-05-12,156.0,150.54,-3.5,STOP_LOSS,1,73.82,2.74,Fedbank Financial Services Limited
FIEMIND,2026-05-04,2026-05-05,2026-05-12,2270.3,2190.84,-3.5,STOP_LOSS,6,67.21,4.8,Fiem Industries Limited
FINCABLES,2025-12-19,2025-12-22,2025-12-24,795.05,767.22,-3.5,STOP_LOSS,3,76.35,2.52,Finolex Cables Limited
FINEORG,2026-08-11,2026-08-12,2026-08-25,5120.7,5186.9,1.29,TIME_EXIT,10,83.8,17.39,Fine Organic Industries Limited
FIVESTAR,2024-12-05,2024-12-06,2024-12-10,650.05,627.3,-3.5,STOP_LOSS,3,72.41,3.53,Five-Star Business Finance Limited
FIVESTAR,2024-12-12,2024-12-13,2024-12-16,652.85,705.08,8.0,TARGET_HIT,2,70.88,2.59,Five-Star Business Finance Limited
FIVESTAR,2025-03-27,2025-03-28,2025-04-01,729.85,704.31,-3.5,STOP_LOSS,2,73.43,3.06,Five-Star Business Finance Limited
FIVESTAR,2026-04-27,2026-04-28,2026-04-28,515.0,496.98,-3.5,STOP_LOSS,1,67.85,2.6,Five-Star Business Finance Limited
FLUOROCHEM,2026-04-23,2026-04-24,2026-04-30,3330.0,3596.4,8.0,TARGET_HIT,5,86.75,8.63,Gujarat Fluorochemicals Limited
FLUOROCHEM,2026-04-24,2026-04-27,2026-05-04,3425.0,3699.0,8.0,TARGET_HIT,6,80.85,2.97,Gujarat Fluorochemicals Limited
FORTIS,2024-12-03,2024-12-04,2024-12-17,703.8,686.95,-2.39,TIME_EXIT,10,74.47,3.89,Fortis Healthcare Limited
FUSION,2025-01-17,2025-01-20,2025-01-24,185.0,178.52,-3.5,STOP_LOSS,5,75.79,4.98,Fusion Finance Limited
FUSION,2026-04-22,2026-04-23,2026-05-05,182.3,196.88,8.0,TARGET_HIT,9,72.82,2.64,Fusion Finance Limited
FUSION,2026-09-04,2026-09-07,2026-09-09,202.9,195.8,-3.5,STOP_LOSS,3,68.38,4.1,Fusion Finance Limited
GABRIEL,2025-09-19,2025-09-22,2025-09-25,1290.5,1245.33,-3.5,STOP_LOSS,4,67.94,8.74,Gabriel India Limited
GAIL,2026-08-31,2026-09-01,2026-09-11,173.41,173.62,0.12,TIME_EXIT,10,80.53,2.7,GAIL (India) Limited
GALAXYSURF,2024-12-10,2024-12-11,2024-12-12,2942.9,2839.9,-3.5,STOP_LOSS,2,65.5,6.22,Galaxy Surfactants Limited
GALAXYSURF,2026-04-29,2026-04-30,2026-04-30,1927.9,1860.42,-3.5,STOP_LOSS,1,83.63,5.15,Galaxy Surfactants Limited
GALLANTT,2025-03-24,2025-03-25,2025-03-27,367.0,354.16,-3.5,STOP_LOSS,3,90.42,14.27,Gallantt Ispat Limited
GANDHAR,2024-10-04,2024-10-07,2024-10-09,215.7,232.96,8.0,TARGET_HIT,3,67.07,3.75,Gandhar Oil Refinery (India) Limited
GANECOS,2024-10-09,2024-10-10,2024-10-10,1975.6,2133.65,8.0,TARGET_HIT,1,74.95,5.04,Ganesha Ecosphere Limited
GANECOS,2025-06-30,2025-07-01,2025-07-14,1501.6,1492.1,-0.63,TIME_EXIT,10,75.62,3.69,Ganesha Ecosphere Limited
GARFIBRES,2024-10-10,2024-10-11,2024-10-21,4017.65,4339.06,8.0,TARGET_HIT,7,84.67,4.83,Garware Technical Fibres Limited
GARFIBRES,2025-07-22,2025-07-23,2025-07-24,965.0,931.22,-3.5,STOP_LOSS,2,79.36,8.29,Garware Technical Fibres Limited
GARFIBRES,2025-10-16,2025-10-17,2025-10-30,776.9,762.45,-1.86,TIME_EXIT,10,87.08,3.64,Garware Technical Fibres Limited
GATEWAY,2025-12-04,2025-12-05,2025-12-08,61.01,58.87,-3.5,STOP_LOSS,2,80.68,7.1,Gateway Distriparks Limited
GATEWAY,2026-03-25,2026-03-27,2026-03-27,54.25,52.35,-3.5,STOP_LOSS,1,68.51,4.11,Gateway Distriparks Limited
GATEWAY,2026-03-25,2026-03-27,2026-03-27,54.25,52.35,-3.5,STOP_LOSS,1,68.51,3.09,Gateway Distriparks Limited
GESHIP,2025-10-27,2025-10-28,2025-11-10,1065.0,1089.6,2.31,TIME_EXIT,10,65.07,3.77,The Great Eastern Shipping Company Limited
GESHIP,2025-12-12,2025-12-15,2025-12-26,1110.5,1096.7,-1.24,TIME_EXIT,10,79.71,6.69,The Great Eastern Shipping Company Limited
GHCL,2025-06-09,2025-06-10,2025-06-16,637.0,614.7,-3.5,STOP_LOSS,5,77.11,7.33,GHCL Limited
GHCLTEXTIL,2026-05-21,2026-05-22,2026-05-22,93.6,90.32,-3.5,STOP_LOSS,1,75.7,6.01,GHCL Textiles Limited
GICHSGFIN,2025-11-25,2025-11-26,2025-12-03,172.5,166.46,-3.5,STOP_LOSS,6,79.75,10.88,GIC Housing Finance Limited
GICRE,2025-07-14,2025-07-15,2025-07-28,383.4,369.98,-3.5,STOP_LOSS,10,73.04,2.75,General Insurance Corporation of India
GICRE,2025-11-26,2025-11-27,2025-12-08,393.45,379.68,-3.5,STOP_LOSS,8,85.61,5.31,General Insurance Corporation of India
GICRE,2025-12-30,2025-12-31,2026-01-06,384.55,371.09,-3.5,STOP_LOSS,5,66.74,2.98,General Insurance Corporation of India
GILLETTE,2024-10-08,2024-10-09,2024-10-22,8879.0,8568.24,-3.5,STOP_LOSS,10,84.92,7.13,Gillette India Limited
GILLETTE,2025-09-19,2025-09-22,2025-09-24,10290.0,9929.85,-3.5,STOP_LOSS,3,65.42,9.8,Gillette India Limited
GILLETTE,2026-05-08,2026-05-11,2026-05-12,8148.0,7862.82,-3.5,STOP_LOSS,2,74.38,2.71,Gillette India Limited
GILLETTE,2026-09-08,2026-09-09,2026-09-15,7525.0,7261.62,-3.5,STOP_LOSS,5,70.37,3.23,Gillette India Limited
GKSL,2026-04-29,2026-04-30,2026-05-04,118.8,128.3,8.0,TARGET_HIT,3,66.48,9.21,Gujarat Kidney And Super Speciality Limited
GLAND,2024-11-25,2024-11-26,2024-11-28,1782.25,1719.87,-3.5,STOP_LOSS,3,72.46,3.07,Gland Pharma Limited
GLAND,2025-09-09,2025-09-10,2025-09-23,1931.0,2017.2,4.46,TIME_EXIT,10,85.33,6.4,Gland Pharma Limited
GLAND,2026-05-06,2026-05-07,2026-05-18,1811.9,1956.85,8.0,TARGET_HIT,8,87.1,3.94,Gland Pharma Limited
GLENMARK,2025-12-30,2025-12-31,2026-01-13,2030.9,1959.82,-3.5,STOP_LOSS,10,80.03,7.26,Glenmark Pharmaceuticals Limited
GLOBUSSPR,2026-08-18,2026-08-19,2026-09-01,903.0,914.95,1.32,TIME_EXIT,10,68.08,4.71,Globus Spirits Limited
GMRAIRPORT,2025-04-29,2025-04-30,2025-05-06,89.2,86.08,-3.5,STOP_LOSS,4,72.08,3.43,GMR AIRPORTS LIMITED
GMRAIRPORT,2025-09-12,2025-09-15,2025-09-26,88.41,87.28,-1.28,TIME_EXIT,10,78.58,6.64,GMR AIRPORTS LIMITED
GMRP&UI,2026-04-22,2026-04-23,2026-04-24,110.51,106.64,-3.5,STOP_LOSS,2,69.93,3.05,GMR Power and Urban Infra Limited
GOCLCORP,2025-08-22,2025-08-25,2025-08-25,401.7,387.64,-3.5,STOP_LOSS,1,90.01,21.65,GOCL Corporation Limited
GOCLCORP,2026-06-03,2026-06-04,2026-06-05,424.95,410.08,-3.5,STOP_LOSS,2,71.31,2.51,GOCL Corporation Limited
GOCOLORS,2024-09-30,2024-10-01,2024-10-04,1370.2,1322.24,-3.5,STOP_LOSS,4,85.14,6.2,Go Fashion (India) Limited
GOCOLORS,2025-01-09,2025-01-10,2025-01-13,990.0,955.35,-3.5,STOP_LOSS,2,94.06,4.66,Go Fashion (India) Limited
GOCOLORS,2025-09-09,2025-09-10,2025-09-12,740.5,714.58,-3.5,STOP_LOSS,3,85.09,8.5,Go Fashion (India) Limited
GODIGIT,2025-05-30,2025-06-02,2025-06-02,345.0,332.92,-3.5,STOP_LOSS,1,76.59,3.54,Go Digit General Insurance Limited
GODIGIT,2025-06-18,2025-06-19,2025-07-02,344.6,340.7,-1.13,TIME_EXIT,10,80.82,4.49,Go Digit General Insurance Limited
GODIGIT,2025-07-14,2025-07-15,2025-07-28,353.4,341.03,-3.5,STOP_LOSS,10,86.21,5.29,Go Digit General Insurance Limited
GODIGIT,2025-08-18,2025-08-19,2025-09-01,367.0,354.16,-3.5,STOP_LOSS,9,76.14,5.41,Go Digit General Insurance Limited
GODREJAGRO,2025-03-05,2025-03-06,2025-03-10,770.0,743.05,-3.5,STOP_LOSS,3,78.77,4.37,Godrej Agrovet Limited
GODREJAGRO,2025-05-30,2025-06-02,2025-06-04,762.05,823.01,8.0,TARGET_HIT,3,69.18,8.42,Godrej Agrovet Limited
GODREJCP,2025-01-03,2025-01-06,2025-01-17,1122.2,1187.75,5.84,TIME_EXIT,10,87.03,6.4,Godrej Consumer Products Limited
GODREJCP,2025-03-27,2025-03-28,2025-03-28,1054.05,1138.37,8.0,TARGET_HIT,1,77.04,2.82,Godrej Consumer Products Limited
GODREJIND,2024-11-25,2024-11-26,2024-12-09,1057.65,1064.3,0.63,TIME_EXIT,10,80.0,3.91,Godrej Industries Limited
GODREJIND,2025-03-10,2025-03-11,2025-03-21,1129.6,1219.97,8.0,TARGET_HIT,8,66.09,2.59,Godrej Industries Limited
GODREJPROP,2025-03-21,2025-03-24,2025-03-26,2199.0,2122.04,-3.5,STOP_LOSS,3,70.11,4.83,Godrej Properties Limited
GOKEX,2024-11-29,2024-12-02,2024-12-02,970.85,936.87,-3.5,STOP_LOSS,1,74.41,4.35,Gokaldas Exports Limited
GOKEX,2024-12-03,2024-12-04,2024-12-09,968.95,1046.47,8.0,TARGET_HIT,4,83.62,5.33,Gokaldas Exports Limited
GOLDIAM,2025-08-21,2025-08-22,2025-08-22,369.0,356.08,-3.5,STOP_LOSS,1,67.29,4.33,Goldiam International Limited
GOODLUCK,2026-01-05,2026-01-06,2026-01-07,1100.3,1061.79,-3.5,STOP_LOSS,2,73.72,3.06,Goodluck India Limited
GOPAL,2025-05-21,2025-05-22,2025-05-26,295.05,284.72,-3.5,STOP_LOSS,3,87.74,6.59,Gopal Snacks Limited
GOPAL,2025-07-10,2025-07-11,2025-07-14,362.0,349.33,-3.5,STOP_LOSS,2,77.59,5.19,Gopal Snacks Limited
GRANULES,2026-02-20,2026-02-23,2026-03-02,600.0,579.0,-3.5,STOP_LOSS,6,65.28,2.9,Granules India Limited
GRASIM,2025-04-08,2025-04-09,2025-04-17,2562.5,2767.5,8.0,TARGET_HIT,5,71.74,3.0,Grasim Industries Limited
GRASIM,2025-06-24,2025-06-25,2025-07-08,2791.9,2820.8,1.04,TIME_EXIT,10,67.29,2.53,Grasim Industries Limited
GRAVITA,2024-12-16,2024-12-17,2024-12-24,2300.0,2219.5,-3.5,STOP_LOSS,6,74.77,3.41,Gravita India Limited
GRAVITA,2025-03-21,2025-03-24,2025-03-25,1820.0,1756.3,-3.5,STOP_LOSS,2,66.07,6.85,Gravita India Limited
GREENPANEL,2025-05-13,2025-05-14,2025-05-27,245.95,265.63,8.0,TARGET_HIT,10,85.38,6.72,Greenpanel Industries Limited
GREENPANEL,2025-05-26,2025-05-27,2025-06-05,255.0,275.4,8.0,TARGET_HIT,8,73.7,3.94,Greenpanel Industries Limited
GREENPANEL,2026-04-16,2026-04-17,2026-04-17,226.0,218.09,-3.5,STOP_LOSS,1,74.43,7.12,Greenpanel Industries Limited
GREENPANEL,2026-09-17,2026-09-18,2026-09-18,158.5,157.83,-0.42,TIME_EXIT,1,69.85,4.37,Greenpanel Industries Limited
GREENPLY,2025-04-11,2025-04-15,2025-04-29,289.45,300.95,3.97,TIME_EXIT,10,81.34,4.84,Greenply Industries Limited
GREENPOWER,2025-03-21,2025-03-24,2025-03-25,13.5,13.03,-3.5,STOP_LOSS,2,68.35,8.53,Orient Green Power Company Limited
GRINDWELL,2024-10-16,2024-10-17,2024-10-17,2536.45,2447.67,-3.5,STOP_LOSS,1,91.81,7.38,Grindwell Norton Limited
GRINDWELL,2025-05-27,2025-05-28,2025-06-10,1786.3,1807.8,1.2,TIME_EXIT,10,81.58,4.65,Grindwell Norton Limited
GRINDWELL,2026-01-06,2026-01-07,2026-01-12,1598.0,1542.07,-3.5,STOP_LOSS,4,90.34,4.98,Grindwell Norton Limited
GRINDWELL,2026-02-04,2026-02-05,2026-02-16,1669.0,1610.58,-3.5,STOP_LOSS,8,67.34,3.8,Grindwell Norton Limited
GRINFRA,2026-04-28,2026-04-29,2026-05-06,913.0,986.04,8.0,TARGET_HIT,6,76.15,3.35,G R Infraprojects Limited
GRWRHITECH,2026-02-03,2026-02-04,2026-02-04,3936.1,4250.99,8.0,TARGET_HIT,1,91.99,3.43,Garware Hi-Tech Films Limited
GUFICBIO,2025-07-30,2025-07-31,2025-08-01,402.6,388.51,-3.5,STOP_LOSS,2,75.58,7.01,Gufic Biosciences Limited
GUFICBIO,2025-08-20,2025-08-21,2025-08-22,376.6,363.42,-3.5,STOP_LOSS,2,86.82,6.79,Gufic Biosciences Limited
GUFICBIO,2026-05-08,2026-05-11,2026-05-12,305.0,294.32,-3.5,STOP_LOSS,2,65.82,12.68,Gufic Biosciences Limited
GUJALKALI,2025-07-22,2025-07-23,2025-07-28,604.95,583.78,-3.5,STOP_LOSS,4,67.29,18.47,Gujarat Alkalies and Chemicals Limited
GUJALKALI,2025-09-02,2025-09-03,2025-09-16,587.85,613.95,4.44,TIME_EXIT,10,72.19,10.19,Gujarat Alkalies and Chemicals Limited
GUJENERGY,2026-08-13,2026-08-14,2026-08-17,285.0,275.02,-3.5,STOP_LOSS,2,66.49,8.96,GUJARAT ENERGY LIMITED
GUJTHEM,2025-05-14,2025-05-15,2025-05-16,314.7,339.88,8.0,TARGET_HIT,2,79.63,6.36,Gujarat Themis Biosyn Limited
GUJTHEM,2025-06-09,2025-06-10,2025-06-13,347.85,335.68,-3.5,STOP_LOSS,4,79.82,6.21,Gujarat Themis Biosyn Limited
GUJTHEM,2025-07-29,2025-07-30,2025-07-31,392.0,378.28,-3.5,STOP_LOSS,2,65.48,13.87,Gujarat Themis Biosyn Limited
GUJTHEM,2025-10-06,2025-10-07,2025-10-07,428.25,413.26,-3.5,STOP_LOSS,1,81.43,2.85,Gujarat Themis Biosyn Limited
GULPOLY,2026-08-05,2026-08-06,2026-08-07,209.0,225.72,8.0,TARGET_HIT,2,66.17,3.57,Gulshan Polyols Limited
GVT&D,2025-03-21,2025-03-24,2025-03-24,1638.95,1581.59,-3.5,STOP_LOSS,1,73.45,2.64,GE Vernova T&D India Limited
GVT&D,2025-03-27,2025-03-28,2025-03-28,1606.85,1550.61,-3.5,STOP_LOSS,1,79.99,3.07,GE Vernova T&D India Limited
GVT&D,2025-05-15,2025-05-16,2025-05-20,1860.0,1794.9,-3.5,STOP_LOSS,3,77.44,2.96,GE Vernova T&D India Limited
GVT&D,2025-08-01,2025-08-04,2025-08-04,2863.1,2762.89,-3.5,STOP_LOSS,1,70.65,2.78,GE Vernova T&D India Limited
GVT&D,2025-09-16,2025-09-17,2025-09-30,2948.8,2960.5,0.4,TIME_EXIT,10,67.14,2.65,GE Vernova T&D India Limited
GYFTR,2026-08-31,2026-09-01,2026-09-02,174.5,188.46,8.0,TARGET_HIT,2,97.37,28.25,Gyftr Limited
HAPPYFORGE,2025-01-21,2025-01-22,2025-01-24,1005.0,969.82,-3.5,STOP_LOSS,3,93.85,21.76,Happy Forgings Limited
HAPPYFORGE,2025-04-22,2025-04-23,2025-04-25,824.0,795.16,-3.5,STOP_LOSS,3,94.64,9.01,Happy Forgings Limited
HAPPYFORGE,2025-09-17,2025-09-18,2025-09-29,981.45,947.1,-3.5,STOP_LOSS,8,71.3,7.51,Happy Forgings Limited
HAPPYFORGE,2025-11-12,2025-11-13,2025-11-24,1035.0,998.78,-3.5,STOP_LOSS,8,70.97,3.19,Happy Forgings Limited
HAPPYFORGE,2026-02-03,2026-02-04,2026-02-06,1143.5,1103.48,-3.5,STOP_LOSS,3,67.51,8.35,Happy Forgings Limited
HAPPYFORGE,2026-02-10,2026-02-11,2026-02-12,1166.0,1259.28,8.0,TARGET_HIT,2,71.29,5.38,Happy Forgings Limited
HAPPYFORGE,2026-02-11,2026-02-12,2026-02-12,1180.0,1274.4,8.0,TARGET_HIT,1,88.27,5.67,Happy Forgings Limited
HAPPYFORGE,2026-06-22,2026-06-23,2026-07-06,1535.8,1482.05,-3.5,STOP_LOSS,10,80.34,4.49,Happy Forgings Limited
HARSHA,2025-05-23,2025-05-26,2025-05-28,391.55,377.85,-3.5,STOP_LOSS,3,74.14,12.29,Harsha Engineers International Limited
HARSHA,2025-06-26,2025-06-27,2025-07-10,407.7,411.3,0.88,TIME_EXIT,10,69.28,3.67,Harsha Engineers International Limited
HATHWAY,2025-04-17,2025-04-21,2025-04-24,13.99,15.11,8.0,TARGET_HIT,4,70.39,8.77,Hathway Cable & Datacom Limited
HATSUN,2025-05-28,2025-05-29,2025-06-05,924.85,998.84,8.0,TARGET_HIT,6,78.35,5.31,Hatsun Agro Product Limited
HATSUN,2026-03-05,2026-03-06,2026-03-09,913.75,881.77,-3.5,STOP_LOSS,2,67.12,8.89,Hatsun Agro Product Limited
HAVELLS,2024-11-25,2024-11-26,2024-12-09,1708.0,1704.7,-0.19,TIME_EXIT,10,67.74,4.82,Havells India Limited
HCG,2024-10-04,2024-10-07,2024-10-07,428.45,413.45,-3.5,STOP_LOSS,1,71.47,15.39,Healthcare Global Enterprises Limited
HCG,2024-11-05,2024-11-06,2024-11-06,490.0,472.85,-3.5,STOP_LOSS,1,71.31,10.05,Healthcare Global Enterprises Limited
HCG,2024-11-25,2024-11-26,2024-11-28,475.0,513.0,8.0,TARGET_HIT,3,76.04,5.14,Healthcare Global Enterprises Limited
HCG,2024-11-27,2024-11-28,2024-12-11,504.4,504.45,0.01,TIME_EXIT,10,68.02,3.85,Healthcare Global Enterprises Limited
HCG,2024-12-16,2024-12-17,2024-12-23,511.9,493.98,-3.5,STOP_LOSS,5,72.87,2.72,Healthcare Global Enterprises Limited
HCG,2025-01-14,2025-01-15,2025-01-28,504.0,486.36,-3.5,STOP_LOSS,10,67.87,2.88,Healthcare Global Enterprises Limited
HCG,2025-01-20,2025-01-21,2025-01-27,518.0,499.87,-3.5,STOP_LOSS,5,77.35,3.35,Healthcare Global Enterprises Limited
HCG,2025-03-04,2025-03-05,2025-03-13,515.0,496.98,-3.5,STOP_LOSS,7,73.86,4.34,Healthcare Global Enterprises Limited
HCG,2025-09-03,2025-09-04,2025-09-11,698.15,673.71,-3.5,STOP_LOSS,6,68.41,4.35,Healthcare Global Enterprises Limited
HCG,2025-10-16,2025-10-17,2025-10-24,712.0,768.96,8.0,TARGET_HIT,6,77.36,6.58,Healthcare Global Enterprises Limited
HCG,2025-10-17,2025-10-20,2025-10-24,725.0,783.0,8.0,TARGET_HIT,5,71.13,3.48,Healthcare Global Enterprises Limited
HCL-INSYS,2024-09-26,2024-09-27,2024-09-30,22.5,21.71,-3.5,STOP_LOSS,2,66.0,2.51,HCL Infosystems Limited
HCLTECH,2024-12-30,2024-12-31,2025-01-13,1915.2,1989.4,3.87,TIME_EXIT,10,77.95,3.9,HCL Technologies Limited
HCLTECH,2025-08-20,2025-08-21,2025-08-28,1500.0,1447.5,-3.5,STOP_LOSS,5,72.41,4.0,HCL Technologies Limited
HDFCAMC,2025-05-15,2025-05-16,2025-05-29,4720.0,4844.9,2.65,TIME_EXIT,10,68.69,3.5,HDFC Asset Management Company Limited
HDFCAMC,2025-06-05,2025-06-06,2025-06-09,4835.0,5221.8,8.0,TARGET_HIT,2,72.79,2.76,HDFC Asset Management Company Limited
HDFCAMC,2025-07-15,2025-07-16,2025-07-29,5284.0,5627.5,6.5,TIME_EXIT,10,65.55,2.85,HDFC Asset Management Company Limited
HDFCAMC,2026-02-04,2026-02-05,2026-02-18,2725.0,2812.6,3.21,TIME_EXIT,10,78.8,3.06,HDFC Asset Management Company Limited
HDFCBANK,2024-11-25,2024-11-26,2024-12-09,1810.0,1870.0,3.31,TIME_EXIT,10,81.46,16.38,HDFC Bank Limited
HDFCBANK,2025-02-28,2025-03-03,2025-03-06,1739.8,1678.91,-3.5,STOP_LOSS,4,71.72,2.86,HDFC Bank Limited
HDFCBANK,2025-06-26,2025-06-27,2025-07-10,2013.0,2006.2,-0.34,TIME_EXIT,10,68.21,2.68,HDFC Bank Limited
HDFCLIFE,2025-03-27,2025-03-28,2025-04-07,683.9,659.96,-3.5,STOP_LOSS,6,65.36,2.51,HDFC Life Insurance Company Limited
HDFCLIFE,2025-06-20,2025-06-23,2025-07-04,769.95,785.1,1.97,TIME_EXIT,10,66.27,3.6,HDFC Life Insurance Company Limited
HDFCLIFE,2026-05-06,2026-05-07,2026-05-20,611.0,605.1,-0.97,TIME_EXIT,10,66.78,7.65,HDFC Life Insurance Company Limited
HEROMOTOCO,2024-11-25,2024-11-26,2024-12-04,4860.0,4689.9,-3.5,STOP_LOSS,7,66.04,2.52,Hero MotoCorp Limited
HEXT,2025-05-20,2025-05-21,2025-05-30,790.0,853.2,8.0,TARGET_HIT,8,66.01,2.79,Hexaware Technologies Limited
HEXT,2025-06-27,2025-06-30,2025-06-30,880.3,849.49,-3.5,STOP_LOSS,1,68.04,4.34,Hexaware Technologies Limited
HEXT,2025-08-25,2025-08-26,2025-08-26,825.4,796.51,-3.5,STOP_LOSS,1,75.14,3.44,Hexaware Technologies Limited
HEXT,2025-10-15,2025-10-16,2025-10-17,743.45,717.43,-3.5,STOP_LOSS,2,76.37,2.54,Hexaware Technologies Limited
HEXT,2025-11-24,2025-11-25,2025-12-04,734.85,793.64,8.0,TARGET_HIT,8,65.13,5.23,Hexaware Technologies Limited
HEXT,2026-05-19,2026-05-20,2026-06-02,510.6,551.45,8.0,TARGET_HIT,10,69.14,4.09,Hexaware Technologies Limited
HINDALCO,2025-12-30,2025-12-31,2026-01-06,886.4,957.31,8.0,TARGET_HIT,5,77.79,4.66,Hindalco Industries Limited
HINDUNILVR,2025-08-20,2025-08-21,2025-09-04,2667.1,2666.6,-0.02,TIME_EXIT,10,65.91,2.7,Hindustan Unilever Limited
HINDUNILVR,2025-08-26,2025-08-28,2025-08-28,2748.0,2651.82,-3.5,STOP_LOSS,1,67.86,2.77,Hindustan Unilever Limited
HINDWAREAP,2024-12-13,2024-12-16,2024-12-20,301.25,290.71,-3.5,STOP_LOSS,5,69.44,3.39,Hindware Home Innovation Limited
HITECH,2024-11-05,2024-11-06,2024-11-06,190.44,183.77,-3.5,STOP_LOSS,1,68.6,4.62,Hi-Tech Pipes Limited
HITECH,2025-05-19,2025-05-20,2025-05-23,97.0,93.6,-3.5,STOP_LOSS,4,79.25,4.69,Hi-Tech Pipes Limited
HMAAGRO,2025-08-12,2025-08-13,2025-08-13,31.76,30.65,-3.5,STOP_LOSS,1,94.27,31.39,HMA Agro Industries Limited
HNDFDS,2024-12-10,2024-12-11,2024-12-12,585.6,565.1,-3.5,STOP_LOSS,2,88.63,10.69,Hindustan Foods Limited
HNDFDS,2025-02-19,2025-02-20,2025-02-24,567.3,547.44,-3.5,STOP_LOSS,3,81.91,9.67,Hindustan Foods Limited
HNDFDS,2025-03-17,2025-03-18,2025-04-01,540.1,547.05,1.29,TIME_EXIT,10,89.82,6.94,Hindustan Foods Limited
HOMEFIRST,2025-01-14,2025-01-15,2025-01-21,1055.0,1018.08,-3.5,STOP_LOSS,5,89.38,10.44,Home First Finance Company India Limited
HOMEFIRST,2025-09-24,2025-09-25,2025-09-25,1275.0,1230.38,-3.5,STOP_LOSS,1,80.86,2.75,Home First Finance Company India Limited
HOMEFIRST,2025-10-15,2025-10-16,2025-10-17,1261.9,1217.73,-3.5,STOP_LOSS,2,66.51,2.79,Home First Finance Company India Limited
HONASA,2025-03-06,2025-03-07,2025-03-11,219.85,212.16,-3.5,STOP_LOSS,3,80.07,5.38,Honasa Consumer Limited
HONAUT,2025-04-02,2025-04-03,2025-04-07,33990.0,32800.35,-3.5,STOP_LOSS,3,84.52,3.07,Honeywell Automation India Limited
HONAUT,2025-11-24,2025-11-25,2025-12-08,35800.0,34547.0,-3.5,STOP_LOSS,10,72.88,31.75,Honeywell Automation India Limited
HSCL,2025-12-30,2025-12-31,2026-01-08,490.1,472.95,-3.5,STOP_LOSS,7,65.65,2.58,Himadri Speciality Chemical Limited
HUBTOWN,2025-11-12,2025-11-13,2025-11-21,322.0,310.73,-3.5,STOP_LOSS,7,67.43,3.82,Hubtown Limited
HUHTAMAKI,2026-06-22,2026-06-23,2026-07-01,193.0,208.44,8.0,TARGET_HIT,7,65.7,5.85,Huhtamaki India Limited
HYUNDAI,2025-01-07,2025-01-08,2025-01-13,1820.0,1756.3,-3.5,STOP_LOSS,4,68.39,4.61,Hyundai Motor India Limited
HYUNDAI,2025-02-03,2025-02-04,2025-02-17,1801.05,1843.9,2.38,TIME_EXIT,10,79.91,4.65,Hyundai Motor India Limited
HYUNDAI,2025-03-27,2025-03-28,2025-04-02,1735.0,1674.28,-3.5,STOP_LOSS,3,66.45,3.05,Hyundai Motor India Limited
HYUNDAI,2025-04-23,2025-04-24,2025-04-25,1722.0,1661.73,-3.5,STOP_LOSS,2,84.53,3.59,Hyundai Motor India Limited
IBULLSLTD,2025-12-30,2025-12-31,2026-01-01,17.65,17.03,-3.5,STOP_LOSS,2,77.12,3.1,Indiabulls Limited
ICICIAMC,2026-02-03,2026-02-04,2026-02-09,3119.8,3010.61,-3.5,STOP_LOSS,4,67.1,3.09,ICICI Prudential Asset Management Company Limited
ICICIAMC,2026-04-09,2026-04-10,2026-04-21,3275.0,3537.0,8.0,TARGET_HIT,8,66.69,2.67,ICICI Prudential Asset Management Company Limited
ICICIBANK,2024-11-25,2024-11-26,2024-12-09,1310.6,1322.3,0.89,TIME_EXIT,10,72.72,2.82,ICICI Bank Limited
ICICIBANK,2025-03-21,2025-03-24,2025-04-07,1355.95,1308.49,-3.5,STOP_LOSS,10,81.17,6.86,ICICI Bank Limited
ICICIBANK,2025-06-27,2025-06-30,2025-07-11,1461.8,1421.9,-2.73,TIME_EXIT,10,83.76,3.2,ICICI Bank Limited
ICICIBANK,2026-01-06,2026-01-07,2026-01-20,1408.0,1375.8,-2.29,TIME_EXIT,10,68.99,2.53,ICICI Bank Limited
ICICIBANK,2026-08-31,2026-09-01,2026-09-09,1442.9,1392.4,-3.5,STOP_LOSS,7,78.23,2.77,ICICI Bank Limited
ICICIGI,2025-05-30,2025-06-02,2025-06-09,1878.0,2028.24,8.0,TARGET_HIT,6,90.81,3.09,ICICI Lombard General Insurance Company Limited
ICICIGI,2025-11-17,2025-11-18,2025-11-28,2044.9,1973.33,-3.5,STOP_LOSS,9,69.15,2.55,ICICI Lombard General Insurance Company Limited
ICICIGI,2026-06-19,2026-06-22,2026-06-25,1877.9,1812.17,-3.5,STOP_LOSS,4,71.49,3.03,ICICI Lombard General Insurance Company Limited
ICICIPRULI,2025-11-12,2025-11-13,2025-11-19,631.1,609.01,-3.5,STOP_LOSS,5,70.96,2.57,ICICI Prudential Life Insurance Company Limited
ICICIPRULI,2025-12-18,2025-12-19,2026-01-01,649.9,674.3,3.75,TIME_EXIT,10,81.75,2.88,ICICI Prudential Life Insurance Company Limited
ICICIPRULI,2026-01-16,2026-01-19,2026-01-20,678.0,654.27,-3.5,STOP_LOSS,2,66.89,3.25,ICICI Prudential Life Insurance Company Limited
ICICIPRULI,2026-02-18,2026-02-19,2026-03-04,651.15,628.36,-3.5,STOP_LOSS,10,76.91,6.69,ICICI Prudential Life Insurance Company Limited
ICICIPRULI,2026-08-31,2026-09-01,2026-09-02,507.0,489.26,-3.5,STOP_LOSS,2,77.99,4.14,ICICI Prudential Life Insurance Company Limited
ICIL,2024-11-06,2024-11-07,2024-11-07,396.25,382.38,-3.5,STOP_LOSS,1,66.71,3.51,Indo Count Industries Limited
ICIL,2026-02-03,2026-02-04,2026-02-04,296.0,285.64,-3.5,STOP_LOSS,1,75.39,7.12,Indo Count Industries Limited
ICIL,2026-04-08,2026-04-09,2026-04-13,251.0,242.22,-3.5,STOP_LOSS,3,67.33,2.62,Indo Count Industries Limited
ICRA,2024-10-04,2024-10-07,2024-10-07,7299.85,7044.36,-3.5,STOP_LOSS,1,92.43,5.46,ICRA Limited
ICRA,2024-10-24,2024-10-25,2024-10-25,7145.15,6895.07,-3.5,STOP_LOSS,1,74.1,14.04,ICRA Limited
ICRA,2025-03-19,2025-03-20,2025-04-01,5600.0,5404.0,-3.5,STOP_LOSS,8,95.46,22.36,ICRA Limited
ICRA,2025-07-03,2025-07-04,2025-07-17,6905.0,6870.5,-0.5,TIME_EXIT,10,89.33,69.68,ICRA Limited
ICRA,2026-07-10,2026-07-13,2026-07-21,5344.0,5156.96,-3.5,STOP_LOSS,7,73.23,4.16,ICRA Limited
IDFCFIRSTB,2025-12-19,2025-12-22,2026-01-02,85.0,85.92,1.08,TIME_EXIT,10,69.09,3.33,IDFC First Bank Limited
IGIL,2025-05-30,2025-06-02,2025-06-02,400.9,386.87,-3.5,STOP_LOSS,1,66.88,6.33,International Gemological Institute Limited
IGIL,2026-04-08,2026-04-09,2026-04-16,335.4,362.23,8.0,TARGET_HIT,6,65.21,3.19,International Gemological Institute Limited
IGIL,2026-06-09,2026-06-10,2026-06-10,375.05,361.92,-3.5,STOP_LOSS,1,66.06,2.77,International Gemological Institute Limited
IGL,2026-04-10,2026-04-13,2026-04-23,159.7,172.48,8.0,TARGET_HIT,9,68.58,2.69,Indraprastha Gas Limited
IIFLCAPS,2026-08-31,2026-09-01,2026-09-11,337.2,339.05,0.55,TIME_EXIT,10,72.81,2.51,IIFL Capital Services Limited
IKS,2026-05-29,2026-06-01,2026-06-12,1670.0,1678.3,0.5,TIME_EXIT,10,71.18,3.49,Inventurus Knowledge Solutions Limited
INDHOTEL,2024-12-30,2024-12-31,2025-01-06,881.0,850.16,-3.5,STOP_LOSS,5,68.03,8.08,The Indian Hotels Company Limited
INDHOTEL,2026-08-31,2026-09-01,2026-09-11,728.15,718.5,-1.33,TIME_EXIT,10,66.8,4.69,The Indian Hotels Company Limited
INDIAMART,2026-06-16,2026-06-17,2026-06-23,2104.0,2030.36,-3.5,STOP_LOSS,5,67.7,4.48,Indiamart Intermesh Limited
INDIANB,2025-12-30,2025-12-31,2026-01-13,812.9,817.75,0.6,TIME_EXIT,10,72.39,10.32,Indian Bank
INDIASHLTR,2024-12-09,2024-12-10,2024-12-23,685.55,684.85,-0.1,TIME_EXIT,10,76.78,3.46,India Shelter Finance Corporation Limited
INDIASHLTR,2025-02-07,2025-02-10,2025-02-11,704.0,679.36,-3.5,STOP_LOSS,2,65.05,6.16,India Shelter Finance Corporation Limited
INDIASHLTR,2025-05-28,2025-05-29,2025-06-03,884.4,853.45,-3.5,STOP_LOSS,4,70.88,2.59,India Shelter Finance Corporation Limited
INDIASHLTR,2026-06-12,2026-06-15,2026-06-18,790.0,762.35,-3.5,STOP_LOSS,4,66.4,14.02,India Shelter Finance Corporation Limited
INDIGO,2024-11-25,2024-11-26,2024-12-09,4274.5,4489.45,5.03,TIME_EXIT,10,74.5,2.51,InterGlobe Aviation Limited
INDIGO,2025-06-27,2025-06-30,2025-07-11,5840.0,5917.5,1.33,TIME_EXIT,10,73.15,3.06,InterGlobe Aviation Limited
INDIGO,2025-09-29,2025-09-30,2025-10-14,5551.0,5759.0,3.75,TIME_EXIT,10,72.58,25.74,InterGlobe Aviation Limited
INDIGOPNTS,2026-07-02,2026-07-03,2026-07-08,1089.4,1051.27,-3.5,STOP_LOSS,4,65.52,8.98,Indigo Paints Limited
INDIQUBE,2026-06-16,2026-06-17,2026-06-19,163.5,176.58,8.0,TARGET_HIT,3,87.53,46.31,Indiqube Spaces Limited
INDIQUBE,2026-07-09,2026-07-10,2026-07-17,173.0,166.94,-3.5,STOP_LOSS,6,92.01,13.2,Indiqube Spaces Limited
INDIQUBE,2026-07-10,2026-07-13,2026-07-13,179.0,172.74,-3.5,STOP_LOSS,1,88.9,7.06,Indiqube Spaces Limited
INDOCO,2024-11-22,2024-11-25,2024-11-26,325.05,313.67,-3.5,STOP_LOSS,2,79.38,4.8,Indoco Remedies Limited
INDOTHAI,2026-03-25,2026-03-27,2026-04-09,284.3,290.1,2.04,TIME_EXIT,10,74.22,3.74,Indo Thai Securities Limited
INDOTHAI,2026-03-25,2026-03-27,2026-04-09,284.3,290.1,2.04,TIME_EXIT,10,74.22,2.96,Indo Thai Securities Limited
INDOTHAI,2026-04-22,2026-04-23,2026-04-23,313.0,302.04,-3.5,STOP_LOSS,1,71.75,3.55,Indo Thai Securities Limited
INDRAMEDCO,2025-05-15,2025-05-16,2025-05-20,428.95,413.94,-3.5,STOP_LOSS,3,66.17,3.05,Indraprastha Medical Corporation Limited
INDSWFTLAB,2026-02-04,2026-02-05,2026-02-06,119.97,129.57,8.0,TARGET_HIT,2,69.13,4.58,Ind-Swift Laboratories Limited
INDUSTOWER,2026-05-29,2026-06-01,2026-06-02,443.7,428.17,-3.5,STOP_LOSS,2,65.15,2.55,Indus Towers Limited
INFY,2025-12-22,2025-12-23,2025-12-30,1679.0,1620.24,-3.5,STOP_LOSS,6,75.47,4.67,Infosys Limited
INFY,2026-05-19,2026-05-20,2026-06-02,1187.0,1270.8,7.06,TIME_EXIT,10,68.69,3.5,Infosys Limited
INGERRAND,2024-11-22,2024-11-25,2024-12-06,4535.0,4450.85,-1.86,TIME_EXIT,10,81.4,6.41,Ingersoll Rand (India) Limited
INGERRAND,2026-04-29,2026-04-30,2026-05-13,4310.4,4260.3,-1.16,TIME_EXIT,10,87.91,9.58,Ingersoll Rand (India) Limited
INOXGREEN,2026-09-10,2026-09-11,2026-09-15,178.01,171.78,-3.5,STOP_LOSS,3,78.53,3.07,Inox Green Energy Services Limited
INOXINDIA,2025-12-31,2026-01-01,2026-01-12,1137.0,1097.2,-3.5,STOP_LOSS,8,84.4,2.79,INOX India Limited
INTENTECH,2026-01-29,2026-01-30,2026-01-30,117.97,113.84,-3.5,STOP_LOSS,1,91.59,18.65,Intense Technologies Limited
INTERARCH,2026-09-08,2026-09-09,2026-09-15,1759.9,1698.3,-3.5,STOP_LOSS,5,65.21,2.82,Interarch Building Solutions Limited
IOC,2025-03-21,2025-03-24,2025-03-28,133.0,128.34,-3.5,STOP_LOSS,5,66.55,4.52,Indian Oil Corporation Limited
IPCALAB,2024-10-11,2024-10-14,2024-10-22,1660.15,1602.04,-3.5,STOP_LOSS,7,65.01,6.96,IPCA Laboratories Limited
IPCALAB,2026-01-06,2026-01-07,2026-01-20,1475.5,1479.7,0.28,TIME_EXIT,10,67.3,5.44,IPCA Laboratories Limited
IPCALAB,2026-03-25,2026-03-27,2026-04-01,1594.7,1538.89,-3.5,STOP_LOSS,4,81.74,3.86,IPCA Laboratories Limited
IPCALAB,2026-03-25,2026-03-27,2026-04-01,1594.7,1538.89,-3.5,STOP_LOSS,4,81.74,2.93,IPCA Laboratories Limited
IPL,2025-03-19,2025-03-20,2025-03-24,134.05,144.77,8.0,TARGET_HIT,3,87.05,3.36,India Pesticides Limited
IRCTC,2025-03-27,2025-03-28,2025-04-07,718.05,692.92,-3.5,STOP_LOSS,6,70.91,10.9,Indian Railway Catering And Tourism Corporation Limited
IRISDOREME,2026-08-10,2026-08-11,2026-08-24,56.93,54.94,-3.5,STOP_LOSS,10,68.36,13.84,Iris Clothings Limited
ISGEC,2025-12-24,2025-12-26,2025-12-29,925.0,892.62,-3.5,STOP_LOSS,2,66.77,4.54,Isgec Heavy Engineering Limited
ISGEC,2025-12-24,2025-12-26,2025-12-29,925.0,892.62,-3.5,STOP_LOSS,2,66.77,3.4,Isgec Heavy Engineering Limited
ITCHOTELS,2026-04-08,2026-04-09,2026-04-16,151.97,164.13,8.0,TARGET_HIT,6,70.14,5.41,ITC Hotels Limited
IXIGO,2024-12-10,2024-12-11,2024-12-11,145.0,156.6,8.0,TARGET_HIT,1,67.12,4.52,Le Travenues Technology Limited
IXIGO,2025-04-17,2025-04-21,2025-04-22,158.08,152.55,-3.5,STOP_LOSS,2,70.51,4.27,Le Travenues Technology Limited
IXIGO,2025-07-14,2025-07-15,2025-07-17,177.03,191.19,8.0,TARGET_HIT,3,80.09,6.17,Le Travenues Technology Limited
JAIBALAJI,2025-03-19,2025-03-20,2025-03-25,144.9,139.83,-3.5,STOP_LOSS,4,80.02,4.6,Jai Balaji Industries Limited
JAIBALAJI,2026-08-31,2026-09-01,2026-09-01,72.57,70.03,-3.5,STOP_LOSS,1,70.93,5.0,Jai Balaji Industries Limited
JIOFIN,2025-03-27,2025-03-28,2025-04-07,227.18,219.23,-3.5,STOP_LOSS,6,78.21,10.8,Jio Financial Services Limited
JKCEMENT,2024-11-29,2024-12-02,2024-12-03,4289.95,4633.15,8.0,TARGET_HIT,2,72.66,3.78,JK Cement Limited
JKCEMENT,2026-06-17,2026-06-18,2026-07-01,5440.0,5413.0,-0.5,TIME_EXIT,10,76.16,3.67,JK Cement Limited
JKIL,2026-02-09,2026-02-10,2026-02-11,595.0,574.17,-3.5,STOP_LOSS,2,66.27,3.23,J.Kumar Infraprojects Limited
JKLAKSHMI,2025-04-03,2025-04-04,2025-04-07,806.0,777.79,-3.5,STOP_LOSS,2,82.36,2.72,JK Lakshmi Cement Limited
JKLAKSHMI,2026-01-20,2026-01-21,2026-01-21,793.15,765.39,-3.5,STOP_LOSS,1,80.83,5.5,JK Lakshmi Cement Limited
JKLAKSHMI,2026-01-22,2026-01-23,2026-02-02,793.05,765.29,-3.5,STOP_LOSS,7,72.08,2.69,JK Lakshmi Cement Limited
JKLAKSHMI,2026-05-13,2026-05-14,2026-05-18,674.0,650.41,-3.5,STOP_LOSS,3,80.12,10.24,JK Lakshmi Cement Limited
JLHL,2024-11-04,2024-11-05,2024-11-11,1368.25,1477.71,8.0,TARGET_HIT,5,90.29,5.47,Jupiter Life Line Hospitals Limited
JLHL,2024-12-18,2024-12-19,2025-01-01,1555.35,1530.15,-1.62,TIME_EXIT,10,72.64,2.9,Jupiter Life Line Hospitals Limited
JLHL,2025-02-03,2025-02-04,2025-02-07,1679.6,1620.81,-3.5,STOP_LOSS,4,75.38,5.82,Jupiter Life Line Hospitals Limited
JLHL,2025-05-22,2025-05-23,2025-05-26,1464.6,1413.34,-3.5,STOP_LOSS,2,82.39,4.46,Jupiter Life Line Hospitals Limited
JLHL,2025-06-10,2025-06-11,2025-06-20,1537.7,1483.88,-3.5,STOP_LOSS,8,90.11,13.74,Jupiter Life Line Hospitals Limited
JLHL,2025-09-24,2025-09-25,2025-09-29,1527.0,1473.56,-3.5,STOP_LOSS,3,85.05,13.74,Jupiter Life Line Hospitals Limited
JLHL,2026-06-30,2026-07-01,2026-07-14,1425.6,1483.5,4.06,TIME_EXIT,10,73.72,4.56,Jupiter Life Line Hospitals Limited
JSWCEMENT,2026-02-26,2026-02-27,2026-02-27,128.75,124.24,-3.5,STOP_LOSS,1,75.76,8.88,JSW Cement Limited
JSWHL,2025-03-18,2025-03-19,2025-03-19,21399.0,20650.04,-3.5,STOP_LOSS,1,68.83,3.03,JSW Holdings Limited
JSWHL,2025-03-21,2025-03-24,2025-03-26,23159.0,22348.44,-3.5,STOP_LOSS,3,86.25,10.62,JSW Holdings Limited
JSWINFRA,2025-09-19,2025-09-22,2025-09-26,335.8,324.05,-3.5,STOP_LOSS,5,65.41,5.87,JSW Infrastructure Limited
JSWINFRA,2026-05-07,2026-05-08,2026-05-12,282.45,272.56,-3.5,STOP_LOSS,3,76.19,4.78,JSW Infrastructure Limited
JTEKTINDIA,2025-06-25,2025-06-26,2025-07-09,144.5,139.44,-3.5,STOP_LOSS,10,77.0,68.34,Jtekt India Limited
JUBLPHARMA,2025-12-19,2025-12-22,2025-12-30,1082.8,1044.9,-3.5,STOP_LOSS,7,72.06,4.57,Jubilant Pharmova Limited
JUSTDIAL,2026-06-09,2026-06-10,2026-06-23,529.95,546.1,3.05,TIME_EXIT,10,70.66,2.81,Just Dial Limited
JYOTHYLAB,2026-04-08,2026-04-09,2026-04-13,225.4,217.51,-3.5,STOP_LOSS,3,65.43,2.6,Jyothy Labs Limited
KAJARIACER,2024-12-02,2024-12-03,2024-12-06,1236.7,1193.42,-3.5,STOP_LOSS,4,92.79,4.67,Kajaria Ceramics Limited
KAJARIACER,2025-07-17,2025-07-18,2025-07-24,1234.0,1190.81,-3.5,STOP_LOSS,5,72.48,2.84,Kajaria Ceramics Limited
KAJARIACER,2025-10-13,2025-10-14,2025-10-15,1261.6,1217.44,-3.5,STOP_LOSS,2,66.89,6.87,Kajaria Ceramics Limited
KAJARIACER,2026-04-01,2026-04-02,2026-04-08,969.9,1047.49,8.0,TARGET_HIT,5,66.22,5.54,Kajaria Ceramics Limited
KAJARIACER,2026-06-17,2026-06-18,2026-07-01,1160.0,1203.6,3.76,TIME_EXIT,10,67.94,4.2,Kajaria Ceramics Limited
KALPATARU,2025-12-15,2025-12-16,2025-12-17,354.0,341.61,-3.5,STOP_LOSS,2,95.38,14.27,Kalpataru Limited
KALPATARU,2026-06-16,2026-06-17,2026-06-18,337.0,325.2,-3.5,STOP_LOSS,2,67.82,25.45,Kalpataru Limited
KAMDHENU,2025-01-02,2025-01-03,2025-01-06,519.95,501.75,-3.5,STOP_LOSS,2,72.03,5.33,Kamdhenu Limited
KANSAINER,2025-04-22,2025-04-23,2025-04-25,269.8,260.36,-3.5,STOP_LOSS,3,69.13,2.86,Kansai Nerolac Paints Limited
KANSAINER,2025-08-01,2025-08-04,2025-08-05,250.0,241.25,-3.5,STOP_LOSS,2,66.97,3.45,Kansai Nerolac Paints Limited
KANSAINER,2026-04-10,2026-04-13,2026-04-17,188.25,203.31,8.0,TARGET_HIT,5,73.99,3.3,Kansai Nerolac Paints Limited
KARURVYSYA,2025-02-06,2025-02-07,2025-02-11,234.5,226.29,-3.5,STOP_LOSS,3,74.37,2.69,Karur Vysya Bank Limited
KARURVYSYA,2025-04-16,2025-04-17,2025-05-02,218.9,215.6,-1.51,TIME_EXIT,10,71.83,4.33,Karur Vysya Bank Limited
KARURVYSYA,2025-08-25,2025-08-26,2025-08-26,229.95,221.9,-3.5,STOP_LOSS,1,74.87,3.36,Karur Vysya Bank Limited
KARURVYSYA,2026-06-29,2026-06-30,2026-07-03,299.8,289.31,-3.5,STOP_LOSS,4,70.17,5.5,Karur Vysya Bank Limited
KEI,2024-12-10,2024-12-11,2024-12-17,4570.0,4410.05,-3.5,STOP_LOSS,5,73.72,3.81,KEI Industries Limited
KESORAMIND,2024-11-27,2024-11-28,2024-12-06,216.0,233.28,8.0,TARGET_HIT,7,69.4,3.75,Kesoram Industries Limited
KIMS,2026-07-30,2026-07-31,2026-08-05,812.7,784.26,-3.5,STOP_LOSS,4,72.39,2.95,Krishna Institute of Medical Sciences Limited
KIMS,2026-09-17,2026-09-18,2026-09-18,793.4,809.85,2.07,TIME_EXIT,1,67.87,3.7,Krishna Institute of Medical Sciences Limited
KINGFA,2026-05-08,2026-05-11,2026-05-12,5425.0,5235.12,-3.5,STOP_LOSS,2,65.42,5.25,Kingfa Science & Technology (India) Limited
KIRLFER,2026-06-15,2026-06-16,2026-06-16,445.0,429.42,-3.5,STOP_LOSS,1,92.34,4.2,Kirloskar Ferrous Industries Limited
KIRLFER,2026-09-09,2026-09-10,2026-09-18,470.85,480.65,2.08,TIME_EXIT,7,76.11,9.73,Kirloskar Ferrous Industries Limited
KIRLOSBROS,2025-03-21,2025-03-24,2025-04-02,1734.05,1673.36,-3.5,STOP_LOSS,7,70.13,13.76,Kirloskar Brothers Limited
KIRLOSENG,2026-02-03,2026-02-04,2026-02-11,1186.3,1281.2,8.0,TARGET_HIT,6,66.56,4.28,Kirloskar Oil Engines Limited
KIRLOSENG,2026-04-21,2026-04-22,2026-04-24,1655.0,1597.08,-3.5,STOP_LOSS,3,74.37,2.53,Kirloskar Oil Engines Limited
KIRLPNU,2024-11-25,2024-11-26,2024-11-27,1613.1,1742.15,8.0,TARGET_HIT,2,72.11,4.5,Kirloskar Pneumatic Company Limited
KIRLPNU,2024-12-11,2024-12-12,2024-12-13,1799.0,1736.04,-3.5,STOP_LOSS,2,74.51,2.96,Kirloskar Pneumatic Company Limited
KIRLPNU,2025-04-21,2025-04-22,2025-04-24,1215.0,1312.2,8.0,TARGET_HIT,3,66.63,3.89,Kirloskar Pneumatic Company Limited
KIRLPNU,2025-12-31,2026-01-01,2026-01-12,1059.9,1022.8,-3.5,STOP_LOSS,8,81.94,2.98,Kirloskar Pneumatic Company Limited
KIRLPNU,2026-01-27,2026-01-28,2026-02-03,1109.1,1197.83,8.0,TARGET_HIT,5,70.13,3.9,Kirloskar Pneumatic Company Limited
KIRLPNU,2026-01-28,2026-01-29,2026-02-09,1129.0,1219.32,8.0,TARGET_HIT,8,75.24,3.66,Kirloskar Pneumatic Company Limited
KKCL,2025-06-20,2025-06-23,2025-07-02,493.25,532.71,8.0,TARGET_HIT,8,86.08,2.54,Kewal Kiran Clothing Limited
KKCL,2026-07-03,2026-07-06,2026-07-08,512.1,494.18,-3.5,STOP_LOSS,3,74.76,12.47,Kewal Kiran Clothing Limited
KMEW,2025-06-24,2025-06-25,2025-06-27,1713.0,1653.04,-3.5,STOP_LOSS,3,70.13,20.52,Knowledge Marine & Engineering Works Limited
KOTAKBANK,2024-11-25,2024-11-26,2024-12-09,1795.0,1786.25,-0.49,TIME_EXIT,10,72.66,2.55,Kotak Mahindra Bank Limited
KOTAKBANK,2025-02-13,2025-02-14,2025-02-28,1974.0,1904.91,-3.5,STOP_LOSS,10,73.5,3.96,Kotak Mahindra Bank Limited
KOTAKBANK,2025-03-21,2025-03-24,2025-04-07,2100.0,2026.5,-3.5,STOP_LOSS,10,82.73,5.1,Kotak Mahindra Bank Limited
KOTAKBANK,2026-08-27,2026-08-28,2026-09-10,424.6,416.55,-1.9,TIME_EXIT,10,67.78,3.38,Kotak Mahindra Bank Limited
KPIGREEN,2025-01-02,2025-01-03,2025-01-03,579.0,558.74,-3.5,STOP_LOSS,1,68.06,2.75,KPI Green Energy Limited
KPIL,2025-05-30,2025-06-02,2025-06-13,1145.9,1161.1,1.33,TIME_EXIT,10,74.31,2.51,Kalpataru Projects International Limited
KPIL,2025-10-16,2025-10-17,2025-10-27,1284.0,1239.06,-3.5,STOP_LOSS,7,72.0,2.77,Kalpataru Projects International Limited
KPIL,2026-04-08,2026-04-09,2026-04-17,1144.5,1236.06,8.0,TARGET_HIT,7,72.92,4.87,Kalpataru Projects International Limited
KPIL,2026-05-07,2026-05-08,2026-05-11,1304.8,1259.13,-3.5,STOP_LOSS,2,76.36,3.21,Kalpataru Projects International Limited
KPRMILL,2025-03-06,2025-03-07,2025-03-11,875.0,844.38,-3.5,STOP_LOSS,3,68.88,2.52,K.P.R. Mill Limited
KPRMILL,2025-04-16,2025-04-17,2025-04-25,1039.9,1003.5,-3.5,STOP_LOSS,6,78.27,9.39,K.P.R. Mill Limited
KRISHANA,2025-05-05,2025-05-06,2025-05-08,299.8,323.78,8.0,TARGET_HIT,3,70.22,2.91,Krishana Phoschem Limited
KSB,2025-02-05,2025-02-06,2025-02-07,711.2,686.31,-3.5,STOP_LOSS,2,87.38,5.12,Ksb Limited
KSB,2025-09-15,2025-09-16,2025-09-26,848.05,818.37,-3.5,STOP_LOSS,9,69.39,4.19,Ksb Limited
KSB,2026-04-15,2026-04-16,2026-04-29,955.95,985.3,3.07,TIME_EXIT,10,67.04,5.64,Ksb Limited
KSB,2026-08-31,2026-09-01,2026-09-11,808.35,804.2,-0.51,TIME_EXIT,10,66.66,5.14,Ksb Limited
LALPATHLAB,2025-04-02,2025-04-03,2025-04-07,2485.0,2398.02,-3.5,STOP_LOSS,3,81.51,5.58,Dr. Lal Path Labs Ltd.
LALPATHLAB,2026-04-21,2026-04-22,2026-04-29,1442.0,1391.53,-3.5,STOP_LOSS,6,88.61,3.96,Dr. Lal Path Labs Ltd.
LALPATHLAB,2026-07-06,2026-07-07,2026-07-20,1695.0,1693.3,-0.1,TIME_EXIT,10,77.82,3.08,Dr. Lal Path Labs Ltd.
LANDMARK,2024-10-08,2024-10-09,2024-10-22,631.2,609.11,-3.5,STOP_LOSS,10,91.65,3.62,Landmark Cars Limited
LANDMARK,2026-07-02,2026-07-03,2026-07-08,436.45,421.17,-3.5,STOP_LOSS,4,79.57,3.06,Landmark Cars Limited
LAURUSLABS,2026-06-29,2026-06-30,2026-07-13,1500.3,1558.6,3.89,TIME_EXIT,10,69.64,8.18,Laurus Labs Limited
LENSKART,2026-06-19,2026-06-22,2026-06-24,511.0,493.12,-3.5,STOP_LOSS,3,66.36,8.97,Lenskart Solutions Limited
LGBBROSLTD,2026-01-07,2026-01-08,2026-01-09,1860.0,1794.9,-3.5,STOP_LOSS,2,66.2,4.07,LG Balakrishnan & Bros Limited
LICHSGFIN,2025-07-15,2025-07-16,2025-07-28,619.45,597.77,-3.5,STOP_LOSS,9,70.64,3.21,LIC Housing Finance Limited
LICHSGFIN,2026-02-09,2026-02-10,2026-02-16,524.0,505.66,-3.5,STOP_LOSS,5,74.3,3.24,LIC Housing Finance Limited
LICHSGFIN,2026-06-29,2026-06-30,2026-07-07,564.0,544.26,-3.5,STOP_LOSS,6,71.31,5.95,LIC Housing Finance Limited
LLOYDSENT,2024-12-04,2024-12-05,2024-12-05,51.0,49.22,-3.5,STOP_LOSS,1,69.04,3.0,Lloyds Enterprises Limited
LLOYDSENT,2026-04-28,2026-04-29,2026-04-29,71.99,69.47,-3.5,STOP_LOSS,1,79.21,3.81,Lloyds Enterprises Limited
LLOYDSME,2025-12-16,2025-12-17,2025-12-30,1317.6,1294.3,-1.77,TIME_EXIT,10,89.01,26.73,Lloyds Metals And Energy Limited
LLOYDSME,2026-06-29,2026-06-30,2026-07-06,1820.0,1756.3,-3.5,STOP_LOSS,5,66.66,3.6,Lloyds Metals And Energy Limited
LMW,2025-05-12,2025-05-13,2025-05-26,17150.0,17398.0,1.45,TIME_EXIT,10,71.53,3.01,LMW Limited
LMW,2025-10-23,2025-10-24,2025-11-06,15845.0,15709.0,-0.86,TIME_EXIT,10,66.58,3.34,LMW Limited
LMW,2026-07-10,2026-07-13,2026-07-24,16134.0,17424.72,8.0,TARGET_HIT,10,69.62,4.49,LMW Limited
LODHA,2024-11-18,2024-11-19,2024-11-22,1256.0,1212.04,-3.5,STOP_LOSS,4,65.93,2.65,Lodha Developers Limited
LODHA,2025-06-20,2025-06-23,2025-06-26,1477.8,1426.08,-3.5,STOP_LOSS,4,72.19,5.24,Lodha Developers Limited
LODHA,2026-01-02,2026-01-05,2026-01-12,1090.7,1052.53,-3.5,STOP_LOSS,6,65.18,3.51,Lodha Developers Limited
LORDSCHLO,2025-07-21,2025-07-22,2025-07-23,228.57,220.57,-3.5,STOP_LOSS,2,84.11,17.06,Lords Chloro Alkali Limited
LOTUSDEV,2026-05-06,2026-05-07,2026-05-13,144.96,139.89,-3.5,STOP_LOSS,5,67.69,3.35,Sri Lotus Developers and Realty Limited
LTF,2025-08-26,2025-08-28,2025-09-10,219.3,232.72,6.12,TIME_EXIT,10,70.27,4.36,L&T Finance Limited
LTF,2025-12-30,2025-12-31,2026-01-06,304.4,328.75,8.0,TARGET_HIT,5,71.89,10.25,L&T Finance Limited
LTFOODS,2026-02-06,2026-02-09,2026-02-13,405.0,437.4,8.0,TARGET_HIT,5,65.24,6.7,LT Foods Limited
LUMAXIND,2026-02-04,2026-02-05,2026-02-05,5263.9,5079.66,-3.5,STOP_LOSS,1,82.72,4.91,Lumax Industries Limited
LUMAXIND,2026-07-31,2026-08-03,2026-08-03,5316.0,5741.28,8.0,TARGET_HIT,1,78.65,4.73,Lumax Industries Limited
LUMAXTECH,2025-07-17,2025-07-18,2025-07-24,1153.1,1112.74,-3.5,STOP_LOSS,5,71.97,4.48,Lumax Auto Technologies Limited
LUPIN,2026-01-06,2026-01-07,2026-01-20,2161.0,2168.3,0.34,TIME_EXIT,10,69.96,3.14,Lupin Limited
LUXIND,2026-02-09,2026-02-10,2026-02-11,1040.5,1004.08,-3.5,STOP_LOSS,2,84.48,16.3,Lux Industries Limited
M&M,2025-06-20,2025-06-23,2025-07-04,3163.6,3162.5,-0.03,TIME_EXIT,10,69.12,5.51,Mahindra & Mahindra Limited
M&MFIN,2026-04-29,2026-04-30,2026-05-04,320.0,308.8,-3.5,STOP_LOSS,3,67.76,3.55,Mahindra & Mahindra Financial Services Limited
MAHLIFE,2025-06-06,2025-06-09,2025-06-20,345.0,356.95,3.46,TIME_EXIT,10,69.06,4.16,Mahindra Lifespace Developers Limited
MAHLIFE,2026-07-10,2026-07-13,2026-07-24,378.9,365.64,-3.5,STOP_LOSS,10,91.63,13.48,Mahindra Lifespace Developers Limited
MAHLOG,2026-04-15,2026-04-16,2026-04-24,415.0,448.2,8.0,TARGET_HIT,7,80.29,4.37,Mahindra Logistics Limited
MAHSCOOTER,2025-05-15,2025-05-16,2025-05-19,12448.0,13443.84,8.0,TARGET_HIT,2,65.97,8.23,Maharashtra Scooters Limited
MAHSCOOTER,2026-06-12,2026-06-15,2026-06-25,12400.0,12506.0,0.85,TIME_EXIT,10,77.26,4.97,Maharashtra Scooters Limited
MANAKCOAT,2024-11-27,2024-11-28,2024-12-02,71.47,77.19,8.0,TARGET_HIT,3,83.68,2.72,Manaksia Coated Metals & Industries Limited
MANAKCOAT,2024-12-05,2024-12-06,2024-12-06,93.8,90.52,-3.5,STOP_LOSS,1,79.25,3.25,Manaksia Coated Metals & Industries Limited
MANGLMCEM,2024-12-16,2024-12-17,2024-12-19,950.75,917.47,-3.5,STOP_LOSS,3,69.78,2.98,Mangalam Cement Limited
MANGLMCEM,2025-03-19,2025-03-20,2025-04-02,742.35,801.74,8.0,TARGET_HIT,9,75.06,2.72,Mangalam Cement Limited
MANGLMCEM,2026-02-16,2026-02-17,2026-02-17,818.0,883.44,8.0,TARGET_HIT,1,76.74,3.97,Mangalam Cement Limited
MANGLMCEM,2026-04-08,2026-04-09,2026-04-22,870.85,940.52,8.0,TARGET_HIT,10,68.84,2.72,Mangalam Cement Limited
MANGLMCEM,2026-04-15,2026-04-16,2026-04-16,929.0,896.48,-3.5,STOP_LOSS,1,77.07,4.28,Mangalam Cement Limited
MANGLMCEM,2026-06-24,2026-06-25,2026-07-08,927.0,923.45,-0.38,TIME_EXIT,10,67.1,2.63,Mangalam Cement Limited
MANGLMCEM,2026-07-03,2026-07-06,2026-07-16,939.9,1015.09,8.0,TARGET_HIT,9,67.77,5.35,Mangalam Cement Limited
MANORAMA,2024-09-27,2024-09-30,2024-09-30,848.0,818.32,-3.5,STOP_LOSS,1,69.41,2.58,Manorama Industries Limited
MANORAMA,2024-10-23,2024-10-24,2024-10-24,1022.8,987.0,-3.5,STOP_LOSS,1,65.08,2.92,Manorama Industries Limited
MANORAMA,2025-02-12,2025-02-13,2025-02-14,1099.0,1060.53,-3.5,STOP_LOSS,2,72.87,7.34,Manorama Industries Limited
MANYAVAR,2024-10-16,2024-10-17,2024-10-17,1360.0,1312.4,-3.5,STOP_LOSS,1,92.42,7.83,Vedant Fashions Limited
MANYAVAR,2025-06-05,2025-06-06,2025-06-12,817.25,788.65,-3.5,STOP_LOSS,5,76.39,2.59,Vedant Fashions Limited
MAPMYINDIA,2025-01-16,2025-01-17,2025-01-30,1650.6,1650.35,-0.02,TIME_EXIT,10,76.71,4.61,C.E. Info Systems Limited
MARATHON,2025-07-07,2025-07-08,2025-07-11,695.0,670.68,-3.5,STOP_LOSS,4,66.97,3.64,Marathon Nextgen Realty Limited
MARATHON,2025-09-19,2025-09-22,2025-09-25,655.0,632.07,-3.5,STOP_LOSS,4,67.47,2.63,Marathon Nextgen Realty Limited
MARATHON,2025-10-17,2025-10-20,2025-10-21,621.0,670.68,8.0,TARGET_HIT,2,69.4,12.26,Marathon Nextgen Realty Limited
MARICO,2025-04-11,2025-04-15,2025-04-29,716.0,711.35,-0.65,TIME_EXIT,10,69.03,2.66,Marico Limited
MARICO,2026-06-29,2026-06-30,2026-07-13,840.0,846.75,0.8,TIME_EXIT,10,76.8,4.66,Marico Limited
MASFIN,2024-10-10,2024-10-11,2024-10-24,288.8,285.9,-1.0,TIME_EXIT,10,67.04,3.58,MAS Financial Services Limited
MASFIN,2025-05-07,2025-05-08,2025-05-09,268.0,258.62,-3.5,STOP_LOSS,2,89.72,6.17,MAS Financial Services Limited
MASFIN,2026-01-02,2026-01-05,2026-01-09,327.45,315.99,-3.5,STOP_LOSS,5,91.07,8.22,MAS Financial Services Limited
MAXESTATES,2024-10-15,2024-10-16,2024-10-17,622.95,601.15,-3.5,STOP_LOSS,2,66.86,2.63,Max Estates Limited
MAXESTATES,2026-07-10,2026-07-13,2026-07-14,449.0,433.28,-3.5,STOP_LOSS,2,90.04,12.22,Max Estates Limited
MAXHEALTH,2025-03-21,2025-03-24,2025-03-26,1174.65,1133.54,-3.5,STOP_LOSS,3,67.08,2.78,Max Healthcare Institute Limited
MAXHEALTH,2025-06-27,2025-06-30,2025-07-10,1284.5,1239.54,-3.5,STOP_LOSS,9,80.99,6.0,Max Healthcare Institute Limited
MAYURUNIQ,2024-10-09,2024-10-10,2024-10-15,615.9,594.34,-3.5,STOP_LOSS,4,86.61,4.65,Mayur Uniquoters Ltd
MAYURUNIQ,2024-12-10,2024-12-11,2024-12-24,599.9,602.35,0.41,TIME_EXIT,10,68.36,3.74,Mayur Uniquoters Ltd
MAYURUNIQ,2026-01-23,2026-01-27,2026-02-03,500.7,540.76,8.0,TARGET_HIT,6,80.37,7.02,Mayur Uniquoters Ltd
MAYURUNIQ,2026-01-23,2026-01-27,2026-02-03,500.7,540.76,8.0,TARGET_HIT,6,80.37,4.6,Mayur Uniquoters Ltd
MBAPL,2025-09-15,2025-09-16,2025-09-24,435.0,419.78,-3.5,STOP_LOSS,7,67.26,2.89,Madhya Bharat Agro Products Limited
MCLEODRUSS,2024-09-30,2024-10-01,2024-10-01,33.0,31.84,-3.5,STOP_LOSS,1,65.28,3.35,Mcleod Russel India Limited
MCX,2026-06-29,2026-06-30,2026-07-03,2914.0,2812.01,-3.5,STOP_LOSS,4,68.56,5.1,Multi Commodity Exchange of India Limited
MEDANTA,2025-06-16,2025-06-17,2025-06-17,1221.9,1179.13,-3.5,STOP_LOSS,1,80.85,8.87,Global Health Limited
MEDANTA,2026-05-04,2026-05-05,2026-05-15,1169.5,1263.06,8.0,TARGET_HIT,9,68.51,3.02,Global Health Limited
MEDANTA,2026-06-16,2026-06-17,2026-06-30,1241.9,1313.8,5.79,TIME_EXIT,10,70.07,3.13,Global Health Limited
MEDIASSIST,2025-05-19,2025-05-20,2025-05-27,481.0,519.48,8.0,TARGET_HIT,6,85.93,5.05,Medi Assist Healthcare Services Limited
MEDIASSIST,2025-06-30,2025-07-01,2025-07-02,536.05,517.29,-3.5,STOP_LOSS,2,66.64,6.37,Medi Assist Healthcare Services Limited
MEDIASSIST,2025-07-09,2025-07-10,2025-07-17,569.4,549.47,-3.5,STOP_LOSS,6,72.35,3.78,Medi Assist Healthcare Services Limited
MEDPLUS,2024-11-06,2024-11-07,2024-11-19,677.95,732.19,8.0,TARGET_HIT,8,89.82,6.83,Medplus Health Services Limited
MEDPLUS,2025-04-15,2025-04-16,2025-04-30,812.25,806.15,-0.75,TIME_EXIT,10,68.9,2.68,Medplus Health Services Limited
MEDPLUS,2026-04-08,2026-04-09,2026-04-22,861.45,890.7,3.4,TIME_EXIT,10,65.01,4.41,Medplus Health Services Limited
MERCURYEV,2026-09-07,2026-09-08,2026-09-10,37.68,40.69,8.0,TARGET_HIT,3,97.98,51.18,Mercury Ev-Tech Limited
MERCURYEV,2026-09-10,2026-09-11,2026-09-16,41.51,40.06,-3.5,STOP_LOSS,4,76.96,4.61,Mercury Ev-Tech Limited
METROBRAND,2024-12-18,2024-12-19,2024-12-26,1263.7,1219.47,-3.5,STOP_LOSS,6,66.79,2.88,Metro Brands Limited
METROBRAND,2026-02-13,2026-02-16,2026-02-20,1070.0,1032.55,-3.5,STOP_LOSS,5,77.2,4.12,Metro Brands Limited
METROPOLIS,2025-06-09,2025-06-10,2025-06-16,1727.7,1667.23,-3.5,STOP_LOSS,5,82.62,4.81,Metropolis Healthcare Limited
METROPOLIS,2025-09-03,2025-09-04,2025-09-08,2219.0,2141.34,-3.5,STOP_LOSS,3,65.09,4.48,Metropolis Healthcare Limited
METROPOLIS,2026-05-04,2026-05-05,2026-05-08,494.9,534.49,8.0,TARGET_HIT,4,73.15,6.13,Metropolis Healthcare Limited
MFSL,2025-04-21,2025-04-22,2025-05-06,1243.9,1269.2,2.03,TIME_EXIT,10,81.43,3.63,Max Financial Services Limited
MFSL,2025-05-19,2025-05-20,2025-05-30,1396.6,1508.33,8.0,TARGET_HIT,9,78.88,2.87,Max Financial Services Limited
MFSL,2025-05-22,2025-05-23,2025-06-02,1414.0,1527.12,8.0,TARGET_HIT,7,83.83,3.35,Max Financial Services Limited
MFSL,2025-05-23,2025-05-26,2025-06-06,1474.1,1508.1,2.31,TIME_EXIT,10,74.34,4.17,Max Financial Services Limited
MGEL,2026-09-09,2026-09-10,2026-09-10,16.6,16.02,-3.5,STOP_LOSS,1,91.85,10.9,Mangalam Global Enterprise Limited
MGL,2024-12-13,2024-12-16,2024-12-17,1301.75,1256.19,-3.5,STOP_LOSS,2,66.09,2.57,Mahanagar Gas Limited
MGL,2026-08-07,2026-08-10,2026-08-18,1144.8,1104.73,-3.5,STOP_LOSS,7,86.49,3.17,Mahanagar Gas Limited
MHRIL,2025-05-19,2025-05-20,2025-06-02,362.9,361.5,-0.39,TIME_EXIT,10,84.65,4.94,Mahindra Holidays & Resorts India Limited
MHRIL,2025-05-23,2025-05-26,2025-06-06,365.0,360.0,-1.37,TIME_EXIT,10,94.11,5.25,Mahindra Holidays & Resorts India Limited
MICEL,2025-05-14,2025-05-15,2025-05-20,61.5,59.35,-3.5,STOP_LOSS,4,66.28,4.95,MIC Electronics Limited
MINDACORP,2025-03-24,2025-03-25,2025-03-25,544.5,525.44,-3.5,STOP_LOSS,1,65.39,2.55,Minda Corporation Limited
MMFL,2024-12-13,2024-12-16,2024-12-18,555.0,535.57,-3.5,STOP_LOSS,3,73.46,5.46,MM Forgings Limited
MMFL,2025-03-21,2025-03-24,2025-03-25,360.0,347.4,-3.5,STOP_LOSS,2,70.43,5.04,MM Forgings Limited
MOLDTKPAC,2025-08-25,2025-08-26,2025-09-05,801.15,865.24,8.0,TARGET_HIT,8,84.37,5.0,Mold-Tek Packaging Limited
MOLDTKPAC,2026-05-07,2026-05-08,2026-05-13,586.1,632.99,8.0,TARGET_HIT,4,66.56,4.26,Mold-Tek Packaging Limited
MONARCH,2025-03-27,2025-03-28,2025-04-04,339.0,327.14,-3.5,STOP_LOSS,5,86.58,3.03,Monarch Networth Capital Limited
MOTILALOFS,2025-06-04,2025-06-05,2025-06-09,817.35,882.74,8.0,TARGET_HIT,3,65.46,5.99,Motilal Oswal Financial Services Limited
MPHASIS,2026-08-28,2026-08-31,2026-09-07,2443.7,2358.17,-3.5,STOP_LOSS,6,66.22,4.27,MphasiS Limited
MRF,2026-08-31,2026-09-01,2026-09-04,134795.0,130077.18,-3.5,STOP_LOSS,4,65.08,4.95,MRF Limited
MSUMI,2025-07-07,2025-07-08,2025-07-18,62.5,60.31,-3.5,STOP_LOSS,9,77.62,4.08,Motherson Sumi Wiring India Limited
MSUMI,2025-09-05,2025-09-08,2025-09-09,45.78,49.44,8.0,TARGET_HIT,2,67.19,3.29,Motherson Sumi Wiring India Limited
MSUMI,2026-04-22,2026-04-23,2026-04-24,41.36,39.91,-3.5,STOP_LOSS,2,66.89,2.5,Motherson Sumi Wiring India Limited
MUTHOOTFIN,2025-08-04,2025-08-05,2025-08-11,2670.0,2576.55,-3.5,STOP_LOSS,5,79.68,4.17,Muthoot Finance Limited
MUTHOOTFIN,2025-09-01,2025-09-02,2025-09-10,2732.6,2951.21,8.0,TARGET_HIT,7,72.95,2.82,Muthoot Finance Limited
MUTHOOTFIN,2025-12-30,2025-12-31,2026-01-13,3799.1,3926.3,3.35,TIME_EXIT,10,69.45,7.18,Muthoot Finance Limited
MWL,2026-05-04,2026-05-05,2026-05-05,361.95,349.28,-3.5,STOP_LOSS,1,68.15,2.8,Mangalam Worldwide Limited
NAM-INDIA,2025-05-30,2025-06-02,2025-06-09,743.95,803.47,8.0,TARGET_HIT,6,65.16,2.7,Nippon Life India Asset Management Limited
NAM-INDIA,2025-07-10,2025-07-11,2025-07-24,820.0,828.7,1.06,TIME_EXIT,10,71.52,3.55,Nippon Life India Asset Management Limited
NAM-INDIA,2026-03-25,2026-03-27,2026-03-27,865.0,834.72,-3.5,STOP_LOSS,1,74.22,3.15,Nippon Life India Asset Management Limited
NAM-INDIA,2026-03-25,2026-03-27,2026-03-27,865.0,834.72,-3.5,STOP_LOSS,1,74.22,2.56,Nippon Life India Asset Management Limited
NAM-INDIA,2026-05-29,2026-06-01,2026-06-03,1100.0,1061.5,-3.5,STOP_LOSS,3,67.44,4.23,Nippon Life India Asset Management Limited
NAUKRI,2025-06-20,2025-06-23,2025-07-02,1490.0,1437.85,-3.5,STOP_LOSS,8,68.85,2.88,Info Edge (India) Limited
NAVNETEDUL,2026-04-17,2026-04-20,2026-04-20,158.75,153.19,-3.5,STOP_LOSS,1,66.15,5.54,Navneet Education Limited
NAZARA,2025-03-21,2025-03-24,2025-03-27,972.2,938.17,-3.5,STOP_LOSS,4,82.41,11.09,Nazara Technologies Limited
NAZARA,2025-04-08,2025-04-09,2025-04-25,971.0,1000.35,3.02,TIME_EXIT,10,66.41,2.96,Nazara Technologies Limited
NAZARA,2025-04-22,2025-04-23,2025-05-07,1010.0,1071.2,6.06,TIME_EXIT,10,66.72,5.88,Nazara Technologies Limited
NAZARA,2026-02-03,2026-02-04,2026-02-06,283.0,273.09,-3.5,STOP_LOSS,3,69.3,3.7,Nazara Technologies Limited
NEOGEN,2024-12-06,2024-12-09,2024-12-09,2185.15,2359.96,8.0,TARGET_HIT,1,70.4,5.31,Neogen Chemicals Limited
NEOGEN,2025-09-08,2025-09-09,2025-09-16,1581.0,1525.66,-3.5,STOP_LOSS,6,65.91,10.01,Neogen Chemicals Limited
NEOGEN,2026-06-02,2026-06-03,2026-06-05,1888.1,1822.02,-3.5,STOP_LOSS,3,72.68,3.62,Neogen Chemicals Limited
NESCO,2025-08-18,2025-08-19,2025-08-29,1441.0,1390.56,-3.5,STOP_LOSS,8,75.63,10.77,Nesco Limited
NESCO,2026-04-29,2026-04-30,2026-05-08,1224.9,1322.89,8.0,TARGET_HIT,7,79.92,2.54,Nesco Limited
NESCO,2026-07-02,2026-07-03,2026-07-14,1118.0,1078.87,-3.5,STOP_LOSS,8,66.48,2.76,Nesco Limited
NH,2024-11-14,2024-11-18,2024-11-29,1276.45,1266.7,-0.76,TIME_EXIT,10,83.26,3.05,Narayana Hrudayalaya Ltd.
NH,2024-12-03,2024-12-04,2024-12-17,1274.5,1295.5,1.65,TIME_EXIT,10,72.96,3.1,Narayana Hrudayalaya Ltd.
NH,2024-12-04,2024-12-05,2024-12-18,1316.5,1280.5,-2.73,TIME_EXIT,10,69.66,4.34,Narayana Hrudayalaya Ltd.
NIBE,2025-09-29,2025-09-30,2025-10-06,1468.9,1417.49,-3.5,STOP_LOSS,4,74.52,4.77,NIBE Limited
NIITMTS,2024-10-16,2024-10-17,2024-10-18,516.0,497.94,-3.5,STOP_LOSS,2,66.19,3.54,NIIT Learning Systems Limited
NIITMTS,2025-08-05,2025-08-06,2025-08-06,338.2,326.36,-3.5,STOP_LOSS,1,81.04,4.23,NIIT Learning Systems Limited
NIITMTS,2025-09-10,2025-09-11,2025-09-15,332.6,320.96,-3.5,STOP_LOSS,3,77.92,6.01,NIIT Learning Systems Limited
NITCO,2024-10-10,2024-10-11,2024-10-11,93.5,90.23,-3.5,STOP_LOSS,1,71.31,5.59,Nitco Limited
NITCO,2025-03-28,2025-04-01,2025-04-03,121.05,116.81,-3.5,STOP_LOSS,3,90.59,5.41,Nitco Limited
NITCO,2025-04-22,2025-04-23,2025-04-23,127.0,122.56,-3.5,STOP_LOSS,1,82.84,25.23,Nitco Limited
NITCO,2025-04-23,2025-04-24,2025-05-05,131.0,126.42,-3.5,STOP_LOSS,7,74.55,2.72,Nitco Limited
NITCO,2025-04-24,2025-04-25,2025-04-25,135.98,131.22,-3.5,STOP_LOSS,1,70.18,3.89,Nitco Limited
NIVABUPA,2026-01-29,2026-01-30,2026-02-12,76.0,77.04,1.37,TIME_EXIT,10,73.97,2.7,Niva Bupa Health Insurance Company Limited
NIVABUPA,2026-04-21,2026-04-22,2026-04-23,81.0,78.16,-3.5,STOP_LOSS,2,67.29,3.44,Niva Bupa Health Insurance Company Limited
NIVABUPA,2026-06-16,2026-06-17,2026-06-30,84.25,84.57,0.38,TIME_EXIT,10,73.6,7.39,Niva Bupa Health Insurance Company Limited
NIVABUPA,2026-07-13,2026-07-14,2026-07-22,88.75,85.64,-3.5,STOP_LOSS,7,68.49,9.67,Niva Bupa Health Insurance Company Limited
NOCIL,2025-03-20,2025-03-21,2025-03-25,188.0,181.42,-3.5,STOP_LOSS,3,68.78,3.43,NOCIL Limited
NPST,2026-08-10,2026-08-11,2026-08-12,1569.9,1514.95,-3.5,STOP_LOSS,2,65.79,4.83,Network People Services Technologies Limited
NTPC,2025-03-19,2025-03-20,2025-04-03,344.7,358.9,4.12,TIME_EXIT,10,72.66,3.81,NTPC Limited
NTPC,2025-03-21,2025-03-24,2025-04-07,357.0,344.5,-3.5,STOP_LOSS,10,70.32,3.17,NTPC Limited
NTPC,2026-02-20,2026-02-23,2026-03-06,374.0,380.6,1.76,TIME_EXIT,10,70.61,2.89,NTPC Limited
NUCLEUS,2026-04-16,2026-04-17,2026-04-20,825.45,796.56,-3.5,STOP_LOSS,2,68.34,6.58,Nucleus Software Exports Limited
NUVAMA,2025-03-18,2025-03-19,2025-03-20,5502.0,5942.16,8.0,TARGET_HIT,2,67.25,3.36,Nuvama Wealth Management Limited
NUVAMA,2025-03-21,2025-03-24,2025-03-25,6353.35,6130.98,-3.5,STOP_LOSS,2,66.69,4.04,Nuvama Wealth Management Limited
NUVOCO,2024-10-16,2024-10-17,2024-10-18,363.55,350.83,-3.5,STOP_LOSS,2,78.57,43.03,Nuvoco Vistas Corporation Limited
NUVOCO,2025-02-06,2025-02-07,2025-02-10,365.5,352.71,-3.5,STOP_LOSS,2,69.66,2.61,Nuvoco Vistas Corporation Limited
NUVOCO,2025-07-15,2025-07-16,2025-07-18,368.95,398.47,8.0,TARGET_HIT,3,92.94,23.35,Nuvoco Vistas Corporation Limited
OFSS,2024-12-19,2024-12-20,2024-12-20,12949.15,12495.93,-3.5,STOP_LOSS,1,73.19,8.24,Oracle Financial Services Software Limited
OMFREIGHT,2025-11-17,2025-11-18,2025-11-18,96.55,104.27,8.0,TARGET_HIT,1,90.1,26.26,Om Freight Forwarders Limited
ONEPOINT,2025-11-03,2025-11-04,2025-11-06,49.95,48.2,-3.5,STOP_LOSS,3,70.54,4.86,One Point One Solutions Limited
ONEPOINT,2025-11-04,2025-11-06,2025-11-06,49.75,48.01,-3.5,STOP_LOSS,1,67.46,2.79,One Point One Solutions Limited
ONESOURCE,2025-08-29,2025-09-01,2025-09-08,1891.0,1824.82,-3.5,STOP_LOSS,6,81.41,2.5,Onesource Specialty Pharma Limited
ONESOURCE,2025-12-19,2025-12-22,2026-01-02,1709.9,1799.5,5.24,TIME_EXIT,10,74.13,12.7,Onesource Specialty Pharma Limited
ONESOURCE,2026-07-13,2026-07-14,2026-07-14,1681.2,1622.36,-3.5,STOP_LOSS,1,65.67,2.61,Onesource Specialty Pharma Limited
ONGC,2025-03-20,2025-03-21,2025-03-28,235.8,254.66,8.0,TARGET_HIT,6,66.69,2.77,Oil & Natural Gas Corporation Limited
OPTIEMUS,2026-05-05,2026-05-06,2026-05-12,435.05,419.82,-3.5,STOP_LOSS,5,78.25,2.63,Optiemus Infracom Limited
OPTIEMUS,2026-05-08,2026-05-11,2026-05-11,463.55,447.33,-3.5,STOP_LOSS,1,69.8,3.32,Optiemus Infracom Limited
ORBTEXP,2026-06-23,2026-06-24,2026-06-24,259.99,250.89,-3.5,STOP_LOSS,1,66.25,7.5,Orbit Exports Limited
ORCHPHARMA,2024-11-19,2024-11-21,2024-11-26,1440.0,1555.2,8.0,TARGET_HIT,4,77.16,2.65,Orchid Pharma Limited
ORIENTCEM,2025-04-09,2025-04-11,2025-04-28,358.2,352.05,-1.72,TIME_EXIT,10,83.55,3.98,Orient Cement Limited
ORIENTELEC,2025-02-05,2025-02-06,2025-02-10,243.47,234.95,-3.5,STOP_LOSS,3,76.16,2.53,Orient Electric Limited
ORIENTELEC,2026-04-17,2026-04-20,2026-04-27,180.0,194.4,8.0,TARGET_HIT,6,72.25,6.17,Orient Electric Limited
ORKLAINDIA,2026-05-21,2026-05-22,2026-05-26,647.15,624.5,-3.5,STOP_LOSS,3,69.65,8.13,Orkla India Limited
PANACEABIO,2025-03-20,2025-03-21,2025-03-21,464.9,448.63,-3.5,STOP_LOSS,1,66.26,7.72,Panacea Biotec Limited
PANACHE,2025-09-24,2025-09-25,2026-01-05,384.88,371.41,-3.5,STOP_LOSS,4,82.47,8.26,Panache Digilife Limited
PANAMAPET,2026-01-16,2026-01-19,2026-01-19,301.4,290.85,-3.5,STOP_LOSS,1,84.72,11.97,Panama Petrochem Limited
PARKHOTELS,2024-11-26,2024-11-27,2024-11-28,158.0,170.64,8.0,TARGET_HIT,2,74.18,7.15,Apeejay Surrendra Park Hotels Limited
PARKHOTELS,2026-01-02,2026-01-05,2026-01-07,137.61,132.79,-3.5,STOP_LOSS,3,82.8,11.41,Apeejay Surrendra Park Hotels Limited
PAYTM,2025-12-19,2025-12-22,2025-12-30,1341.0,1294.06,-3.5,STOP_LOSS,7,68.31,5.42,One 97 Communications Limited
PDSL,2024-11-25,2024-11-26,2024-12-09,524.8,566.78,8.0,TARGET_HIT,10,74.88,4.23,PDS Limited
PDSL,2025-06-03,2025-06-04,2025-06-12,430.0,414.95,-3.5,STOP_LOSS,7,85.61,3.78,PDS Limited
PDSL,2026-06-04,2026-06-05,2026-06-08,321.8,310.54,-3.5,STOP_LOSS,2,65.72,2.71,PDS Limited
PERSISTENT,2024-11-25,2024-11-26,2024-12-09,5940.0,6234.25,4.95,TIME_EXIT,10,65.57,3.45,Persistent Systems Limited
PERSISTENT,2025-11-24,2025-11-25,2025-12-08,6421.5,6347.0,-1.16,TIME_EXIT,10,66.31,4.32,Persistent Systems Limited
PETRONET,2024-11-25,2024-11-26,2024-12-09,333.85,335.1,0.37,TIME_EXIT,10,71.71,2.9,Petronet LNG Limited
PETRONET,2025-03-21,2025-03-24,2025-03-27,302.0,291.43,-3.5,STOP_LOSS,4,71.77,3.57,Petronet LNG Limited
PETRONET,2026-08-14,2026-08-17,2026-08-28,282.6,292.0,3.33,TIME_EXIT,10,71.36,5.21,Petronet LNG Limited
PFIZER,2026-08-19,2026-08-20,2026-08-25,4961.3,4787.65,-3.5,STOP_LOSS,4,69.86,4.66,Pfizer Limited
PGHH,2025-04-24,2025-04-25,2025-05-07,14427.0,13922.06,-3.5,STOP_LOSS,8,70.02,2.68,Procter & Gamble Hygiene and Health Care Limited
PGHH,2025-09-02,2025-09-03,2025-09-12,13687.0,13207.96,-3.5,STOP_LOSS,8,85.78,5.83,Procter & Gamble Hygiene and Health Care Limited
PGHH,2025-09-19,2025-09-22,2025-10-06,13778.0,14380.0,4.37,TIME_EXIT,10,71.63,6.45,Procter & Gamble Hygiene and Health Care Limited
PGHL,2024-09-27,2024-09-30,2024-10-04,5527.0,5333.55,-3.5,STOP_LOSS,5,68.68,5.16,Procter & Gamble Health Limited
PGHL,2024-11-26,2024-11-27,2024-12-09,5255.0,5675.4,8.0,TARGET_HIT,9,90.96,15.41,Procter & Gamble Health Limited
PGHL,2026-04-10,2026-04-13,2026-04-24,4960.0,5138.7,3.6,TIME_EXIT,10,79.76,4.1,Procter & Gamble Health Limited
PGHL,2026-04-16,2026-04-17,2026-04-30,5009.0,5216.9,4.15,TIME_EXIT,10,80.85,4.68,Procter & Gamble Health Limited
PGHL,2026-05-21,2026-05-22,2026-05-27,5455.0,5891.4,8.0,TARGET_HIT,4,85.14,3.49,Procter & Gamble Health Limited
PGHL,2026-05-22,2026-05-25,2026-05-27,5649.0,6100.92,8.0,TARGET_HIT,3,65.84,5.59,Procter & Gamble Health Limited
PGIL,2024-10-08,2024-10-09,2024-10-22,973.4,939.33,-3.5,STOP_LOSS,10,68.78,4.48,Pearl Global Industries Limited
PGIL,2025-11-07,2025-11-10,2025-11-12,1375.0,1485.0,8.0,TARGET_HIT,3,78.86,6.4,Pearl Global Industries Limited
PHOENIXLTD,2025-06-09,2025-06-10,2025-06-13,1628.0,1571.02,-3.5,STOP_LOSS,4,81.03,7.65,The Phoenix Mills Limited
PIDILITIND,2025-05-30,2025-06-02,2025-06-13,3124.0,3014.66,-3.5,STOP_LOSS,10,69.22,5.73,Pidilite Industries Limited
PIDILITIND,2026-06-15,2026-06-16,2026-06-29,1587.0,1599.6,0.79,TIME_EXIT,10,65.26,2.72,Pidilite Industries Limited
PIDILITIND,2026-08-31,2026-09-01,2026-09-07,1675.0,1616.38,-3.5,STOP_LOSS,5,72.37,3.28,Pidilite Industries Limited
PIIND,2024-11-05,2024-11-06,2024-11-14,4553.4,4394.03,-3.5,STOP_LOSS,7,75.02,3.53,PI Industries Limited
PIIND,2025-03-27,2025-03-28,2025-04-04,3507.35,3384.59,-3.5,STOP_LOSS,5,66.66,2.88,PI Industries Limited
PILANIINVS,2025-12-17,2025-12-18,2025-12-19,5299.0,5113.54,-3.5,STOP_LOSS,2,74.92,30.11,Pilani Investment and Industries Corporation Limited
PILANIINVS,2026-03-19,2026-03-20,2026-03-23,4870.5,4700.03,-3.5,STOP_LOSS,2,80.8,7.52,Pilani Investment and Industries Corporation Limited
PIRAMALFIN,2026-03-27,2026-03-30,2026-03-30,1850.0,1785.25,-3.5,STOP_LOSS,1,66.35,4.11,Piramal Finance Limited
PITTIENG,2025-03-18,2025-03-19,2025-03-27,1024.0,988.16,-3.5,STOP_LOSS,7,68.73,4.53,Pitti Engineering Limited
PITTIENG,2025-03-19,2025-03-20,2025-03-20,1050.0,1013.25,-3.5,STOP_LOSS,1,84.32,4.94,Pitti Engineering Limited
PITTIENG,2026-06-12,2026-06-15,2026-06-15,1010.0,974.65,-3.5,STOP_LOSS,1,65.42,3.65,Pitti Engineering Limited
PNGJL,2024-12-03,2024-12-04,2024-12-05,748.45,722.25,-3.5,STOP_LOSS,2,72.52,3.52,P N Gadgil Jewellers Limited
PNGJL,2026-07-06,2026-07-07,2026-07-07,590.2,569.54,-3.5,STOP_LOSS,1,66.3,2.65,P N Gadgil Jewellers Limited
PNGSREVA,2026-04-15,2026-04-16,2026-04-23,374.2,404.14,8.0,TARGET_HIT,6,74.99,4.03,PNGS Reva Diamond Jewellery Limited
POLICYBZR,2024-11-25,2024-11-26,2024-12-02,1811.0,1955.88,8.0,TARGET_HIT,5,67.29,7.2,PB Fintech Limited
POLICYBZR,2024-12-30,2024-12-31,2025-01-02,2045.5,2209.14,8.0,TARGET_HIT,3,69.23,4.83,PB Fintech Limited
POLICYBZR,2025-05-15,2025-05-16,2025-05-16,1798.8,1735.84,-3.5,STOP_LOSS,1,76.7,5.26,PB Fintech Limited
PONNIERODE,2026-08-17,2026-08-18,2026-08-18,370.6,357.63,-3.5,STOP_LOSS,1,88.93,18.19,Ponni Sugars (Erode) Limited
POWERGRID,2025-03-27,2025-03-28,2025-04-07,293.9,283.61,-3.5,STOP_LOSS,6,70.98,2.67,Power Grid Corporation of India Limited
POWERGRID,2025-06-20,2025-06-23,2025-07-04,291.4,294.0,0.89,TIME_EXIT,10,78.55,3.56,Power Grid Corporation of India Limited
POWERGRID,2026-02-03,2026-02-04,2026-02-17,288.8,300.75,4.14,TIME_EXIT,10,66.06,2.66,Power Grid Corporation of India Limited
POWERICA,2026-06-23,2026-06-24,2026-06-29,658.95,635.89,-3.5,STOP_LOSS,4,69.18,2.67,Powerica Limited
POWERMECH,2026-01-07,2026-01-08,2026-01-12,2395.0,2311.17,-3.5,STOP_LOSS,3,69.85,11.92,Power Mech Projects Limited
PRAXIS,2025-05-19,2025-05-20,2025-05-22,12.21,13.19,8.0,TARGET_HIT,3,88.3,38.38,Praxis Home Retail Limited
PRESTIGE,2025-06-03,2025-06-04,2025-06-06,1594.9,1722.49,8.0,TARGET_HIT,3,65.56,4.09,Prestige Estates Projects Limited
PRICOLLTD,2025-03-21,2025-03-24,2025-03-25,452.0,436.18,-3.5,STOP_LOSS,2,65.24,17.93,Pricol Limited
PRICOLLTD,2025-04-21,2025-04-22,2025-04-22,461.7,445.54,-3.5,STOP_LOSS,1,82.57,4.58,Pricol Limited
PRIVISCL,2025-10-07,2025-10-08,2025-10-16,2530.0,2732.4,8.0,TARGET_HIT,7,66.67,2.52,Privi Speciality Chemicals Limited
PRIVISCL,2026-04-13,2026-04-15,2026-04-23,2980.0,3218.4,8.0,TARGET_HIT,7,70.13,6.34,Privi Speciality Chemicals Limited
PRIVISCL,2026-04-13,2026-04-15,2026-04-23,2980.0,3218.4,8.0,TARGET_HIT,7,70.13,3.99,Privi Speciality Chemicals Limited
PROZONER,2025-01-01,2025-01-02,2025-01-02,36.49,35.21,-3.5,STOP_LOSS,1,66.06,9.7,Prozone Realty Limited
PROZONER,2025-01-03,2025-01-06,2025-01-06,39.6,38.21,-3.5,STOP_LOSS,1,65.49,4.39,Prozone Realty Limited
PRUDENT,2024-09-26,2024-09-27,2024-09-27,2490.0,2689.2,8.0,TARGET_HIT,1,75.38,3.48,Prudent Corporate Advisory Services Limited
PRUDENT,2025-03-21,2025-03-24,2025-03-26,2349.75,2267.51,-3.5,STOP_LOSS,3,67.48,11.06,Prudent Corporate Advisory Services Limited
PRUDENT,2025-07-16,2025-07-17,2025-07-21,2777.7,2999.92,8.0,TARGET_HIT,3,71.55,3.39,Prudent Corporate Advisory Services Limited
PRUDENT,2025-12-09,2025-12-10,2025-12-23,2660.0,2628.9,-1.17,TIME_EXIT,10,88.42,7.63,Prudent Corporate Advisory Services Limited
PRUDENT,2026-02-06,2026-02-09,2026-02-20,2579.5,2595.5,0.62,TIME_EXIT,10,87.15,3.47,Prudent Corporate Advisory Services Limited
PSPPROJECT,2024-12-16,2024-12-17,2024-12-26,690.0,665.85,-3.5,STOP_LOSS,8,70.61,2.51,PSP Projects Limited
PSPPROJECT,2025-04-08,2025-04-09,2025-04-25,637.1,638.95,0.29,TIME_EXIT,10,86.7,4.46,PSP Projects Limited
PTCIL,2024-12-27,2024-12-30,2024-12-30,13999.7,13509.71,-3.5,STOP_LOSS,1,74.76,4.4,PTC Industries Limited
PTCIL,2025-03-21,2025-03-24,2025-03-25,13476.2,14554.3,8.0,TARGET_HIT,2,69.17,3.11,PTC Industries Limited
PTCIL,2025-11-24,2025-11-25,2025-12-08,17760.0,19180.8,8.0,TARGET_HIT,10,67.43,8.79,PTC Industries Limited
PUNJABCHEM,2026-06-19,2026-06-22,2026-07-01,1044.5,1128.06,8.0,TARGET_HIT,8,66.28,3.55,Punjab Chemicals & Crop Protection Limited
PVP,2025-09-08,2025-09-09,2025-09-09,30.5,32.94,8.0,TARGET_HIT,1,67.8,6.15,PVP Ventures Limited
PVRINOX,2025-08-05,2025-08-06,2025-08-06,1044.0,1007.46,-3.5,STOP_LOSS,1,66.29,2.57,PVR INOX Limited
PVRINOX,2025-09-05,2025-09-08,2025-09-08,1140.0,1100.1,-3.5,STOP_LOSS,1,65.61,3.08,PVR INOX Limited
PVRINOX,2026-04-23,2026-04-24,2026-04-29,1010.0,1090.8,8.0,TARGET_HIT,4,66.5,2.63,PVR INOX Limited
RACLGEAR,2025-05-14,2025-05-15,2025-05-20,834.0,900.72,8.0,TARGET_HIT,4,84.21,102.09,RACL Geartech Limited
RADICO,2024-12-10,2024-12-11,2024-12-24,2430.0,2534.3,4.29,TIME_EXIT,10,78.8,6.74,Radico Khaitan Limited
RAINBOW,2025-03-24,2025-03-25,2025-03-25,1387.75,1339.18,-3.5,STOP_LOSS,1,80.81,3.37,Rainbow Childrens Medicare Limited
RAINBOW,2025-12-11,2025-12-12,2025-12-16,1388.0,1339.42,-3.5,STOP_LOSS,3,92.98,5.43,Rainbow Childrens Medicare Limited
RAINBOW,2026-05-06,2026-05-07,2026-05-20,1299.0,1342.0,3.31,TIME_EXIT,10,84.23,8.25,Rainbow Childrens Medicare Limited
RALLIS,2025-12-02,2025-12-03,2025-12-03,268.0,258.62,-3.5,STOP_LOSS,1,69.68,4.89,Rallis India Limited
RALLIS,2026-04-17,2026-04-20,2026-04-23,268.45,259.05,-3.5,STOP_LOSS,4,77.7,7.17,Rallis India Limited
RAMCOCEM,2025-06-25,2025-06-26,2025-07-09,1049.0,1102.2,5.07,TIME_EXIT,10,83.54,4.85,The Ramco Cements Limited
RAMCOCEM,2025-07-22,2025-07-23,2025-07-25,1190.0,1148.35,-3.5,STOP_LOSS,3,65.24,2.54,The Ramco Cements Limited
RAMCOCEM,2025-12-10,2025-12-11,2025-12-24,1021.0,1060.4,3.86,TIME_EXIT,10,78.43,3.67,The Ramco Cements Limited
RAMCOCEM,2026-01-29,2026-01-30,2026-02-09,1108.0,1196.64,8.0,TARGET_HIT,7,70.29,2.94,The Ramco Cements Limited
RAMCOCEM,2026-01-30,2026-02-02,2026-02-09,1087.7,1174.72,8.0,TARGET_HIT,6,75.95,3.13,The Ramco Cements Limited
RAMCOCEM,2026-06-29,2026-06-30,2026-07-13,929.7,938.2,0.91,TIME_EXIT,10,69.18,3.4,The Ramco Cements Limited
RAMCOIND,2024-11-06,2024-11-07,2024-11-07,266.01,287.29,8.0,TARGET_HIT,1,66.91,3.55,Ramco Industries Limited
RAMCOSYS,2026-02-03,2026-02-04,2026-02-04,520.0,561.6,8.0,TARGET_HIT,1,83.99,12.14,Ramco Systems Limited
RAMRAT,2026-07-29,2026-07-30,2026-07-31,456.5,440.52,-3.5,STOP_LOSS,2,66.64,5.24,Ram Ratna Wires Limited
RAMRAT,2026-08-12,2026-08-13,2026-08-17,479.8,463.01,-3.5,STOP_LOSS,3,71.1,3.25,Ram Ratna Wires Limited
RATEGAIN,2025-05-19,2025-05-20,2025-05-21,508.8,490.99,-3.5,STOP_LOSS,2,75.43,3.4,Rategain Travel Technologies Limited
RATEGAIN,2026-05-18,2026-05-19,2026-05-22,645.25,696.87,8.0,TARGET_HIT,4,77.32,2.83,Rategain Travel Technologies Limited
RATNAMANI,2025-05-26,2025-05-27,2025-05-29,2947.0,2843.86,-3.5,STOP_LOSS,3,88.54,7.4,Ratnamani Metals & Tubes Limited
RATNAMANI,2025-07-07,2025-07-08,2025-07-08,3006.9,2901.66,-3.5,STOP_LOSS,1,76.91,10.55,Ratnamani Metals & Tubes Limited
RAYMONDREL,2025-09-19,2025-09-22,2025-09-24,665.0,641.72,-3.5,STOP_LOSS,3,68.69,2.58,Raymond Realty Limited
RBA,2026-04-29,2026-04-30,2026-05-13,65.1,66.67,2.41,TIME_EXIT,10,68.26,3.93,Restaurant Brands Asia Limited
RBA,2026-05-27,2026-05-29,2026-06-11,69.5,68.05,-2.09,TIME_EXIT,10,80.82,2.81,Restaurant Brands Asia Limited
RECLTD,2025-07-23,2025-07-24,2025-08-01,400.0,386.0,-3.5,STOP_LOSS,7,70.08,3.5,REC Limited
REDTAPE,2025-07-04,2025-07-07,2025-07-07,131.7,142.24,8.0,TARGET_HIT,1,77.19,10.36,Redtape Limited
RELIANCE,2025-04-29,2025-04-30,2025-05-14,1402.0,1424.4,1.6,TIME_EXIT,10,66.65,2.59,Reliance Industries Limited
RELIANCE,2025-06-20,2025-06-23,2025-07-04,1453.0,1527.3,5.11,TIME_EXIT,10,78.35,4.52,Reliance Industries Limited
RELIANCE,2026-04-28,2026-04-29,2026-05-12,1392.0,1364.0,-2.01,TIME_EXIT,10,65.53,2.88,Reliance Industries Limited
RELIGARE,2025-05-16,2025-05-19,2025-05-23,221.0,238.68,8.0,TARGET_HIT,5,77.29,3.14,Religare Enterprises Limited
RELIGARE,2026-03-25,2026-03-27,2026-03-27,225.0,217.12,-3.5,STOP_LOSS,1,77.58,3.86,Religare Enterprises Limited
RELIGARE,2026-03-25,2026-03-27,2026-03-27,225.0,217.12,-3.5,STOP_LOSS,1,77.58,3.07,Religare Enterprises Limited
REPCOHOME,2026-04-15,2026-04-16,2026-04-23,398.9,430.81,8.0,TARGET_HIT,6,85.32,7.33,Repco Home Finance Limited
REPRO,2025-02-05,2025-02-06,2025-02-06,536.4,517.63,-3.5,STOP_LOSS,1,69.94,26.51,Repro India Limited
RESPONIND,2024-12-03,2024-12-04,2024-12-10,272.35,262.82,-3.5,STOP_LOSS,5,86.68,88.11,Responsive Industries Limited
RESPONIND,2025-01-07,2025-01-08,2025-01-10,263.3,254.08,-3.5,STOP_LOSS,3,79.97,3.9,Responsive Industries Limited
RESPONIND,2025-03-24,2025-03-25,2025-03-25,204.0,196.86,-3.5,STOP_LOSS,1,81.25,2.76,Responsive Industries Limited
RESPONIND,2025-07-09,2025-07-10,2025-07-17,246.0,237.39,-3.5,STOP_LOSS,6,77.2,3.77,Responsive Industries Limited
RESPONIND,2025-12-29,2025-12-30,2026-01-02,204.25,197.1,-3.5,STOP_LOSS,4,81.93,120.62,Responsive Industries Limited
RESPONIND,2026-06-18,2026-06-19,2026-06-23,185.72,200.58,8.0,TARGET_HIT,3,82.0,8.8,Responsive Industries Limited
RGL,2024-12-17,2024-12-18,2024-12-20,180.0,173.7,-3.5,STOP_LOSS,3,70.49,3.23,Renaissance Global Limited
RHETAN,2026-02-11,2026-02-12,2026-02-12,26.69,25.76,-3.5,STOP_LOSS,1,76.03,8.3,Rhetan TMT Limited
RKFORGE,2025-10-13,2025-10-14,2025-10-17,558.4,538.86,-3.5,STOP_LOSS,4,72.74,5.0,Ramkrishna Forgings Limited
RKFORGE,2026-04-27,2026-04-28,2026-04-28,565.0,610.2,8.0,TARGET_HIT,1,65.44,3.3,Ramkrishna Forgings Limited
RMDRIP,2026-01-01,2026-01-02,2026-01-12,84.5,91.26,8.0,TARGET_HIT,7,70.18,2.96,R M Drip and Sprinklers Systems Limited
RMDRIP,2026-01-02,2026-01-05,2026-01-13,85.6,92.45,8.0,TARGET_HIT,7,78.44,4.75,R M Drip and Sprinklers Systems Limited
RMDRIP,2026-01-07,2026-01-08,2026-01-20,88.75,95.85,8.0,TARGET_HIT,9,68.1,2.61,R M Drip and Sprinklers Systems Limited
RNBDENIMS,2026-01-16,2026-01-19,2026-01-19,144.8,156.38,8.0,TARGET_HIT,1,93.9,14.86,R&B Denims Limited
RNBDENIMS,2026-01-22,2026-01-23,2026-01-23,148.99,143.78,-3.5,STOP_LOSS,1,94.98,2.53,R&B Denims Limited
RNBDENIMS,2026-01-27,2026-01-28,2026-02-03,148.9,160.81,8.0,TARGET_HIT,5,65.45,5.97,R&B Denims Limited
ROLEXRINGS,2026-02-09,2026-02-10,2026-02-11,130.5,140.94,8.0,TARGET_HIT,2,68.03,5.99,Rolex Rings Limited
ROSSARI,2025-04-15,2025-04-16,2025-04-30,680.35,656.54,-3.5,STOP_LOSS,10,79.88,5.96,Rossari Biotech Limited
ROSSARI,2025-04-21,2025-04-22,2025-04-30,693.55,669.28,-3.5,STOP_LOSS,7,84.64,7.19,Rossari Biotech Limited
ROSSARI,2025-09-19,2025-09-22,2025-09-22,683.9,659.96,-3.5,STOP_LOSS,1,80.27,7.13,Rossari Biotech Limited
RPEL,2025-07-15,2025-07-16,2025-07-21,704.05,679.41,-3.5,STOP_LOSS,4,66.39,5.84,Raghav Productivity Enhancers Limited
RPEL,2026-05-05,2026-05-06,2026-05-14,749.7,809.68,8.0,TARGET_HIT,7,66.09,3.12,Raghav Productivity Enhancers Limited
RPEL,2026-05-07,2026-05-08,2026-05-12,773.4,746.33,-3.5,STOP_LOSS,3,71.61,3.3,Raghav Productivity Enhancers Limited
RPEL,2026-05-08,2026-05-11,2026-05-12,784.0,756.56,-3.5,STOP_LOSS,2,65.34,3.35,Raghav Productivity Enhancers Limited
RPGLIFE,2024-09-30,2024-10-01,2024-10-01,2320.0,2505.6,8.0,TARGET_HIT,1,78.95,4.05,RPG Life Sciences Limited
RPGLIFE,2025-07-15,2025-07-16,2025-07-18,2579.0,2488.74,-3.5,STOP_LOSS,3,71.13,3.51,RPG Life Sciences Limited
RPGLIFE,2025-10-20,2025-10-21,2025-10-24,2400.1,2316.1,-3.5,STOP_LOSS,4,74.18,12.66,RPG Life Sciences Limited
RPGLIFE,2026-04-17,2026-04-20,2026-04-30,2023.8,2185.7,8.0,TARGET_HIT,9,77.38,24.58,RPG Life Sciences Limited
RRKABEL,2025-10-06,2025-10-07,2025-10-20,1267.2,1253.0,-1.12,TIME_EXIT,10,83.93,4.7,R R Kabel Limited
RSL,2026-08-03,2026-08-04,2026-08-05,142.89,154.32,8.0,TARGET_HIT,2,70.92,5.42,Rajputana Stainless Limited
RTNPOWER,2026-03-25,2026-03-27,2026-03-30,8.05,7.77,-3.5,STOP_LOSS,2,69.4,5.09,RattanIndia Power Limited
RTNPOWER,2026-03-25,2026-03-27,2026-03-30,8.05,7.77,-3.5,STOP_LOSS,2,69.4,3.56,RattanIndia Power Limited
RUBICON,2026-04-01,2026-04-02,2026-04-09,777.0,839.16,8.0,TARGET_HIT,6,81.68,3.14,Rubicon Research Limited
RUSHIL,2025-09-15,2025-09-16,2025-09-18,32.0,30.88,-3.5,STOP_LOSS,3,68.76,7.74,Rushil Decor Limited
RUSTOMJEE,2026-04-10,2026-04-13,2026-04-24,401.5,387.45,-3.5,STOP_LOSS,10,86.9,7.0,Keystone Realtors Limited
RUSTOMJEE,2026-06-17,2026-06-18,2026-06-18,413.0,398.54,-3.5,STOP_LOSS,1,79.47,17.06,Keystone Realtors Limited
SAFARI,2025-01-03,2025-01-06,2025-01-06,2663.55,2570.33,-3.5,STOP_LOSS,1,82.42,6.06,Safari Industries (India) Limited
SAFARI,2025-05-22,2025-05-23,2025-05-29,2289.9,2209.75,-3.5,STOP_LOSS,5,95.79,8.83,Safari Industries (India) Limited
SAFARI,2026-02-03,2026-02-04,2026-02-11,2080.0,2007.2,-3.5,STOP_LOSS,6,79.67,3.2,Safari Industries (India) Limited
SAGILITY,2025-11-14,2025-11-17,2025-11-17,52.89,51.04,-3.5,STOP_LOSS,1,74.61,43.18,SAGILITY LIMITED
SAILIFE,2025-02-20,2025-02-21,2025-02-21,733.0,707.34,-3.5,STOP_LOSS,1,74.29,5.42,Sai Life Sciences Limited
SAILIFE,2025-09-17,2025-09-18,2025-09-22,904.7,873.04,-3.5,STOP_LOSS,3,69.87,2.79,Sai Life Sciences Limited
SAILIFE,2025-09-19,2025-09-22,2025-09-22,904.0,872.36,-3.5,STOP_LOSS,1,69.92,8.33,Sai Life Sciences Limited
SANDHAR,2026-02-10,2026-02-11,2026-02-11,569.95,550.0,-3.5,STOP_LOSS,1,76.72,4.14,Sandhar Technologies Limited
SANDHAR,2026-05-06,2026-05-07,2026-05-14,514.0,496.01,-3.5,STOP_LOSS,6,87.75,6.86,Sandhar Technologies Limited
SANDUMA,2025-09-19,2025-09-22,2025-09-23,162.9,157.2,-3.5,STOP_LOSS,2,67.94,2.99,Sandur Manganese & Iron Ores Limited
SANGAMIND,2025-12-12,2025-12-15,2025-12-26,441.15,458.45,3.92,TIME_EXIT,10,72.32,25.46,Sangam (India) Limited
SANOFI,2026-01-05,2026-01-06,2026-01-12,4210.0,4062.65,-3.5,STOP_LOSS,5,80.99,7.77,Sanofi India Limited
SANOFI,2026-07-29,2026-07-30,2026-07-31,3420.1,3300.4,-3.5,STOP_LOSS,2,73.25,13.19,Sanofi India Limited
SANOFICONR,2024-12-26,2024-12-27,2025-01-09,4881.6,4888.5,0.14,TIME_EXIT,10,79.81,3.93,Sanofi Consumer Healthcare India Limited
SANOFICONR,2025-01-02,2025-01-03,2025-01-13,4989.0,4814.38,-3.5,STOP_LOSS,7,87.08,4.24,Sanofi Consumer Healthcare India Limited
SANOFICONR,2025-04-08,2025-04-09,2025-04-25,4913.0,4939.0,0.53,TIME_EXIT,10,78.79,7.59,Sanofi Consumer Healthcare India Limited
SANOFICONR,2025-11-04,2025-11-06,2025-11-07,4800.0,4632.0,-3.5,STOP_LOSS,2,81.33,3.85,Sanofi Consumer Healthcare India Limited
SANOFICONR,2025-11-04,2025-11-06,2025-11-07,4800.0,4632.0,-3.5,STOP_LOSS,2,81.33,2.8,Sanofi Consumer Healthcare India Limited
SANOFICONR,2026-06-15,2026-06-16,2026-06-29,4743.7,4608.0,-2.86,TIME_EXIT,10,96.37,46.98,Sanofi Consumer Healthcare India Limited
SANOFICONR,2026-06-18,2026-06-19,2026-06-19,4921.9,4749.63,-3.5,STOP_LOSS,1,80.15,5.11,Sanofi Consumer Healthcare India Limited
SANSERA,2024-11-25,2024-11-26,2024-11-26,1594.8,1538.98,-3.5,STOP_LOSS,1,66.12,9.84,Sansera Engineering Limited
SANSERA,2025-05-21,2025-05-22,2025-05-28,1229.3,1327.64,8.0,TARGET_HIT,5,69.74,4.54,Sansera Engineering Limited
SANSERA,2025-07-07,2025-07-08,2025-07-11,1415.9,1366.34,-3.5,STOP_LOSS,4,79.22,3.22,Sansera Engineering Limited
SANSERA,2025-11-03,2025-11-04,2025-11-07,1570.0,1515.05,-3.5,STOP_LOSS,4,77.07,5.75,Sansera Engineering Limited
SANSERA,2025-11-25,2025-11-26,2025-12-08,1678.8,1620.04,-3.5,STOP_LOSS,9,67.09,3.26,Sansera Engineering Limited
SANSTAR,2025-11-21,2025-11-24,2025-11-25,94.2,90.9,-3.5,STOP_LOSS,2,73.97,4.8,Sanstar Limited
SAPPHIRE,2025-09-10,2025-09-11,2025-09-17,332.9,321.25,-3.5,STOP_LOSS,5,69.79,3.22,Sapphire Foods India Limited
SAPPHIRE,2025-10-29,2025-10-30,2025-10-31,295.0,284.68,-3.5,STOP_LOSS,2,71.87,7.64,Sapphire Foods India Limited
SAPPHIRE,2026-06-04,2026-06-05,2026-06-08,180.3,173.99,-3.5,STOP_LOSS,2,65.36,7.08,Sapphire Foods India Limited
SASKEN,2026-02-10,2026-02-11,2026-02-13,1316.0,1269.94,-3.5,STOP_LOSS,3,69.73,5.34,Sasken Technologies Limited
SBCL,2025-02-06,2025-02-07,2025-02-10,525.0,506.62,-3.5,STOP_LOSS,2,77.16,3.37,Shivalik Bimetal Controls Limited
SBFC,2025-02-20,2025-02-21,2025-03-07,85.3,86.6,1.52,TIME_EXIT,10,77.63,3.34,SBFC Finance Limited
SBFC,2025-03-21,2025-03-24,2025-04-07,89.25,86.13,-3.5,STOP_LOSS,10,69.97,5.97,SBFC Finance Limited
SBFC,2025-08-18,2025-08-19,2025-08-28,110.0,106.15,-3.5,STOP_LOSS,7,67.59,2.72,SBFC Finance Limited
SBFC,2025-08-21,2025-08-22,2025-08-26,113.59,109.61,-3.5,STOP_LOSS,3,75.75,4.04,SBFC Finance Limited
SBFC,2026-05-06,2026-05-07,2026-05-13,95.03,91.7,-3.5,STOP_LOSS,5,79.81,5.42,SBFC Finance Limited
SBFC,2026-07-10,2026-07-13,2026-07-24,91.75,92.18,0.47,TIME_EXIT,10,70.48,4.91,SBFC Finance Limited
SBFC,2026-09-01,2026-09-02,2026-09-02,100.99,97.46,-3.5,STOP_LOSS,1,84.85,10.83,SBFC Finance Limited
SBGLP,2024-10-15,2024-10-16,2024-10-16,137.94,133.11,-3.5,STOP_LOSS,1,71.4,3.62,Suratwwala Business Group Limited
SBICARD,2026-02-16,2026-02-17,2026-03-02,771.95,744.93,-3.5,STOP_LOSS,10,77.16,4.32,SBI Cards and Payment Services Limited
SBIN,2025-05-30,2025-06-02,2025-06-13,812.85,792.35,-2.52,TIME_EXIT,10,66.44,3.24,State Bank of India
SBIN,2025-09-29,2025-09-30,2025-10-14,869.95,876.95,0.8,TIME_EXIT,10,70.93,2.84,State Bank of India
SCHAEFFLER,2025-06-04,2025-06-05,2025-06-13,4250.0,4101.25,-3.5,STOP_LOSS,7,75.76,2.58,Schaeffler India Limited
SCHAEFFLER,2025-10-03,2025-10-06,2025-10-10,4275.0,4125.38,-3.5,STOP_LOSS,5,73.89,3.57,Schaeffler India Limited
SCHAEFFLER,2025-10-31,2025-11-03,2025-11-14,4162.0,4086.1,-1.82,TIME_EXIT,10,69.1,3.62,Schaeffler India Limited
SCHAEFFLER,2026-05-26,2026-05-27,2026-06-01,4210.0,4062.65,-3.5,STOP_LOSS,4,68.69,5.32,Schaeffler India Limited
SEAMECLTD,2025-08-13,2025-08-14,2025-08-14,880.0,849.2,-3.5,STOP_LOSS,1,71.98,4.49,Seamec Limited
SEAMECLTD,2026-03-18,2026-03-19,2026-03-23,1350.5,1303.23,-3.5,STOP_LOSS,3,69.21,3.26,Seamec Limited
SEAMECLTD,2026-03-30,2026-04-01,2026-04-13,1462.2,1514.8,3.6,TIME_EXIT,10,68.78,3.59,Seamec Limited
SEAMECLTD,2026-03-30,2026-04-01,2026-04-13,1462.2,1514.8,3.6,TIME_EXIT,10,68.78,2.94,Seamec Limited
SEDEMAC,2026-04-01,2026-04-02,2026-04-06,1545.0,1668.6,8.0,TARGET_HIT,3,71.19,3.93,SEDEMAC Mechatronics Limited
SEDEMAC,2026-05-26,2026-05-27,2026-06-02,2133.0,2303.64,8.0,TARGET_HIT,5,66.86,2.89,SEDEMAC Mechatronics Limited
SEIL,2026-05-20,2026-05-21,2026-05-26,201.25,194.21,-3.5,STOP_LOSS,4,69.03,2.88,Shanti Educational Initiatives Limited
SENORES,2025-12-24,2025-12-26,2026-01-08,836.0,821.4,-1.75,TIME_EXIT,10,75.67,6.77,Senores Pharmaceuticals Limited
SENORES,2025-12-24,2025-12-26,2026-01-08,836.0,821.4,-1.75,TIME_EXIT,10,75.67,4.11,Senores Pharmaceuticals Limited
SETL,2026-06-15,2026-06-16,2026-06-18,170.0,183.6,8.0,TARGET_HIT,3,68.16,4.14,Standard Engineering Technology Limited
SETL,2026-08-24,2026-08-25,2026-08-25,312.0,301.08,-3.5,STOP_LOSS,1,80.62,5.78,Standard Engineering Technology Limited
SFL,2024-12-06,2024-12-09,2024-12-17,909.9,982.69,8.0,TARGET_HIT,7,66.45,4.42,Sheela Foam Limited
SGFIN,2025-11-19,2025-11-20,2025-11-21,405.9,391.69,-3.5,STOP_LOSS,2,76.33,2.67,SG Finserve Limited
SGFIN,2025-12-17,2025-12-18,2025-12-18,413.4,398.93,-3.5,STOP_LOSS,1,88.81,7.59,SG Finserve Limited
SGFIN,2026-01-06,2026-01-07,2026-01-07,418.0,451.44,8.0,TARGET_HIT,1,84.25,5.23,SG Finserve Limited
SGIL,2025-04-23,2025-04-24,2025-04-25,501.0,483.46,-3.5,STOP_LOSS,2,85.62,11.23,Synergy Green Industries Limited
SGMART,2026-03-24,2026-03-25,2026-03-27,464.95,502.15,8.0,TARGET_HIT,3,80.11,2.57,SG Mart Limited
SHADOWFAX,2026-04-08,2026-04-09,2026-04-10,123.66,133.55,8.0,TARGET_HIT,2,65.78,4.26,Shadowfax Technologies Limited
SHANKARA,2025-05-16,2025-05-19,2025-05-19,753.0,813.24,8.0,TARGET_HIT,1,92.39,23.6,Shankara Building Products Limited
SHANKARA,2025-06-10,2025-06-11,2025-06-11,1027.8,991.83,-3.5,STOP_LOSS,1,66.77,3.93,Shankara Building Products Limited
SHANKARA,2026-07-16,2026-07-17,2026-07-30,139.19,139.31,0.09,TIME_EXIT,10,79.51,8.78,Shankara Building Products Limited
SHARDACROP,2024-10-01,2024-10-03,2024-10-04,575.55,555.41,-3.5,STOP_LOSS,2,70.86,3.19,Sharda Cropchem Limited
SHARDACROP,2024-10-01,2024-10-03,2024-10-04,575.55,555.41,-3.5,STOP_LOSS,2,70.86,2.53,Sharda Cropchem Limited
SHARDAMOTR,2025-07-01,2025-07-02,2025-07-04,1992.8,1923.05,-3.5,STOP_LOSS,3,74.78,13.36,Sharda Motor Industries Limited
SHARDAMOTR,2026-04-08,2026-04-09,2026-04-22,818.8,884.3,8.0,TARGET_HIT,10,83.4,2.51,Sharda Motor Industries Limited
SHILPAMED,2025-03-21,2025-03-24,2025-03-26,690.0,665.85,-3.5,STOP_LOSS,3,65.52,11.42,Shilpa Medicare Limited
SHOPERSTOP,2025-04-22,2025-04-23,2025-04-23,557.5,537.99,-3.5,STOP_LOSS,1,82.96,13.39,Shoppers Stop Limited
SHOPERSTOP,2025-07-15,2025-07-16,2025-07-24,552.3,532.97,-3.5,STOP_LOSS,7,81.93,4.25,Shoppers Stop Limited
SHREECEM,2025-02-07,2025-02-10,2025-02-21,28308.0,28405.7,0.35,TIME_EXIT,10,77.14,4.31,SHREE CEMENT LIMITED
SHREECEM,2025-06-27,2025-06-30,2025-07-11,30895.0,31210.0,1.02,TIME_EXIT,10,68.7,3.28,SHREE CEMENT LIMITED
SHRIPISTON,2026-06-10,2026-06-11,2026-06-15,3425.0,3699.0,8.0,TARGET_HIT,3,83.18,10.17,SPR Auto Technologies Limited
SHRIPISTON,2026-07-20,2026-07-21,2026-08-03,4242.0,4524.4,6.66,TIME_EXIT,10,80.04,8.16,SPR Auto Technologies Limited
SIGMAADV,2026-04-22,2026-04-23,2026-04-23,237.0,228.7,-3.5,STOP_LOSS,1,70.5,2.74,SIGMA ADVANCED SYSTEMS LIMITED
SIGNPOST,2025-06-30,2025-07-01,2025-07-03,214.5,231.66,8.0,TARGET_HIT,3,76.52,139.24,Signpost India Limited
SILVERTUC,2025-11-17,2025-11-18,2025-11-21,823.4,794.58,-3.5,STOP_LOSS,4,71.94,2.62,Silver Touch Technologies Limited
SIMPLEXINF,2025-07-17,2025-07-18,2025-07-21,299.05,322.97,8.0,TARGET_HIT,2,75.6,3.12,Simplex Infrastructures Limited
SIMPLEXINF,2025-11-04,2025-11-06,2025-11-07,306.65,295.92,-3.5,STOP_LOSS,2,81.66,37.33,Simplex Infrastructures Limited
SIMPLEXINF,2025-11-04,2025-11-06,2025-11-07,306.65,295.92,-3.5,STOP_LOSS,2,81.66,7.97,Simplex Infrastructures Limited
SIMPLEXINF,2026-06-17,2026-06-18,2026-06-19,284.0,274.06,-3.5,STOP_LOSS,2,66.2,2.58,Simplex Infrastructures Limited
SIMPLEXINF,2026-08-26,2026-08-27,2026-08-28,255.0,275.4,8.0,TARGET_HIT,2,78.27,11.41,Simplex Infrastructures Limited
SIMPLEXINF,2026-08-28,2026-08-31,2026-08-31,279.99,270.19,-3.5,STOP_LOSS,1,68.31,4.94,Simplex Infrastructures Limited
SINDHUTRAD,2025-04-11,2025-04-15,2025-04-21,18.54,17.89,-3.5,STOP_LOSS,4,89.42,12.09,Sindhu Trade Links Limited
SINDHUTRAD,2026-01-29,2026-01-30,2026-01-30,20.74,20.01,-3.5,STOP_LOSS,1,72.24,33.64,Sindhu Trade Links Limited
SINDHUTRAD,2026-02-04,2026-02-05,2026-02-06,23.75,25.65,8.0,TARGET_HIT,2,70.42,4.28,Sindhu Trade Links Limited
SINDHUTRAD,2026-07-09,2026-07-10,2026-07-16,25.5,24.61,-3.5,STOP_LOSS,5,94.46,3.06,Sindhu Trade Links Limited
SIS,2025-05-22,2025-05-23,2025-05-23,358.25,345.71,-3.5,STOP_LOSS,1,81.91,20.78,SIS LIMITED
SIS,2025-06-05,2025-06-06,2025-06-19,369.0,365.6,-0.92,TIME_EXIT,10,77.19,4.39,SIS LIMITED
SIYSIL,2024-10-16,2024-10-17,2024-10-18,543.0,524.0,-3.5,STOP_LOSS,2,65.75,2.69,Siyaram Silk Mills Limited
SJS,2026-05-07,2026-05-08,2026-05-14,1990.0,1920.35,-3.5,STOP_LOSS,5,69.45,3.71,S.J.S. Enterprises Limited
SKFINDIA,2025-06-30,2025-07-01,2025-07-14,4860.0,4841.6,-0.38,TIME_EXIT,10,69.38,6.72,SKF India Limited
SKFINDIA,2026-02-04,2026-02-05,2026-02-06,1786.0,1723.49,-3.5,STOP_LOSS,2,72.68,5.39,SKF India Limited
SKFINDIA,2026-02-23,2026-02-24,2026-02-27,1790.0,1727.35,-3.5,STOP_LOSS,4,73.45,13.28,SKF India Limited
SKFINDIA,2026-04-10,2026-04-13,2026-04-20,1620.0,1749.6,8.0,TARGET_HIT,6,77.88,2.61,SKF India Limited
SKFINDIA,2026-08-17,2026-08-18,2026-08-20,1660.5,1602.38,-3.5,STOP_LOSS,3,73.08,5.63,SKF India Limited
SKFINDUS,2026-01-28,2026-01-29,2026-02-02,2728.0,2632.52,-3.5,STOP_LOSS,3,90.12,7.18,SKF India (Industrial) Limited
SKFINDUS,2026-02-03,2026-02-04,2026-02-04,2715.0,2619.98,-3.5,STOP_LOSS,1,80.35,2.51,SKF India (Industrial) Limited
SKFINDUS,2026-04-15,2026-04-16,2026-04-21,2342.0,2260.03,-3.5,STOP_LOSS,4,75.48,17.73,SKF India (Industrial) Limited
SKFINDUS,2026-06-04,2026-06-05,2026-06-09,2437.0,2351.7,-3.5,STOP_LOSS,3,67.09,2.65,SKF India (Industrial) Limited
SKFINDUS,2026-06-19,2026-06-22,2026-06-23,2630.0,2840.4,8.0,TARGET_HIT,2,67.53,3.03,SKF India (Industrial) Limited
SKFINDUS,2026-08-17,2026-08-18,2026-08-31,2745.0,2964.6,8.0,TARGET_HIT,10,93.2,9.59,SKF India (Industrial) Limited
SMARTWORKS,2026-02-06,2026-02-09,2026-02-16,459.45,443.37,-3.5,STOP_LOSS,6,97.21,16.77,Smartworks Coworking Spaces Limited
SMCGLOBAL,2025-06-23,2025-06-24,2025-06-30,147.26,159.04,8.0,TARGET_HIT,5,78.91,3.27,SMC Global Securities Limited
SNOWMAN,2024-12-24,2024-12-26,2024-12-26,76.68,74.0,-3.5,STOP_LOSS,1,68.97,5.86,Snowman Logistics Limited
SNOWMAN,2024-12-24,2024-12-26,2024-12-26,76.68,74.0,-3.5,STOP_LOSS,1,68.97,3.87,Snowman Logistics Limited
SOBHA,2025-11-06,2025-11-07,2025-11-13,1654.4,1596.5,-3.5,STOP_LOSS,5,70.95,3.04,Sobha Limited
SOLARA,2024-11-04,2024-11-05,2024-11-11,800.0,772.0,-3.5,STOP_LOSS,5,73.07,5.61,Solara Active Pharma Sciences Limited
SOLARA,2024-11-29,2024-12-02,2024-12-02,866.0,835.69,-3.5,STOP_LOSS,1,68.54,2.99,Solara Active Pharma Sciences Limited
SOLARINDS,2025-01-31,2025-02-03,2025-02-03,10015.0,9664.48,-3.5,STOP_LOSS,1,72.43,5.78,Solar Industries India Limited
SOLARINDS,2025-06-27,2025-06-30,2025-07-02,17571.0,16956.02,-3.5,STOP_LOSS,3,74.54,8.36,Solar Industries India Limited
SOLEX,2025-11-04,2025-11-06,2025-11-06,1755.0,1693.58,-3.5,STOP_LOSS,1,74.16,2.79,Solex Energy Limited
SOLEX,2025-11-14,2025-11-17,2025-11-17,1750.0,1688.75,-3.5,STOP_LOSS,1,69.6,3.03,Solex Energy Limited
SOMANYCERA,2026-02-10,2026-02-11,2026-02-16,410.65,396.28,-3.5,STOP_LOSS,4,81.12,5.2,Somany Ceramics Limited
SOMANYCERA,2026-02-27,2026-03-02,2026-03-09,381.0,367.66,-3.5,STOP_LOSS,6,90.25,15.6,Somany Ceramics Limited
SONACOMS,2025-12-19,2025-12-22,2025-12-26,499.0,481.54,-3.5,STOP_LOSS,5,67.93,3.6,Sona BLW Precision Forgings Limited
SPAL,2024-12-16,2024-12-17,2024-12-18,950.0,916.75,-3.5,STOP_LOSS,2,73.28,11.1,S. P. Apparels Limited
SPLPETRO,2025-04-11,2025-04-15,2025-04-23,623.25,601.44,-3.5,STOP_LOSS,6,83.6,4.98,Supreme Petrochem Limited
SPLPETRO,2025-04-23,2025-04-24,2025-05-08,632.0,654.75,3.6,TIME_EXIT,10,70.66,7.5,Supreme Petrochem Limited
SPLPETRO,2025-06-17,2025-06-18,2025-06-19,810.05,781.7,-3.5,STOP_LOSS,2,69.7,6.39,Supreme Petrochem Limited
SPLPETRO,2025-09-08,2025-09-09,2025-09-09,798.0,770.07,-3.5,STOP_LOSS,1,94.53,20.26,Supreme Petrochem Limited
SPLPETRO,2026-04-22,2026-04-23,2026-04-27,816.1,787.54,-3.5,STOP_LOSS,3,66.07,5.33,Supreme Petrochem Limited
SRF,2025-06-27,2025-06-30,2025-07-11,3184.8,3182.5,-0.07,TIME_EXIT,10,80.7,5.26,SRF Limited
STARCEMENT,2025-07-22,2025-07-23,2025-07-25,239.2,230.83,-3.5,STOP_LOSS,3,72.26,13.15,Star Cement Limited
STARCEMENT,2026-02-17,2026-02-18,2026-02-20,218.89,211.23,-3.5,STOP_LOSS,3,92.16,8.9,Star Cement Limited
STARHEALTH,2025-04-21,2025-04-22,2025-04-30,394.9,381.08,-3.5,STOP_LOSS,7,73.66,2.77,Star Health and Allied Insurance Company Limited
STARHEALTH,2025-09-16,2025-09-17,2025-09-29,454.0,438.11,-3.5,STOP_LOSS,9,71.09,15.97,Star Health and Allied Insurance Company Limited
STARHEALTH,2026-04-21,2026-04-22,2026-04-29,514.0,555.12,8.0,TARGET_HIT,6,73.97,2.6,Star Health and Allied Insurance Company Limited
STARHEALTH,2026-05-21,2026-05-22,2026-06-04,528.0,526.25,-0.33,TIME_EXIT,10,78.98,2.91,Star Health and Allied Insurance Company Limited
STARHEALTH,2026-07-29,2026-07-30,2026-07-31,615.35,593.81,-3.5,STOP_LOSS,2,70.87,4.28,Star Health and Allied Insurance Company Limited
STLTECH,2025-03-19,2025-03-20,2025-03-25,87.5,84.44,-3.5,STOP_LOSS,4,67.09,2.82,Sterlite Technologies Limited
STOVEKRAFT,2025-02-21,2025-02-24,2025-02-27,789.75,762.11,-3.5,STOP_LOSS,3,69.69,4.17,Stove Kraft Limited
STYL,2026-03-18,2026-03-19,2026-03-19,253.0,244.14,-3.5,STOP_LOSS,1,76.8,4.2,Seshaasai Technologies Limited
STYLAMIND,2025-05-15,2025-05-16,2025-05-26,1768.0,1706.12,-3.5,STOP_LOSS,7,81.9,3.08,Stylam Industries Limited
STYLAMIND,2025-11-19,2025-11-20,2025-11-21,2053.2,1981.34,-3.5,STOP_LOSS,2,67.68,4.42,Stylam Industries Limited
STYLAMIND,2025-12-22,2025-12-23,2025-12-26,2280.0,2200.2,-3.5,STOP_LOSS,4,66.36,3.73,Stylam Industries Limited
STYLAMIND,2026-05-06,2026-05-07,2026-05-07,2350.0,2538.0,8.0,TARGET_HIT,1,66.13,2.88,Stylam Industries Limited
STYLEBAAZA,2026-08-18,2026-08-19,2026-08-24,414.0,399.51,-3.5,STOP_LOSS,4,66.02,4.67,Baazar Style Retail Limited
STYRENIX,2026-03-10,2026-03-11,2026-03-23,1952.9,1884.55,-3.5,STOP_LOSS,9,90.58,14.73,Styrenix Performance Materials Limited
STYRENIX,2026-07-20,2026-07-21,2026-08-03,2378.0,2487.3,4.6,TIME_EXIT,10,67.11,10.44,Styrenix Performance Materials Limited
SUDARSCHEM,2025-03-19,2025-03-20,2025-03-25,1009.15,973.83,-3.5,STOP_LOSS,4,68.65,2.79,Sudarshan Chemical Industries Limited
SUDARSCHEM,2025-03-21,2025-03-24,2025-03-25,1001.1,966.06,-3.5,STOP_LOSS,2,70.92,2.58,Sudarshan Chemical Industries Limited
SUDARSCHEM,2025-07-15,2025-07-16,2025-07-28,1267.5,1368.9,8.0,TARGET_HIT,9,68.92,3.14,Sudarshan Chemical Industries Limited
SUDEEPPHRM,2026-03-20,2026-03-23,2026-04-02,600.0,615.1,2.52,TIME_EXIT,10,87.56,4.04,Sudeep Pharma Limited
SUMICHEM,2025-01-30,2025-01-31,2025-02-10,522.55,504.26,-3.5,STOP_LOSS,7,80.32,7.96,Sumitomo Chemical India Limited
SUMICHEM,2025-07-02,2025-07-03,2025-07-16,528.0,570.24,8.0,TARGET_HIT,10,80.5,3.76,Sumitomo Chemical India Limited
SUMICHEM,2026-05-25,2026-05-26,2026-06-08,482.95,466.05,-3.5,STOP_LOSS,10,65.63,3.28,Sumitomo Chemical India Limited
SUNDARMFIN,2024-12-23,2024-12-24,2024-12-26,4485.0,4328.02,-3.5,STOP_LOSS,3,71.24,2.51,Sundaram Finance Limited
SUNDARMFIN,2025-06-27,2025-06-30,2025-07-11,5040.0,4991.0,-0.97,TIME_EXIT,10,71.63,4.63,Sundaram Finance Limited
SUNDARMFIN,2025-06-30,2025-07-01,2025-07-09,5193.0,5011.24,-3.5,STOP_LOSS,7,79.6,2.77,Sundaram Finance Limited
SUNDARMFIN,2025-08-18,2025-08-19,2025-08-20,4783.6,5166.29,8.0,TARGET_HIT,2,66.65,4.83,Sundaram Finance Limited
SUNDARMFIN,2025-12-19,2025-12-22,2026-01-02,4951.5,5347.62,8.0,TARGET_HIT,10,68.6,2.71,Sundaram Finance Limited
SUNDARMFIN,2025-12-24,2025-12-26,2026-01-08,5140.0,5252.0,2.18,TIME_EXIT,10,77.65,5.08,Sundaram Finance Limited
SUNDARMFIN,2025-12-24,2025-12-26,2026-01-08,5140.0,5252.0,2.18,TIME_EXIT,10,77.65,3.45,Sundaram Finance Limited
SUNDARMFIN,2026-07-31,2026-08-03,2026-08-11,4641.6,4479.14,-3.5,STOP_LOSS,7,68.56,4.32,Sundaram Finance Limited
SUNDRMFAST,2024-10-16,2024-10-17,2024-10-17,1486.9,1434.86,-3.5,STOP_LOSS,1,69.45,2.53,Sundram Fasteners Limited
SUNDRMFAST,2024-12-09,2024-12-10,2024-12-10,1192.65,1150.91,-3.5,STOP_LOSS,1,79.62,22.58,Sundram Fasteners Limited
SUNDRMFAST,2024-12-11,2024-12-12,2024-12-16,1179.95,1138.65,-3.5,STOP_LOSS,3,90.3,7.77,Sundram Fasteners Limited
SUNDRMFAST,2025-04-15,2025-04-16,2025-04-30,917.5,917.1,-0.04,TIME_EXIT,10,90.29,5.92,Sundram Fasteners Limited
SUNDRMFAST,2025-05-14,2025-05-15,2025-05-28,989.8,1024.45,3.5,TIME_EXIT,10,77.13,2.96,Sundram Fasteners Limited
SUNDRMFAST,2026-05-22,2026-05-25,2026-06-01,852.05,822.23,-3.5,STOP_LOSS,6,85.71,3.68,Sundram Fasteners Limited
SUNDRMFAST,2026-06-18,2026-06-19,2026-06-30,869.0,938.52,8.0,TARGET_HIT,8,74.02,2.79,Sundram Fasteners Limited
SUNDRMFAST,2026-08-05,2026-08-06,2026-08-10,1037.05,1120.01,8.0,TARGET_HIT,3,72.7,2.89,Sundram Fasteners Limited
SUNDRMFAST,2026-08-06,2026-08-07,2026-08-11,1091.0,1178.28,8.0,TARGET_HIT,3,73.13,2.95,Sundram Fasteners Limited
SUNPHARMA,2024-12-30,2024-12-31,2025-01-10,1876.8,1811.11,-3.5,STOP_LOSS,9,80.26,5.08,Sun Pharmaceutical Industries Limited
SUNPHARMA,2025-06-27,2025-06-30,2025-07-11,1696.0,1672.0,-1.42,TIME_EXIT,10,83.72,3.33,Sun Pharmaceutical Industries Limited
SUNPHARMA,2026-02-03,2026-02-04,2026-02-17,1714.9,1717.1,0.13,TIME_EXIT,10,67.85,2.52,Sun Pharmaceutical Industries Limited
SUNPHARMA,2026-07-27,2026-07-28,2026-08-10,1978.8,1944.4,-1.74,TIME_EXIT,10,83.07,3.72,Sun Pharmaceutical Industries Limited
SUNTECK,2026-07-09,2026-07-10,2026-07-14,321.5,310.25,-3.5,STOP_LOSS,3,90.95,13.17,Sunteck Realty Limited
SUNTV,2025-04-11,2025-04-15,2025-04-23,670.0,646.55,-3.5,STOP_LOSS,6,70.99,2.67,Sun TV Network Limited
SUNTV,2025-11-27,2025-11-28,2025-12-05,567.0,547.16,-3.5,STOP_LOSS,6,65.19,4.48,Sun TV Network Limited
SUNTV,2026-03-23,2026-03-24,2026-03-24,600.0,579.0,-3.5,STOP_LOSS,1,66.83,18.73,Sun TV Network Limited
SUPRAJIT,2025-05-12,2025-05-13,2025-05-26,404.7,425.3,5.09,TIME_EXIT,10,93.24,6.39,Suprajit Engineering Limited
SUPRAJIT,2025-06-03,2025-06-04,2025-06-05,418.0,451.44,8.0,TARGET_HIT,2,93.99,3.15,Suprajit Engineering Limited
SUPREMEIND,2024-12-02,2024-12-03,2024-12-16,4821.55,4901.4,1.66,TIME_EXIT,10,70.11,3.75,Supreme Industries Limited
SUPREMEIND,2025-05-23,2025-05-26,2025-05-28,3918.0,4231.44,8.0,TARGET_HIT,3,67.24,3.24,Supreme Industries Limited
SUPREMEIND,2025-08-13,2025-08-14,2025-08-21,4300.0,4644.0,8.0,TARGET_HIT,5,71.54,3.33,Supreme Industries Limited
SWARAJENG,2025-03-17,2025-03-18,2025-03-19,3260.0,3520.8,8.0,TARGET_HIT,2,70.08,5.68,Swaraj Engines Limited
SWIGGY,2025-08-26,2025-08-28,2025-08-29,430.55,415.48,-3.5,STOP_LOSS,2,70.8,11.81,Swiggy Limited
SWIGGY,2025-11-24,2025-11-25,2025-11-27,402.0,387.93,-3.5,STOP_LOSS,3,65.94,5.25,Swiggy Limited
SWIGGY,2025-12-18,2025-12-19,2025-12-19,420.0,405.3,-3.5,STOP_LOSS,1,70.87,6.94,Swiggy Limited
SYNGENE,2025-04-03,2025-04-04,2025-04-04,750.0,723.75,-3.5,STOP_LOSS,1,75.72,8.47,Syngene International Limited
TARIL,2025-03-21,2025-03-24,2025-03-27,498.0,480.57,-3.5,STOP_LOSS,4,66.68,8.11,Transformers And Rectifiers (India) Limited
TARSONS,2024-12-27,2024-12-30,2024-12-30,420.05,405.35,-3.5,STOP_LOSS,1,76.99,26.52,Tarsons Products Limited
TARSONS,2025-04-02,2025-04-03,2025-04-07,361.65,348.99,-3.5,STOP_LOSS,3,70.1,4.2,Tarsons Products Limited
TATACAP,2026-06-15,2026-06-16,2026-06-19,345.0,372.6,8.0,TARGET_HIT,4,66.25,2.71,Tata Capital Limited
TATACHEM,2026-09-15,2026-09-16,2026-09-16,715.0,772.2,8.0,TARGET_HIT,1,96.17,8.61,Tata Chemicals Limited
TATACOMM,2024-11-25,2024-11-26,2024-12-09,1790.0,1785.35,-0.26,TIME_EXIT,10,65.72,4.23,Tata Communications Limited
TATACOMM,2026-02-20,2026-02-23,2026-02-24,1686.7,1627.67,-3.5,STOP_LOSS,2,68.05,3.42,Tata Communications Limited
TATAPOWER,2026-01-02,2026-01-05,2026-01-08,392.5,378.76,-3.5,STOP_LOSS,4,71.86,5.76,Tata Power Company Limited
TATVA,2026-01-19,2026-01-20,2026-01-21,1405.0,1355.82,-3.5,STOP_LOSS,2,81.09,5.97,Tatva Chintan Pharma Chem Limited
TBOTEK,2025-10-27,2025-10-28,2025-10-29,1620.0,1563.3,-3.5,STOP_LOSS,2,73.22,2.72,TBO Tek Limited
TBOTEK,2026-06-10,2026-06-11,2026-06-12,1234.0,1332.72,8.0,TARGET_HIT,2,78.34,2.52,TBO Tek Limited
TCIEXP,2026-02-05,2026-02-06,2026-02-12,578.35,558.11,-3.5,STOP_LOSS,5,83.92,13.82,TCI Express Limited
TDPOWERSYS,2025-03-21,2025-03-24,2025-03-25,398.0,429.84,8.0,TARGET_HIT,2,66.28,5.87,TD Power Systems Limited
TEAMLEASE,2024-12-12,2024-12-13,2024-12-26,2840.0,2887.4,1.67,TIME_EXIT,10,83.28,4.6,Teamlease Services Limited
TEAMLEASE,2025-01-02,2025-01-03,2025-01-06,3066.6,2959.27,-3.5,STOP_LOSS,2,76.23,6.55,Teamlease Services Limited
TEAMLEASE,2026-03-20,2026-03-23,2026-03-30,1172.1,1131.08,-3.5,STOP_LOSS,6,75.62,6.68,Teamlease Services Limited
TECHNOE,2024-10-10,2024-10-11,2024-10-18,1744.4,1683.35,-3.5,STOP_LOSS,6,77.27,3.03,Techno Electric & Engineering Company Limited
TECHNOE,2026-04-08,2026-04-09,2026-04-15,1086.9,1173.85,8.0,TARGET_HIT,5,65.32,3.11,Techno Electric & Engineering Company Limited
TEGA,2025-05-30,2025-06-02,2025-06-02,1640.1,1582.7,-3.5,STOP_LOSS,1,72.65,2.83,Tega Industries Limited
TFCILTD,2025-05-27,2025-05-28,2025-06-10,220.8,233.6,5.8,TIME_EXIT,10,68.75,4.51,Tourism Finance Corporation of India Limited
TFCILTD,2025-09-05,2025-09-08,2025-09-19,347.75,335.58,-3.5,STOP_LOSS,10,75.65,2.63,Tourism Finance Corporation of India Limited
THANGAMAYL,2025-02-13,2025-02-14,2025-02-18,1810.0,1746.65,-3.5,STOP_LOSS,3,96.46,8.45,Thangamayil Jewellery Limited
THANGAMAYL,2025-12-09,2025-12-10,2025-12-17,3200.0,3456.0,8.0,TARGET_HIT,6,78.73,8.97,Thangamayil Jewellery Limited
THELEELA,2025-09-17,2025-09-18,2025-09-22,428.0,413.02,-3.5,STOP_LOSS,3,83.51,4.67,Leela Palaces Hotels & Resorts Limited
THELEELA,2026-02-27,2026-03-02,2026-03-09,433.1,417.94,-3.5,STOP_LOSS,6,65.23,4.75,Leela Palaces Hotels & Resorts Limited
THELEELA,2026-04-08,2026-04-09,2026-04-22,415.0,432.55,4.23,TIME_EXIT,10,84.94,3.23,Leela Palaces Hotels & Resorts Limited
THELEELA,2026-04-10,2026-04-13,2026-04-24,420.0,429.05,2.15,TIME_EXIT,10,78.45,2.76,Leela Palaces Hotels & Resorts Limited
THELEELA,2026-08-20,2026-08-21,2026-08-31,539.5,582.66,8.0,TARGET_HIT,7,68.04,3.18,Leela Palaces Hotels & Resorts Limited
THERMAX,2025-05-14,2025-05-15,2025-05-28,3415.0,3485.7,2.07,TIME_EXIT,10,80.45,7.3,Thermax Limited
THERMAX,2025-06-04,2025-06-05,2025-06-18,3550.0,3508.8,-1.16,TIME_EXIT,10,75.7,5.35,Thermax Limited
THYROCARE,2024-10-16,2024-10-17,2024-10-17,900.9,869.37,-3.5,STOP_LOSS,1,68.87,13.15,Thyrocare Technologies Limited
THYROCARE,2024-10-29,2024-10-30,2024-11-12,936.95,962.9,2.77,TIME_EXIT,10,76.78,3.49,Thyrocare Technologies Limited
THYROCARE,2025-05-29,2025-05-30,2025-06-03,1026.0,990.09,-3.5,STOP_LOSS,3,73.08,2.69,Thyrocare Technologies Limited
THYROCARE,2025-09-04,2025-09-05,2025-09-10,1335.2,1288.47,-3.5,STOP_LOSS,4,69.29,4.22,Thyrocare Technologies Limited
THYROCARE,2025-10-24,2025-10-27,2025-10-31,1287.0,1389.96,8.0,TARGET_HIT,5,73.56,21.92,Thyrocare Technologies Limited
TI,2025-03-21,2025-03-24,2025-03-24,262.8,253.6,-3.5,STOP_LOSS,1,67.71,6.78,Tilaknagar Industries Limited
TIINDIA,2025-01-02,2025-01-03,2025-01-06,3672.05,3543.53,-3.5,STOP_LOSS,2,74.17,3.88,Tube Investments of India Limited
TIINDIA,2025-08-06,2025-08-07,2025-08-20,2980.0,3218.4,8.0,TARGET_HIT,9,79.38,9.06,Tube Investments of India Limited
TIINDIA,2026-03-02,2026-03-04,2026-03-09,2803.5,2705.38,-3.5,STOP_LOSS,4,70.39,4.19,Tube Investments of India Limited
TIINDIA,2026-03-02,2026-03-04,2026-03-09,2803.5,2705.38,-3.5,STOP_LOSS,4,70.39,3.0,Tube Investments of India Limited
TIINDIA,2026-06-09,2026-06-10,2026-06-11,3127.0,3017.56,-3.5,STOP_LOSS,2,69.32,2.55,Tube Investments of India Limited
TIMKEN,2025-09-10,2025-09-11,2025-09-24,3025.0,3020.0,-0.17,TIME_EXIT,10,83.69,3.78,Timken India Limited
TIMKEN,2026-01-05,2026-01-06,2026-01-08,3094.6,2986.29,-3.5,STOP_LOSS,3,70.05,3.58,Timken India Limited
TIMKEN,2026-02-03,2026-02-04,2026-02-05,3165.1,3054.32,-3.5,STOP_LOSS,2,66.2,8.97,Timken India Limited
TIMKEN,2026-02-25,2026-02-26,2026-03-04,3350.0,3232.75,-3.5,STOP_LOSS,5,65.98,2.83,Timken India Limited
TIMKEN,2026-02-27,2026-03-02,2026-03-04,3351.0,3233.71,-3.5,STOP_LOSS,3,68.95,6.61,Timken India Limited
TIMKEN,2026-05-19,2026-05-20,2026-06-02,3550.0,3529.2,-0.59,TIME_EXIT,10,75.61,2.74,Timken India Limited
TIMKEN,2026-05-20,2026-05-21,2026-06-01,3690.0,3560.85,-3.5,STOP_LOSS,8,67.95,9.0,Timken India Limited
TIMKEN,2026-06-16,2026-06-17,2026-06-22,3631.4,3921.91,8.0,TARGET_HIT,4,65.61,6.45,Timken India Limited
TIRUMALCHM,2025-03-21,2025-03-24,2025-03-25,248.74,240.03,-3.5,STOP_LOSS,2,66.99,2.64,Thirumalai Chemicals Limited
TIRUMALCHM,2026-05-20,2026-05-21,2026-05-29,214.0,206.51,-3.5,STOP_LOSS,7,69.55,3.0,Thirumalai Chemicals Limited
TITAN,2025-08-18,2025-08-19,2025-09-02,3555.0,3620.6,1.85,TIME_EXIT,10,66.58,2.58,Titan Company Limited
TITAN,2025-12-16,2025-12-17,2025-12-30,3930.0,3974.1,1.12,TIME_EXIT,10,65.95,2.51,Titan Company Limited
TNPL,2026-01-28,2026-01-29,2026-01-30,138.01,133.18,-3.5,STOP_LOSS,2,80.89,44.37,Tamil Nadu Newsprint & Papers Limited
TORNTPHARM,2024-09-27,2024-09-30,2024-10-01,3456.0,3335.04,-3.5,STOP_LOSS,2,69.3,3.24,Torrent Pharmaceuticals Limited
TORNTPHARM,2024-11-25,2024-11-26,2024-12-09,3260.0,3335.7,2.32,TIME_EXIT,10,67.89,3.57,Torrent Pharmaceuticals Limited
TORNTPHARM,2024-11-29,2024-12-02,2024-12-13,3301.0,3345.85,1.36,TIME_EXIT,10,66.17,3.06,Torrent Pharmaceuticals Limited
TORNTPHARM,2025-12-04,2025-12-05,2025-12-18,3805.1,3759.5,-1.2,TIME_EXIT,10,84.24,4.54,Torrent Pharmaceuticals Limited
TRAVELFOOD,2025-09-04,2025-09-05,2025-09-09,1319.9,1273.7,-3.5,STOP_LOSS,3,76.95,2.93,Travel Food Services Limited
TRENT,2025-06-20,2025-06-23,2025-07-04,5850.0,5645.25,-3.5,STOP_LOSS,10,72.18,20.22,Trent Limited
TRITURBINE,2025-12-22,2025-12-23,2026-01-05,536.0,538.95,0.55,TIME_EXIT,10,82.37,3.32,Triveni Turbine Limited
TRITURBINE,2025-12-31,2026-01-01,2026-01-09,538.3,519.46,-3.5,STOP_LOSS,7,91.52,8.75,Triveni Turbine Limited
TRUALT,2026-06-08,2026-06-09,2026-06-10,521.0,502.76,-3.5,STOP_LOSS,2,66.67,3.28,TruAlt Bioenergy Limited
TRUALT,2026-08-13,2026-08-14,2026-08-18,493.0,475.74,-3.5,STOP_LOSS,3,75.64,5.17,TruAlt Bioenergy Limited
TTKPRESTIG,2024-12-03,2024-12-04,2024-12-17,881.45,855.8,-2.91,TIME_EXIT,10,89.67,27.21,TTK Prestige Limited
TTKPRESTIG,2025-05-05,2025-05-06,2025-05-08,650.1,627.35,-3.5,STOP_LOSS,3,83.38,3.55,TTK Prestige Limited
TTKPRESTIG,2025-08-06,2025-08-07,2025-08-21,639.0,658.1,2.99,TIME_EXIT,10,93.42,3.44,TTK Prestige Limited
TVSHLTD,2025-10-03,2025-10-06,2025-10-17,13211.0,14267.88,8.0,TARGET_HIT,10,72.55,7.87,TVS Holdings Limited
TVSHLTD,2026-07-13,2026-07-14,2026-07-22,14040.0,15163.2,8.0,TARGET_HIT,7,81.59,5.37,TVS Holdings Limited
TVSMOTOR,2024-11-25,2024-11-26,2024-12-09,2463.2,2488.85,1.04,TIME_EXIT,10,65.2,3.37,TVS Motor Company Limited
TVTODAY,2026-01-07,2026-01-08,2026-01-09,144.0,138.96,-3.5,STOP_LOSS,2,87.67,44.58,TV Today Network Limited
UBL,2024-09-27,2024-09-30,2024-10-04,2180.0,2103.7,-3.5,STOP_LOSS,5,79.73,5.07,United Breweries Limited
UDS,2026-05-07,2026-05-08,2026-05-12,169.0,182.52,8.0,TARGET_HIT,3,66.07,23.37,Updater Services Limited
UDS,2026-06-05,2026-06-08,2026-06-08,193.9,187.11,-3.5,STOP_LOSS,1,84.57,17.51,Updater Services Limited
UDS,2026-08-19,2026-08-20,2026-08-20,219.0,211.33,-3.5,STOP_LOSS,1,66.88,5.77,Updater Services Limited
UGROCAP,2025-03-19,2025-03-20,2025-03-28,169.8,163.86,-3.5,STOP_LOSS,7,92.78,12.46,Ugro Capital Limited
UJJIVANSFB,2025-06-10,2025-06-11,2025-06-11,51.4,49.6,-3.5,STOP_LOSS,1,67.89,4.39,Ujjivan Small Finance Bank Limited
ULTRACEMCO,2025-08-18,2025-08-19,2025-09-02,12787.0,12730.0,-0.45,TIME_EXIT,10,69.6,3.64,UltraTech Cement Limited
UNIPARTS,2026-07-10,2026-07-13,2026-07-14,707.0,682.26,-3.5,STOP_LOSS,2,66.28,3.12,Uniparts India Limited
UNITDSPR,2024-12-30,2024-12-31,2025-01-10,1615.05,1558.52,-3.5,STOP_LOSS,9,76.64,7.53,United Spirits Limited
UNOMINDA,2025-11-26,2025-11-27,2025-12-03,1326.7,1280.27,-3.5,STOP_LOSS,5,69.61,3.46,UNO Minda Limited
UNOMINDA,2026-01-02,2026-01-05,2026-01-08,1335.4,1288.66,-3.5,STOP_LOSS,4,71.93,5.38,UNO Minda Limited
UPL,2025-12-30,2025-12-31,2026-01-12,793.3,765.53,-3.5,STOP_LOSS,9,72.67,3.61,UPL Limited
USHAMART,2025-08-19,2025-08-20,2025-09-03,371.0,376.0,1.35,TIME_EXIT,10,69.44,3.58,Usha Martin Limited
USHAMART,2025-08-25,2025-08-26,2025-09-09,382.3,388.7,1.67,TIME_EXIT,10,74.46,5.0,Usha Martin Limited
USHAMART,2026-04-27,2026-04-28,2026-04-30,462.9,446.7,-3.5,STOP_LOSS,3,66.44,17.6,Usha Martin Limited
UTIAMC,2025-12-31,2026-01-01,2026-01-09,1129.6,1090.06,-3.5,STOP_LOSS,7,87.89,6.31,UTI Asset Management Company Limited
UTIAMC,2026-04-08,2026-04-09,2026-04-09,974.9,940.78,-3.5,STOP_LOSS,1,77.72,9.96,UTI Asset Management Company Limited
UTIAMC,2026-09-08,2026-09-09,2026-09-18,899.5,895.0,-0.5,TIME_EXIT,8,70.29,2.72,UTI Asset Management Company Limited
UTKARSHBNK,2025-06-06,2025-06-09,2025-06-10,24.5,26.46,8.0,TARGET_HIT,2,72.31,4.59,Utkarsh Small Finance Bank Limited
UTLSOLAR,2026-04-06,2026-04-07,2026-04-15,215.21,232.43,8.0,TARGET_HIT,7,70.8,4.08,Fujiyama Power Systems Limited
V2RETAIL,2026-05-04,2026-05-05,2026-05-07,200.01,216.01,8.0,TARGET_HIT,3,72.25,2.88,V2 Retail Limited
VAIBHAVGBL,2026-02-02,2026-02-03,2026-02-03,268.08,258.7,-3.5,STOP_LOSS,1,74.32,2.51,Vaibhav Global Limited
VARDMNPOLY,2026-02-03,2026-02-04,2026-02-04,7.29,7.03,-3.5,STOP_LOSS,1,93.23,63.51,Vardhman Polytex Limited
VARDMNPOLY,2026-02-16,2026-02-17,2026-02-19,8.0,7.72,-3.5,STOP_LOSS,3,84.89,5.34,Vardhman Polytex Limited
VBL,2024-12-30,2024-12-31,2025-01-07,637.9,615.57,-3.5,STOP_LOSS,6,71.32,5.41,Varun Beverages Limited
VBL,2025-07-16,2025-07-17,2025-07-30,481.6,520.13,8.0,TARGET_HIT,10,69.83,2.69,Varun Beverages Limited
VENTIVE,2025-03-21,2025-03-24,2025-03-24,806.15,777.93,-3.5,STOP_LOSS,1,81.3,3.28,Ventive Hospitality Limited
VENTIVE,2026-06-15,2026-06-16,2026-06-23,660.0,636.9,-3.5,STOP_LOSS,6,81.15,11.61,Ventive Hospitality Limited
VENTIVE,2026-06-16,2026-06-17,2026-06-23,665.4,642.11,-3.5,STOP_LOSS,5,73.11,5.17,Ventive Hospitality Limited
VENUSPIPES,2025-11-20,2025-11-21,2025-12-04,1291.0,1245.82,-3.5,STOP_LOSS,10,66.05,5.5,Venus Pipes & Tubes Limited
VENUSREM,2026-06-02,2026-06-03,2026-06-05,1481.8,1600.34,8.0,TARGET_HIT,3,70.45,3.45,Venus Remedies Limited
VERANDA,2024-12-11,2024-12-12,2024-12-12,277.0,267.3,-3.5,STOP_LOSS,1,68.18,5.98,Veranda Learning Solutions Limited
VGUARD,2024-10-31,2024-11-01,2024-11-11,434.7,419.49,-3.5,STOP_LOSS,7,67.3,2.78,V-Guard Industries Limited
VGUARD,2025-04-22,2025-04-23,2025-05-07,360.8,370.05,2.56,TIME_EXIT,10,66.43,2.67,V-Guard Industries Limited
VGUARD,2025-06-25,2025-06-26,2025-07-09,384.0,391.9,2.06,TIME_EXIT,10,79.24,3.05,V-Guard Industries Limited
VGUARD,2026-04-27,2026-04-28,2026-05-11,333.0,332.15,-0.26,TIME_EXIT,10,80.48,3.08,V-Guard Industries Limited
VIDHIING,2024-09-27,2024-09-30,2024-10-04,504.9,487.23,-3.5,STOP_LOSS,5,76.04,5.75,Vidhi Specialty Food Ingredients Limited
VIDHIING,2026-03-06,2026-03-09,2026-03-09,303.0,292.4,-3.5,STOP_LOSS,1,91.14,36.7,Vidhi Specialty Food Ingredients Limited
VIDHIING,2026-07-30,2026-07-31,2026-08-03,313.8,338.9,8.0,TARGET_HIT,2,86.32,9.66,Vidhi Specialty Food Ingredients Limited
VIJAYA,2026-02-27,2026-03-02,2026-03-04,977.0,942.8,-3.5,STOP_LOSS,3,66.89,2.54,Vijaya Diagnostic Centre Limited
VIJAYA,2026-04-07,2026-04-08,2026-04-17,968.95,1046.47,8.0,TARGET_HIT,8,65.38,3.95,Vijaya Diagnostic Centre Limited
VIJAYA,2026-04-30,2026-05-04,2026-05-08,1139.0,1230.12,8.0,TARGET_HIT,5,85.39,5.35,Vijaya Diagnostic Centre Limited
VIJAYA,2026-04-30,2026-05-04,2026-05-08,1139.0,1230.12,8.0,TARGET_HIT,5,85.39,3.81,Vijaya Diagnostic Centre Limited
VINATIORGA,2025-04-24,2025-04-25,2025-04-25,1715.0,1654.98,-3.5,STOP_LOSS,1,75.16,3.28,Vinati Organics Limited
VINATIORGA,2025-05-16,2025-05-19,2025-05-23,1794.9,1938.49,8.0,TARGET_HIT,5,70.16,9.49,Vinati Organics Limited
VINATIORGA,2025-05-19,2025-05-20,2025-05-21,1878.9,1813.14,-3.5,STOP_LOSS,2,73.18,3.76,Vinati Organics Limited
VINATIORGA,2025-05-22,2025-05-23,2025-05-23,1900.0,1833.5,-3.5,STOP_LOSS,1,84.16,2.66,Vinati Organics Limited
VINATIORGA,2025-07-16,2025-07-17,2025-07-24,1980.0,1910.7,-3.5,STOP_LOSS,6,84.6,4.88,Vinati Organics Limited
VINATIORGA,2026-07-06,2026-07-07,2026-07-08,1347.0,1299.86,-3.5,STOP_LOSS,2,74.07,2.61,Vinati Organics Limited
VINCOFE,2024-11-29,2024-12-02,2024-12-13,123.2,118.89,-3.5,STOP_LOSS,10,73.16,6.0,Vintage Coffee And Beverages Limited
VINCOFE,2025-01-03,2025-01-06,2025-01-06,130.5,125.93,-3.5,STOP_LOSS,1,68.26,3.46,Vintage Coffee And Beverages Limited
VIPIND,2026-05-25,2026-05-26,2026-05-27,306.0,295.29,-3.5,STOP_LOSS,2,74.57,3.46,VIP Industries Limited
VISHNU,2026-07-20,2026-07-21,2026-07-23,648.0,625.32,-3.5,STOP_LOSS,3,66.76,2.91,Vishnu Chemicals Limited
VMM,2025-06-17,2025-06-18,2025-06-18,130.0,125.45,-3.5,STOP_LOSS,1,78.68,151.51,Vishal Mega Mart Limited
VMM,2025-08-26,2025-08-28,2025-09-02,151.29,145.99,-3.5,STOP_LOSS,4,65.44,16.72,Vishal Mega Mart Limited
VMM,2026-04-17,2026-04-20,2026-04-30,119.85,122.29,2.04,TIME_EXIT,10,69.19,3.16,Vishal Mega Mart Limited
VOLTAMP,2025-10-16,2025-10-17,2025-10-30,7198.0,7446.5,3.45,TIME_EXIT,10,80.25,3.01,Voltamp Transformers Limited
VOLTAS,2024-12-30,2024-12-31,2025-01-10,1736.8,1676.01,-3.5,STOP_LOSS,9,65.02,7.33,Voltas Limited
VOLTAS,2026-01-07,2026-01-08,2026-01-13,1507.7,1454.93,-3.5,STOP_LOSS,4,65.98,3.03,Voltas Limited
VSTTILLERS,2024-10-01,2024-10-03,2024-10-03,4630.85,4468.77,-3.5,STOP_LOSS,1,65.16,3.17,V.S.T Tillers Tractors Limited
VSTTILLERS,2024-10-01,2024-10-03,2024-10-03,4630.85,4468.77,-3.5,STOP_LOSS,1,65.16,2.59,V.S.T Tillers Tractors Limited
VTL,2025-06-27,2025-06-30,2025-07-08,494.0,533.52,8.0,TARGET_HIT,7,85.8,10.02,Vardhman Textiles Limited
WABAG,2026-04-24,2026-04-27,2026-04-30,1505.8,1453.1,-3.5,STOP_LOSS,4,69.27,3.14,VA Tech Wabag Limited
WAKEFIT,2026-07-07,2026-07-08,2026-07-08,125.14,120.76,-3.5,STOP_LOSS,1,76.29,2.71,Wakefit Innovations Limited
WAKEFIT,2026-07-10,2026-07-13,2026-07-17,129.69,125.15,-3.5,STOP_LOSS,5,68.89,3.45,Wakefit Innovations Limited
WANBURY,2025-03-24,2025-03-25,2025-03-25,265.34,256.05,-3.5,STOP_LOSS,1,67.49,7.6,Wanbury Limited
WELCORP,2024-10-17,2024-10-18,2024-10-22,720.15,694.94,-3.5,STOP_LOSS,3,68.34,2.52,Welspun Corp Limited
WELENT,2024-11-29,2024-12-02,2024-12-09,533.9,576.61,8.0,TARGET_HIT,6,75.14,4.21,Welspun Enterprises Limited
WELENT,2025-04-24,2025-04-25,2025-04-25,512.0,494.08,-3.5,STOP_LOSS,1,67.54,3.43,Welspun Enterprises Limited
WELENT,2025-12-31,2026-01-01,2026-01-06,515.85,497.8,-3.5,STOP_LOSS,4,73.69,4.31,Welspun Enterprises Limited
WELENT,2026-02-10,2026-02-11,2026-02-13,517.0,498.9,-3.5,STOP_LOSS,3,66.39,3.03,Welspun Enterprises Limited
WELENT,2026-04-15,2026-04-16,2026-04-20,451.0,487.08,8.0,TARGET_HIT,3,67.21,3.05,Welspun Enterprises Limited
WELENT,2026-04-27,2026-04-28,2026-05-11,523.35,511.85,-2.2,TIME_EXIT,10,68.44,5.18,Welspun Enterprises Limited
WELSPUNLIV,2025-03-11,2025-03-12,2025-03-17,122.49,118.2,-3.5,STOP_LOSS,3,73.52,4.34,Welspun Living Limited
WESTLIFE,2025-05-19,2025-05-20,2025-05-27,702.65,678.06,-3.5,STOP_LOSS,6,88.57,4.41,WESTLIFE FOODWORLD LIMITED
WESTLIFE,2026-05-05,2026-05-06,2026-05-14,490.75,473.57,-3.5,STOP_LOSS,7,90.19,5.88,WESTLIFE FOODWORLD LIMITED
WHEELS,2025-09-23,2025-09-24,2025-09-24,835.7,902.56,8.0,TARGET_HIT,1,89.96,6.9,Wheels India Limited
WHEELS,2026-04-28,2026-04-29,2026-04-29,1077.25,1163.43,8.0,TARGET_HIT,1,73.56,7.12,Wheels India Limited
WHIRLPOOL,2024-09-25,2024-09-26,2024-09-30,2131.0,2301.48,8.0,TARGET_HIT,3,79.08,4.16,Whirlpool of India Limited
WHIRLPOOL,2024-09-26,2024-09-27,2024-09-30,2155.0,2327.4,8.0,TARGET_HIT,2,75.63,3.28,Whirlpool of India Limited
WHIRLPOOL,2025-04-22,2025-04-23,2025-04-24,1110.0,1198.8,8.0,TARGET_HIT,2,67.73,2.73,Whirlpool of India Limited
WHIRLPOOL,2025-09-12,2025-09-15,2025-09-24,1357.8,1310.28,-3.5,STOP_LOSS,8,78.63,3.12,Whirlpool of India Limited
WHIRLPOOL,2026-06-30,2026-07-01,2026-07-08,814.8,786.28,-3.5,STOP_LOSS,6,68.82,5.68,Whirlpool of India Limited
WINDLAS,2024-10-15,2024-10-16,2024-10-22,986.3,951.78,-3.5,STOP_LOSS,5,71.36,3.03,Windlas Biotech Limited
WINDMACHIN,2025-05-12,2025-05-13,2025-05-26,358.8,387.5,8.0,TARGET_HIT,10,69.85,3.76,Windsor Machines Limited
WINDMACHIN,2026-04-17,2026-04-20,2026-04-20,305.96,295.25,-3.5,STOP_LOSS,1,79.18,14.63,Windsor Machines Limited
WONDERLA,2026-08-20,2026-08-21,2026-08-24,490.95,530.23,8.0,TARGET_HIT,2,85.98,5.14,Wonderla Holidays Limited
WSTCSTPAPR,2026-04-22,2026-04-23,2026-04-29,495.0,477.68,-3.5,STOP_LOSS,5,75.7,5.42,West Coast Paper Mills Limited
XPROINDIA,2025-09-05,2025-09-08,2025-09-17,1235.0,1191.77,-3.5,STOP_LOSS,8,67.79,4.96,Xpro India Limited
YASHO,2026-02-03,2026-02-04,2026-02-04,1375.2,1485.22,8.0,TARGET_HIT,1,73.69,4.46,Yasho Industries Limited
YATHARTH,2025-05-21,2025-05-22,2025-06-04,509.0,507.7,-0.26,TIME_EXIT,10,68.13,4.82,Yatharth Hospital & Trauma Care Services Limited
YATHARTH,2025-08-04,2025-08-05,2025-08-06,657.0,709.56,8.0,TARGET_HIT,2,76.15,4.96,Yatharth Hospital & Trauma Care Services Limited
YESBANK,2026-08-31,2026-09-01,2026-09-11,22.51,23.48,4.31,TIME_EXIT,10,66.19,2.85,Yes Bank Limited
ZAGGLE,2025-03-21,2025-03-24,2025-03-25,364.6,351.84,-3.5,STOP_LOSS,2,69.48,3.37,Zaggle Prepaid Ocean Services Limited
ZENTEC,2025-05-19,2025-05-20,2025-05-20,1978.6,1909.35,-3.5,STOP_LOSS,1,66.44,3.02,Zen Technologies Limited
ZFCVINDIA,2025-05-30,2025-06-02,2025-06-13,13412.0,13393.0,-0.14,TIME_EXIT,10,67.24,3.01,ZF Commercial Vehicle Control Systems India Limited
ZFCVINDIA,2025-08-05,2025-08-06,2025-08-08,13605.0,13128.82,-3.5,STOP_LOSS,3,69.91,2.61,ZF Commercial Vehicle Control Systems India Limited
ZFCVINDIA,2025-12-16,2025-12-17,2025-12-30,14881.0,14826.0,-0.37,TIME_EXIT,10,76.73,5.95,ZF Commercial Vehicle Control Systems India Limited
ZFCVINDIA,2026-06-15,2026-06-16,2026-06-23,15090.0,16297.2,8.0,TARGET_HIT,6,68.9,3.35,ZF Commercial Vehicle Control Systems India Limited
ZIMLAB,2025-07-17,2025-07-18,2025-07-18,122.6,118.31,-3.5,STOP_LOSS,1,79.86,45.47,Zim Laboratories Limited
ZIMLAB,2025-11-11,2025-11-12,2025-11-13,76.0,73.34,-3.5,STOP_LOSS,2,96.13,38.4,Zim Laboratories Limited
ZYDUSWELL,2025-04-29,2025-04-30,2025-05-02,1802.4,1739.32,-3.5,STOP_LOSS,2,72.95,4.47,Zydus Wellness Limited
ZYDUSWELL,2025-06-06,2025-06-09,2025-06-18,1958.0,2114.64,8.0,TARGET_HIT,8,85.08,5.36,Zydus Wellness Limited
