symbol,signal_date,entry_date,exit_date,entry_price,exit_price,ret_pct,exit_reason,holding_days,deliv_per,deliv_spike_x,company_name
360ONE,2025-06-27,2025-06-30,2025-07-01,1206.5,1170.0,-3.03,STOP_LOSS,2,62.75,3.46,360 ONE WAM LIMITED
AAATECH,2026-02-26,2026-02-27,2026-02-27,105.97,102.65,-3.13,STOP_LOSS,1,96.01,4.82,AAA Technologies Limited
AAREYDRUGS,2025-12-16,2025-12-17,2026-01-01,67.0,67.55,0.82,TIME_EXIT,12,65.61,3.61,Aarey Drugs & Pharmaceuticals Limited
AAREYDRUGS,2026-02-11,2026-02-12,2026-02-16,66.75,64.09,-3.99,STOP_LOSS,3,70.32,5.3,Aarey Drugs & Pharmaceuticals Limited
AAREYDRUGS,2026-02-12,2026-02-13,2026-02-16,69.87,66.22,-5.22,STOP_LOSS,2,61.66,2.53,Aarey Drugs & Pharmaceuticals Limited
AAREYDRUGS,2026-02-17,2026-02-18,2026-02-18,66.3,70.75,6.71,TARGET_HIT,1,66.38,2.63,Aarey Drugs & Pharmaceuticals Limited
AAREYDRUGS,2026-03-18,2026-03-19,2026-03-19,69.11,66.56,-3.69,STOP_LOSS,1,71.43,3.44,Aarey Drugs & Pharmaceuticals Limited
AAREYDRUGS,2026-08-28,2026-08-31,2026-09-09,90.0,99.75,10.83,TARGET_HIT,8,79.84,3.08,Aarey Drugs & Pharmaceuticals Limited
AARTECH,2025-01-02,2025-01-03,2025-01-07,87.5,97.5,11.43,TARGET_HIT,3,63.07,4.27,Aartech Solonics Limited
AARTISURF,2026-08-03,2026-08-04,2026-08-04,529.95,500.8,-5.5,STOP_LOSS,1,67.28,9.09,Aarti Surfactants Limited
AAVAS,2025-01-21,2025-01-22,2025-01-23,1700.7,1675.19,-1.5,STOP_LOSS,2,61.3,3.04,Aavas Financiers Limited
AAVAS,2025-11-24,2025-11-25,2025-11-25,1651.1,1612.7,-2.33,STOP_LOSS,1,72.61,5.43,Aavas Financiers Limited
AAVAS,2026-05-22,2026-05-25,2026-05-29,1399.9,1356.0,-3.14,STOP_LOSS,5,85.01,4.62,Aavas Financiers Limited
AAVAS,2026-05-26,2026-05-27,2026-05-27,1390.0,1366.7,-1.68,STOP_LOSS,1,86.25,4.51,Aavas Financiers Limited
ABB,2025-12-19,2025-12-22,2025-12-30,5180.5,5100.0,-1.55,STOP_LOSS,7,74.59,3.02,ABB India Limited
ABB,2026-06-29,2026-06-30,2026-07-02,7070.0,6886.5,-2.6,STOP_LOSS,3,60.15,5.41,ABB India Limited
ABBOTINDIA,2025-06-05,2025-06-06,2025-06-06,31850.0,31290.0,-1.76,STOP_LOSS,1,76.85,4.9,Abbott India Limited
ABCAPITAL,2025-06-20,2025-06-23,2025-06-24,258.8,268.5,3.75,TARGET_HIT,2,70.74,3.78,Aditya Birla Capital Limited
ABCAPITAL,2025-11-28,2025-12-01,2025-12-03,358.0,351.0,-1.96,STOP_LOSS,3,62.62,3.23,Aditya Birla Capital Limited
ABCAPITAL,2026-06-19,2026-06-22,2026-07-03,378.0,401.5,6.22,TARGET_HIT,10,64.87,6.27,Aditya Birla Capital Limited
ABDL,2024-12-24,2024-12-26,2025-01-02,417.45,443.2,6.17,TARGET_HIT,6,62.87,3.82,Allied Blenders and Distillers Limited
ABDL,2024-12-24,2024-12-26,2025-01-02,417.45,443.2,6.17,TARGET_HIT,6,62.87,3.0,Allied Blenders and Distillers Limited
ABDL,2025-05-13,2025-05-14,2025-05-29,383.9,394.05,2.64,TIME_EXIT,12,62.73,4.98,Allied Blenders and Distillers Limited
ABREL,2025-06-27,2025-06-30,2025-07-04,2397.6,2344.0,-2.24,STOP_LOSS,5,74.51,4.62,Aditya Birla Real Estate Limited
ABREL,2026-08-20,2026-08-21,2026-08-21,1459.9,1390.4,-4.76,STOP_LOSS,1,60.79,3.9,Aditya Birla Real Estate Limited
ABSLAMC,2025-05-16,2025-05-19,2025-06-03,707.95,752.3,6.26,TIME_EXIT,12,75.37,3.85,Aditya Birla Sun Life AMC Limited
ABSLAMC,2025-09-10,2025-09-11,2025-09-11,866.55,853.55,-1.5,STOP_LOSS,1,60.96,3.32,Aditya Birla Sun Life AMC Limited
ABSLAMC,2026-04-24,2026-04-27,2026-04-29,1071.7,1032.5,-3.66,STOP_LOSS,3,62.97,4.37,Aditya Birla Sun Life AMC Limited
ABSLAMC,2026-06-09,2026-06-10,2026-06-15,1065.0,1125.0,5.63,TARGET_HIT,4,83.01,5.28,Aditya Birla Sun Life AMC Limited
ABSLAMC,2026-06-15,2026-06-16,2026-06-17,1156.4,1092.8,-5.5,STOP_LOSS,2,66.37,2.52,Aditya Birla Sun Life AMC Limited
ABSLAMC,2026-06-29,2026-06-30,2026-07-01,1134.0,1176.53,3.75,TARGET_HIT,2,63.18,3.3,Aditya Birla Sun Life AMC Limited
ACCELYA,2026-02-04,2026-02-05,2026-02-06,1377.5,1356.84,-1.5,STOP_LOSS,2,65.23,4.27,Accelya Solutions India Limited
ACI,2026-04-24,2026-04-27,2026-04-29,603.3,625.92,3.75,TARGET_HIT,3,73.78,4.03,Archean Chemical Industries Limited
ACMESOLAR,2025-05-30,2025-06-02,2025-06-03,261.25,256.12,-1.96,STOP_LOSS,2,61.25,5.3,Acme Solar Holdings Limited
ACSTECH,2026-08-10,2026-08-11,2026-08-13,51.9,49.05,-5.5,STOP_LOSS,3,62.62,2.84,ACS Technologies Limited
ADANIENSOL,2025-12-19,2025-12-22,2025-12-31,988.25,1029.75,4.2,TARGET_HIT,8,70.01,3.87,Adani Energy Solutions Limited
ADANIPORTS,2025-10-16,2025-10-17,2025-10-23,1479.5,1453.0,-1.79,STOP_LOSS,5,63.3,4.58,Adani Ports and Special Economic Zone Limited
ADANIPOWER,2026-04-06,2026-04-07,2026-04-08,163.0,169.11,3.75,TARGET_HIT,2,65.61,6.05,Adani Power Limited
ADOR,2025-06-10,2025-06-11,2025-06-13,1049.0,1018.25,-2.93,STOP_LOSS,3,65.95,6.21,Ador Welding Limited
ADOR,2025-06-25,2025-06-26,2025-07-03,1023.0,1083.0,5.87,TARGET_HIT,6,73.1,3.46,Ador Welding Limited
ADOR,2026-05-26,2026-05-27,2026-06-01,1160.0,1096.2,-5.5,STOP_LOSS,4,64.14,4.77,Ador Welding Limited
AETHER,2025-07-04,2025-07-07,2025-07-22,778.8,812.45,4.32,TIME_EXIT,12,65.41,4.4,Aether Industries Limited
AETHER,2026-03-06,2026-03-09,2026-03-10,966.45,1002.69,3.75,TARGET_HIT,2,66.15,7.89,Aether Industries Limited
AFCONS,2025-09-19,2025-09-22,2025-09-25,462.8,442.9,-4.3,STOP_LOSS,4,62.86,3.05,Afcons Infrastructure Limited
AFFLE,2025-06-25,2025-06-26,2025-06-30,1952.0,2039.25,4.47,TARGET_HIT,3,82.99,2.98,Affle 3i Limited
AFFLE,2026-06-15,2026-06-16,2026-06-19,1525.0,1454.3,-4.64,STOP_LOSS,4,62.24,5.46,Affle 3i Limited
AGARWALEYE,2026-08-31,2026-09-01,2026-09-10,513.75,502.0,-2.29,STOP_LOSS,8,61.15,4.37,Dr. Agarwal's Health Care Limited
AGI,2026-06-12,2026-06-15,2026-06-17,653.0,732.0,12.1,TARGET_HIT,3,66.52,3.16,AGI Greenpac Limited
AGIIL,2024-11-19,2024-11-21,2024-11-22,1640.0,1549.8,-5.5,STOP_LOSS,2,66.39,2.61,Agi Infra Limited
AGIIL,2024-12-02,2024-12-03,2024-12-06,1651.0,1778.5,7.72,TARGET_HIT,4,62.71,5.05,Agi Infra Limited
AGIIL,2025-05-21,2025-05-22,2025-05-28,897.0,847.66,-5.5,STOP_LOSS,5,67.87,2.75,Agi Infra Limited
AGIIL,2025-09-18,2025-09-19,2025-09-23,1188.0,1160.0,-2.36,STOP_LOSS,3,73.0,5.91,Agi Infra Limited
AIAENG,2025-01-29,2025-01-30,2025-02-11,3650.0,3591.0,-1.62,STOP_LOSS,9,84.66,3.21,AIA Engineering Limited
AIAENG,2025-01-31,2025-02-03,2025-02-11,3657.0,3602.14,-1.5,STOP_LOSS,7,89.99,3.6,AIA Engineering Limited
AIAENG,2025-11-10,2025-11-11,2025-11-26,3484.5,3763.1,8.0,TIME_EXIT,12,63.36,7.7,AIA Engineering Limited
AIAENG,2025-12-24,2025-12-26,2025-12-29,3941.9,3870.2,-1.82,STOP_LOSS,2,60.09,2.74,AIA Engineering Limited
AIAENG,2026-06-22,2026-06-23,2026-07-06,4860.0,4705.1,-3.19,STOP_LOSS,10,60.41,3.04,AIA Engineering Limited
AIIL,2025-04-21,2025-04-22,2025-04-25,1834.6,1761.2,-4.0,STOP_LOSS,4,79.5,5.42,Authum Investment & Infrastructure Limited
AIIL,2025-04-22,2025-04-23,2025-04-23,1880.5,1830.0,-2.69,STOP_LOSS,1,79.68,10.17,Authum Investment & Infrastructure Limited
AIIL,2025-05-30,2025-06-02,2025-06-17,2398.2,2436.7,1.61,TIME_EXIT,12,60.25,10.82,Authum Investment & Infrastructure Limited
AIIL,2025-08-26,2025-08-28,2025-09-04,3129.0,3013.5,-3.69,STOP_LOSS,6,69.67,4.56,Authum Investment & Infrastructure Limited
AIIL,2025-09-15,2025-09-16,2025-09-19,3295.0,3115.5,-5.45,STOP_LOSS,4,64.59,2.5,Authum Investment & Infrastructure Limited
AIIL,2026-05-20,2026-05-21,2026-05-27,511.7,486.0,-5.02,STOP_LOSS,5,70.69,3.85,Authum Investment & Infrastructure Limited
AJANTPHARM,2025-12-22,2025-12-23,2026-01-02,2724.8,2981.3,9.41,TARGET_HIT,9,69.9,3.28,Ajanta Pharma Limited
AJANTPHARM,2026-02-23,2026-02-24,2026-03-02,2988.5,2936.7,-1.73,STOP_LOSS,5,75.55,2.83,Ajanta Pharma Limited
AJAXENGG,2026-05-29,2026-06-01,2026-06-01,592.95,582.6,-1.75,STOP_LOSS,1,77.27,4.17,Ajax Engineering Limited
AKUMS,2025-05-14,2025-05-15,2025-05-15,524.75,556.0,5.96,TARGET_HIT,1,76.39,2.89,Akums Drugs and Pharmaceuticals Limited
ALBERTDAVD,2026-05-06,2026-05-07,2026-05-12,813.95,769.18,-5.5,STOP_LOSS,4,71.24,15.05,Albert David Limited
ALICON,2026-08-06,2026-08-07,2026-08-24,744.4,726.5,-2.4,TIME_EXIT,12,84.68,9.94,Alicon Castalloy Limited
ALIVUS,2026-04-06,2026-04-07,2026-04-15,1005.6,1080.73,7.47,TARGET_HIT,7,65.67,4.5,Alivus Life Sciences Limited
ALIVUS,2026-07-02,2026-07-03,2026-07-06,1165.0,1144.0,-1.8,STOP_LOSS,2,72.56,3.58,Alivus Life Sciences Limited
ALIVUS,2026-08-10,2026-08-11,2026-08-21,1384.0,1336.4,-3.44,STOP_LOSS,9,64.56,2.95,Alivus Life Sciences Limited
ALKEM,2025-09-11,2025-09-12,2025-09-29,5393.5,5409.0,0.29,TIME_EXIT,12,84.74,3.72,Alkem Laboratories Limited
ALKEM,2025-09-19,2025-09-22,2025-09-22,5559.0,5475.62,-1.5,STOP_LOSS,1,73.32,2.54,Alkem Laboratories Limited
ALKEM,2026-01-22,2026-01-23,2026-01-28,5785.0,5655.0,-2.25,STOP_LOSS,4,76.82,2.53,Alkem Laboratories Limited
ALLDIGI,2025-01-02,2025-01-03,2025-01-06,998.0,964.3,-3.38,STOP_LOSS,2,67.48,5.0,Alldigi Tech Limited
ALLDIGI,2025-01-07,2025-01-08,2025-01-13,1020.15,964.35,-5.47,STOP_LOSS,4,68.23,2.58,Alldigi Tech Limited
ALLDIGI,2025-07-30,2025-07-31,2025-07-31,1000.0,985.0,-1.5,STOP_LOSS,1,63.65,2.92,Alldigi Tech Limited
AMBIKCO,2025-06-04,2025-06-05,2025-06-16,1635.4,1545.45,-5.5,STOP_LOSS,8,63.08,2.96,Ambika Cotton Mills Limited
AMBIKCO,2026-08-06,2026-08-07,2026-08-10,1834.9,1791.0,-2.39,STOP_LOSS,2,61.65,3.85,Ambika Cotton Mills Limited
AMBIKCO,2026-08-07,2026-08-10,2026-08-10,1855.0,1823.0,-1.73,STOP_LOSS,1,61.85,5.92,Ambika Cotton Mills Limited
AMBUJACEM,2025-04-09,2025-04-11,2025-04-29,553.75,531.15,-4.08,STOP_LOSS,11,66.93,2.62,Ambuja Cements Limited
ANTHEM,2026-04-27,2026-04-28,2026-05-13,775.05,809.85,4.49,TIME_EXIT,12,70.81,2.73,Anthem Biosciences Limited
ANUP,2025-03-21,2025-03-24,2025-04-07,3299.0,3117.56,-5.5,STOP_LOSS,10,61.99,15.11,The Anup Engineering Limited
ANURAS,2025-07-30,2025-07-31,2025-08-05,1148.9,1121.4,-2.39,STOP_LOSS,4,74.56,2.59,Anupam Rasayan India Limited
APLLTD,2026-05-04,2026-05-05,2026-05-08,767.0,797.0,3.91,TARGET_HIT,4,88.52,13.84,Alembic Pharmaceuticals Limited
APLLTD,2026-05-06,2026-05-07,2026-05-12,795.0,764.75,-3.81,STOP_LOSS,4,79.05,5.16,Alembic Pharmaceuticals Limited
APLLTD,2026-05-08,2026-05-11,2026-05-11,775.1,804.17,3.75,TARGET_HIT,1,61.91,2.67,Alembic Pharmaceuticals Limited
APOLLOPIPE,2026-08-04,2026-08-05,2026-08-10,533.85,513.4,-3.83,STOP_LOSS,4,67.65,6.58,Apollo Pipes Limited
APOLLOPIPE,2026-08-05,2026-08-06,2026-08-07,538.1,525.0,-2.43,STOP_LOSS,2,61.0,3.91,Apollo Pipes Limited
APOLLOTYRE,2025-04-11,2025-04-15,2025-04-24,428.6,470.35,9.74,TARGET_HIT,7,61.96,3.35,Apollo Tyres Limited
APOLLOTYRE,2026-08-21,2026-08-24,2026-08-26,465.05,439.47,-5.5,STOP_LOSS,3,72.15,2.94,Apollo Tyres Limited
APTECHT,2025-05-23,2025-05-26,2025-05-30,166.6,160.16,-3.87,STOP_LOSS,5,80.65,6.6,Aptech Limited
ARCHIDPLY,2026-08-24,2026-08-25,2026-08-27,116.5,110.09,-5.5,STOP_LOSS,3,65.17,4.32,Archidply Industries Limited
ARFIN,2026-01-05,2026-01-06,2026-01-06,76.0,74.0,-2.63,STOP_LOSS,1,71.15,3.26,Arfin India Limited
ARIS,2026-04-28,2026-04-29,2026-05-08,134.0,152.43,13.75,TARGET_HIT,8,60.23,5.79,Arisinfra Solutions Limited
ARMANFIN,2025-11-14,2025-11-17,2025-11-25,1720.0,1625.4,-5.5,STOP_LOSS,7,63.23,12.45,Arman Financial Services Limited
ARMANFIN,2026-02-12,2026-02-13,2026-02-27,1620.0,1556.3,-3.93,STOP_LOSS,11,64.65,3.14,Arman Financial Services Limited
ARTEMISMED,2025-11-11,2025-11-12,2025-11-18,257.09,287.31,11.76,TARGET_HIT,5,75.82,3.08,Artemis Medicare Services Limited
ARTEMISMED,2025-11-17,2025-11-18,2025-12-03,284.59,271.2,-4.71,TIME_EXIT,12,66.04,2.79,Artemis Medicare Services Limited
ARVINDFASN,2025-06-03,2025-06-04,2025-06-06,466.75,453.0,-2.95,STOP_LOSS,3,84.93,3.99,Arvind Fashions Limited
ARVSMART,2025-06-06,2025-06-09,2025-06-13,706.0,680.05,-3.68,STOP_LOSS,5,81.06,28.96,Arvind SmartSpaces Limited
ARVSMART,2026-04-27,2026-04-28,2026-05-12,633.0,598.18,-5.5,STOP_LOSS,11,61.5,2.84,Arvind SmartSpaces Limited
ASHAPURMIN,2025-01-03,2025-01-06,2025-01-06,447.05,422.46,-5.5,STOP_LOSS,1,60.97,4.79,Ashapura Minechem Limited
ASHOKLEY,2025-12-30,2025-12-31,2026-01-02,178.48,189.65,6.26,TARGET_HIT,3,65.82,6.69,Ashok Leyland Limited
ASIANHOTNR,2025-09-10,2025-09-11,2025-09-11,357.75,338.07,-5.5,STOP_LOSS,1,93.78,35.43,Asian Hotels (North) Limited
ASIANTILES,2025-10-20,2025-10-21,2025-11-04,64.2,67.15,4.6,TIME_EXIT,12,63.58,4.6,Asian Granito India Limited
ASIANTILES,2025-12-17,2025-12-18,2025-12-18,64.0,67.73,5.82,TARGET_HIT,1,69.85,5.0,Asian Granito India Limited
ASIANTILES,2026-04-27,2026-04-28,2026-04-28,78.5,74.18,-5.5,STOP_LOSS,1,67.51,3.25,Asian Granito India Limited
ASKAUTOLTD,2026-07-16,2026-07-17,2026-07-20,487.0,475.15,-2.43,STOP_LOSS,2,62.26,3.84,ASK Automotive Limited
ASPINWALL,2025-01-23,2025-01-24,2025-01-24,331.0,312.8,-5.5,STOP_LOSS,1,72.96,3.63,Aspinwall and Company Limited
ASTERDM,2024-11-25,2024-11-26,2024-11-27,439.3,456.18,3.84,TARGET_HIT,2,64.59,3.33,Aster DM Quality Care Limited
ASTRAMICRO,2025-04-15,2025-04-16,2025-04-21,750.0,800.0,6.67,TARGET_HIT,3,65.04,3.88,Astra Microwave Products Limited
ATUL,2025-05-22,2025-05-23,2025-05-27,7225.5,6911.0,-4.35,STOP_LOSS,3,65.37,5.38,Atul Limited
AUBANK,2025-06-02,2025-06-03,2025-06-18,725.0,794.5,9.59,TIME_EXIT,12,70.71,3.75,AU Small Finance Bank Limited
AUBANK,2026-08-20,2026-08-21,2026-08-25,1088.0,1128.8,3.75,TARGET_HIT,3,61.41,2.84,AU Small Finance Bank Limited
AUROPHARMA,2026-08-04,2026-08-05,2026-08-20,1587.3,1608.0,1.3,TIME_EXIT,12,62.69,3.29,Aurobindo Pharma Limited
AURUM,2025-12-23,2025-12-24,2026-01-08,188.4,184.43,-2.11,TIME_EXIT,12,63.58,3.17,Aurum PropTech Limited
AURUM,2026-06-04,2026-06-05,2026-06-22,190.2,208.25,9.49,TIME_EXIT,12,70.45,3.94,Aurum PropTech Limited
AUTOAXLES,2024-12-27,2024-12-30,2024-12-31,1795.0,1768.08,-1.5,STOP_LOSS,2,82.25,5.83,Automotive Axles Limited
AUTOAXLES,2025-05-21,2025-05-22,2025-06-05,1731.5,1810.25,4.55,TARGET_HIT,11,69.21,3.06,Automotive Axles Limited
AUTOAXLES,2025-07-24,2025-07-25,2025-08-06,1873.2,1782.0,-4.87,STOP_LOSS,9,62.19,3.4,Automotive Axles Limited
AUTOIND,2025-12-23,2025-12-24,2026-01-08,81.84,77.34,-5.5,STOP_LOSS,12,63.64,4.54,Autoline Industries Limited
AVL,2024-12-17,2024-12-18,2025-01-02,510.0,512.15,0.42,TIME_EXIT,12,61.66,2.66,Aditya Vision Limited
AVL,2024-12-18,2024-12-19,2024-12-19,501.05,519.84,3.75,TARGET_HIT,1,71.04,2.66,Aditya Vision Limited
AVL,2025-01-08,2025-01-09,2025-01-10,514.2,493.0,-4.12,STOP_LOSS,2,89.24,4.26,Aditya Vision Limited
AVL,2026-05-04,2026-05-05,2026-05-20,548.0,541.35,-1.21,TIME_EXIT,12,76.15,3.43,Aditya Vision Limited
AVL,2026-06-19,2026-06-22,2026-07-07,640.0,651.25,1.76,TIME_EXIT,12,64.19,2.57,Aditya Vision Limited
AVROIND,2025-06-27,2025-06-30,2025-07-04,182.0,171.99,-5.5,STOP_LOSS,5,66.92,11.21,AVRO INDIA LIMITED
AVTNPL,2025-07-14,2025-07-15,2025-07-16,68.05,72.42,6.43,TARGET_HIT,2,74.18,5.72,AVT Natural Products Limited
AWFIS,2025-11-11,2025-11-12,2025-11-12,629.05,603.55,-4.05,STOP_LOSS,1,61.73,3.89,Awfis Space Solutions Limited
AXISCADES,2026-03-27,2026-03-30,2026-04-02,1450.0,1622.5,11.9,TARGET_HIT,4,63.86,5.08,AXISCADES Technologies Limited
AYMSYNTEX,2026-02-19,2026-02-20,2026-03-02,200.01,189.01,-5.5,STOP_LOSS,7,66.72,21.23,AYM Syntex Limited
AYMSYNTEX,2026-02-23,2026-02-24,2026-02-24,211.0,199.4,-5.5,STOP_LOSS,1,74.54,2.68,AYM Syntex Limited
AYMSYNTEX,2026-08-04,2026-08-05,2026-08-07,259.35,245.09,-5.5,STOP_LOSS,3,68.16,7.04,AYM Syntex Limited
BAJAJFINSV,2025-03-17,2025-03-18,2025-04-03,1900.0,1920.45,1.08,TIME_EXIT,12,67.5,5.65,Bajaj Finserv Limited
BAJAJHLDNG,2025-07-24,2025-07-25,2025-07-25,14150.0,13901.0,-1.76,STOP_LOSS,1,86.64,5.93,Bajaj Holdings & Investment Limited
BAJAJHLDNG,2026-06-22,2026-06-23,2026-06-23,10920.0,10690.0,-2.11,STOP_LOSS,1,69.06,3.21,Bajaj Holdings & Investment Limited
BAJFINANCE,2025-02-03,2025-02-04,2025-02-19,8425.0,8439.45,0.17,TIME_EXIT,12,62.98,3.26,Bajaj Finance Limited
BAJFINANCE,2025-03-12,2025-03-13,2025-03-21,8500.0,9068.63,6.69,TARGET_HIT,6,75.59,2.78,Bajaj Finance Limited
BALAXI,2025-04-03,2025-04-04,2025-04-04,68.99,67.05,-2.81,STOP_LOSS,1,92.49,30.55,BALAXI PHARMACEUTICALS LIMITED
BALKRISIND,2026-01-05,2026-01-06,2026-01-21,2399.5,2417.2,0.74,TIME_EXIT,12,73.12,2.9,Balkrishna Industries Limited
BALKRISIND,2026-01-14,2026-01-16,2026-01-20,2438.5,2388.3,-2.06,STOP_LOSS,3,83.99,3.74,Balkrishna Industries Limited
BALKRISIND,2026-01-14,2026-01-16,2026-01-20,2438.5,2388.3,-2.06,STOP_LOSS,3,83.99,2.88,Balkrishna Industries Limited
BALKRISIND,2026-07-09,2026-07-10,2026-07-14,2220.0,2152.3,-3.05,STOP_LOSS,3,76.15,2.73,Balkrishna Industries Limited
BALMLAWRIE,2025-08-19,2025-08-20,2025-08-21,219.0,230.5,5.25,TARGET_HIT,2,60.0,3.22,Balmer Lawrie & Company Limited
BANDHANBNK,2026-02-10,2026-02-11,2026-02-25,166.7,182.05,9.21,TARGET_HIT,11,64.4,3.12,Bandhan Bank Limited
BANSALWIRE,2025-04-21,2025-04-22,2025-05-06,369.3,351.55,-4.81,STOP_LOSS,10,76.42,4.71,Bansal Wire Industries Limited
BANSALWIRE,2025-04-22,2025-04-23,2025-04-25,375.7,363.9,-3.14,STOP_LOSS,3,85.28,6.08,Bansal Wire Industries Limited
BANSALWIRE,2025-06-27,2025-06-30,2025-07-03,390.5,382.55,-2.04,STOP_LOSS,4,77.57,2.86,Bansal Wire Industries Limited
BANSALWIRE,2026-05-26,2026-05-27,2026-06-01,328.0,315.65,-3.77,STOP_LOSS,4,67.63,3.35,Bansal Wire Industries Limited
BANSWRAS,2025-05-15,2025-05-16,2025-05-16,148.9,146.35,-1.71,STOP_LOSS,1,64.04,2.64,Banswara Syntex Limited
BANSWRAS,2025-07-03,2025-07-04,2025-07-07,162.7,153.75,-5.5,STOP_LOSS,2,67.07,12.52,Banswara Syntex Limited
BATLIBOI,2026-08-12,2026-08-13,2026-08-13,93.85,88.69,-5.5,STOP_LOSS,1,68.86,3.02,Batliboi Limited
BAYERCROP,2024-11-04,2024-11-05,2024-11-11,6720.0,6548.6,-2.55,STOP_LOSS,5,70.29,4.4,Bayer Cropscience Limited
BAYERCROP,2025-04-16,2025-04-17,2025-04-25,4899.5,4798.6,-2.06,STOP_LOSS,6,72.26,2.56,Bayer Cropscience Limited
BAYERCROP,2025-06-27,2025-06-30,2025-07-15,6148.0,6359.0,3.43,TIME_EXIT,12,75.12,8.56,Bayer Cropscience Limited
BBOX,2025-01-20,2025-01-21,2025-01-22,658.0,621.81,-5.5,STOP_LOSS,2,87.55,6.16,Black Box Limited
BBTCL,2025-09-09,2025-09-10,2025-09-11,205.99,201.01,-2.42,STOP_LOSS,2,97.59,75.38,B&B Triplewall Containers Limited
BBTCL,2026-08-19,2026-08-20,2026-08-21,253.0,243.01,-3.95,STOP_LOSS,2,66.43,5.52,B&B Triplewall Containers Limited
BEL,2025-06-20,2025-06-23,2025-07-08,411.0,422.0,2.68,TIME_EXIT,12,78.96,10.28,Bharat Electronics Limited
BERGEPAINT,2025-06-27,2025-06-30,2025-07-14,582.0,568.1,-2.39,STOP_LOSS,11,67.62,3.08,Berger Paints (I) Limited
BHAGERIA,2026-04-24,2026-04-27,2026-05-04,179.0,169.16,-5.5,STOP_LOSS,6,72.91,9.86,Bhageria Industries Limited
BHAGYANGR,2025-07-17,2025-07-18,2025-07-18,94.7,107.48,13.49,TARGET_HIT,1,63.21,2.64,Bhagyanagar India Limited
BHAGYANGR,2026-09-08,2026-09-09,2026-09-17,398.95,446.32,11.87,TARGET_HIT,7,65.22,2.83,Bhagyanagar India Limited
BHARATFORG,2025-06-23,2025-06-24,2025-06-25,1309.6,1275.1,-2.63,STOP_LOSS,2,63.22,3.74,Bharat Forge Limited
BHARATFORG,2025-09-29,2025-09-30,2025-10-09,1203.9,1182.2,-1.8,STOP_LOSS,7,68.57,11.1,Bharat Forge Limited
BHARATFORG,2026-06-29,2026-06-30,2026-06-30,2114.1,2082.39,-1.5,STOP_LOSS,1,67.38,7.65,Bharat Forge Limited
BHARATWIRE,2025-11-03,2025-11-04,2025-11-06,213.15,201.43,-5.5,STOP_LOSS,3,73.27,6.09,Bharat Wire Ropes Limited
BHARTIARTL,2025-06-20,2025-06-23,2025-07-08,1930.0,2030.0,5.18,TIME_EXIT,12,76.44,2.94,Bharti Airtel Limited
BHARTIARTL,2025-11-04,2025-11-06,2025-11-06,2115.0,2083.28,-1.5,STOP_LOSS,1,61.72,2.95,Bharti Airtel Limited
BHARTIHEXA,2025-04-08,2025-04-09,2025-04-09,1425.0,1478.44,3.75,TARGET_HIT,1,87.45,3.8,Bharti Hexacom Limited
BHEL,2026-06-29,2026-06-30,2026-07-03,414.55,393.85,-4.99,STOP_LOSS,4,67.16,6.86,Bharat Heavy Electricals Limited
BIGBLOC,2026-05-11,2026-05-12,2026-05-12,60.8,58.41,-3.93,STOP_LOSS,1,62.06,6.07,Bigbloc Construction Limited
BIKAJI,2025-08-20,2025-08-21,2025-08-22,795.0,772.45,-2.84,STOP_LOSS,2,66.86,7.93,Bikaji Foods International Limited
BIKAJI,2025-08-25,2025-08-26,2025-09-09,799.0,768.15,-3.86,STOP_LOSS,10,75.13,4.61,Bikaji Foods International Limited
BIKAJI,2026-04-21,2026-04-22,2026-04-22,664.0,695.13,4.69,TARGET_HIT,1,82.41,6.39,Bikaji Foods International Limited
BIL,2025-07-09,2025-07-10,2025-07-21,773.5,879.86,13.75,TARGET_HIT,8,80.75,10.05,Bhartiya International Limited
BIL,2025-07-10,2025-07-11,2025-07-11,751.0,779.16,3.75,TARGET_HIT,1,98.87,5.03,Bhartiya International Limited
BIL,2025-07-11,2025-07-14,2025-07-23,827.0,940.71,13.75,TARGET_HIT,8,86.87,3.56,Bhartiya International Limited
BIL,2026-08-04,2026-08-05,2026-08-20,813.8,834.55,2.55,TIME_EXIT,12,79.41,9.37,Bhartiya International Limited
BIOCON,2025-11-03,2025-11-04,2025-11-12,378.0,393.0,3.97,TARGET_HIT,7,70.69,3.67,Biocon Limited
BIRLACORPN,2025-05-12,2025-05-13,2025-05-19,1311.9,1419.65,8.21,TARGET_HIT,5,90.65,9.77,Birla Corporation Limited
BIRLACORPN,2025-07-02,2025-07-03,2025-07-04,1353.0,1403.74,3.75,TARGET_HIT,2,73.03,6.57,Birla Corporation Limited
BIRLANU,2025-07-23,2025-07-24,2025-07-24,2346.8,2310.0,-1.57,STOP_LOSS,1,66.94,2.55,BirlaNu Limited
BIRLANU,2026-02-06,2026-02-09,2026-02-18,1700.0,1606.5,-5.5,STOP_LOSS,8,65.18,2.61,BirlaNu Limited
BLACKBUCK,2025-05-19,2025-05-20,2025-05-22,481.0,454.54,-5.5,STOP_LOSS,3,61.96,2.53,BLACKBUCK LIMITED
BLACKBUCK,2025-05-26,2025-05-27,2025-05-27,468.85,456.1,-2.72,STOP_LOSS,1,82.81,6.53,BLACKBUCK LIMITED
BLKASHYAP,2025-06-11,2025-06-12,2025-06-16,71.74,67.79,-5.5,STOP_LOSS,3,60.81,3.8,B. L. Kashyap and Sons Limited
BLSE,2026-06-29,2026-06-30,2026-07-03,234.7,262.55,11.87,TARGET_HIT,4,70.42,4.48,BLS E-Services Limited
BLUEDART,2026-07-31,2026-08-03,2026-08-05,5560.0,5254.2,-5.5,STOP_LOSS,3,66.19,4.6,Blue Dart Express Limited
BLUEJET,2024-12-17,2024-12-18,2025-01-02,547.0,586.45,7.21,TIME_EXIT,12,60.39,5.88,Blue Jet Healthcare Limited
BLUEJET,2026-07-31,2026-08-03,2026-08-03,633.0,611.0,-3.48,STOP_LOSS,1,62.29,3.92,Blue Jet Healthcare Limited
BLUESTARCO,2025-09-22,2025-09-23,2025-09-24,1996.0,1950.1,-2.3,STOP_LOSS,2,68.49,3.56,Blue Star Limited
BLUESTARCO,2026-02-09,2026-02-10,2026-02-25,1951.0,1942.2,-0.45,TIME_EXIT,12,64.19,3.09,Blue Star Limited
BLUESTONE,2026-03-18,2026-03-19,2026-03-19,532.0,524.02,-1.5,STOP_LOSS,1,66.44,3.54,BlueStone Jewellery and Lifestyle Limited
BORANA,2025-10-10,2025-10-13,2025-10-14,228.5,224.0,-1.97,STOP_LOSS,2,84.25,3.02,Borana Weaves Limited
BORANA,2025-11-03,2025-11-04,2025-11-11,229.8,244.28,6.3,TARGET_HIT,6,82.38,4.52,Borana Weaves Limited
BORANA,2026-05-26,2026-05-27,2026-06-02,329.8,316.95,-3.9,STOP_LOSS,5,92.02,4.05,Borana Weaves Limited
BOSCHLTD,2025-06-26,2025-06-27,2025-07-04,32490.0,34902.5,7.43,TARGET_HIT,6,65.05,3.28,Bosch Limited
BPCL,2025-03-27,2025-03-28,2025-04-03,276.99,289.02,4.34,TARGET_HIT,4,80.31,16.65,Bharat Petroleum Corporation Limited
BPCL,2025-10-15,2025-10-16,2025-10-23,338.95,332.05,-2.04,STOP_LOSS,6,65.93,3.06,Bharat Petroleum Corporation Limited
BRIGADE,2024-12-16,2024-12-17,2024-12-19,1289.0,1251.0,-2.95,STOP_LOSS,3,73.62,2.56,Brigade Enterprises Limited
BRIGADE,2025-01-03,2025-01-06,2025-01-06,1314.35,1269.4,-3.42,STOP_LOSS,1,61.46,2.76,Brigade Enterprises Limited
BRIGADE,2025-05-16,2025-05-19,2025-06-03,1116.1,1231.9,10.38,TIME_EXIT,12,60.19,3.3,Brigade Enterprises Limited
BUILDPRO,2026-03-06,2026-03-09,2026-03-09,1000.0,945.0,-5.5,STOP_LOSS,1,82.71,6.8,Shankara Buildpro Limited
BUILDPRO,2026-05-07,2026-05-08,2026-05-12,1146.0,1082.97,-5.5,STOP_LOSS,3,80.07,5.14,Shankara Buildpro Limited
BUTTERFLY,2026-05-06,2026-05-07,2026-05-11,629.9,607.45,-3.56,STOP_LOSS,3,62.59,2.6,Butterfly Gandhimathi Appliances Limited
BYKE,2025-04-04,2025-04-07,2025-04-07,67.74,70.28,3.75,TARGET_HIT,1,62.34,3.1,The Byke Hospitality Ltd
BYKE,2025-04-24,2025-04-25,2025-04-25,82.5,77.96,-5.5,STOP_LOSS,1,73.97,4.46,The Byke Hospitality Ltd
BYKE,2025-05-29,2025-05-30,2025-06-02,100.0,94.5,-5.5,STOP_LOSS,2,66.01,4.91,The Byke Hospitality Ltd
CANBK,2025-12-30,2025-12-31,2026-01-12,154.03,149.12,-3.19,STOP_LOSS,9,65.78,5.59,Canara Bank
CANFINHOME,2025-10-01,2025-10-03,2025-10-20,784.0,838.35,6.93,TIME_EXIT,12,78.63,2.71,Can Fin Homes Limited
CANHLIFE,2025-12-15,2025-12-16,2025-12-17,122.0,126.58,3.75,TARGET_HIT,2,89.49,4.45,Canara HSBC Life Insurance Company Limited
CANHLIFE,2026-02-11,2026-02-12,2026-02-27,150.58,143.41,-4.76,STOP_LOSS,12,77.49,3.13,Canara HSBC Life Insurance Company Limited
CANHLIFE,2026-07-10,2026-07-13,2026-07-13,145.95,157.2,7.71,TARGET_HIT,1,88.84,3.89,Canara HSBC Life Insurance Company Limited
CANHLIFE,2026-08-27,2026-08-28,2026-08-31,157.5,152.31,-3.3,STOP_LOSS,2,63.8,7.88,Canara HSBC Life Insurance Company Limited
CAPITALSFB,2025-02-07,2025-02-10,2025-02-12,305.05,297.05,-2.62,STOP_LOSS,3,83.88,12.68,Capital Small Finance Bank Limited
CAPITALSFB,2025-06-09,2025-06-10,2025-06-19,306.0,295.6,-3.4,STOP_LOSS,8,67.68,6.1,Capital Small Finance Bank Limited
CAPITALSFB,2026-06-16,2026-06-17,2026-06-18,297.15,290.0,-2.41,STOP_LOSS,2,65.78,4.14,Capital Small Finance Bank Limited
CAPITALSFB,2026-06-17,2026-06-18,2026-06-18,298.2,293.0,-1.74,STOP_LOSS,1,60.79,4.29,Capital Small Finance Bank Limited
CAPITALSFB,2026-07-07,2026-07-08,2026-07-08,296.0,287.0,-3.04,STOP_LOSS,1,73.7,2.99,Capital Small Finance Bank Limited
CAPLIPOINT,2025-09-15,2025-09-16,2025-09-16,2281.9,2247.67,-1.5,STOP_LOSS,1,63.32,2.56,Caplin Point Laboratories Limited
CARBORUNIV,2025-04-21,2025-04-22,2025-04-25,1050.0,1008.6,-3.94,STOP_LOSS,4,72.62,2.69,Carborundum Universal Limited
CARBORUNIV,2026-04-17,2026-04-20,2026-05-05,939.3,974.35,3.73,TIME_EXIT,12,66.22,4.0,Carborundum Universal Limited
CARBORUNIV,2026-04-27,2026-04-28,2026-05-06,946.0,986.38,4.27,TARGET_HIT,7,84.76,2.59,Carborundum Universal Limited
CARERATING,2024-11-25,2024-11-26,2024-12-10,1480.85,1399.4,-5.5,STOP_LOSS,11,64.36,4.29,CARE Ratings Limited
CARERATING,2026-07-27,2026-07-28,2026-07-28,1700.6,1675.09,-1.5,STOP_LOSS,1,65.43,5.0,CARE Ratings Limited
CARERATING,2026-09-04,2026-09-07,2026-09-10,1738.1,1699.7,-2.21,STOP_LOSS,4,88.17,9.65,CARE Ratings Limited
CARRARO,2025-10-03,2025-10-06,2025-10-13,476.8,455.85,-4.39,STOP_LOSS,6,77.66,3.37,Carraro India Limited
CARRARO,2026-05-21,2026-05-22,2026-05-25,579.95,611.83,5.5,TARGET_HIT,2,66.01,3.38,Carraro India Limited
CARTRADE,2025-09-19,2025-09-22,2025-09-22,2540.6,2400.87,-5.5,STOP_LOSS,1,63.35,4.51,Cartrade Tech Limited
CASTROLIND,2026-08-06,2026-08-07,2026-08-07,194.0,191.09,-1.5,STOP_LOSS,1,60.04,4.31,Castrol India Limited
CASTROLIND,2026-09-04,2026-09-07,2026-09-18,191.8,197.14,2.78,TIME_EXIT,10,71.98,3.83,Castrol India Limited
CCL,2026-03-10,2026-03-11,2026-03-12,1045.7,1030.01,-1.5,STOP_LOSS,2,79.42,5.16,CCL Products (India) Limited
CCL,2026-07-09,2026-07-10,2026-07-16,1222.0,1182.0,-3.27,STOP_LOSS,5,68.4,2.61,CCL Products (India) Limited
CEATLTD,2025-10-13,2025-10-14,2025-10-14,3599.0,3501.0,-2.72,STOP_LOSS,1,75.26,3.47,CEAT Limited
CEIGALL,2026-02-06,2026-02-09,2026-02-09,297.0,285.05,-4.02,STOP_LOSS,1,73.99,8.43,Ceigall India Limited
CEIGALL,2026-04-22,2026-04-23,2026-04-23,321.6,333.66,3.75,TARGET_HIT,1,68.82,3.75,Ceigall India Limited
CEIGALL,2026-05-05,2026-05-06,2026-05-07,349.1,364.35,4.37,TARGET_HIT,2,69.82,2.72,Ceigall India Limited
CELLO,2025-10-27,2025-10-28,2025-10-28,645.0,629.5,-2.4,STOP_LOSS,1,60.19,5.3,Cello World Limited
CENTURYPLY,2025-02-05,2025-02-06,2025-02-10,868.2,837.0,-3.59,STOP_LOSS,3,71.33,23.11,Century Plyboards (India) Limited
CGCL,2025-09-19,2025-09-22,2025-09-26,191.0,184.1,-3.61,STOP_LOSS,5,63.46,11.97,Capri Global Capital Limited
CGPOWER,2026-06-29,2026-06-30,2026-07-03,963.1,936.3,-2.78,STOP_LOSS,4,71.48,5.35,CG Power and Industrial Solutions Limited
CHALET,2026-05-06,2026-05-07,2026-05-13,796.0,754.35,-5.23,STOP_LOSS,5,71.25,6.58,Chalet Hotels Limited
CHEMBONDCH,2026-05-05,2026-05-06,2026-05-07,178.01,202.49,13.75,TARGET_HIT,2,61.01,12.19,Chembond Chemicals Limited
CHEMBONDCH,2026-05-07,2026-05-08,2026-05-08,205.0,193.72,-5.5,STOP_LOSS,1,60.53,3.71,Chembond Chemicals Limited
CHEMPLASTS,2025-07-21,2025-07-22,2025-07-24,468.9,454.95,-2.98,STOP_LOSS,3,62.38,3.68,Chemplast Sanmar Limited
CHEMPLASTS,2025-09-15,2025-09-16,2025-09-18,439.0,427.05,-2.72,STOP_LOSS,3,74.76,28.88,Chemplast Sanmar Limited
CHEVIOT,2026-05-04,2026-05-05,2026-05-07,1219.0,1356.0,11.24,TARGET_HIT,3,61.09,4.0,Cheviot Company Limited
CHEVIOT,2026-05-07,2026-05-08,2026-05-11,1343.0,1295.0,-3.57,STOP_LOSS,2,75.68,3.05,Cheviot Company Limited
CHOLAFIN,2025-02-04,2025-02-05,2025-02-10,1400.0,1342.05,-4.14,STOP_LOSS,4,60.65,2.82,Cholamandalam Investment and Finance Company Limited
CHOLAHLDNG,2025-03-18,2025-03-19,2025-04-04,1680.0,1694.25,0.85,TIME_EXIT,12,63.73,2.66,Cholamandalam Financial Holdings Limited
CHOLAHLDNG,2025-04-21,2025-04-22,2025-04-28,1970.0,1876.0,-4.77,STOP_LOSS,5,74.24,3.27,Cholamandalam Financial Holdings Limited
CHOLAHLDNG,2025-10-23,2025-10-24,2025-11-10,1905.5,1913.5,0.42,TIME_EXIT,12,69.22,3.42,Cholamandalam Financial Holdings Limited
CIEINDIA,2025-06-09,2025-06-10,2025-06-11,452.6,477.23,5.44,TARGET_HIT,2,62.04,2.69,CIE Automotive India Limited
CLEANMAX,2026-05-13,2026-05-14,2026-05-18,1340.0,1266.3,-5.5,STOP_LOSS,3,64.25,4.22,Clean Max Enviro Energy Solutions Limited
CLEDUCATE,2025-06-10,2025-06-11,2025-06-12,99.35,94.22,-5.16,STOP_LOSS,2,60.15,3.02,CL Educate Limited
CNL,2026-05-11,2026-05-12,2026-05-12,688.0,650.16,-5.5,STOP_LOSS,1,66.1,4.32,Creative Newtech Limited
CNL,2026-07-03,2026-07-06,2026-07-09,764.5,848.0,10.92,TARGET_HIT,4,84.2,2.52,Creative Newtech Limited
COALINDIA,2025-03-21,2025-03-24,2025-03-26,407.95,395.1,-3.15,STOP_LOSS,3,60.2,3.39,Coal India Limited
COFORGE,2024-12-30,2024-12-31,2025-01-08,9700.05,9387.5,-3.22,STOP_LOSS,7,65.7,5.56,Coforge Limited
COLPAL,2026-02-25,2026-02-26,2026-03-02,2283.0,2234.1,-2.14,STOP_LOSS,3,63.36,3.89,Colgate Palmolive (India) Limited
CONSOFINVT,2026-02-06,2026-02-09,2026-02-17,216.0,245.7,13.75,TARGET_HIT,7,84.19,3.27,Consolidated Finvest & Holdings Limited
CPPLUS,2026-05-29,2026-06-01,2026-06-04,3074.7,3497.47,13.75,TARGET_HIT,4,68.7,5.77,Aditya Infotech Limited
CRAFTSMAN,2025-06-25,2025-06-26,2025-07-04,5468.5,6098.5,11.52,TARGET_HIT,7,81.26,8.03,Craftsman Automation Limited
CRAFTSMAN,2025-08-26,2025-08-28,2025-09-09,7100.0,6755.0,-4.86,STOP_LOSS,9,64.87,6.66,Craftsman Automation Limited
CRAFTSMAN,2026-01-14,2026-01-16,2026-01-19,7850.0,7610.0,-3.06,STOP_LOSS,2,74.01,2.94,Craftsman Automation Limited
CRAFTSMAN,2026-06-19,2026-06-22,2026-06-22,9750.0,9475.0,-2.82,STOP_LOSS,1,63.88,4.22,Craftsman Automation Limited
CREDITACC,2025-11-24,2025-11-25,2025-11-27,1393.0,1353.7,-2.82,STOP_LOSS,3,65.01,2.93,CREDITACCESS GRAMEEN LIMITED
CREST,2026-06-05,2026-06-08,2026-06-18,361.6,411.32,13.75,TARGET_HIT,9,77.6,24.97,Crest Ventures Limited
CRISIL,2025-06-10,2025-06-11,2025-06-11,5525.0,5907.5,6.92,TARGET_HIT,1,74.73,3.49,Crisil Limited
CRISIL,2025-06-20,2025-06-23,2025-06-24,5599.0,5887.75,5.16,TARGET_HIT,2,62.91,3.7,Crisil Limited
CSBBANK,2025-06-09,2025-06-10,2025-06-25,394.95,396.65,0.43,TIME_EXIT,12,62.29,4.06,CSB Bank Limited
CSBBANK,2025-07-04,2025-07-07,2025-07-21,415.3,394.65,-4.97,STOP_LOSS,11,64.0,4.74,CSB Bank Limited
CSLFINANCE,2025-04-29,2025-04-30,2025-05-05,317.0,308.0,-2.84,STOP_LOSS,3,94.46,7.97,CSL Finance Limited
CSLFINANCE,2025-06-02,2025-06-03,2025-06-09,333.9,374.9,12.28,TARGET_HIT,5,61.79,4.52,CSL Finance Limited
CSLFINANCE,2025-12-10,2025-12-11,2025-12-15,294.0,288.75,-1.79,STOP_LOSS,3,96.96,26.01,CSL Finance Limited
CSLFINANCE,2026-08-31,2026-09-01,2026-09-02,240.0,232.1,-3.29,STOP_LOSS,2,80.76,3.79,CSL Finance Limited
CUB,2025-06-02,2025-06-03,2025-06-13,199.5,193.32,-3.1,STOP_LOSS,9,70.34,2.85,City Union Bank Limited
CUB,2025-06-03,2025-06-04,2025-06-04,203.99,197.7,-3.08,STOP_LOSS,1,67.83,3.14,City Union Bank Limited
CUPID,2025-05-05,2025-05-06,2025-05-07,83.19,80.85,-2.81,STOP_LOSS,2,61.04,2.64,Cupid Limited
DABUR,2025-08-20,2025-08-21,2025-08-21,535.95,521.1,-2.77,STOP_LOSS,1,72.47,11.51,Dabur India Limited
DABUR,2026-01-21,2026-01-22,2026-01-29,521.0,501.1,-3.82,STOP_LOSS,6,68.84,3.89,Dabur India Limited
DABUR,2026-01-22,2026-01-23,2026-01-27,525.35,517.47,-1.5,STOP_LOSS,3,67.08,3.33,Dabur India Limited
DALBHARAT,2025-08-12,2025-08-13,2025-08-29,2274.0,2397.5,5.43,TARGET_HIT,11,76.03,3.22,Dalmia Bharat Limited
DALBHARAT,2025-09-17,2025-09-18,2025-09-19,2488.9,2439.9,-1.97,STOP_LOSS,2,73.96,4.4,Dalmia Bharat Limited
DALBHARAT,2026-08-19,2026-08-20,2026-08-25,1875.0,1825.0,-2.67,STOP_LOSS,4,62.48,3.01,Dalmia Bharat Limited
DATAMATICS,2025-07-04,2025-07-07,2025-07-14,657.0,747.34,13.75,TARGET_HIT,6,64.7,3.49,Datamatics Global Services Limited
DCAL,2025-09-22,2025-09-23,2025-09-23,317.0,305.0,-3.79,STOP_LOSS,1,62.88,3.3,Dishman Carbogen Amcis Limited
DCAL,2025-11-04,2025-11-06,2025-11-06,291.0,286.35,-1.6,STOP_LOSS,1,62.49,2.8,Dishman Carbogen Amcis Limited
DCBBANK,2025-05-29,2025-05-30,2025-06-05,146.8,142.22,-3.12,STOP_LOSS,5,61.0,2.61,DCB Bank Limited
DCBBANK,2025-07-01,2025-07-02,2025-07-03,147.0,144.79,-1.5,STOP_LOSS,2,64.91,3.63,DCB Bank Limited
DCBBANK,2026-08-06,2026-08-07,2026-08-10,195.0,189.12,-3.02,STOP_LOSS,2,62.99,2.61,DCB Bank Limited
DCI,2026-03-18,2026-03-19,2026-04-01,278.4,316.68,13.75,TARGET_HIT,10,66.39,6.38,Dc Infotech And Communication Limited
DCMNVL,2025-01-17,2025-01-20,2025-01-21,206.1,197.46,-4.19,STOP_LOSS,2,85.66,3.18,DCM Nouvelle Limited
DCMNVL,2026-05-04,2026-05-05,2026-05-05,169.58,160.25,-5.5,STOP_LOSS,1,68.31,13.08,DCM Nouvelle Limited
DCMSHRIRAM,2025-06-12,2025-06-13,2025-06-13,1140.0,1091.0,-4.3,STOP_LOSS,1,63.6,4.14,DCM Shriram Limited
DDEVPLSTIK,2025-05-14,2025-05-15,2025-05-16,291.85,275.8,-5.5,STOP_LOSS,2,70.39,2.71,Ddev Plastiks Industries Limited
DEVYANI,2024-12-24,2024-12-26,2024-12-26,181.0,177.1,-2.15,STOP_LOSS,1,67.49,2.89,Devyani International Limited
DEVYANI,2025-05-16,2025-05-19,2025-05-26,187.0,177.15,-5.27,STOP_LOSS,6,71.3,11.24,Devyani International Limited
DHANUKA,2025-05-12,2025-05-13,2025-05-16,1336.0,1491.25,11.62,TARGET_HIT,4,79.25,12.53,Dhanuka Agritech Limited
DIAMONDYD,2025-02-05,2025-02-06,2025-02-10,1121.0,1071.75,-4.39,STOP_LOSS,3,95.35,11.71,Prataap Snacks Limited
DIAMONDYD,2025-10-15,2025-10-16,2025-10-31,1040.0,1087.5,4.57,TIME_EXIT,12,76.05,14.59,Prataap Snacks Limited
DIAMONDYD,2025-11-27,2025-11-28,2025-12-09,1088.0,1033.4,-5.02,STOP_LOSS,8,70.67,3.02,Prataap Snacks Limited
DIAMONDYD,2026-06-25,2026-06-29,2026-07-14,1135.8,1195.8,5.28,TIME_EXIT,12,71.08,3.03,Prataap Snacks Limited
DIAMONDYD,2026-06-25,2026-06-29,2026-07-14,1135.8,1195.8,5.28,TIME_EXIT,12,71.08,2.56,Prataap Snacks Limited
DIAMONDYD,2026-08-07,2026-08-10,2026-08-17,1229.8,1162.16,-5.5,STOP_LOSS,6,77.96,6.63,Prataap Snacks Limited
DICIND,2026-08-17,2026-08-18,2026-09-01,594.8,564.1,-5.16,STOP_LOSS,11,62.96,3.91,DIC India Limited
DICIND,2026-09-04,2026-09-07,2026-09-15,618.6,589.75,-4.66,STOP_LOSS,7,68.97,8.49,DIC India Limited
DIFFNKG,2025-06-24,2025-06-25,2025-06-27,318.9,311.2,-2.41,STOP_LOSS,3,73.28,4.38,Diffusion Engineers Limited
DIGJAMLMTD,2026-09-10,2026-09-11,2026-09-15,64.5,65.0,0.78,TIME_EXIT,3,66.51,103.83,Digjam Limited
DIVGIITTS,2025-06-06,2025-06-09,2025-06-13,597.15,576.6,-3.44,STOP_LOSS,5,69.97,6.78,Divgi Torqtransfer Systems Limited
DIVGIITTS,2025-09-04,2025-09-05,2025-09-09,681.7,656.4,-3.71,STOP_LOSS,3,78.1,6.63,Divgi Torqtransfer Systems Limited
DIVISLAB,2024-12-30,2024-12-31,2025-01-06,6029.4,5880.0,-2.48,STOP_LOSS,5,77.04,8.47,Divi's Laboratories Limited
DIVISLAB,2026-07-29,2026-07-30,2026-08-14,7885.5,8477.0,7.5,TIME_EXIT,12,60.04,2.88,Divi's Laboratories Limited
DLF,2026-08-24,2026-08-25,2026-08-26,688.0,677.68,-1.5,STOP_LOSS,2,67.32,2.81,DLF Limited
DLINKINDIA,2026-07-09,2026-07-10,2026-07-10,514.65,506.93,-1.5,STOP_LOSS,1,64.58,2.92,D-Link (India) Limited
DMART,2025-04-17,2025-04-21,2025-04-30,4357.0,4192.2,-3.78,STOP_LOSS,8,62.42,2.78,Avenue Supermarts Limited
DMART,2025-08-20,2025-08-21,2025-09-08,4737.9,4714.2,-0.5,TIME_EXIT,12,60.57,2.75,Avenue Supermarts Limited
DMART,2026-03-25,2026-03-27,2026-04-01,3900.0,4247.5,8.91,TARGET_HIT,4,61.83,4.64,Avenue Supermarts Limited
DMART,2026-03-25,2026-03-27,2026-04-01,3900.0,4247.5,8.91,TARGET_HIT,4,61.83,3.48,Avenue Supermarts Limited
DODLA,2025-04-11,2025-04-15,2025-04-15,1175.0,1157.38,-1.5,STOP_LOSS,1,67.14,4.59,Dodla Dairy Limited
DOLLAR,2026-08-06,2026-08-07,2026-08-13,287.0,272.8,-4.95,STOP_LOSS,5,62.23,2.93,Dollar Industries Limited
DOLPHIN,2026-01-05,2026-01-06,2026-01-06,489.4,475.05,-2.93,STOP_LOSS,1,81.12,3.98,Dolphin Offshore Enterprises (India) Limited
DOLPHIN,2026-01-30,2026-02-02,2026-02-16,425.3,403.5,-5.13,STOP_LOSS,11,60.12,6.32,Dolphin Offshore Enterprises (India) Limited
DOLPHIN,2026-08-12,2026-08-13,2026-08-17,502.0,571.02,13.75,TARGET_HIT,3,83.71,34.78,Dolphin Offshore Enterprises (India) Limited
DPABHUSHAN,2025-05-15,2025-05-16,2025-05-20,1579.0,1495.9,-5.26,STOP_LOSS,3,66.99,3.38,D. P. Abhushan Limited
DRREDDY,2026-03-20,2026-03-23,2026-03-23,1293.0,1273.6,-1.5,STOP_LOSS,1,71.56,2.84,Dr. Reddy's Laboratories Limited
DVL,2025-05-13,2025-05-14,2025-05-20,372.35,351.87,-5.5,STOP_LOSS,5,61.43,4.08,Dhunseri Ventures Limited
DYNAMATECH,2025-07-15,2025-07-16,2025-07-28,7222.0,6950.0,-3.77,STOP_LOSS,9,68.06,6.54,Dynamatic Technologies Limited
DYNPRO,2025-06-30,2025-07-01,2025-07-09,302.1,343.64,13.75,TARGET_HIT,7,64.39,9.82,Dynemic Products Limited
DYNPRO,2025-08-18,2025-08-19,2025-08-20,386.5,365.24,-5.5,STOP_LOSS,2,64.25,2.68,Dynemic Products Limited
ECLERX,2025-07-17,2025-07-18,2025-08-04,3696.0,4006.0,8.39,TARGET_HIT,12,61.02,4.68,eClerx Services Limited
EIHOTEL,2025-05-16,2025-05-19,2025-05-28,376.55,364.4,-3.23,STOP_LOSS,8,68.35,2.53,EIH Limited
EIMCOELECO,2025-06-30,2025-07-01,2025-07-04,2580.0,2934.75,13.75,TARGET_HIT,4,61.56,2.64,Eimco Elecon (India) Limited
ELGIEQUIP,2026-06-19,2026-06-22,2026-06-25,615.95,600.0,-2.59,STOP_LOSS,4,71.21,3.27,Elgi Equipments Limited
ELGIRUBCO,2024-12-05,2024-12-06,2024-12-06,123.95,140.99,13.75,TARGET_HIT,1,61.36,3.07,Elgi Rubber Company Limited
ELIN,2025-05-05,2025-05-06,2025-05-06,142.2,137.0,-3.66,STOP_LOSS,1,71.34,3.03,Elin Electronics Limited
ELPROINTL,2026-08-07,2026-08-10,2026-08-10,177.4,174.74,-1.5,STOP_LOSS,1,88.85,5.51,Elpro International Limited
EMAMILTD,2025-09-04,2025-09-05,2025-09-05,618.0,601.35,-2.69,STOP_LOSS,1,66.37,2.59,Emami Limited
EMAMIREAL,2026-04-24,2026-04-27,2026-04-28,99.99,94.49,-5.5,STOP_LOSS,2,86.87,6.17,Emami Realty Limited
EMCURE,2025-07-30,2025-07-31,2025-07-31,1411.0,1389.84,-1.5,STOP_LOSS,1,82.79,2.68,Emcure Pharmaceuticals Limited
EMCURE,2026-01-02,2026-01-05,2026-01-19,1441.9,1576.4,9.33,TARGET_HIT,11,71.16,3.18,Emcure Pharmaceuticals Limited
EMCURE,2026-06-18,2026-06-19,2026-06-23,1753.0,1821.25,3.89,TARGET_HIT,3,91.17,5.29,Emcure Pharmaceuticals Limited
ENDURANCE,2024-11-25,2024-11-26,2024-11-26,2412.6,2374.45,-1.58,STOP_LOSS,1,87.0,4.46,Endurance Technologies Limited
ENDURANCE,2025-10-16,2025-10-17,2025-10-29,2951.6,2817.7,-4.54,STOP_LOSS,9,71.3,2.98,Endurance Technologies Limited
ENDURANCE,2026-07-15,2026-07-16,2026-07-24,2760.0,2666.0,-3.41,STOP_LOSS,7,72.28,3.38,Endurance Technologies Limited
ENTERO,2026-04-16,2026-04-17,2026-04-17,1251.0,1298.25,3.78,TARGET_HIT,1,67.63,2.84,Entero Healthcare Solutions Limited
ENTERO,2026-05-19,2026-05-20,2026-05-22,1242.0,1367.0,10.06,TARGET_HIT,3,67.25,2.8,Entero Healthcare Solutions Limited
ENTERO,2026-05-20,2026-05-21,2026-05-22,1262.0,1360.75,7.82,TARGET_HIT,2,82.7,2.63,Entero Healthcare Solutions Limited
ENTERO,2026-05-21,2026-05-22,2026-05-27,1319.4,1255.8,-4.82,STOP_LOSS,4,67.18,3.67,Entero Healthcare Solutions Limited
ENTERO,2026-07-27,2026-07-28,2026-07-29,1273.4,1217.0,-4.43,STOP_LOSS,2,68.29,2.78,Entero Healthcare Solutions Limited
EQUITASBNK,2026-06-04,2026-06-05,2026-06-22,72.8,76.57,5.18,TIME_EXIT,12,77.93,4.63,Equitas Small Finance Bank Limited
EQUITASBNK,2026-06-05,2026-06-08,2026-06-08,73.2,75.95,3.75,TARGET_HIT,1,79.63,6.45,Equitas Small Finance Bank Limited
ERIS,2024-11-29,2024-12-02,2024-12-11,1450.95,1554.45,7.13,TARGET_HIT,8,80.86,2.85,Eris Lifesciences Limited
ESCORTS,2025-07-29,2025-07-30,2025-07-31,3499.9,3410.9,-2.54,STOP_LOSS,2,66.77,3.29,Escorts Kubota Limited
ESCORTS,2026-07-28,2026-07-29,2026-08-13,3031.0,3093.4,2.06,TIME_EXIT,12,75.73,3.27,Escorts Kubota Limited
ETERNAL,2025-05-30,2025-06-02,2025-06-17,237.31,247.25,4.19,TIME_EXIT,12,60.89,7.84,ETERNAL LIMITED
ETHOSLTD,2025-06-16,2025-06-17,2025-06-18,2972.0,2865.1,-3.6,STOP_LOSS,2,66.37,7.63,Ethos Limited
ETHOSLTD,2025-11-25,2025-11-26,2025-11-26,3056.0,3207.75,4.97,TARGET_HIT,1,70.38,2.95,Ethos Limited
EUROPRATIK,2026-05-20,2026-05-21,2026-05-22,269.15,256.9,-4.55,STOP_LOSS,2,71.08,5.87,Euro Pratik Sales Limited
EVERESTIND,2026-05-06,2026-05-07,2026-05-12,415.0,392.18,-5.5,STOP_LOSS,4,67.34,7.22,Everest Industries Limited
EXCELINDUS,2026-05-07,2026-05-08,2026-05-12,1044.0,986.58,-5.5,STOP_LOSS,3,72.27,5.12,Excel Industries Limited
EXIDEIND,2026-05-07,2026-05-08,2026-05-12,366.0,345.87,-5.5,STOP_LOSS,3,60.64,4.03,Exide Industries Limited
EXPLEOSOL,2025-06-11,2025-06-12,2025-06-12,1113.5,1213.25,8.96,TARGET_HIT,1,68.01,3.24,Expleo Solutions Limited
EXXARO,2024-12-05,2024-12-06,2024-12-06,105.45,103.52,-1.83,STOP_LOSS,1,73.66,2.5,Exxaro Tiles Limited
FAIRCHEMOR,2025-01-23,2025-01-24,2025-01-27,1162.2,1098.28,-5.5,STOP_LOSS,2,85.77,2.85,Fairchem Organics Limited
FAIRCHEMOR,2026-05-22,2026-05-25,2026-05-25,618.0,602.1,-2.57,STOP_LOSS,1,62.06,3.03,Fairchem Organics Limited
FEDERALBNK,2025-12-30,2025-12-31,2026-01-05,267.5,262.0,-2.06,STOP_LOSS,4,75.76,7.96,The Federal Bank  Limited
FEDFINA,2025-07-15,2025-07-16,2025-07-17,120.21,125.16,4.12,TARGET_HIT,2,60.23,2.9,Fedbank Financial Services Limited
FEDFINA,2026-05-11,2026-05-12,2026-05-13,156.0,147.42,-5.5,STOP_LOSS,2,73.82,2.74,Fedbank Financial Services Limited
FIEMIND,2025-12-19,2025-12-22,2025-12-26,2428.0,2325.4,-4.23,STOP_LOSS,5,63.43,2.72,Fiem Industries Limited
FIEMIND,2026-05-04,2026-05-05,2026-05-12,2270.3,2183.9,-3.81,STOP_LOSS,6,67.21,4.8,Fiem Industries Limited
FIVESTAR,2025-01-28,2025-01-29,2025-01-31,715.9,767.78,7.25,TARGET_HIT,3,62.91,3.71,Five-Star Business Finance Limited
FIVESTAR,2026-04-27,2026-04-28,2026-04-29,515.0,494.0,-4.08,STOP_LOSS,2,67.85,2.6,Five-Star Business Finance Limited
FLAIR,2025-05-26,2025-05-27,2025-05-28,284.0,274.78,-3.25,STOP_LOSS,2,82.02,3.0,Flair Writing Industries Limited
FMGOETZE,2026-07-13,2026-07-14,2026-07-29,474.8,474.85,0.01,TIME_EXIT,12,60.99,3.66,Federal-Mogul Goetze (India) Limited.
FORTIS,2024-12-03,2024-12-04,2024-12-18,703.8,682.95,-2.96,STOP_LOSS,11,74.47,3.89,Fortis Healthcare Limited
FORTIS,2025-09-29,2025-09-30,2025-10-09,972.0,1067.25,9.8,TARGET_HIT,7,63.64,3.1,Fortis Healthcare Limited
FOSECOIND,2026-06-29,2026-06-30,2026-07-06,5360.9,5136.7,-4.18,STOP_LOSS,5,63.32,3.19,Foseco India Limited
GABRIEL,2025-09-19,2025-09-22,2025-09-29,1290.5,1219.52,-5.5,STOP_LOSS,6,67.94,8.74,Gabriel India Limited
GAIL,2026-08-31,2026-09-01,2026-09-15,173.41,170.33,-1.78,STOP_LOSS,11,80.53,2.7,GAIL (India) Limited
GALLANTT,2025-03-24,2025-03-25,2025-03-27,367.0,346.82,-5.5,STOP_LOSS,3,90.42,14.27,Gallantt Ispat Limited
GANDHITUBE,2026-05-25,2026-05-26,2026-05-26,880.0,866.8,-1.5,STOP_LOSS,1,61.86,2.97,Gandhi Special Tubes Limited
GANDHITUBE,2026-08-04,2026-08-05,2026-08-06,900.55,880.95,-2.18,STOP_LOSS,2,69.82,5.21,Gandhi Special Tubes Limited
GANDHITUBE,2026-08-12,2026-08-13,2026-08-13,900.0,886.5,-1.5,STOP_LOSS,1,74.09,3.71,Gandhi Special Tubes Limited
GANECOS,2024-11-25,2024-11-26,2024-11-27,2260.0,2344.75,3.75,TARGET_HIT,2,62.36,7.67,Ganesha Ecosphere Limited
GANESHCP,2026-06-01,2026-06-02,2026-06-02,200.77,208.3,3.75,TARGET_HIT,1,75.62,4.08,Ganesh Consumer Products Limited
GARFIBRES,2025-07-22,2025-07-23,2025-07-25,965.0,921.0,-4.56,STOP_LOSS,3,79.36,8.29,Garware Technical Fibres Limited
GARFIBRES,2026-05-04,2026-05-05,2026-05-18,637.85,615.0,-3.58,STOP_LOSS,10,78.47,3.84,Garware Technical Fibres Limited
GENUSPOWER,2025-05-14,2025-05-15,2025-05-23,319.7,356.58,11.53,TARGET_HIT,7,60.75,2.72,Genus Power Infrastructures Limited
GEOJITFSL,2026-06-05,2026-06-08,2026-06-08,76.24,74.05,-2.87,STOP_LOSS,1,60.88,2.66,Geojit Financial Services Limited
GESHIP,2025-10-27,2025-10-28,2025-11-12,1065.0,1175.0,10.33,TARGET_HIT,12,65.07,3.77,The Great Eastern Shipping Company Limited
GESHIP,2025-11-11,2025-11-12,2025-11-24,1118.0,1082.0,-3.22,STOP_LOSS,9,64.59,3.32,The Great Eastern Shipping Company Limited
GESHIP,2025-12-12,2025-12-15,2025-12-19,1110.5,1090.0,-1.85,STOP_LOSS,5,79.71,6.69,The Great Eastern Shipping Company Limited
GFLLIMITED,2026-09-04,2026-09-07,2026-09-08,63.99,60.47,-5.5,STOP_LOSS,2,66.26,5.51,GFL Limited
GHCL,2025-06-09,2025-06-10,2025-06-12,637.0,627.35,-1.51,STOP_LOSS,3,77.11,7.33,GHCL Limited
GHCLTEXTIL,2026-05-21,2026-05-22,2026-05-22,93.6,90.05,-3.79,STOP_LOSS,1,75.7,6.01,GHCL Textiles Limited
GICRE,2024-12-10,2024-12-11,2024-12-20,426.2,464.2,8.92,TARGET_HIT,8,62.09,3.19,General Insurance Corporation of India
GICRE,2025-11-26,2025-11-27,2025-12-08,393.45,380.2,-3.37,STOP_LOSS,8,85.61,5.31,General Insurance Corporation of India
GICRE,2026-05-04,2026-05-05,2026-05-11,412.0,392.55,-4.72,STOP_LOSS,5,60.08,2.83,General Insurance Corporation of India
GILLANDERS,2024-11-13,2024-11-14,2024-11-14,107.0,101.12,-5.5,STOP_LOSS,1,79.17,8.98,Gillanders Arbuthnot & Company Limited
GILLETTE,2026-05-08,2026-05-11,2026-05-11,8148.0,7942.5,-2.52,STOP_LOSS,1,74.38,2.71,Gillette India Limited
GKSL,2026-02-17,2026-02-18,2026-02-19,114.03,111.12,-2.55,STOP_LOSS,2,64.98,2.84,Gujarat Kidney And Super Speciality Limited
GKSL,2026-04-29,2026-04-30,2026-05-04,118.8,128.35,8.04,TARGET_HIT,3,66.48,9.21,Gujarat Kidney And Super Speciality Limited
GKWLIMITED,2024-10-30,2024-10-31,2024-11-04,3515.0,3321.68,-5.5,STOP_LOSS,3,71.47,3.23,GKW Limited
GKWLIMITED,2024-11-05,2024-11-06,2024-11-06,3454.2,3592.45,4.0,TARGET_HIT,1,87.24,3.24,GKW Limited
GKWLIMITED,2024-11-06,2024-11-07,2024-11-08,3572.65,3454.2,-3.32,STOP_LOSS,2,82.9,2.84,GKW Limited
GLAND,2025-07-16,2025-07-17,2025-08-01,1987.2,1978.5,-0.44,TIME_EXIT,12,63.55,3.19,Gland Pharma Limited
GLAND,2026-05-06,2026-05-07,2026-05-08,1811.9,1887.15,4.15,TARGET_HIT,2,87.1,3.94,Gland Pharma Limited
GLAND,2026-07-29,2026-07-30,2026-08-11,2565.0,2905.75,13.28,TARGET_HIT,9,61.43,2.83,Gland Pharma Limited
GLAXO,2025-06-27,2025-06-30,2025-07-02,3456.0,3292.8,-4.72,STOP_LOSS,3,61.29,4.82,GlaxoSmithKline Pharmaceuticals Limited
GLENMARK,2025-12-30,2025-12-31,2026-01-07,2030.9,2108.15,3.8,TARGET_HIT,6,80.03,7.26,Glenmark Pharmaceuticals Limited
GLOBAL,2026-04-13,2026-04-15,2026-04-16,104.9,99.13,-5.5,STOP_LOSS,2,67.98,6.97,Global Education Limited
GLOBAL,2026-04-13,2026-04-15,2026-04-16,104.9,99.13,-5.5,STOP_LOSS,2,67.98,4.42,Global Education Limited
GMRAIRPORT,2025-04-29,2025-04-30,2025-04-30,89.2,87.86,-1.5,STOP_LOSS,1,72.08,3.43,GMR AIRPORTS LIMITED
GOACARBON,2026-06-18,2026-06-19,2026-06-24,425.0,401.62,-5.5,STOP_LOSS,4,63.94,4.65,Goa Carbon Limited
GOCLCORP,2026-06-03,2026-06-04,2026-06-08,424.95,401.58,-5.5,STOP_LOSS,3,71.31,2.51,GOCL Corporation Limited
GODIGIT,2025-05-30,2025-06-02,2025-06-02,345.0,333.0,-3.48,STOP_LOSS,1,76.59,3.54,Go Digit General Insurance Limited
GODIGIT,2025-06-18,2025-06-19,2025-06-19,344.6,336.75,-2.28,STOP_LOSS,1,80.82,4.49,Go Digit General Insurance Limited
GODIGIT,2025-07-14,2025-07-15,2025-07-28,353.4,340.0,-3.79,STOP_LOSS,10,86.21,5.29,Go Digit General Insurance Limited
GODIGIT,2025-08-18,2025-08-19,2025-08-20,367.0,358.25,-2.38,STOP_LOSS,2,76.14,5.41,Go Digit General Insurance Limited
GODREJAGRO,2025-03-05,2025-03-06,2025-03-11,770.0,736.05,-4.41,STOP_LOSS,4,78.77,4.37,Godrej Agrovet Limited
GODREJCP,2026-08-05,2026-08-06,2026-08-07,1075.0,1058.88,-1.5,STOP_LOSS,2,61.47,2.91,Godrej Consumer Products Limited
GODREJIND,2025-03-10,2025-03-11,2025-03-11,1129.6,1099.95,-2.62,STOP_LOSS,1,66.09,2.59,Godrej Industries Limited
GOLDIAM,2025-08-21,2025-08-22,2025-08-26,369.0,348.7,-5.5,STOP_LOSS,3,67.29,4.33,Goldiam International Limited
GOODLUCK,2026-05-21,2026-05-22,2026-05-26,1438.0,1360.9,-5.36,STOP_LOSS,3,63.93,4.52,Goodluck India Limited
GOODYEAR,2026-08-04,2026-08-05,2026-08-05,844.0,831.34,-1.5,STOP_LOSS,1,63.55,3.93,Goodyear India Limited
GOPAL,2025-05-21,2025-05-22,2025-05-23,295.05,289.05,-2.03,STOP_LOSS,2,87.74,6.59,Gopal Snacks Limited
GOPAL,2025-07-10,2025-07-11,2025-07-11,362.0,356.57,-1.5,STOP_LOSS,1,77.59,5.19,Gopal Snacks Limited
GPPL,2025-10-15,2025-10-16,2025-10-31,163.37,166.62,1.99,TIME_EXIT,12,64.21,2.95,Gujarat Pipavav Port Limited
GPTHEALTH,2026-07-27,2026-07-28,2026-08-07,166.0,159.31,-4.03,STOP_LOSS,9,61.8,5.01,GPT Healthcare Limited
GRASIM,2025-04-08,2025-04-09,2025-04-11,2562.5,2658.59,3.75,TARGET_HIT,2,71.74,3.0,Grasim Industries Limited
GRASIM,2026-08-10,2026-08-11,2026-08-12,3360.0,3290.2,-2.08,STOP_LOSS,2,63.12,6.54,Grasim Industries Limited
GREENPANEL,2024-10-16,2024-10-17,2024-10-17,415.0,408.78,-1.5,STOP_LOSS,1,62.35,2.68,Greenpanel Industries Limited
GREENPANEL,2025-05-23,2025-05-26,2025-06-10,259.7,272.95,5.1,TIME_EXIT,12,60.15,3.77,Greenpanel Industries Limited
GREENPANEL,2025-05-26,2025-05-27,2025-05-27,255.0,264.56,3.75,TARGET_HIT,1,73.7,3.94,Greenpanel Industries Limited
GRINDWELL,2025-05-27,2025-05-28,2025-05-30,1786.3,1751.2,-1.96,STOP_LOSS,3,81.58,4.65,Grindwell Norton Limited
GRPLTD,2025-05-12,2025-05-13,2025-05-13,2874.6,2821.5,-1.85,STOP_LOSS,1,72.89,6.63,GRP Limited
GRPLTD,2025-05-22,2025-05-23,2025-05-23,3144.9,2971.93,-5.5,STOP_LOSS,1,85.2,5.73,GRP Limited
GRPLTD,2026-09-15,2026-09-16,2026-09-16,2046.2,1933.66,-5.5,STOP_LOSS,1,81.92,23.91,GRP Limited
GRWRHITECH,2025-03-21,2025-03-24,2025-03-25,4250.0,4021.3,-5.38,STOP_LOSS,2,63.86,6.31,Garware Hi-Tech Films Limited
GRWRHITECH,2026-07-27,2026-07-28,2026-07-29,7199.5,6970.0,-3.19,STOP_LOSS,2,63.03,2.72,Garware Hi-Tech Films Limited
GUFICBIO,2025-08-20,2025-08-21,2025-08-22,376.6,361.2,-4.09,STOP_LOSS,2,86.82,6.79,Gufic Biosciences Limited
GUFICBIO,2026-05-08,2026-05-11,2026-05-12,305.0,294.3,-3.51,STOP_LOSS,2,65.82,12.68,Gufic Biosciences Limited
GUFICBIO,2026-08-10,2026-08-11,2026-08-12,434.5,420.65,-3.19,STOP_LOSS,2,60.86,2.54,Gufic Biosciences Limited
GUJALKALI,2025-05-08,2025-05-09,2025-05-09,629.0,603.0,-4.13,STOP_LOSS,1,66.92,4.4,Gujarat Alkalies and Chemicals Limited
GUJAPOLLO,2025-08-21,2025-08-22,2025-08-22,482.0,522.5,8.4,TARGET_HIT,1,77.75,3.78,Gujarat Apollo Industries Limited
GUJAPOLLO,2026-05-07,2026-05-08,2026-05-08,445.0,431.5,-3.03,STOP_LOSS,1,77.59,5.9,Gujarat Apollo Industries Limited
GUJTHEM,2025-05-14,2025-05-15,2025-05-16,314.7,341.45,8.5,TARGET_HIT,2,79.63,6.36,Gujarat Themis Biosyn Limited
GUJTHEM,2025-06-09,2025-06-10,2025-06-16,347.85,328.72,-5.5,STOP_LOSS,5,79.82,6.21,Gujarat Themis Biosyn Limited
GUJTHEM,2025-07-28,2025-07-29,2025-07-29,369.0,389.0,5.42,TARGET_HIT,1,60.46,2.51,Gujarat Themis Biosyn Limited
GUJTHEM,2025-07-29,2025-07-30,2025-08-01,392.0,370.44,-5.5,STOP_LOSS,3,65.48,13.87,Gujarat Themis Biosyn Limited
GUJTHEM,2025-10-06,2025-10-07,2025-10-07,428.25,416.1,-2.84,STOP_LOSS,1,81.43,2.85,Gujarat Themis Biosyn Limited
GULFOILLUB,2026-08-24,2026-08-25,2026-08-31,1164.9,1130.6,-2.94,STOP_LOSS,5,60.04,3.85,Gulf Oil Lubricants India Limited
GVT&D,2025-05-15,2025-05-16,2025-05-20,1860.0,1757.7,-5.5,STOP_LOSS,3,77.44,2.96,GE Vernova T&D India Limited
GVT&D,2025-08-01,2025-08-04,2025-08-04,2863.1,2771.0,-3.22,STOP_LOSS,1,70.65,2.78,GE Vernova T&D India Limited
GVT&D,2025-09-16,2025-09-17,2025-10-03,2948.8,3170.1,7.5,TIME_EXIT,12,67.14,2.65,GE Vernova T&D India Limited
GYFTR,2026-08-31,2026-09-01,2026-09-16,174.5,178.11,2.07,TIME_EXIT,12,97.37,28.25,Gyftr Limited
HAPPYFORGE,2025-11-12,2025-11-13,2025-11-24,1035.0,1000.6,-3.32,STOP_LOSS,8,70.97,3.19,Happy Forgings Limited
HAPPYFORGE,2025-12-23,2025-12-24,2026-01-02,1103.9,1178.65,6.77,TARGET_HIT,8,61.67,3.07,Happy Forgings Limited
HAPPYFORGE,2026-03-10,2026-03-11,2026-03-12,1325.0,1252.12,-5.5,STOP_LOSS,2,60.23,2.7,Happy Forgings Limited
HAPPYFORGE,2026-06-22,2026-06-23,2026-07-06,1535.8,1470.9,-4.23,STOP_LOSS,10,80.34,4.49,Happy Forgings Limited
HARSHA,2025-06-26,2025-06-27,2025-07-14,407.7,412.4,1.15,TIME_EXIT,12,69.28,3.67,Harsha Engineers International Limited
HAWKINCOOK,2026-07-02,2026-07-03,2026-07-20,8971.5,9253.5,3.14,TIME_EXIT,12,64.6,3.26,Hawkins Cookers Limited
HCG,2024-11-05,2024-11-06,2024-11-08,490.0,463.05,-5.5,STOP_LOSS,3,71.31,10.05,Healthcare Global Enterprises Limited
HCG,2024-11-25,2024-11-26,2024-11-27,475.0,492.81,3.75,TARGET_HIT,2,76.04,5.14,Healthcare Global Enterprises Limited
HCG,2024-11-27,2024-11-28,2024-12-13,504.4,496.55,-1.56,TIME_EXIT,12,68.02,3.85,Healthcare Global Enterprises Limited
HCG,2024-12-16,2024-12-17,2024-12-23,511.9,496.0,-3.11,STOP_LOSS,5,72.87,2.72,Healthcare Global Enterprises Limited
HCG,2025-01-14,2025-01-15,2025-01-30,504.0,514.65,2.11,TIME_EXIT,12,67.87,2.88,Healthcare Global Enterprises Limited
HCG,2025-03-04,2025-03-05,2025-03-21,515.0,523.0,1.55,TIME_EXIT,12,73.86,4.34,Healthcare Global Enterprises Limited
HCG,2025-09-03,2025-09-04,2025-09-12,698.15,665.6,-4.66,STOP_LOSS,7,68.41,4.35,Healthcare Global Enterprises Limited
HCLTECH,2024-12-30,2024-12-31,2025-01-14,1915.2,1865.65,-2.59,STOP_LOSS,11,77.95,3.9,HCL Technologies Limited
HDBFS,2026-05-07,2026-05-08,2026-05-12,700.5,683.25,-2.46,STOP_LOSS,3,60.7,2.76,HDB Financial Services Limited
HDFCAMC,2025-05-15,2025-05-16,2025-06-02,4720.0,4821.2,2.14,TIME_EXIT,12,68.69,3.5,HDFC Asset Management Company Limited
HDFCAMC,2025-06-05,2025-06-06,2025-06-06,4835.0,5087.0,5.21,TARGET_HIT,1,72.79,2.76,HDFC Asset Management Company Limited
HDFCAMC,2025-07-15,2025-07-16,2025-07-31,5284.0,5650.0,6.93,TIME_EXIT,12,65.55,2.85,HDFC Asset Management Company Limited
HDFCBANK,2024-11-25,2024-11-26,2024-12-11,1810.0,1863.1,2.93,TIME_EXIT,12,81.46,16.38,HDFC Bank Limited
HDFCBANK,2025-06-26,2025-06-27,2025-07-02,2013.0,1980.0,-1.64,STOP_LOSS,4,68.21,2.68,HDFC Bank Limited
HDFCLIFE,2025-03-27,2025-03-28,2025-04-07,683.9,667.05,-2.46,STOP_LOSS,6,65.36,2.51,HDFC Life Insurance Company Limited
HDFCLIFE,2025-04-30,2025-05-02,2025-05-09,743.7,712.1,-4.25,STOP_LOSS,6,60.5,3.0,HDFC Life Insurance Company Limited
HDFCLIFE,2025-06-20,2025-06-23,2025-06-26,769.95,799.83,3.88,TARGET_HIT,4,66.27,3.6,HDFC Life Insurance Company Limited
HECPROJECT,2025-05-26,2025-05-27,2025-06-02,138.92,131.28,-5.5,STOP_LOSS,5,71.14,37.02,HEC Infra Projects Limited
HECPROJECT,2026-03-02,2026-03-04,2026-03-04,112.0,120.75,7.81,TARGET_HIT,1,96.35,106.39,HEC Infra Projects Limited
HECPROJECT,2026-03-02,2026-03-04,2026-03-04,112.0,120.75,7.81,TARGET_HIT,1,96.35,9.22,HEC Infra Projects Limited
HEIDELBERG,2025-07-03,2025-07-04,2025-07-07,218.01,212.81,-2.39,STOP_LOSS,2,63.21,2.64,HeidelbergCement India Limited
HEIDELBERG,2026-08-17,2026-08-18,2026-08-19,161.0,158.58,-1.5,STOP_LOSS,2,64.08,3.46,HeidelbergCement India Limited
HEXT,2025-06-27,2025-06-30,2025-07-01,880.3,847.15,-3.77,STOP_LOSS,2,68.04,4.34,Hexaware Technologies Limited
HEXT,2025-12-19,2025-12-22,2025-12-22,780.0,751.45,-3.66,STOP_LOSS,1,63.77,8.28,Hexaware Technologies Limited
HEXT,2026-05-19,2026-05-20,2026-06-04,510.6,528.65,3.54,TIME_EXIT,12,69.14,4.09,Hexaware Technologies Limited
HILTON,2025-01-03,2025-01-06,2025-01-09,115.4,109.05,-5.5,STOP_LOSS,4,62.41,4.38,Hilton Metal Forging Limited
HINDALCO,2025-12-30,2025-12-31,2026-01-06,886.4,942.77,6.36,TARGET_HIT,5,77.79,4.66,Hindalco Industries Limited
HINDUNILVR,2025-08-18,2025-08-19,2025-08-26,2572.2,2699.45,4.95,TARGET_HIT,6,62.11,2.72,Hindustan Unilever Limited
HINDUNILVR,2025-08-20,2025-08-21,2025-09-08,2667.1,2623.9,-1.62,TIME_EXIT,12,65.91,2.7,Hindustan Unilever Limited
HINDUNILVR,2025-08-26,2025-08-28,2025-09-05,2748.0,2624.6,-4.49,STOP_LOSS,7,67.86,2.77,Hindustan Unilever Limited
HINDWAREAP,2025-10-08,2025-10-09,2025-10-15,339.8,363.8,7.06,TARGET_HIT,5,91.04,3.62,Hindware Home Innovation Limited
HIRECT,2024-11-29,2024-12-02,2024-12-05,1318.7,1500.02,13.75,TARGET_HIT,4,68.2,2.64,Hirect Limited
HISARMETAL,2024-12-20,2024-12-23,2024-12-23,243.89,230.48,-5.5,STOP_LOSS,1,92.32,9.31,Hisar Metal Industries Limited
HLEGLAS,2025-05-20,2025-05-21,2025-05-26,384.0,436.8,13.75,TARGET_HIT,4,84.81,6.18,HLE Glascoat Limited
HNDFDS,2025-03-17,2025-03-18,2025-03-20,540.1,560.47,3.77,TARGET_HIT,3,89.82,6.94,Hindustan Foods Limited
HNDFDS,2025-08-05,2025-08-06,2025-08-06,566.5,557.95,-1.51,STOP_LOSS,1,60.71,2.9,Hindustan Foods Limited
HNDFDS,2026-05-05,2026-05-06,2026-05-21,526.0,527.45,0.28,TIME_EXIT,12,68.61,2.92,Hindustan Foods Limited
HNDFDS,2026-06-24,2026-06-25,2026-06-30,564.85,547.05,-3.15,STOP_LOSS,4,64.6,4.2,Hindustan Foods Limited
HONDAPOWER,2025-05-20,2025-05-21,2025-05-21,2866.0,2795.5,-2.46,STOP_LOSS,1,98.53,3.13,Honda India Power Products Limited
HSCL,2025-12-30,2025-12-31,2026-01-08,490.1,476.5,-2.77,STOP_LOSS,7,65.65,2.58,Himadri Speciality Chemical Limited
HYUNDAI,2025-06-20,2025-06-23,2025-06-27,1982.0,2193.25,10.66,TARGET_HIT,5,63.95,14.33,Hyundai Motor India Limited
ICEMAKE,2026-05-25,2026-05-26,2026-05-26,816.15,872.65,6.92,TARGET_HIT,1,63.94,2.51,Ice Make Refrigeration Limited
ICICIAMC,2026-02-03,2026-02-04,2026-02-05,3119.8,3030.0,-2.88,STOP_LOSS,2,67.1,3.09,ICICI Prudential Asset Management Company Limited
ICICIBANK,2024-11-25,2024-11-26,2024-11-28,1310.6,1290.0,-1.57,STOP_LOSS,3,72.72,2.82,ICICI Bank Limited
ICICIBANK,2025-06-27,2025-06-30,2025-07-01,1461.8,1437.1,-1.69,STOP_LOSS,2,83.76,3.2,ICICI Bank Limited
ICICIBANK,2026-08-31,2026-09-01,2026-09-08,1442.9,1419.0,-1.66,STOP_LOSS,6,78.23,2.77,ICICI Bank Limited
ICICIGI,2025-05-30,2025-06-02,2025-06-04,1878.0,1849.83,-1.5,STOP_LOSS,3,90.81,3.09,ICICI Lombard General Insurance Company Limited
ICICIGI,2025-11-17,2025-11-18,2025-11-21,2044.9,2011.8,-1.62,STOP_LOSS,4,69.15,2.55,ICICI Lombard General Insurance Company Limited
ICICIPRULI,2025-11-12,2025-11-13,2025-11-18,631.1,621.63,-1.5,STOP_LOSS,4,70.96,2.57,ICICI Prudential Life Insurance Company Limited
ICICIPRULI,2025-12-18,2025-12-19,2026-01-05,649.9,683.85,5.22,TIME_EXIT,12,81.75,2.88,ICICI Prudential Life Insurance Company Limited
ICICIPRULI,2026-01-16,2026-01-19,2026-01-19,678.0,667.3,-1.58,STOP_LOSS,1,66.89,3.25,ICICI Prudential Life Insurance Company Limited
ICICIPRULI,2026-08-31,2026-09-01,2026-09-01,507.0,498.0,-1.78,STOP_LOSS,1,77.99,4.14,ICICI Prudential Life Insurance Company Limited
ICRA,2024-10-24,2024-10-25,2024-10-25,7145.15,6842.1,-4.24,STOP_LOSS,1,74.1,14.04,ICRA Limited
ICRA,2025-05-26,2025-05-27,2025-05-30,6500.5,6874.25,5.75,TARGET_HIT,4,72.18,3.3,ICRA Limited
ICRA,2025-07-03,2025-07-04,2025-07-08,6905.0,6756.0,-2.16,STOP_LOSS,3,89.33,69.68,ICRA Limited
IDFCFIRSTB,2025-12-19,2025-12-22,2025-12-30,85.0,83.65,-1.59,STOP_LOSS,7,69.09,3.33,IDFC First Bank Limited
IGIL,2025-05-30,2025-06-02,2025-06-02,400.9,378.85,-5.5,STOP_LOSS,1,66.88,6.33,International Gemological Institute Limited
IGIL,2026-06-09,2026-06-10,2026-06-10,375.05,358.25,-4.48,STOP_LOSS,1,66.06,2.77,International Gemological Institute Limited
IGPL,2026-08-03,2026-08-04,2026-08-11,500.45,472.93,-5.5,STOP_LOSS,6,62.02,5.14,IG Petrochemicals Limited
IKS,2025-11-04,2025-11-06,2025-11-06,1675.0,1632.9,-2.51,STOP_LOSS,1,61.98,3.04,Inventurus Knowledge Solutions Limited
IKS,2025-12-22,2025-12-23,2025-12-29,1747.5,1665.1,-4.72,STOP_LOSS,5,60.2,3.54,Inventurus Knowledge Solutions Limited
IKS,2026-05-29,2026-06-01,2026-06-01,1670.0,1630.0,-2.4,STOP_LOSS,1,71.18,3.49,Inventurus Knowledge Solutions Limited
IMPAL,2025-06-25,2025-06-26,2025-07-11,1141.3,1136.6,-0.41,TIME_EXIT,12,74.41,12.26,India Motor Parts and Accessories Limited
IMPAL,2026-05-21,2026-05-22,2026-06-01,1135.0,1072.58,-5.5,STOP_LOSS,7,78.05,20.23,India Motor Parts and Accessories Limited
IMPAL,2026-07-06,2026-07-07,2026-07-08,1206.0,1139.67,-5.5,STOP_LOSS,2,61.97,8.21,India Motor Parts and Accessories Limited
INDGN,2025-05-30,2025-06-02,2025-06-03,599.8,628.05,4.71,TARGET_HIT,2,63.94,3.48,Indegene Limited
INDHOTEL,2024-12-30,2024-12-31,2025-01-06,881.0,856.0,-2.84,STOP_LOSS,5,68.03,8.08,The Indian Hotels Company Limited
INDIAMART,2025-07-14,2025-07-15,2025-07-18,2742.0,2606.0,-4.96,STOP_LOSS,4,61.95,5.44,Indiamart Intermesh Limited
INDIANB,2026-08-31,2026-09-01,2026-09-08,889.0,864.8,-2.72,STOP_LOSS,6,63.92,3.22,Indian Bank
INDIANCARD,2024-12-09,2024-12-10,2024-12-10,328.8,310.72,-5.5,STOP_LOSS,1,69.46,7.97,Indian Card Clothing Company Limited
INDIASHLTR,2025-05-28,2025-05-29,2025-05-30,884.4,871.05,-1.51,STOP_LOSS,2,70.88,2.59,India Shelter Finance Corporation Limited
INDIGO,2025-06-27,2025-06-30,2025-07-15,5840.0,5930.5,1.55,TIME_EXIT,12,73.15,3.06,InterGlobe Aviation Limited
INDIGOPNTS,2026-07-02,2026-07-03,2026-07-08,1089.4,1029.48,-5.5,STOP_LOSS,4,65.52,8.98,Indigo Paints Limited
INDIQUBE,2026-07-09,2026-07-10,2026-07-20,173.0,164.68,-4.81,STOP_LOSS,7,92.01,13.2,Indiqube Spaces Limited
INDIQUBE,2026-07-10,2026-07-13,2026-07-14,179.0,171.02,-4.46,STOP_LOSS,2,88.9,7.06,Indiqube Spaces Limited
INDNIPPON,2025-05-19,2025-05-20,2025-05-22,674.95,700.26,3.75,TARGET_HIT,3,65.01,3.33,India Nippon Electricals Limited
INDNIPPON,2025-09-03,2025-09-04,2025-09-08,850.1,912.6,7.35,TARGET_HIT,3,74.12,3.09,India Nippon Electricals Limited
INDOBORAX,2025-06-02,2025-06-03,2025-06-18,199.9,192.98,-3.46,TIME_EXIT,12,62.78,5.17,Indo Borax & Chemicals Limited
INDOBORAX,2025-12-09,2025-12-10,2025-12-24,262.9,270.68,2.96,TIME_EXIT,12,79.98,11.32,Indo Borax & Chemicals Limited
INDOBORAX,2025-12-12,2025-12-15,2025-12-22,276.4,261.2,-5.5,STOP_LOSS,6,66.89,3.3,Indo Borax & Chemicals Limited
INDOCO,2025-01-02,2025-01-03,2025-01-06,336.0,330.96,-1.5,STOP_LOSS,2,83.5,6.33,Indoco Remedies Limited
INDOCO,2026-05-06,2026-05-07,2026-05-07,232.64,264.63,13.75,TARGET_HIT,1,61.67,5.58,Indoco Remedies Limited
INDORAMA,2025-09-29,2025-09-30,2025-10-16,58.25,59.87,2.78,TIME_EXIT,12,66.66,6.02,Indo Rama Synthetics (India) Limited
INDORAMA,2025-09-30,2025-10-01,2025-10-01,60.45,58.25,-3.64,STOP_LOSS,1,60.02,6.43,Indo Rama Synthetics (India) Limited
INDOTHAI,2026-03-25,2026-03-27,2026-04-13,284.3,282.75,-0.55,TIME_EXIT,12,74.22,3.74,Indo Thai Securities Limited
INDOTHAI,2026-03-25,2026-03-27,2026-04-13,284.3,282.75,-0.55,TIME_EXIT,12,74.22,2.96,Indo Thai Securities Limited
INDOTHAI,2026-04-22,2026-04-23,2026-04-23,313.0,303.6,-3.0,STOP_LOSS,1,71.75,3.55,Indo Thai Securities Limited
INDOUS,2026-02-17,2026-02-18,2026-02-25,145.24,137.25,-5.5,STOP_LOSS,6,63.99,3.17,Indo Us Biotech Limited
INDRAMEDCO,2025-05-15,2025-05-16,2025-06-02,428.95,432.15,0.75,TIME_EXIT,12,66.17,3.05,Indraprastha Medical Corporation Limited
INDRAMEDCO,2025-05-16,2025-05-19,2025-05-20,449.15,424.45,-5.5,STOP_LOSS,2,62.09,2.83,Indraprastha Medical Corporation Limited
INDRAMEDCO,2026-04-15,2026-04-16,2026-04-16,438.85,426.0,-2.93,STOP_LOSS,1,63.9,2.8,Indraprastha Medical Corporation Limited
INDSWFTLAB,2026-02-04,2026-02-05,2026-02-06,119.97,136.47,13.75,TARGET_HIT,2,69.13,4.58,Ind-Swift Laboratories Limited
INDUSINDBK,2026-02-26,2026-02-27,2026-03-02,963.0,936.3,-2.77,STOP_LOSS,2,60.65,2.65,IndusInd Bank Limited
INFOBEAN,2025-11-27,2025-11-28,2025-12-03,612.0,580.1,-5.21,STOP_LOSS,4,63.37,2.74,InfoBeans Technologies Limited
INFY,2025-12-22,2025-12-23,2025-12-24,1679.0,1653.82,-1.5,STOP_LOSS,2,75.47,4.67,Infosys Limited
INGERRAND,2026-04-22,2026-04-23,2026-05-08,4224.0,4575.3,8.32,TIME_EXIT,12,60.7,2.64,Ingersoll Rand (India) Limited
INGERRAND,2026-04-29,2026-04-30,2026-05-08,4310.4,4598.4,6.68,TARGET_HIT,7,87.91,9.58,Ingersoll Rand (India) Limited
INNOVANA,2025-06-20,2025-06-23,2025-06-23,445.95,479.57,7.54,TARGET_HIT,1,92.54,5.68,Innovana Thinklabs Limited
INOXINDIA,2025-06-26,2025-06-27,2025-07-14,1239.8,1230.9,-0.72,TIME_EXIT,12,60.68,5.47,INOX India Limited
INOXINDIA,2026-06-05,2026-06-08,2026-06-08,1553.9,1676.15,7.87,TARGET_HIT,1,61.32,3.23,INOX India Limited
INSECTICID,2025-04-21,2025-04-22,2025-04-25,718.75,695.15,-3.28,STOP_LOSS,4,64.9,2.5,Insecticides (India) Limited
INSECTICID,2025-05-15,2025-05-16,2025-05-16,730.05,772.67,5.84,TARGET_HIT,1,68.19,5.53,Insecticides (India) Limited
INSECTICID,2026-05-19,2026-05-20,2026-06-01,760.85,719.3,-5.46,STOP_LOSS,9,60.36,3.0,Insecticides (India) Limited
INTENTECH,2026-01-28,2026-01-29,2026-01-29,117.47,111.01,-5.5,STOP_LOSS,1,94.97,7.54,Intense Technologies Limited
INTENTECH,2026-01-29,2026-01-30,2026-02-02,117.97,111.48,-5.5,STOP_LOSS,2,91.59,18.65,Intense Technologies Limited
INTENTECH,2026-05-08,2026-05-11,2026-05-11,107.0,104.25,-2.57,STOP_LOSS,1,62.15,9.84,Intense Technologies Limited
INTLCONV,2025-05-19,2025-05-20,2025-05-21,84.9,82.5,-2.83,STOP_LOSS,2,62.57,3.76,International Conveyors Limited
INTLCONV,2025-06-09,2025-06-10,2025-06-25,85.5,93.41,9.25,TIME_EXIT,12,63.16,2.72,International Conveyors Limited
IONEXCHANG,2025-06-04,2025-06-05,2025-06-05,559.55,544.55,-2.68,STOP_LOSS,1,61.39,2.66,ION Exchange (India) Limited
IPCALAB,2026-01-06,2026-01-07,2026-01-22,1475.5,1485.6,0.68,TIME_EXIT,12,67.3,5.44,IPCA Laboratories Limited
IPCALAB,2026-01-09,2026-01-12,2026-01-12,1574.0,1521.3,-3.35,STOP_LOSS,1,63.97,3.06,IPCA Laboratories Limited
IPCALAB,2026-03-25,2026-03-27,2026-04-01,1594.7,1527.0,-4.25,STOP_LOSS,4,81.74,3.86,IPCA Laboratories Limited
IPCALAB,2026-03-25,2026-03-27,2026-04-01,1594.7,1527.0,-4.25,STOP_LOSS,4,81.74,2.93,IPCA Laboratories Limited
IREDA,2026-05-29,2026-06-01,2026-06-01,132.58,129.57,-2.27,STOP_LOSS,1,60.01,11.96,Indian Renewable Energy Development Agency Limited
IRIS,2025-11-07,2025-11-10,2025-11-10,385.85,364.63,-5.5,STOP_LOSS,1,69.32,2.64,IRIS RegTech Solutions Limited
IRISDOREME,2026-08-10,2026-08-11,2026-08-24,56.93,54.41,-4.43,STOP_LOSS,10,68.36,13.84,Iris Clothings Limited
IVALUE,2026-04-17,2026-04-20,2026-04-24,269.02,255.91,-4.87,STOP_LOSS,5,60.44,2.96,Ivalue Infosolutions Limited
IVALUE,2026-05-26,2026-05-27,2026-05-27,250.95,245.0,-2.37,STOP_LOSS,1,87.5,3.55,Ivalue Infosolutions Limited
IXIGO,2025-07-14,2025-07-15,2025-07-17,177.03,192.8,8.91,TARGET_HIT,3,80.09,6.17,Le Travenues Technology Limited
JAGRAN,2025-05-27,2025-05-28,2025-05-30,80.45,79.05,-1.74,STOP_LOSS,3,67.93,4.14,Jagran Prakashan Limited
JAGRAN,2025-05-28,2025-05-29,2025-05-30,83.3,80.42,-3.46,STOP_LOSS,2,62.82,3.4,Jagran Prakashan Limited
JAIBALAJI,2026-08-31,2026-09-01,2026-09-07,72.57,68.75,-5.26,STOP_LOSS,5,70.93,5.0,Jai Balaji Industries Limited
JINDALPHOT,2026-07-13,2026-07-14,2026-07-16,1189.5,1144.1,-3.82,STOP_LOSS,3,73.67,9.67,Jindal Photo Limited
JKCEMENT,2025-04-24,2025-04-25,2025-04-28,5262.0,5106.3,-2.96,STOP_LOSS,2,63.88,3.14,JK Cement Limited
JKLAKSHMI,2025-07-22,2025-07-23,2025-07-23,1012.9,995.5,-1.72,STOP_LOSS,1,63.78,3.98,JK Lakshmi Cement Limited
JKLAKSHMI,2026-05-13,2026-05-14,2026-05-18,674.0,642.85,-4.62,STOP_LOSS,3,80.12,10.24,JK Lakshmi Cement Limited
JKPAPER,2025-06-11,2025-06-12,2025-06-12,386.0,373.65,-3.2,STOP_LOSS,1,62.58,3.67,JK Paper Limited
JLHL,2024-12-18,2024-12-19,2024-12-26,1555.35,1532.02,-1.5,STOP_LOSS,6,72.64,2.9,Jupiter Life Line Hospitals Limited
JLHL,2025-07-07,2025-07-08,2025-07-10,1533.0,1503.0,-1.96,STOP_LOSS,3,84.32,2.84,Jupiter Life Line Hospitals Limited
JLHL,2025-09-24,2025-09-25,2025-10-13,1527.0,1547.5,1.34,TIME_EXIT,12,85.05,13.74,Jupiter Life Line Hospitals Limited
JLHL,2026-06-30,2026-07-01,2026-07-16,1425.6,1526.35,7.07,TARGET_HIT,12,73.72,4.56,Jupiter Life Line Hospitals Limited
JLHL,2026-07-15,2026-07-16,2026-07-24,1528.0,1483.5,-2.91,STOP_LOSS,7,79.94,2.87,Jupiter Life Line Hospitals Limited
JPOLYINVST,2026-07-13,2026-07-14,2026-07-22,1116.0,1062.5,-4.79,STOP_LOSS,7,85.03,11.37,Jindal Poly Investment and Finance Company Limited
JSL,2026-08-05,2026-08-06,2026-08-11,746.0,729.4,-2.23,STOP_LOSS,4,60.24,3.4,Jindal Stainless Limited
JSLL,2026-05-05,2026-05-06,2026-05-13,757.35,715.7,-5.5,STOP_LOSS,6,60.87,5.98,Jeena Sikho Lifecare Limited
JSWCEMENT,2026-02-26,2026-02-27,2026-02-27,128.75,124.3,-3.46,STOP_LOSS,1,75.76,8.88,JSW Cement Limited
JSWHL,2025-03-18,2025-03-19,2025-03-19,21399.0,20400.05,-4.67,STOP_LOSS,1,68.83,3.03,JSW Holdings Limited
JSWHL,2025-03-21,2025-03-24,2025-03-26,23159.0,21885.26,-5.5,STOP_LOSS,3,86.25,10.62,JSW Holdings Limited
JSWHL,2026-08-31,2026-09-01,2026-09-04,12027.0,11365.52,-5.5,STOP_LOSS,4,61.65,5.27,JSW Holdings Limited
JSWINFRA,2025-09-19,2025-09-22,2025-09-26,335.8,328.35,-2.22,STOP_LOSS,5,65.41,5.87,JSW Infrastructure Limited
JSWINFRA,2026-05-07,2026-05-08,2026-05-12,282.45,273.5,-3.17,STOP_LOSS,3,76.19,4.78,JSW Infrastructure Limited
JSWSTEEL,2025-08-18,2025-08-19,2025-08-25,1080.0,1050.0,-2.78,STOP_LOSS,5,64.78,2.51,JSW Steel Limited
JTEKTINDIA,2025-06-25,2025-06-26,2025-07-11,144.5,142.03,-1.71,TIME_EXIT,12,77.0,68.34,Jtekt India Limited
JUBLCPL,2025-07-17,2025-07-18,2025-07-23,1860.0,2115.75,13.75,TARGET_HIT,4,62.24,5.75,Jubilant Agri and Consumer Products Limited
JYOTICNC,2024-12-03,2024-12-04,2024-12-13,1330.0,1256.85,-5.5,STOP_LOSS,8,60.13,4.43,Jyoti CNC Automation Limited
KAJARIACER,2025-06-24,2025-06-25,2025-07-10,1105.0,1195.4,8.18,TIME_EXIT,12,60.13,2.61,Kajaria Ceramics Limited
KAJARIACER,2025-07-17,2025-07-18,2025-07-24,1234.0,1188.1,-3.72,STOP_LOSS,5,72.48,2.84,Kajaria Ceramics Limited
KAJARIACER,2026-07-13,2026-07-14,2026-07-23,1243.6,1204.0,-3.18,STOP_LOSS,8,60.15,3.33,Kajaria Ceramics Limited
KALYANKJIL,2024-12-30,2024-12-31,2025-01-08,741.0,715.0,-3.51,STOP_LOSS,7,64.86,5.87,Kalyan Jewellers India Limited
KAMAHOLD,2026-05-26,2026-05-27,2026-06-02,2658.9,2581.8,-2.9,STOP_LOSS,5,77.57,5.07,Kama Holdings Limited
KAMATHOTEL,2024-12-06,2024-12-09,2024-12-09,220.5,228.77,3.75,TARGET_HIT,1,61.32,3.1,Kamat Hotels (I) Limited
KAMATHOTEL,2024-12-09,2024-12-10,2024-12-24,231.02,236.01,2.16,TIME_EXIT,12,60.24,3.69,Kamat Hotels (I) Limited
KAMDHENU,2025-01-02,2025-01-03,2025-01-06,519.95,499.0,-4.03,STOP_LOSS,2,72.03,5.33,Kamdhenu Limited
KANPRPLA,2026-04-27,2026-04-28,2026-04-30,207.6,201.13,-3.12,STOP_LOSS,3,91.45,13.53,Kanpur Plastipack Limited
KANSAINER,2025-04-22,2025-04-23,2025-04-25,269.8,262.06,-2.87,STOP_LOSS,3,69.13,2.86,Kansai Nerolac Paints Limited
KAYA,2026-08-11,2026-08-12,2026-08-17,289.2,328.96,13.75,TARGET_HIT,4,70.05,3.74,Kaya Limited
KEI,2025-08-19,2025-08-20,2025-08-26,3950.0,3878.0,-1.82,STOP_LOSS,5,63.46,3.49,KEI Industries Limited
KEI,2026-06-29,2026-06-30,2026-07-07,5390.0,5155.0,-4.36,STOP_LOSS,6,61.01,6.34,KEI Industries Limited
KENNAMET,2026-08-19,2026-08-20,2026-08-21,3634.2,3965.7,9.12,TARGET_HIT,2,63.54,3.28,Kennametal India Limited
KESORAMIND,2024-12-13,2024-12-16,2024-12-18,232.48,225.9,-2.83,STOP_LOSS,3,60.54,2.51,Kesoram Industries Limited
KHADIM,2024-10-16,2024-10-17,2024-10-18,415.9,393.03,-5.5,STOP_LOSS,2,62.26,5.86,Khadim India Limited
KHADIM,2026-06-15,2026-06-16,2026-06-17,106.57,108.41,1.73,TIME_EXIT,2,70.25,3.18,Khadim India Limited
KICL,2025-05-15,2025-05-16,2025-06-02,4900.0,5054.5,3.15,TIME_EXIT,12,70.56,3.26,Kalyani Investment Company Limited
KICL,2026-06-15,2026-06-16,2026-07-01,5198.0,5271.0,1.4,TIME_EXIT,12,85.31,7.16,Kalyani Investment Company Limited
KICL,2026-06-22,2026-06-23,2026-06-29,5399.0,5230.5,-3.12,STOP_LOSS,5,78.08,3.05,Kalyani Investment Company Limited
KIMS,2025-04-23,2025-04-24,2025-04-24,689.0,678.66,-1.5,STOP_LOSS,1,60.48,3.57,Krishna Institute of Medical Sciences Limited
KIMS,2026-07-30,2026-07-31,2026-08-04,812.7,787.0,-3.16,STOP_LOSS,3,72.39,2.95,Krishna Institute of Medical Sciences Limited
KINGFA,2026-05-08,2026-05-11,2026-05-13,5425.0,5126.62,-5.5,STOP_LOSS,3,65.42,5.25,Kingfa Science & Technology (India) Limited
KINGFA,2026-05-26,2026-05-27,2026-06-01,5566.1,5259.96,-5.5,STOP_LOSS,4,61.06,4.98,Kingfa Science & Technology (India) Limited
KIRLOSENG,2026-01-02,2026-01-05,2026-01-07,1260.0,1215.2,-3.56,STOP_LOSS,3,64.24,3.1,Kirloskar Oil Engines Limited
KIRLOSENG,2026-04-21,2026-04-22,2026-04-23,1655.0,1630.1,-1.5,STOP_LOSS,2,74.37,2.53,Kirloskar Oil Engines Limited
KIRLPNU,2024-11-25,2024-11-26,2024-11-27,1613.1,1673.59,3.75,TARGET_HIT,2,72.11,4.5,Kirloskar Pneumatic Company Limited
KIRLPNU,2024-12-11,2024-12-12,2024-12-13,1799.0,1702.0,-5.39,STOP_LOSS,2,74.51,2.96,Kirloskar Pneumatic Company Limited
KIRLPNU,2025-04-21,2025-04-22,2025-04-24,1215.0,1321.25,8.74,TARGET_HIT,3,66.63,3.89,Kirloskar Pneumatic Company Limited
KIRLPNU,2026-01-27,2026-01-28,2026-02-12,1109.1,1157.0,4.32,TIME_EXIT,12,70.13,3.9,Kirloskar Pneumatic Company Limited
KIRLPNU,2026-01-28,2026-01-29,2026-02-09,1129.0,1212.5,7.4,TARGET_HIT,8,75.24,3.66,Kirloskar Pneumatic Company Limited
KIRLPNU,2026-04-17,2026-04-20,2026-04-20,1267.0,1332.25,5.15,TARGET_HIT,1,60.28,4.06,Kirloskar Pneumatic Company Limited
KKCL,2025-06-20,2025-06-23,2025-07-01,493.25,529.5,7.35,TARGET_HIT,7,86.08,2.54,Kewal Kiran Clothing Limited
KKCL,2026-05-06,2026-05-07,2026-05-11,506.0,478.17,-5.5,STOP_LOSS,3,63.64,7.86,Kewal Kiran Clothing Limited
KKCL,2026-07-03,2026-07-06,2026-07-08,512.1,494.0,-3.53,STOP_LOSS,3,74.76,12.47,Kewal Kiran Clothing Limited
KKCL,2026-08-05,2026-08-06,2026-08-06,544.0,535.55,-1.55,STOP_LOSS,1,60.65,8.26,Kewal Kiran Clothing Limited
KKCL,2026-08-24,2026-08-25,2026-08-27,523.0,505.5,-3.35,STOP_LOSS,3,72.23,2.9,Kewal Kiran Clothing Limited
KMEW,2025-06-24,2025-06-25,2025-06-27,1713.0,1655.0,-3.39,STOP_LOSS,3,70.13,20.52,Knowledge Marine & Engineering Works Limited
KOTAKBANK,2025-02-13,2025-02-14,2025-02-14,1974.0,1944.39,-1.5,STOP_LOSS,1,73.5,3.96,Kotak Mahindra Bank Limited
KOTAKBANK,2025-03-21,2025-03-24,2025-04-07,2100.0,2035.0,-3.1,STOP_LOSS,10,82.73,5.1,Kotak Mahindra Bank Limited
KOTAKBANK,2026-08-27,2026-08-28,2026-09-09,424.6,415.0,-2.26,STOP_LOSS,9,67.78,3.38,Kotak Mahindra Bank Limited
KOTHARIPET,2025-04-24,2025-04-25,2025-04-25,172.0,162.54,-5.5,STOP_LOSS,1,60.37,3.09,Kothari Petrochemicals Limited
KOTYARK,2026-04-23,2026-04-24,2026-05-11,409.95,410.35,0.1,TIME_EXIT,12,61.35,2.75,Kotyark Industries Limited
KOTYARK,2026-04-24,2026-04-27,2026-04-28,417.75,405.2,-3.0,STOP_LOSS,2,60.94,3.98,Kotyark Industries Limited
KOVAI,2026-08-10,2026-08-11,2026-08-11,6194.5,5950.0,-3.95,STOP_LOSS,1,61.47,4.76,Kovai Medical Center & Hospital Limited
KPIGREEN,2025-01-02,2025-01-03,2025-01-03,579.0,570.32,-1.5,STOP_LOSS,1,68.06,2.75,KPI Green Energy Limited
KPIL,2025-05-30,2025-06-02,2025-06-17,1145.9,1203.6,5.04,TIME_EXIT,12,74.31,2.51,Kalpataru Projects International Limited
KPIL,2025-10-16,2025-10-17,2025-10-17,1284.0,1254.0,-2.34,STOP_LOSS,1,72.0,2.77,Kalpataru Projects International Limited
KPIL,2026-05-07,2026-05-08,2026-05-08,1304.8,1276.4,-2.18,STOP_LOSS,1,76.36,3.21,Kalpataru Projects International Limited
KPRMILL,2025-04-16,2025-04-17,2025-04-25,1039.9,1011.7,-2.71,STOP_LOSS,6,78.27,9.39,K.P.R. Mill Limited
KRISHANA,2025-04-15,2025-04-16,2025-04-29,253.95,284.85,12.17,TARGET_HIT,9,62.03,3.75,Krishana Phoschem Limited
KRISHANA,2025-05-05,2025-05-06,2025-05-06,299.8,293.95,-1.95,STOP_LOSS,1,70.22,2.91,Krishana Phoschem Limited
KRN,2026-08-17,2026-08-18,2026-08-19,1517.7,1469.0,-3.21,STOP_LOSS,2,60.34,3.18,KRN Heat Exchanger and Refrigeration Limited
KRSNAA,2026-09-09,2026-09-10,2026-09-15,560.05,542.55,-3.12,STOP_LOSS,4,76.36,2.69,Krsnaa Diagnostics Limited
KSB,2026-04-15,2026-04-16,2026-04-30,955.95,978.6,2.37,TIME_EXIT,12,67.04,5.64,Ksb Limited
LALPATHLAB,2026-07-06,2026-07-07,2026-07-22,1695.0,1699.0,0.24,TIME_EXIT,12,77.82,3.08,Dr. Lal Path Labs Ltd.
LANDMARK,2026-07-02,2026-07-03,2026-07-08,436.45,422.75,-3.14,STOP_LOSS,4,79.57,3.06,Landmark Cars Limited
LAURUSLABS,2026-06-29,2026-06-30,2026-07-08,1500.3,1450.0,-3.35,STOP_LOSS,7,69.64,8.18,Laurus Labs Limited
LAXMIDENTL,2026-04-27,2026-04-28,2026-04-28,192.48,201.65,4.77,TARGET_HIT,1,70.22,7.11,Laxmi Dental Limited
LENSKART,2026-08-31,2026-09-01,2026-09-16,664.0,675.85,1.78,TIME_EXIT,12,61.77,13.05,Lenskart Solutions Limited
LGBBROSLTD,2026-01-07,2026-01-08,2026-01-09,1860.0,1812.6,-2.55,STOP_LOSS,2,66.2,4.07,LG Balakrishnan & Bros Limited
LICHSGFIN,2025-07-15,2025-07-16,2025-07-25,619.45,608.5,-1.77,STOP_LOSS,8,70.64,3.21,LIC Housing Finance Limited
LICI,2025-11-03,2025-11-04,2025-11-06,925.0,894.7,-3.28,STOP_LOSS,3,63.64,4.11,Life Insurance Corporation Of India
LIKHITHA,2026-08-11,2026-08-12,2026-08-12,247.39,233.78,-5.5,STOP_LOSS,1,61.87,3.68,Likhitha Infrastructure Limited
LINC,2026-06-24,2026-06-25,2026-06-30,119.5,112.93,-5.5,STOP_LOSS,4,65.89,2.88,Linc Limited
LLOYDSENT,2026-04-28,2026-04-29,2026-04-29,71.99,69.06,-4.07,STOP_LOSS,1,79.21,3.81,Lloyds Enterprises Limited
LLOYDSME,2026-05-25,2026-05-26,2026-06-08,1810.0,1747.6,-3.45,STOP_LOSS,10,62.87,2.67,Lloyds Metals And Energy Limited
LLOYDSME,2026-06-29,2026-06-30,2026-07-08,1820.0,1720.6,-5.46,STOP_LOSS,7,66.66,3.6,Lloyds Metals And Energy Limited
LMW,2025-05-12,2025-05-13,2025-05-28,17150.0,17524.0,2.18,TIME_EXIT,12,71.53,3.01,LMW Limited
LMW,2025-10-23,2025-10-24,2025-10-24,15845.0,15408.0,-2.76,STOP_LOSS,1,66.58,3.34,LMW Limited
LMW,2025-10-27,2025-10-28,2025-11-12,15800.0,15562.0,-1.51,TIME_EXIT,12,62.12,3.65,LMW Limited
LMW,2026-07-10,2026-07-13,2026-07-24,16134.0,15804.0,-2.05,STOP_LOSS,10,69.62,4.49,LMW Limited
LODHA,2025-06-20,2025-06-23,2025-06-26,1477.8,1428.0,-3.37,STOP_LOSS,4,72.19,5.24,Lodha Developers Limited
LOKESHMACH,2026-03-05,2026-03-06,2026-03-09,200.0,227.5,13.75,TARGET_HIT,2,60.0,2.8,Lokesh Machines Limited
LORDSCHLO,2024-12-09,2024-12-10,2024-12-24,163.1,164.45,0.83,TIME_EXIT,12,83.12,5.11,Lords Chloro Alkali Limited
LORDSCHLO,2025-07-21,2025-07-22,2025-10-29,228.57,216.0,-5.5,STOP_LOSS,6,84.11,17.06,Lords Chloro Alkali Limited
LORDSCHLO,2026-07-27,2026-07-28,2026-07-28,169.0,159.71,-5.5,STOP_LOSS,1,67.28,8.78,Lords Chloro Alkali Limited
LOTUSDEV,2026-05-06,2026-05-07,2026-05-13,144.96,138.11,-4.73,STOP_LOSS,5,67.69,3.35,Sri Lotus Developers and Realty Limited
LOTUSEYE,2026-06-15,2026-06-16,2026-06-17,140.39,132.67,-5.5,STOP_LOSS,2,60.29,5.02,Lotus Eye Hospital and Institute Limited
LTF,2025-05-15,2025-05-16,2025-05-19,178.58,173.37,-2.92,STOP_LOSS,2,64.82,3.51,L&T Finance Limited
LTF,2025-08-26,2025-08-28,2025-08-28,219.3,215.75,-1.62,STOP_LOSS,1,70.27,4.36,L&T Finance Limited
LTF,2025-12-30,2025-12-31,2026-01-01,304.4,319.27,4.89,TARGET_HIT,2,71.89,10.25,L&T Finance Limited
LTTS,2026-08-31,2026-09-01,2026-09-02,3630.0,3490.5,-3.84,STOP_LOSS,2,62.01,15.01,L&T Technology Services Limited
LUMAXIND,2025-03-20,2025-03-21,2025-04-07,2389.0,2257.6,-5.5,STOP_LOSS,11,62.76,2.58,Lumax Industries Limited
LUMAXTECH,2025-07-17,2025-07-18,2025-07-21,1153.1,1130.0,-2.0,STOP_LOSS,2,71.97,4.48,Lumax Auto Technologies Limited
LUPIN,2026-01-06,2026-01-07,2026-01-22,2161.0,2163.2,0.1,TIME_EXIT,12,69.96,3.14,Lupin Limited
M&M,2025-06-20,2025-06-23,2025-07-08,3163.6,3157.9,-0.18,TIME_EXIT,12,69.12,5.51,Mahindra & Mahindra Limited
M&M,2025-08-18,2025-08-19,2025-08-20,3400.0,3335.3,-1.9,STOP_LOSS,2,63.92,2.53,Mahindra & Mahindra Limited
MAANALU,2025-10-28,2025-10-29,2025-10-31,150.4,144.0,-4.26,STOP_LOSS,3,60.67,3.36,Maan Aluminium Limited
MACPOWER,2024-12-30,2024-12-31,2025-01-06,1537.35,1452.8,-5.5,STOP_LOSS,5,87.16,4.61,Macpower CNC Machines Limited
MAGNUM,2024-11-08,2024-11-11,2024-11-14,52.01,49.15,-5.5,STOP_LOSS,4,74.15,7.82,Magnum Ventures Limited
MAGNUM,2024-11-12,2024-11-13,2024-11-13,53.5,50.56,-5.5,STOP_LOSS,1,70.94,6.28,Magnum Ventures Limited
MAHEPC,2025-07-16,2025-07-17,2025-07-21,156.7,148.08,-5.5,STOP_LOSS,3,64.52,7.16,Mahindra EPC Irrigation Limited
MAHEPC,2025-08-14,2025-08-18,2025-08-20,150.54,169.09,12.32,TARGET_HIT,3,65.75,3.26,Mahindra EPC Irrigation Limited
MAHLIFE,2025-06-06,2025-06-09,2025-06-24,345.0,361.25,4.71,TIME_EXIT,12,69.06,4.16,Mahindra Lifespace Developers Limited
MAHLIFE,2026-07-10,2026-07-13,2026-07-20,378.9,369.0,-2.61,STOP_LOSS,6,91.63,13.48,Mahindra Lifespace Developers Limited
MAHLOG,2025-06-10,2025-06-11,2025-06-13,354.0,334.53,-5.5,STOP_LOSS,3,62.69,3.02,Mahindra Logistics Limited
MAHSCOOTER,2025-05-15,2025-05-16,2025-05-26,12448.0,14159.6,13.75,TARGET_HIT,7,65.97,8.23,Maharashtra Scooters Limited
MAHSCOOTER,2025-05-16,2025-05-19,2025-05-26,12700.0,13952.5,9.86,TARGET_HIT,6,63.47,3.18,Maharashtra Scooters Limited
MAJESAUT,2026-08-03,2026-08-04,2026-08-06,485.0,495.45,2.15,TIME_EXIT,3,63.34,5.37,Majestic Auto Limited
MANAKCOAT,2024-12-05,2024-12-06,2024-12-11,93.8,106.7,13.75,TARGET_HIT,4,79.25,3.25,Manaksia Coated Metals & Industries Limited
MANAKSTEEL,2026-08-06,2026-08-07,2026-08-07,88.84,83.95,-5.5,STOP_LOSS,1,73.56,6.27,Manaksia Steels Limited
MANAKSTEEL,2026-08-28,2026-08-31,2026-09-03,99.52,113.2,13.75,TARGET_HIT,4,87.09,7.27,Manaksia Steels Limited
MANAKSTEEL,2026-09-01,2026-09-02,2026-09-04,104.0,107.3,3.17,TIME_EXIT,3,60.79,16.02,Manaksia Steels Limited
MANAKSTEEL,2026-09-02,2026-09-03,2026-09-04,112.0,107.3,-4.2,TIME_EXIT,2,72.29,2.74,Manaksia Steels Limited
MANALIPETC,2025-03-05,2025-03-06,2025-03-17,61.9,59.89,-3.25,STOP_LOSS,7,80.31,7.32,Manali Petrochemicals Limited
MANALIPETC,2025-06-11,2025-06-12,2025-06-12,59.0,61.55,4.32,TARGET_HIT,1,67.79,3.31,Manali Petrochemicals Limited
MANBA,2026-06-11,2026-06-12,2026-06-29,121.0,131.86,8.98,TIME_EXIT,12,74.31,6.04,Manba Finance Limited
MANBA,2026-06-12,2026-06-15,2026-06-15,125.01,121.0,-3.21,STOP_LOSS,1,73.25,3.51,Manba Finance Limited
MANBA,2026-07-21,2026-07-22,2026-07-28,144.97,137.0,-5.5,STOP_LOSS,5,83.65,11.13,Manba Finance Limited
MANGLMCEM,2024-12-16,2024-12-17,2024-12-19,950.75,918.55,-3.39,STOP_LOSS,3,69.78,2.98,Mangalam Cement Limited
MANGLMCEM,2025-10-23,2025-10-24,2025-10-30,790.0,773.0,-2.15,STOP_LOSS,5,61.25,6.66,Mangalam Cement Limited
MANGLMCEM,2026-02-16,2026-02-17,2026-02-26,818.0,930.48,13.75,TARGET_HIT,8,76.74,3.97,Mangalam Cement Limited
MANORAMA,2024-10-23,2024-10-24,2024-10-24,1022.8,966.55,-5.5,STOP_LOSS,1,65.08,2.92,Manorama Industries Limited
MANORAMA,2024-10-24,2024-10-25,2024-10-25,970.0,929.45,-4.18,STOP_LOSS,1,64.38,5.81,Manorama Industries Limited
MANORG,2025-05-15,2025-05-16,2025-09-19,572.45,551.8,-3.61,TIME_EXIT,12,61.66,7.26,Mangalam Organics Limited
MANYAVAR,2024-10-16,2024-10-17,2024-10-17,1360.0,1320.4,-2.91,STOP_LOSS,1,92.42,7.83,Vedant Fashions Limited
MARATHON,2024-12-20,2024-12-23,2024-12-23,613.0,603.8,-1.5,STOP_LOSS,1,64.87,2.71,Marathon Nextgen Realty Limited
MARATHON,2025-04-21,2025-04-22,2025-04-23,556.0,540.0,-2.88,STOP_LOSS,2,63.23,2.57,Marathon Nextgen Realty Limited
MARATHON,2025-05-12,2025-05-13,2025-05-26,517.3,490.0,-5.28,STOP_LOSS,10,77.7,3.15,Marathon Nextgen Realty Limited
MARATHON,2025-06-02,2025-06-03,2025-06-09,522.0,593.78,13.75,TARGET_HIT,5,73.41,4.1,Marathon Nextgen Realty Limited
MARATHON,2025-06-04,2025-06-05,2025-06-20,547.4,590.55,7.88,TIME_EXIT,12,69.82,3.85,Marathon Nextgen Realty Limited
MARATHON,2025-06-20,2025-06-23,2025-07-04,590.0,671.12,13.75,TARGET_HIT,10,61.1,4.17,Marathon Nextgen Realty Limited
MARATHON,2025-06-23,2025-06-24,2025-07-08,636.0,723.45,13.75,TARGET_HIT,11,60.47,5.04,Marathon Nextgen Realty Limited
MARATHON,2025-07-07,2025-07-08,2025-07-23,695.0,716.4,3.08,TIME_EXIT,12,66.97,3.64,Marathon Nextgen Realty Limited
MARATHON,2026-05-07,2026-05-08,2026-05-11,518.0,500.0,-3.47,STOP_LOSS,2,63.48,2.63,Marathon Nextgen Realty Limited
MARICO,2025-04-11,2025-04-15,2025-05-02,716.0,697.75,-2.55,TIME_EXIT,12,69.03,2.66,Marico Limited
MARICO,2026-06-29,2026-06-30,2026-07-15,840.0,844.45,0.53,TIME_EXIT,12,76.8,4.66,Marico Limited
MARUTI,2025-02-03,2025-02-04,2025-02-10,13250.0,12921.65,-2.48,STOP_LOSS,5,61.24,2.5,Maruti Suzuki India Limited
MASFIN,2025-05-07,2025-05-08,2025-05-23,268.0,289.0,7.84,TIME_EXIT,12,89.72,6.17,MAS Financial Services Limited
MASFIN,2025-06-09,2025-06-10,2025-06-12,303.9,295.8,-2.67,STOP_LOSS,3,60.44,4.2,MAS Financial Services Limited
MASFIN,2026-01-02,2026-01-05,2026-01-05,327.45,318.0,-2.89,STOP_LOSS,1,91.07,8.22,MAS Financial Services Limited
MASTERTR,2025-04-21,2025-04-22,2025-04-25,143.07,135.2,-5.5,STOP_LOSS,4,63.41,2.77,Master Trust Limited
MATRIMONY,2024-11-05,2024-11-06,2024-11-07,825.0,799.6,-3.08,STOP_LOSS,2,61.47,2.85,Matrimony.Com Limited
MATRIMONY,2026-08-06,2026-08-07,2026-08-11,448.05,503.18,12.3,TARGET_HIT,3,78.44,15.15,Matrimony.Com Limited
MATRIMONY,2026-08-07,2026-08-10,2026-08-11,480.0,546.0,13.75,TARGET_HIT,2,79.72,11.76,Matrimony.Com Limited
MAWANASUG,2026-03-27,2026-03-30,2026-04-06,86.8,98.74,13.75,TARGET_HIT,6,63.41,8.76,Mawana Sugars Limited
MAXESTATES,2025-07-10,2025-07-11,2025-07-18,506.95,535.57,5.65,TARGET_HIT,6,62.4,6.32,Max Estates Limited
MAXESTATES,2026-07-10,2026-07-13,2026-07-13,449.0,439.5,-2.12,STOP_LOSS,1,90.04,12.22,Max Estates Limited
MAXHEALTH,2025-06-27,2025-06-30,2025-07-02,1284.5,1255.1,-2.29,STOP_LOSS,3,80.99,6.0,Max Healthcare Institute Limited
MAXIND,2024-10-16,2024-10-17,2024-10-22,268.7,255.9,-4.76,STOP_LOSS,4,79.97,3.36,Max India Limited
MAZDA,2026-06-01,2026-06-02,2026-06-05,232.9,223.52,-4.03,STOP_LOSS,4,60.77,2.56,Mazda Limited
MBAPL,2025-02-20,2025-02-21,2025-02-24,313.2,295.97,-5.5,STOP_LOSS,2,63.88,4.0,Madhya Bharat Agro Products Limited
MEDANTA,2026-05-04,2026-05-05,2026-05-20,1169.5,1240.1,6.04,TIME_EXIT,12,68.51,3.02,Global Health Limited
MEDANTA,2026-06-16,2026-06-17,2026-06-23,1241.9,1311.65,5.62,TARGET_HIT,5,70.07,3.13,Global Health Limited
MEDANTA,2026-07-23,2026-07-24,2026-07-31,1379.0,1350.7,-2.05,STOP_LOSS,6,62.16,7.11,Global Health Limited
MEDIASSIST,2025-05-19,2025-05-20,2025-06-04,481.0,496.8,3.28,TIME_EXIT,12,85.93,5.05,Medi Assist Healthcare Services Limited
MEDIASSIST,2025-06-30,2025-07-01,2025-07-16,536.05,560.85,4.63,TIME_EXIT,12,66.64,6.37,Medi Assist Healthcare Services Limited
MEDIASSIST,2025-07-09,2025-07-10,2025-07-17,569.4,553.5,-2.79,STOP_LOSS,6,72.35,3.78,Medi Assist Healthcare Services Limited
MEDICO,2025-12-23,2025-12-24,2025-12-26,56.0,52.92,-5.5,STOP_LOSS,3,71.12,7.36,Medico Remedies Limited
MEGASTAR,2026-05-08,2026-05-11,2026-05-25,310.9,293.8,-5.5,STOP_LOSS,11,65.56,6.57,Megastar Foods Limited
MEGASTAR,2026-05-19,2026-05-20,2026-05-21,319.0,305.05,-4.37,STOP_LOSS,2,69.55,2.76,Megastar Foods Limited
METROBRAND,2024-12-18,2024-12-19,2024-12-19,1263.7,1311.09,3.75,TARGET_HIT,1,66.79,2.88,Metro Brands Limited
METROPOLIS,2025-06-09,2025-06-10,2025-06-25,1727.7,1708.2,-1.13,TIME_EXIT,12,82.62,4.81,Metropolis Healthcare Limited
METROPOLIS,2025-09-03,2025-09-04,2025-09-08,2219.0,2153.9,-2.93,STOP_LOSS,3,65.09,4.48,Metropolis Healthcare Limited
MFSL,2025-04-21,2025-04-22,2025-05-08,1243.9,1271.2,2.19,TIME_EXIT,12,81.43,3.63,Max Financial Services Limited
MFSL,2025-05-19,2025-05-20,2025-05-28,1396.6,1497.85,7.25,TARGET_HIT,7,78.88,2.87,Max Financial Services Limited
MFSL,2025-05-22,2025-05-23,2025-05-28,1414.0,1496.75,5.85,TARGET_HIT,4,83.83,3.35,Max Financial Services Limited
MFSL,2025-05-23,2025-05-26,2025-06-10,1474.1,1522.9,3.31,TIME_EXIT,12,74.34,4.17,Max Financial Services Limited
MHLXMIRU,2025-05-12,2025-05-13,2025-05-13,236.02,223.2,-5.43,STOP_LOSS,1,73.0,6.67,Mahalaxmi Rubtech Limited
MHRIL,2025-05-19,2025-05-20,2025-06-04,362.9,359.15,-1.03,TIME_EXIT,12,84.65,4.94,Mahindra Holidays & Resorts India Limited
MHRIL,2025-05-23,2025-05-26,2025-06-10,365.0,358.85,-1.68,TIME_EXIT,12,94.11,5.25,Mahindra Holidays & Resorts India Limited
MICEL,2025-05-14,2025-05-15,2025-05-19,61.5,59.5,-3.25,STOP_LOSS,3,66.28,4.95,MIC Electronics Limited
MMFL,2025-05-15,2025-05-16,2025-05-19,361.8,356.37,-1.5,STOP_LOSS,2,65.1,3.83,MM Forgings Limited
MMP,2026-05-04,2026-05-05,2026-05-05,267.43,304.2,13.75,TARGET_HIT,1,64.49,7.05,MMP Industries Limited
MMP,2026-08-04,2026-08-05,2026-08-06,305.0,339.75,11.39,TARGET_HIT,2,64.33,3.11,MMP Industries Limited
MODIS,2026-05-04,2026-05-05,2026-05-05,402.95,393.0,-2.47,STOP_LOSS,1,64.65,3.0,Modis Navnirman Limited
MODISONLTD,2026-05-25,2026-05-26,2026-05-29,250.01,284.39,13.75,TARGET_HIT,4,99.25,5.74,MODISON LIMITED
MOLDTKPAC,2025-05-23,2025-05-26,2025-06-04,638.95,680.08,6.44,TARGET_HIT,8,62.22,6.06,Mold-Tek Packaging Limited
MOLDTKPAC,2025-08-25,2025-08-26,2025-08-26,801.15,789.13,-1.5,STOP_LOSS,1,84.37,5.0,Mold-Tek Packaging Limited
MOLDTKPAC,2026-05-07,2026-05-08,2026-05-13,586.1,646.1,10.24,TARGET_HIT,4,66.56,4.26,Mold-Tek Packaging Limited
MONARCH,2026-06-12,2026-06-15,2026-06-30,342.9,336.75,-1.79,TIME_EXIT,12,64.15,3.43,Monarch Networth Capital Limited
MONARCH,2026-07-09,2026-07-10,2026-07-13,352.0,365.2,3.75,TARGET_HIT,2,69.09,2.58,Monarch Networth Capital Limited
MOTHERSON,2026-05-29,2026-06-01,2026-06-08,146.01,140.08,-4.06,STOP_LOSS,6,63.54,3.61,Samvardhana Motherson International Limited
MOTILALOFS,2025-06-04,2025-06-05,2025-06-06,817.35,848.0,3.75,TARGET_HIT,2,65.46,5.99,Motilal Oswal Financial Services Limited
MPHASIS,2026-08-28,2026-08-31,2026-08-31,2443.7,2407.04,-1.5,STOP_LOSS,1,66.22,4.27,MphasiS Limited
MRF,2026-08-31,2026-09-01,2026-09-02,134795.0,131040.0,-2.79,STOP_LOSS,2,65.08,4.95,MRF Limited
MSUMI,2025-07-07,2025-07-08,2025-07-18,62.5,59.83,-4.27,STOP_LOSS,9,77.62,4.08,Motherson Sumi Wiring India Limited
MUFIN,2024-12-06,2024-12-09,2024-12-09,126.95,122.12,-3.8,STOP_LOSS,1,72.55,2.6,Mufin Green Finance Limited
MUFIN,2025-12-12,2025-12-15,2025-12-30,111.9,115.42,3.15,TIME_EXIT,12,70.93,2.87,Mufin Green Finance Limited
MUNJALSHOW,2025-05-22,2025-05-23,2025-06-09,133.47,139.93,4.84,TIME_EXIT,12,67.67,4.65,Munjal Showa Limited
MUNJALSHOW,2025-05-23,2025-05-26,2025-06-10,137.0,138.75,1.28,TIME_EXIT,12,69.44,3.05,Munjal Showa Limited
MUTHOOTCAP,2025-07-09,2025-07-10,2025-07-10,335.65,359.9,7.22,TARGET_HIT,1,63.54,2.57,Muthoot Capital Services Limited
MUTHOOTFIN,2024-12-12,2024-12-13,2024-12-13,2124.95,2057.0,-3.2,STOP_LOSS,1,61.84,2.73,Muthoot Finance Limited
MUTHOOTFIN,2025-08-04,2025-08-05,2025-08-12,2670.0,2548.0,-4.57,STOP_LOSS,6,79.68,4.17,Muthoot Finance Limited
MUTHOOTFIN,2025-09-01,2025-09-02,2025-09-09,2732.6,2936.1,7.45,TARGET_HIT,6,72.95,2.82,Muthoot Finance Limited
MUTHOOTFIN,2025-12-30,2025-12-31,2026-01-14,3799.1,3938.1,3.66,TIME_EXIT,12,69.45,7.18,Muthoot Finance Limited
MWL,2025-12-26,2025-12-29,2026-01-13,280.11,277.9,-0.79,TIME_EXIT,12,62.9,3.14,Mangalam Worldwide Limited
MWL,2026-04-27,2026-04-28,2026-04-30,302.65,344.26,13.75,TARGET_HIT,3,71.15,4.05,Mangalam Worldwide Limited
MWL,2026-05-04,2026-05-05,2026-05-05,361.95,351.05,-3.01,STOP_LOSS,1,68.15,2.8,Mangalam Worldwide Limited
NAHARINDUS,2026-08-24,2026-08-25,2026-08-25,153.0,144.58,-5.5,STOP_LOSS,1,65.31,8.77,Nahar Industrial Enterprises Limited
NAHARSPING,2026-08-03,2026-08-04,2026-08-12,314.95,297.63,-5.5,STOP_LOSS,7,63.77,5.46,Nahar Spinning Mills Limited
NAHARSPING,2026-08-04,2026-08-05,2026-08-06,325.1,313.0,-3.72,STOP_LOSS,2,63.99,3.56,Nahar Spinning Mills Limited
NAM-INDIA,2024-12-04,2024-12-05,2024-12-10,708.9,778.4,9.8,TARGET_HIT,4,62.02,2.99,Nippon Life India Asset Management Limited
NAM-INDIA,2025-05-30,2025-06-02,2025-06-03,743.95,730.1,-1.86,STOP_LOSS,2,65.16,2.7,Nippon Life India Asset Management Limited
NAM-INDIA,2025-07-10,2025-07-11,2025-07-11,820.0,803.5,-2.01,STOP_LOSS,1,71.52,3.55,Nippon Life India Asset Management Limited
NAM-INDIA,2026-05-29,2026-06-01,2026-06-02,1100.0,1075.7,-2.21,STOP_LOSS,2,67.44,4.23,Nippon Life India Asset Management Limited
NATHBIOGEN,2025-05-14,2025-05-15,2025-05-15,174.0,185.2,6.44,TARGET_HIT,1,84.43,6.49,Nath Bio-Genes (India) Limited
NATHBIOGEN,2025-05-15,2025-05-16,2025-06-02,183.51,191.32,4.26,TIME_EXIT,12,69.47,2.92,Nath Bio-Genes (India) Limited
NATHBIOGEN,2025-06-11,2025-06-12,2025-06-27,206.5,206.36,-0.07,TIME_EXIT,12,62.61,5.49,Nath Bio-Genes (India) Limited
NATHBIOGEN,2025-07-04,2025-07-07,2025-07-08,217.05,232.18,6.97,TARGET_HIT,2,74.14,6.37,Nath Bio-Genes (India) Limited
NAVINFLUOR,2025-12-30,2025-12-31,2026-01-06,6136.0,5798.52,-5.5,STOP_LOSS,5,62.12,6.01,Navin Fluorine International Limited
NAVNETEDUL,2024-12-30,2024-12-31,2025-01-06,143.0,139.01,-2.79,STOP_LOSS,5,69.1,2.72,Navneet Education Limited
NAVNETEDUL,2025-04-23,2025-04-24,2025-04-30,144.6,140.61,-2.76,STOP_LOSS,5,66.17,2.92,Navneet Education Limited
NAVNETEDUL,2025-04-24,2025-04-25,2025-04-25,145.51,143.33,-1.5,STOP_LOSS,1,63.55,2.52,Navneet Education Limited
NAVNETEDUL,2025-10-27,2025-10-28,2025-11-04,162.0,158.5,-2.16,STOP_LOSS,6,64.02,2.73,Navneet Education Limited
NAVNETEDUL,2026-05-05,2026-05-06,2026-05-11,154.0,145.53,-5.5,STOP_LOSS,4,64.47,13.05,Navneet Education Limited
NAZARA,2025-04-08,2025-04-09,2025-04-09,971.0,952.0,-1.96,STOP_LOSS,1,66.41,2.96,Nazara Technologies Limited
NAZARA,2025-04-22,2025-04-23,2025-05-09,1010.0,1104.7,9.38,TIME_EXIT,12,66.72,5.88,Nazara Technologies Limited
NAZARA,2026-02-03,2026-02-04,2026-02-04,283.0,278.76,-1.5,STOP_LOSS,1,69.3,3.7,Nazara Technologies Limited
NBIFIN,2024-11-28,2024-11-29,2025-03-10,3285.0,3104.32,-5.5,STOP_LOSS,4,79.28,4.67,N. B. I. Industrial Finance Company Limited
NBIFIN,2026-07-22,2026-07-23,2026-08-05,2250.0,2126.25,-5.5,STOP_LOSS,10,98.0,6.01,N. B. I. Industrial Finance Company Limited
NBIFIN,2026-07-29,2026-07-30,2026-08-04,2214.9,2181.68,-1.5,STOP_LOSS,4,98.81,4.69,N. B. I. Industrial Finance Company Limited
NCLIND,2024-12-16,2024-12-17,2024-12-17,225.9,221.51,-1.94,STOP_LOSS,1,72.2,4.07,NCL Industries Limited
NELCAST,2025-05-15,2025-05-16,2025-05-19,129.98,122.83,-5.5,STOP_LOSS,2,66.11,7.06,Nelcast Limited
NELCAST,2025-05-23,2025-05-26,2025-05-27,141.99,134.18,-5.5,STOP_LOSS,2,61.77,3.05,Nelcast Limited
NELCAST,2025-07-21,2025-07-22,2025-08-01,154.09,173.99,12.91,TARGET_HIT,9,69.11,5.28,Nelcast Limited
NEOGEN,2026-06-02,2026-06-03,2026-06-18,1888.1,1929.5,2.19,TIME_EXIT,12,72.68,3.62,Neogen Chemicals Limited
NESCO,2025-08-18,2025-08-19,2025-09-04,1441.0,1455.7,1.02,TIME_EXIT,12,75.63,10.77,Nesco Limited
NESCO,2025-09-08,2025-09-09,2025-09-16,1570.0,1483.65,-5.5,STOP_LOSS,6,62.25,11.53,Nesco Limited
NESCO,2026-04-29,2026-04-30,2026-05-05,1224.9,1297.15,5.9,TARGET_HIT,4,79.92,2.54,Nesco Limited
NESTLEIND,2026-07-28,2026-07-29,2026-08-04,1499.0,1448.5,-3.37,STOP_LOSS,5,62.21,2.99,Nestle India Limited
NGLFINE,2026-02-04,2026-02-05,2026-02-05,2440.0,2305.8,-5.5,STOP_LOSS,1,82.03,8.29,NGL Fine-Chem Limited
NGLFINE,2026-05-05,2026-05-06,2026-05-08,2498.0,2360.61,-5.5,STOP_LOSS,3,61.38,3.78,NGL Fine-Chem Limited
NH,2024-12-03,2024-12-04,2024-12-04,1274.5,1323.0,3.81,TARGET_HIT,1,72.96,3.1,Narayana Hrudayalaya Ltd.
NH,2024-12-04,2024-12-05,2024-12-19,1316.5,1269.8,-3.55,STOP_LOSS,11,69.66,4.34,Narayana Hrudayalaya Ltd.
NIITMTS,2026-01-02,2026-01-05,2026-01-12,414.15,394.8,-4.67,STOP_LOSS,6,82.26,5.0,NIIT Learning Systems Limited
NILKAMAL,2025-01-02,2025-01-03,2025-01-06,1964.05,1915.0,-2.5,STOP_LOSS,2,66.46,5.32,Nilkamal Limited
NILKAMAL,2025-07-29,2025-07-30,2025-07-30,1727.0,1701.1,-1.5,STOP_LOSS,1,70.01,5.68,Nilkamal Limited
NILKAMAL,2026-02-10,2026-02-11,2026-02-12,1510.0,1453.6,-3.74,STOP_LOSS,2,63.33,4.89,Nilkamal Limited
NITCO,2025-03-28,2025-04-01,2025-04-07,121.05,114.74,-5.21,STOP_LOSS,5,90.59,5.41,Nitco Limited
NITCO,2025-04-22,2025-04-23,2025-05-09,127.0,120.02,-5.5,STOP_LOSS,12,82.84,25.23,Nitco Limited
NITCO,2025-04-23,2025-04-24,2025-05-07,131.0,123.8,-5.5,STOP_LOSS,9,74.55,2.72,Nitco Limited
NITCO,2025-04-24,2025-04-25,2025-04-30,135.98,128.5,-5.5,STOP_LOSS,4,70.18,3.89,Nitco Limited
NITCO,2025-05-14,2025-05-15,2025-05-30,130.02,137.28,5.58,TIME_EXIT,12,81.75,2.98,Nitco Limited
NITCO,2025-05-28,2025-05-29,2025-06-13,131.95,133.05,0.83,TIME_EXIT,12,77.99,3.91,Nitco Limited
NIVABUPA,2026-01-29,2026-01-30,2026-01-30,76.0,74.86,-1.5,STOP_LOSS,1,73.97,2.7,Niva Bupa Health Insurance Company Limited
NIVABUPA,2026-06-16,2026-06-17,2026-06-18,84.25,87.41,3.75,TARGET_HIT,2,73.6,7.39,Niva Bupa Health Insurance Company Limited
NIVABUPA,2026-07-13,2026-07-14,2026-07-22,88.75,85.6,-3.55,STOP_LOSS,7,68.49,9.67,Niva Bupa Health Insurance Company Limited
NOCIL,2025-06-27,2025-06-30,2025-07-14,199.0,188.14,-5.46,STOP_LOSS,11,62.42,2.96,NOCIL Limited
NRAIL,2025-05-28,2025-05-29,2025-05-29,284.2,273.0,-3.94,STOP_LOSS,1,60.74,3.25,N R Agarwal Industries Limited
NRAIL,2025-11-14,2025-11-17,2025-11-17,501.55,477.0,-4.89,STOP_LOSS,1,79.5,3.39,N R Agarwal Industries Limited
NRAIL,2025-12-22,2025-12-23,2025-12-26,498.0,470.61,-5.5,STOP_LOSS,4,76.03,6.8,N R Agarwal Industries Limited
NRAIL,2026-08-07,2026-08-10,2026-08-13,542.0,516.1,-4.78,STOP_LOSS,4,67.74,3.68,N R Agarwal Industries Limited
NRBBEARING,2026-05-07,2026-05-08,2026-05-08,309.0,346.62,12.18,TARGET_HIT,1,66.01,4.24,NRB Bearing Limited
NRL,2026-05-26,2026-05-27,2026-05-29,59.15,67.28,13.75,TARGET_HIT,3,81.82,16.55,Nupur Recyclers Limited
NRL,2026-05-29,2026-06-01,2026-06-02,69.0,65.2,-5.5,STOP_LOSS,2,82.65,4.18,Nupur Recyclers Limited
NTPC,2025-03-19,2025-03-20,2025-03-24,344.7,365.57,6.06,TARGET_HIT,3,72.66,3.81,NTPC Limited
NTPC,2025-03-21,2025-03-24,2025-04-07,357.0,341.75,-4.27,STOP_LOSS,10,70.32,3.17,NTPC Limited
NTPC,2026-02-20,2026-02-23,2026-03-10,374.0,377.3,0.88,TIME_EXIT,12,70.61,2.89,NTPC Limited
NTPCGREEN,2025-06-20,2025-06-23,2025-07-08,108.52,107.02,-1.38,TIME_EXIT,12,63.39,5.66,NTPC Green Energy Limited
NUVAMA,2025-05-30,2025-06-02,2025-06-17,7244.5,7395.0,2.08,TIME_EXIT,12,60.29,5.89,Nuvama Wealth Management Limited
NUVOCO,2024-10-16,2024-10-17,2024-10-21,363.55,346.0,-4.83,STOP_LOSS,3,78.57,43.03,Nuvoco Vistas Corporation Limited
NUVOCO,2025-07-15,2025-07-16,2025-07-16,368.95,362.6,-1.72,STOP_LOSS,1,92.94,23.35,Nuvoco Vistas Corporation Limited
NYKAA,2025-01-29,2025-01-30,2025-02-12,171.83,165.61,-3.62,STOP_LOSS,10,63.26,2.74,FSN E-Commerce Ventures Limited
NYKAA,2025-06-27,2025-06-30,2025-07-03,210.0,204.2,-2.76,STOP_LOSS,4,62.54,3.36,FSN E-Commerce Ventures Limited
OAL,2026-07-29,2026-07-30,2026-07-31,399.9,377.91,-5.5,STOP_LOSS,2,68.98,3.74,Oriental Aromatics Limited
OBEROIRLTY,2026-07-02,2026-07-03,2026-07-20,1885.0,1882.7,-0.12,TIME_EXIT,12,62.59,2.77,Oberoi Realty Limited
OCCLLTD,2025-10-29,2025-10-30,2025-10-30,135.32,133.29,-1.5,STOP_LOSS,1,69.22,4.44,OCCL Limited
OFSS,2024-12-19,2024-12-20,2024-12-20,12949.15,12236.95,-5.5,STOP_LOSS,1,73.19,8.24,Oracle Financial Services Software Limited
OIL,2025-10-23,2025-10-24,2025-11-10,420.95,431.8,2.58,TIME_EXIT,12,60.95,2.58,Oil India Limited
OILCOUNTUB,2025-06-24,2025-06-25,2025-07-10,89.99,91.0,1.12,TIME_EXIT,12,64.01,5.26,Oil Country Tubular Limited
OMAXAUTO,2026-01-28,2026-01-29,2026-01-29,125.0,118.12,-5.5,STOP_LOSS,1,88.11,13.39,Omax Autos Limited
OMAXAUTO,2026-05-04,2026-05-05,2026-05-06,171.99,195.64,13.75,TARGET_HIT,2,95.56,5.68,Omax Autos Limited
OMFREIGHT,2026-01-16,2026-01-19,2026-01-20,99.99,95.0,-4.99,STOP_LOSS,2,77.03,22.19,Om Freight Forwarders Limited
OMFREIGHT,2026-05-13,2026-05-14,2026-05-18,91.55,86.51,-5.5,STOP_LOSS,3,66.09,4.3,Om Freight Forwarders Limited
OMINFRAL,2026-03-17,2026-03-18,2026-03-19,88.5,83.63,-5.5,STOP_LOSS,2,63.26,2.87,OM INFRA LIMITED
ONEPOINT,2026-05-04,2026-05-05,2026-05-20,58.01,59.79,3.07,TIME_EXIT,12,60.67,3.42,One Point One Solutions Limited
ONESOURCE,2025-04-30,2025-05-02,2025-05-02,1638.5,1593.7,-2.73,STOP_LOSS,1,61.06,2.55,Onesource Specialty Pharma Limited
ONESOURCE,2025-05-30,2025-06-02,2025-06-16,1893.2,2153.52,13.75,TARGET_HIT,11,63.03,3.66,Onesource Specialty Pharma Limited
OPTIEMUS,2026-05-05,2026-05-06,2026-05-12,435.05,418.1,-3.9,STOP_LOSS,5,78.25,2.63,Optiemus Infracom Limited
OPTIEMUS,2026-05-08,2026-05-11,2026-05-11,463.55,438.05,-5.5,STOP_LOSS,1,69.8,3.32,Optiemus Infracom Limited
OPTIEMUS,2026-07-08,2026-07-09,2026-07-22,545.8,620.85,13.75,TARGET_HIT,10,64.24,3.18,Optiemus Infracom Limited
ORBTEXP,2026-06-09,2026-06-10,2026-06-10,218.9,206.86,-5.5,STOP_LOSS,1,63.48,11.25,Orbit Exports Limited
ORBTEXP,2026-06-23,2026-06-24,2026-06-24,259.99,245.69,-5.5,STOP_LOSS,1,66.25,7.5,Orbit Exports Limited
ORCHPHARMA,2024-11-19,2024-11-21,2024-11-22,1440.0,1520.38,5.58,TARGET_HIT,2,77.16,2.65,Orchid Pharma Limited
ORICONENT,2025-11-03,2025-11-04,2025-11-13,54.72,60.02,9.69,TARGET_HIT,8,83.87,4.35,Oricon Enterprises Limited
ORICONENT,2026-04-02,2026-04-06,2026-04-15,65.9,72.0,9.26,TARGET_HIT,8,83.3,2.52,Oricon Enterprises Limited
ORIENTCEM,2025-04-09,2025-04-11,2025-04-23,358.2,350.0,-2.29,STOP_LOSS,7,83.55,3.98,Orient Cement Limited
ORIENTCEM,2025-05-09,2025-05-12,2025-05-21,356.9,348.5,-2.35,STOP_LOSS,8,64.84,2.63,Orient Cement Limited
ORKLAINDIA,2026-05-21,2026-05-22,2026-05-25,647.15,630.5,-2.57,STOP_LOSS,2,69.65,8.13,Orkla India Limited
PAGEIND,2025-07-30,2025-07-31,2025-08-01,48085.0,46985.0,-2.29,STOP_LOSS,2,61.44,5.23,Page Industries Limited
PAGEIND,2026-04-17,2026-04-20,2026-04-29,37900.0,37080.0,-2.16,STOP_LOSS,8,63.84,2.75,Page Industries Limited
PAGEIND,2026-05-19,2026-05-20,2026-06-01,38620.0,37390.0,-3.18,STOP_LOSS,9,61.5,4.91,Page Industries Limited
PANACHE,2026-06-18,2026-06-19,2026-07-01,423.8,402.8,-4.96,STOP_LOSS,9,66.4,4.36,Panache Digilife Limited
PANAMAPET,2026-01-16,2026-01-19,2026-01-19,301.4,293.2,-2.72,STOP_LOSS,1,84.72,11.97,Panama Petrochem Limited
PASHUPATI,2026-03-02,2026-03-04,2026-03-13,1010.0,954.45,-5.5,STOP_LOSS,8,66.85,6.76,Pashupati Cotspin Limited
PASHUPATI,2026-03-02,2026-03-04,2026-03-13,1010.0,954.45,-5.5,STOP_LOSS,8,66.85,4.73,Pashupati Cotspin Limited
PATELRMART,2026-08-17,2026-08-18,2026-09-02,228.0,218.07,-4.36,STOP_LOSS,12,62.67,2.63,Patel Retail Limited
PAUSHAKLTD,2026-05-05,2026-05-06,2026-05-12,518.0,489.51,-5.5,STOP_LOSS,5,60.89,5.26,Paushak Limited
PAUSHAKLTD,2026-07-01,2026-07-02,2026-07-02,505.1,525.1,3.96,TARGET_HIT,1,69.32,2.99,Paushak Limited
PAYTM,2025-12-19,2025-12-22,2026-01-06,1341.0,1332.1,-0.66,TIME_EXIT,12,68.31,5.42,One 97 Communications Limited
PDMJEPAPER,2025-08-05,2025-08-06,2025-08-06,128.72,125.99,-2.12,STOP_LOSS,1,62.27,2.65,Pudumjee Paper Products Limited
PDSL,2024-11-25,2024-11-26,2024-12-09,524.8,565.3,7.72,TARGET_HIT,10,74.88,4.23,PDS Limited
PDSL,2025-06-03,2025-06-04,2025-06-04,430.0,417.1,-3.0,STOP_LOSS,1,85.61,3.78,PDS Limited
PDSL,2026-06-04,2026-06-05,2026-06-09,321.8,304.1,-5.5,STOP_LOSS,3,65.72,2.71,PDS Limited
PERSISTENT,2024-11-25,2024-11-26,2024-11-28,5940.0,5805.45,-2.27,STOP_LOSS,3,65.57,3.45,Persistent Systems Limited
PERSISTENT,2024-12-30,2024-12-31,2024-12-31,6490.0,6288.95,-3.1,STOP_LOSS,1,64.36,9.67,Persistent Systems Limited
PERSISTENT,2025-11-24,2025-11-25,2025-12-03,6421.5,6297.0,-1.94,STOP_LOSS,7,66.31,4.32,Persistent Systems Limited
PETRONET,2025-10-29,2025-10-30,2025-11-06,283.75,276.8,-2.45,STOP_LOSS,6,63.63,2.86,Petronet LNG Limited
PETRONET,2026-02-27,2026-03-02,2026-03-02,315.0,310.27,-1.5,STOP_LOSS,1,61.19,3.97,Petronet LNG Limited
PFC,2026-01-28,2026-01-29,2026-02-13,385.0,400.55,4.04,TIME_EXIT,12,61.38,2.85,Power Finance Corporation Limited
PFIZER,2026-08-19,2026-08-20,2026-08-25,4961.3,4813.9,-2.97,STOP_LOSS,4,69.86,4.66,Pfizer Limited
PGEL,2025-03-21,2025-03-24,2025-03-25,942.7,917.05,-2.72,STOP_LOSS,2,63.86,4.38,PG Electroplast Limited
PGHH,2025-04-24,2025-04-25,2025-04-25,14427.0,14112.0,-2.18,STOP_LOSS,1,70.02,2.68,Procter & Gamble Hygiene and Health Care Limited
PGHH,2025-09-19,2025-09-22,2025-10-08,13778.0,14288.0,3.7,TIME_EXIT,12,71.63,6.45,Procter & Gamble Hygiene and Health Care Limited
PGHH,2025-09-29,2025-09-30,2025-10-16,13942.0,14084.0,1.02,TIME_EXIT,12,62.01,6.13,Procter & Gamble Hygiene and Health Care Limited
PGHL,2024-11-26,2024-11-27,2024-12-05,5255.0,5580.0,6.18,TARGET_HIT,7,90.96,15.41,Procter & Gamble Health Limited
PGHL,2026-05-21,2026-05-22,2026-05-27,5455.0,5796.25,6.26,TARGET_HIT,4,85.14,3.49,Procter & Gamble Health Limited
PGHL,2026-05-22,2026-05-25,2026-05-27,5649.0,6184.0,9.47,TARGET_HIT,3,65.84,5.59,Procter & Gamble Health Limited
PGHL,2026-07-10,2026-07-13,2026-07-28,6829.0,6675.5,-2.25,TIME_EXIT,12,62.14,4.8,Procter & Gamble Health Limited
PGIL,2025-11-07,2025-11-10,2025-11-12,1375.0,1564.06,13.75,TARGET_HIT,3,78.86,6.4,Pearl Global Industries Limited
PHOENIXLTD,2025-10-16,2025-10-17,2025-10-21,1675.0,1649.88,-1.5,STOP_LOSS,3,61.18,2.55,The Phoenix Mills Limited
PHOENIXLTD,2026-07-06,2026-07-07,2026-07-08,2120.0,2030.0,-4.25,STOP_LOSS,2,61.31,2.52,The Phoenix Mills Limited
PIDILITIND,2025-05-30,2025-06-02,2025-06-09,3124.0,3016.2,-3.45,STOP_LOSS,6,69.22,5.73,Pidilite Industries Limited
PIDILITIND,2026-06-15,2026-06-16,2026-06-16,1587.0,1555.8,-1.97,STOP_LOSS,1,65.26,2.72,Pidilite Industries Limited
PIDILITIND,2026-08-31,2026-09-01,2026-09-07,1675.0,1612.4,-3.74,STOP_LOSS,5,72.37,3.28,Pidilite Industries Limited
PIRAMALFIN,2026-03-27,2026-03-30,2026-04-01,1850.0,1780.1,-3.78,STOP_LOSS,3,66.35,4.11,Piramal Finance Limited
PITTIENG,2026-06-12,2026-06-15,2026-06-17,1010.0,954.45,-5.5,STOP_LOSS,3,65.42,3.65,Pitti Engineering Limited
PNBHOUSING,2025-06-06,2025-06-09,2025-06-13,1117.0,1055.56,-5.5,STOP_LOSS,5,63.96,9.09,PNB Housing Finance Limited
PNGJL,2025-10-06,2025-10-07,2025-10-08,644.0,672.12,4.37,TARGET_HIT,2,61.69,5.59,P N Gadgil Jewellers Limited
POLICYBZR,2024-12-30,2024-12-31,2025-01-01,2045.5,2122.21,3.75,TARGET_HIT,2,69.23,4.83,PB Fintech Limited
POLICYBZR,2025-05-15,2025-05-16,2025-05-19,1798.8,1722.0,-4.27,STOP_LOSS,2,76.7,5.26,PB Fintech Limited
POLICYBZR,2025-12-08,2025-12-09,2025-12-09,1913.0,1884.3,-1.5,STOP_LOSS,1,63.2,3.38,PB Fintech Limited
POLYCAB,2026-02-25,2026-02-26,2026-03-10,8348.5,8119.5,-2.74,STOP_LOSS,9,63.28,3.82,Polycab India Limited
POLYCAB,2026-02-27,2026-03-02,2026-03-04,8400.0,8274.0,-1.5,STOP_LOSS,3,62.5,2.57,Polycab India Limited
POLYCAB,2026-06-29,2026-06-30,2026-07-07,9710.0,9420.5,-2.98,STOP_LOSS,6,63.14,4.52,Polycab India Limited
PONNIERODE,2026-08-17,2026-08-18,2026-08-20,370.6,421.56,13.75,TARGET_HIT,3,88.93,18.19,Ponni Sugars (Erode) Limited
POWERICA,2026-06-23,2026-06-24,2026-06-29,658.95,637.0,-3.33,STOP_LOSS,4,69.18,2.67,Powerica Limited
PPAP,2025-06-02,2025-06-03,2025-06-12,241.35,274.54,13.75,TARGET_HIT,8,78.37,4.86,PPAP Automotive Limited
PPAP,2025-06-09,2025-06-10,2025-06-10,254.59,241.0,-5.34,STOP_LOSS,1,65.55,2.73,PPAP Automotive Limited
PRABHA,2025-06-11,2025-06-12,2025-06-25,246.02,279.85,13.75,TARGET_HIT,10,73.16,12.28,Prabha Energy Limited
PRADPME,2026-05-25,2026-05-26,2026-06-10,432.0,491.4,13.75,TARGET_HIT,12,61.55,5.37,Pradeep Metals Limited
PRAKASH,2026-05-26,2026-05-27,2026-06-01,151.9,143.55,-5.5,STOP_LOSS,4,60.07,3.08,Prakash Industries Limited
PRECOT,2024-11-13,2024-11-14,2024-11-22,536.95,507.42,-5.5,STOP_LOSS,6,85.76,11.92,Precot Limited
PREMIERENE,2026-04-17,2026-04-20,2026-04-20,1038.4,1004.0,-3.31,STOP_LOSS,1,62.13,7.37,Premier Energies Limited
PRESTIGE,2025-06-03,2025-06-04,2025-06-09,1594.9,1749.9,9.72,TARGET_HIT,4,65.56,4.09,Prestige Estates Projects Limited
PRIMESECU,2025-06-20,2025-06-23,2025-07-01,260.7,282.45,8.34,TARGET_HIT,7,79.34,5.2,Prime Securities Limited
PRIMESECU,2025-06-23,2025-06-24,2025-07-09,274.35,291.8,6.36,TIME_EXIT,12,66.85,4.42,Prime Securities Limited
PRIMESECU,2025-07-10,2025-07-11,2025-07-21,298.0,288.1,-3.32,STOP_LOSS,7,86.48,3.83,Prime Securities Limited
PRIMESECU,2025-11-04,2025-11-06,2025-11-21,304.75,308.15,1.12,TIME_EXIT,12,66.38,2.58,Prime Securities Limited
PRIMESECU,2026-09-17,2026-09-18,2026-09-18,296.5,296.85,0.12,TIME_EXIT,1,71.54,2.77,Prime Securities Limited
PRINCEPIPE,2025-05-30,2025-06-02,2025-06-03,334.0,324.0,-2.99,STOP_LOSS,2,61.23,2.73,Prince Pipes And Fittings Limited
PRIVISCL,2025-05-02,2025-05-05,2025-05-05,2114.9,1998.58,-5.5,STOP_LOSS,1,60.91,3.5,Privi Speciality Chemicals Limited
PRIVISCL,2026-04-13,2026-04-15,2026-04-27,2980.0,3339.75,12.07,TARGET_HIT,9,70.13,6.34,Privi Speciality Chemicals Limited
PRIVISCL,2026-04-13,2026-04-15,2026-04-27,2980.0,3339.75,12.07,TARGET_HIT,9,70.13,3.99,Privi Speciality Chemicals Limited
PRSMJOHNSN,2025-10-23,2025-10-24,2025-10-24,163.0,157.7,-3.25,STOP_LOSS,1,60.03,2.63,Prism Johnson Limited
PRUDENT,2025-07-16,2025-07-17,2025-07-18,2777.7,2940.95,5.88,TARGET_HIT,2,71.55,3.39,Prudent Corporate Advisory Services Limited
PSPPROJECT,2024-12-16,2024-12-17,2024-12-26,690.0,664.05,-3.76,STOP_LOSS,8,70.61,2.51,PSP Projects Limited
PSPPROJECT,2025-04-08,2025-04-09,2025-04-29,637.1,639.45,0.37,TIME_EXIT,12,86.7,4.46,PSP Projects Limited
PTCIL,2025-11-24,2025-11-25,2025-12-10,17760.0,18614.0,4.81,TIME_EXIT,12,67.43,8.79,PTC Industries Limited
PUNJABCHEM,2026-08-19,2026-08-20,2026-08-24,1157.7,1129.3,-2.45,STOP_LOSS,3,65.65,4.21,Punjab Chemicals & Crop Protection Limited
PVRINOX,2025-08-05,2025-08-06,2025-08-06,1044.0,1011.45,-3.12,STOP_LOSS,1,66.29,2.57,PVR INOX Limited
PVRINOX,2025-09-05,2025-09-08,2025-09-08,1140.0,1109.2,-2.7,STOP_LOSS,1,65.61,3.08,PVR INOX Limited
PVSL,2025-05-15,2025-05-16,2025-05-22,110.99,123.96,11.69,TARGET_HIT,5,60.99,2.77,Popular Vehicles and Services Limited
PVSL,2025-06-25,2025-06-26,2025-07-11,128.2,132.14,3.07,TIME_EXIT,12,61.82,3.69,Popular Vehicles and Services Limited
PYRAMID,2026-04-27,2026-04-28,2026-04-29,181.79,171.79,-5.5,STOP_LOSS,2,81.41,7.49,Pyramid Technoplast Limited
RACLGEAR,2025-05-14,2025-05-15,2025-05-20,834.0,928.25,11.3,TARGET_HIT,4,84.21,102.09,RACL Geartech Limited
RADICO,2024-12-10,2024-12-11,2024-12-18,2430.0,2563.0,5.47,TARGET_HIT,6,78.8,6.74,Radico Khaitan Limited
RADICO,2025-09-15,2025-09-16,2025-09-26,2986.6,2904.0,-2.77,STOP_LOSS,9,61.59,3.17,Radico Khaitan Limited
RAINBOW,2026-05-06,2026-05-07,2026-05-12,1299.0,1261.9,-2.86,STOP_LOSS,4,84.23,8.25,Rainbow Childrens Medicare Limited
RAINBOW,2026-08-05,2026-08-06,2026-08-06,1598.6,1561.5,-2.32,STOP_LOSS,1,62.12,3.21,Rainbow Childrens Medicare Limited
RAJESHEXPO,2025-12-19,2025-12-22,2025-12-22,205.38,233.62,13.75,TARGET_HIT,1,62.78,10.18,Rajesh Exports Limited
RAMCOCEM,2025-05-23,2025-05-26,2025-05-28,1005.0,958.55,-4.62,STOP_LOSS,3,61.21,6.42,The Ramco Cements Limited
RAMCOCEM,2025-06-25,2025-06-26,2025-07-11,1049.0,1146.5,9.29,TARGET_HIT,12,83.54,4.85,The Ramco Cements Limited
RAMCOCEM,2025-07-22,2025-07-23,2025-07-25,1190.0,1149.2,-3.43,STOP_LOSS,3,65.24,2.54,The Ramco Cements Limited
RAMCOCEM,2026-01-09,2026-01-12,2026-01-12,1093.8,1076.0,-1.63,STOP_LOSS,1,62.57,2.83,The Ramco Cements Limited
RAMCOCEM,2026-01-29,2026-01-30,2026-02-16,1108.0,1151.1,3.89,TIME_EXIT,12,70.29,2.94,The Ramco Cements Limited
RAMCOCEM,2026-01-30,2026-02-02,2026-02-02,1087.7,1128.49,3.75,TARGET_HIT,1,75.95,3.13,The Ramco Cements Limited
RAMCOSYS,2025-09-16,2025-09-17,2025-10-03,500.35,520.35,4.0,TIME_EXIT,12,62.14,2.96,Ramco Systems Limited
RAMCOSYS,2025-10-08,2025-10-09,2025-10-24,563.4,580.15,2.97,TIME_EXIT,12,60.11,4.24,Ramco Systems Limited
RAMRAT,2025-05-14,2025-05-15,2025-05-21,585.35,629.23,7.5,TARGET_HIT,5,63.6,4.38,Ram Ratna Wires Limited
RAMRAT,2025-07-29,2025-07-30,2025-08-01,760.0,718.2,-5.5,STOP_LOSS,3,61.03,3.97,Ram Ratna Wires Limited
RAMRAT,2026-07-29,2026-07-30,2026-07-31,456.5,431.39,-5.5,STOP_LOSS,2,66.64,5.24,Ram Ratna Wires Limited
RAMRAT,2026-08-12,2026-08-13,2026-08-18,479.8,453.41,-5.5,STOP_LOSS,4,71.1,3.25,Ram Ratna Wires Limited
RANEHOLDIN,2025-07-28,2025-07-29,2025-07-29,1549.4,1526.16,-1.5,STOP_LOSS,1,60.7,2.99,Rane Holdings Limited
RATEGAIN,2026-04-30,2026-05-04,2026-05-19,608.4,673.6,10.72,TIME_EXIT,12,63.53,3.24,Rategain Travel Technologies Limited
RATEGAIN,2026-04-30,2026-05-04,2026-05-19,608.4,673.6,10.72,TIME_EXIT,12,63.53,2.53,Rategain Travel Technologies Limited
RATEGAIN,2026-05-18,2026-05-19,2026-05-22,645.25,700.0,8.49,TARGET_HIT,4,77.32,2.83,Rategain Travel Technologies Limited
RATNAMANI,2025-04-21,2025-04-22,2025-05-05,2687.0,2604.3,-3.08,STOP_LOSS,9,68.78,2.77,Ratnamani Metals & Tubes Limited
RATNAMANI,2025-05-26,2025-05-27,2025-05-29,2947.0,2838.9,-3.67,STOP_LOSS,3,88.54,7.4,Ratnamani Metals & Tubes Limited
RATNAMANI,2025-07-07,2025-07-08,2025-07-15,3006.9,2841.52,-5.5,STOP_LOSS,6,76.91,10.55,Ratnamani Metals & Tubes Limited
RBA,2026-04-29,2026-04-30,2026-05-06,65.1,67.54,3.75,TARGET_HIT,5,68.26,3.93,Restaurant Brands Asia Limited
RBA,2026-05-27,2026-05-29,2026-06-01,69.5,67.85,-2.37,STOP_LOSS,2,80.82,2.81,Restaurant Brands Asia Limited
RELIANCE,2025-04-29,2025-04-30,2025-04-30,1402.0,1370.0,-2.28,STOP_LOSS,1,66.65,2.59,Reliance Industries Limited
RELIANCE,2025-06-20,2025-06-23,2025-06-27,1453.0,1515.25,4.28,TARGET_HIT,5,78.35,4.52,Reliance Industries Limited
RESPONIND,2025-07-03,2025-07-04,2025-07-04,240.4,249.42,3.75,TARGET_HIT,1,61.24,3.1,Responsive Industries Limited
RESPONIND,2025-07-09,2025-07-10,2025-07-10,246.0,240.99,-2.04,STOP_LOSS,1,77.2,3.77,Responsive Industries Limited
RESPONIND,2025-12-29,2025-12-30,2026-01-02,204.25,196.5,-3.79,STOP_LOSS,4,81.93,120.62,Responsive Industries Limited
RESPONIND,2026-06-18,2026-06-19,2026-06-23,185.72,202.27,8.91,TARGET_HIT,3,82.0,8.8,Responsive Industries Limited
RGL,2024-12-17,2024-12-18,2024-12-18,180.0,176.27,-2.07,STOP_LOSS,1,70.49,3.23,Renaissance Global Limited
RISHABH,2025-07-09,2025-07-10,2025-07-25,295.1,284.95,-3.44,TIME_EXIT,12,71.29,2.82,Rishabh Instruments Limited
RMDRIP,2026-01-01,2026-01-02,2026-01-07,84.5,87.67,3.75,TARGET_HIT,4,70.18,2.96,R M Drip and Sprinklers Systems Limited
RMDRIP,2026-01-02,2026-01-05,2026-01-08,85.6,88.81,3.75,TARGET_HIT,4,78.44,4.75,R M Drip and Sprinklers Systems Limited
RMDRIP,2026-01-07,2026-01-08,2026-01-13,88.75,92.08,3.75,TARGET_HIT,4,68.1,2.61,R M Drip and Sprinklers Systems Limited
RNBDENIMS,2026-01-16,2026-01-19,2026-01-23,144.8,136.84,-5.5,STOP_LOSS,5,93.9,14.86,R&B Denims Limited
RNBDENIMS,2026-01-22,2026-01-23,2026-01-23,148.99,141.29,-5.17,STOP_LOSS,1,94.98,2.53,R&B Denims Limited
RNBDENIMS,2026-01-27,2026-01-28,2026-02-09,148.9,169.37,13.75,TARGET_HIT,9,65.45,5.97,R&B Denims Limited
ROSSARI,2025-05-15,2025-05-16,2025-05-19,715.65,696.55,-2.67,STOP_LOSS,2,79.3,3.1,Rossari Biotech Limited
RPEL,2025-05-13,2025-05-14,2025-05-29,681.0,722.25,6.06,TIME_EXIT,12,62.74,2.67,Raghav Productivity Enhancers Limited
RPEL,2025-07-15,2025-07-16,2025-07-18,704.05,687.85,-2.3,STOP_LOSS,3,66.39,5.84,Raghav Productivity Enhancers Limited
RPEL,2026-05-05,2026-05-06,2026-05-14,749.7,848.83,13.22,TARGET_HIT,7,66.09,3.12,Raghav Productivity Enhancers Limited
RPEL,2026-05-07,2026-05-08,2026-05-14,773.4,734.2,-5.07,STOP_LOSS,5,71.61,3.3,Raghav Productivity Enhancers Limited
RPEL,2026-05-08,2026-05-11,2026-05-11,784.0,767.0,-2.17,STOP_LOSS,1,65.34,3.35,Raghav Productivity Enhancers Limited
RPGLIFE,2025-07-15,2025-07-16,2025-07-18,2579.0,2476.2,-3.99,STOP_LOSS,3,71.13,3.51,RPG Life Sciences Limited
RPTECH,2025-07-09,2025-07-10,2025-07-24,308.6,295.0,-4.41,STOP_LOSS,11,82.48,4.49,Rashi Peripherals Limited
RSL,2026-08-03,2026-08-04,2026-08-04,142.89,140.75,-1.5,STOP_LOSS,1,70.92,5.42,Rajputana Stainless Limited
RSL,2026-08-28,2026-08-31,2026-09-15,178.97,181.63,1.49,TIME_EXIT,12,62.0,5.97,Rajputana Stainless Limited
RSWM,2026-05-04,2026-05-05,2026-05-11,172.26,164.0,-4.8,STOP_LOSS,5,68.48,3.26,RSWM Limited
RSWM,2026-05-06,2026-05-07,2026-05-07,170.0,167.3,-1.59,STOP_LOSS,1,63.41,4.07,RSWM Limited
RUBFILA,2025-06-26,2025-06-27,2025-07-14,84.14,83.64,-0.59,TIME_EXIT,12,68.03,18.02,Rubfila International Limited
RUBFILA,2025-06-27,2025-06-30,2025-07-15,87.6,84.43,-3.62,TIME_EXIT,12,60.22,3.71,Rubfila International Limited
RUBICON,2026-04-01,2026-04-02,2026-04-02,777.0,765.34,-1.5,STOP_LOSS,1,81.68,3.14,Rubicon Research Limited
RUSTOMJEE,2025-06-30,2025-07-01,2025-07-02,612.4,681.9,11.35,TARGET_HIT,2,63.61,2.87,Keystone Realtors Limited
RVHL,2024-12-13,2024-12-16,2024-12-16,80.5,76.07,-5.5,STOP_LOSS,1,73.89,3.44,Ravinder Heights Limited
SAFARI,2025-01-03,2025-01-06,2025-01-06,2663.55,2575.15,-3.32,STOP_LOSS,1,82.42,6.06,Safari Industries (India) Limited
SAFARI,2025-05-22,2025-05-23,2025-05-26,2289.9,2242.2,-2.08,STOP_LOSS,2,95.79,8.83,Safari Industries (India) Limited
SAFARI,2025-10-08,2025-10-09,2025-10-14,2257.9,2182.1,-3.36,STOP_LOSS,4,62.8,3.3,Safari Industries (India) Limited
SAGILITY,2025-11-14,2025-11-17,2025-11-20,52.89,49.98,-5.5,STOP_LOSS,4,74.61,43.18,SAGILITY LIMITED
SAILIFE,2025-05-30,2025-06-02,2025-06-17,748.0,750.9,0.39,TIME_EXIT,12,60.95,10.39,Sai Life Sciences Limited
SAILIFE,2025-09-17,2025-09-18,2025-09-22,904.7,881.35,-2.58,STOP_LOSS,3,69.87,2.79,Sai Life Sciences Limited
SAILIFE,2025-09-19,2025-09-22,2025-09-22,904.0,890.44,-1.5,STOP_LOSS,1,69.92,8.33,Sai Life Sciences Limited
SAILIFE,2026-02-27,2026-03-02,2026-03-04,992.5,956.0,-3.68,STOP_LOSS,3,61.49,5.66,Sai Life Sciences Limited
SAILIFE,2026-03-25,2026-03-27,2026-03-27,1010.0,990.15,-1.97,STOP_LOSS,1,62.81,3.03,Sai Life Sciences Limited
SAILIFE,2026-03-25,2026-03-27,2026-03-27,1010.0,990.15,-1.97,STOP_LOSS,1,62.81,2.59,Sai Life Sciences Limited
SAKAR,2025-11-06,2025-11-07,2025-11-07,400.0,378.0,-5.5,STOP_LOSS,1,66.33,4.45,Sakar Healthcare Limited
SAKAR,2025-12-09,2025-12-10,2025-12-24,396.0,424.8,7.27,TIME_EXIT,12,77.03,4.75,Sakar Healthcare Limited
SAKAR,2025-12-11,2025-12-12,2025-12-17,431.0,407.3,-5.5,STOP_LOSS,4,67.64,6.33,Sakar Healthcare Limited
SALSTEEL,2026-04-15,2026-04-16,2026-04-16,56.3,53.2,-5.5,STOP_LOSS,1,62.7,3.82,S.A.L. Steel Limited
SANATHAN,2026-04-28,2026-04-29,2026-04-29,462.1,455.17,-1.5,STOP_LOSS,1,64.93,3.58,Sanathan Textiles Limited
SANATHAN,2026-07-15,2026-07-16,2026-07-23,453.8,500.8,10.36,TARGET_HIT,6,70.18,4.88,Sanathan Textiles Limited
SANDHAR,2026-05-06,2026-05-07,2026-05-14,514.0,497.1,-3.29,STOP_LOSS,6,87.75,6.86,Sandhar Technologies Limited
SANGAMIND,2025-06-06,2025-06-09,2025-06-13,428.85,417.3,-2.69,STOP_LOSS,5,61.01,3.69,Sangam (India) Limited
SANGAMIND,2025-11-06,2025-11-07,2025-11-11,467.4,441.69,-5.5,STOP_LOSS,3,71.73,5.32,Sangam (India) Limited
SANGAMIND,2025-12-12,2025-12-15,2025-12-30,441.15,474.05,7.46,TIME_EXIT,12,72.32,25.46,Sangam (India) Limited
SANOFI,2026-07-29,2026-07-30,2026-07-30,3420.1,3368.8,-1.5,STOP_LOSS,1,73.25,13.19,Sanofi India Limited
SANOFICONR,2025-01-02,2025-01-03,2025-01-06,4989.0,4892.0,-1.94,STOP_LOSS,2,87.08,4.24,Sanofi Consumer Healthcare India Limited
SANOFICONR,2025-04-08,2025-04-09,2025-04-29,4913.0,4940.9,0.57,TIME_EXIT,12,78.79,7.59,Sanofi Consumer Healthcare India Limited
SANOFICONR,2025-05-30,2025-06-02,2025-06-17,5268.5,5069.5,-3.78,TIME_EXIT,12,68.19,8.25,Sanofi Consumer Healthcare India Limited
SANOFICONR,2026-03-30,2026-04-01,2026-04-16,4350.0,4728.8,8.71,TIME_EXIT,12,60.16,3.34,Sanofi Consumer Healthcare India Limited
SANOFICONR,2026-03-30,2026-04-01,2026-04-16,4350.0,4728.8,8.71,TIME_EXIT,12,60.16,2.61,Sanofi Consumer Healthcare India Limited
SANOFICONR,2026-06-15,2026-06-16,2026-06-18,4743.7,4921.59,3.75,TARGET_HIT,3,96.37,46.98,Sanofi Consumer Healthcare India Limited
SANSERA,2025-07-07,2025-07-08,2025-07-11,1415.9,1380.1,-2.53,STOP_LOSS,4,79.22,3.22,Sansera Engineering Limited
SANSERA,2025-09-17,2025-09-18,2025-09-26,1522.0,1438.29,-5.5,STOP_LOSS,7,60.59,6.92,Sansera Engineering Limited
SANSERA,2025-11-03,2025-11-04,2025-11-19,1570.0,1579.7,0.62,TIME_EXIT,12,77.07,5.75,Sansera Engineering Limited
SANSERA,2025-11-25,2025-11-26,2025-12-08,1678.8,1622.8,-3.34,STOP_LOSS,9,67.09,3.26,Sansera Engineering Limited
SANSERA,2026-04-22,2026-04-23,2026-05-08,2523.0,2519.8,-0.13,TIME_EXIT,12,62.11,3.8,Sansera Engineering Limited
SANSTAR,2025-05-20,2025-05-21,2025-06-04,94.92,91.05,-4.08,STOP_LOSS,11,62.13,2.83,Sanstar Limited
SAPPHIRE,2026-06-04,2026-06-05,2026-06-08,180.3,173.25,-3.91,STOP_LOSS,2,65.36,7.08,Sapphire Foods India Limited
SAPPHIRE,2026-08-05,2026-08-06,2026-08-11,203.0,230.91,13.75,TARGET_HIT,4,64.37,10.05,Sapphire Foods India Limited
SARLAPOLY,2026-04-22,2026-04-23,2026-04-23,90.0,88.65,-1.5,STOP_LOSS,1,60.26,4.33,Sarla Performance Fibers Limited
SARLAPOLY,2026-05-13,2026-05-14,2026-05-18,98.0,92.8,-5.31,STOP_LOSS,3,64.73,2.52,Sarla Performance Fibers Limited
SATIA,2025-06-11,2025-06-12,2025-06-13,85.71,81.29,-5.16,STOP_LOSS,2,61.06,2.56,Satia Industries Limited
SATIA,2026-09-03,2026-09-04,2026-09-07,60.74,69.09,13.75,TARGET_HIT,2,74.73,7.86,Satia Industries Limited
SBFC,2025-03-21,2025-03-24,2025-04-07,89.25,84.34,-5.5,STOP_LOSS,10,69.97,5.97,SBFC Finance Limited
SBFC,2026-05-06,2026-05-07,2026-05-07,95.03,98.59,3.75,TARGET_HIT,1,79.81,5.42,SBFC Finance Limited
SBFC,2026-09-01,2026-09-02,2026-09-02,100.99,97.91,-3.05,STOP_LOSS,1,84.85,10.83,SBFC Finance Limited
SBGLP,2025-01-03,2025-01-06,2025-01-06,137.5,129.94,-5.5,STOP_LOSS,1,62.02,3.35,Suratwwala Business Group Limited
SBICARD,2025-06-27,2025-06-30,2025-06-30,976.95,949.5,-2.81,STOP_LOSS,1,62.39,11.84,SBI Cards and Payment Services Limited
SBILIFE,2025-08-18,2025-08-19,2025-08-19,1865.0,1837.02,-1.5,STOP_LOSS,1,62.72,2.63,SBI Life Insurance Company Limited
SBILIFE,2025-10-29,2025-10-30,2025-11-14,1970.4,2000.9,1.55,TIME_EXIT,12,64.78,3.17,SBI Life Insurance Company Limited
SBIN,2025-05-30,2025-06-02,2025-06-13,812.85,792.6,-2.49,STOP_LOSS,10,66.44,3.24,State Bank of India
SBIN,2025-09-29,2025-09-30,2025-10-16,869.95,886.95,1.95,TIME_EXIT,12,70.93,2.84,State Bank of India
SCHAEFFLER,2025-06-04,2025-06-05,2025-06-13,4250.0,4115.6,-3.16,STOP_LOSS,7,75.76,2.58,Schaeffler India Limited
SCHAEFFLER,2025-10-03,2025-10-06,2025-10-10,4275.0,4142.2,-3.11,STOP_LOSS,5,73.89,3.57,Schaeffler India Limited
SCHAEFFLER,2025-10-31,2025-11-03,2025-11-18,4162.0,4140.5,-0.52,TIME_EXIT,12,69.1,3.62,Schaeffler India Limited
SCHAEFFLER,2026-05-26,2026-05-27,2026-05-29,4210.0,4102.7,-2.55,STOP_LOSS,3,68.69,5.32,Schaeffler India Limited
SCPL,2025-05-23,2025-05-26,2025-05-30,350.0,330.75,-5.5,STOP_LOSS,5,73.65,11.62,Sheetal Cool Products Limited
SCPL,2026-06-15,2026-06-16,2026-06-16,520.0,491.4,-5.5,STOP_LOSS,1,67.82,9.8,Sheetal Cool Products Limited
SEAMECLTD,2025-12-10,2025-12-11,2025-12-16,1030.0,973.35,-5.5,STOP_LOSS,4,60.08,3.81,Seamec Limited
SEAMECLTD,2026-01-27,2026-01-28,2026-02-10,1175.0,1336.56,13.75,TARGET_HIT,10,63.07,4.01,Seamec Limited
SEAMECLTD,2026-03-18,2026-03-19,2026-03-19,1350.5,1401.14,3.75,TARGET_HIT,1,69.21,3.26,Seamec Limited
SEAMECLTD,2026-03-30,2026-04-01,2026-04-16,1462.2,1548.9,5.93,TIME_EXIT,12,68.78,3.59,Seamec Limited
SEAMECLTD,2026-03-30,2026-04-01,2026-04-16,1462.2,1548.9,5.93,TIME_EXIT,12,68.78,2.94,Seamec Limited
SEDEMAC,2026-05-26,2026-05-27,2026-06-04,2133.0,2426.29,13.75,TARGET_HIT,7,66.86,2.89,SEDEMAC Mechatronics Limited
SEDEMAC,2026-08-31,2026-09-01,2026-09-01,3054.0,2978.2,-2.48,STOP_LOSS,1,62.96,11.01,SEDEMAC Mechatronics Limited
SEJALLTD,2025-05-28,2025-05-29,2025-09-10,514.95,585.76,13.75,TARGET_HIT,4,73.39,7.56,Sejal Glass Limited
SEJALLTD,2025-09-18,2025-09-19,2025-09-23,804.0,759.78,-5.5,STOP_LOSS,3,79.24,6.43,Sejal Glass Limited
SENORES,2025-12-24,2025-12-26,2026-01-12,836.0,792.0,-5.26,STOP_LOSS,12,75.67,6.77,Senores Pharmaceuticals Limited
SENORES,2025-12-24,2025-12-26,2026-01-12,836.0,792.0,-5.26,STOP_LOSS,12,75.67,4.11,Senores Pharmaceuticals Limited
SENORES,2026-04-27,2026-04-28,2026-05-04,940.0,892.0,-5.11,STOP_LOSS,5,63.59,2.55,Senores Pharmaceuticals Limited
SESHAPAPER,2025-05-22,2025-05-23,2025-06-09,295.1,286.85,-2.8,TIME_EXIT,12,62.6,5.67,Seshasayee Paper and Boards Limited
SETL,2026-06-15,2026-06-16,2026-06-22,170.0,192.5,13.24,TARGET_HIT,5,68.16,4.14,Standard Engineering Technology Limited
SETL,2026-08-11,2026-08-12,2026-08-27,301.9,343.41,13.75,TARGET_HIT,12,60.27,6.28,Standard Engineering Technology Limited
SETL,2026-08-24,2026-08-25,2026-08-25,312.0,303.65,-2.68,STOP_LOSS,1,80.62,5.78,Standard Engineering Technology Limited
SGFIN,2025-11-19,2025-11-20,2025-11-21,405.9,393.0,-3.18,STOP_LOSS,2,76.33,2.67,SG Finserve Limited
SGFIN,2025-12-17,2025-12-18,2026-01-02,413.4,416.45,0.74,TIME_EXIT,12,88.81,7.59,SG Finserve Limited
SGFIN,2026-01-06,2026-01-07,2026-01-07,418.0,441.62,5.65,TARGET_HIT,1,84.25,5.23,SG Finserve Limited
SGMART,2026-03-24,2026-03-25,2026-04-08,464.95,524.82,12.88,TARGET_HIT,11,80.11,2.57,SG Mart Limited
SGMART,2026-04-30,2026-05-04,2026-05-04,573.0,551.35,-3.78,STOP_LOSS,1,61.99,2.82,SG Mart Limited
SHAILY,2025-05-30,2025-06-02,2025-06-03,2034.5,1922.6,-5.5,STOP_LOSS,2,61.36,3.26,Shaily Engineering Plastics Limited
SHANKARA,2024-12-03,2024-12-04,2024-12-10,676.95,662.05,-2.2,STOP_LOSS,5,64.35,2.99,Shankara Building Products Limited
SHANKARA,2025-05-16,2025-05-19,2025-06-02,753.0,835.5,10.96,TARGET_HIT,11,92.39,23.6,Shankara Building Products Limited
SHANKARA,2025-06-10,2025-06-11,2025-06-11,1027.8,995.0,-3.19,STOP_LOSS,1,66.77,3.93,Shankara Building Products Limited
SHANKARA,2026-07-13,2026-07-14,2026-07-29,137.0,140.3,2.41,TIME_EXIT,12,60.18,6.18,Shankara Building Products Limited
SHANKARA,2026-07-16,2026-07-17,2026-07-17,139.19,137.1,-1.5,STOP_LOSS,1,79.51,8.78,Shankara Building Products Limited
SHANKARA,2026-09-15,2026-09-16,2026-09-18,147.51,149.26,1.19,TIME_EXIT,3,93.78,6.0,Shankara Building Products Limited
SHARDAMOTR,2025-07-01,2025-07-02,2025-07-04,1992.8,1888.2,-5.25,STOP_LOSS,3,74.78,13.36,Sharda Motor Industries Limited
SHIVAUM,2026-07-07,2026-07-08,2026-07-08,453.0,428.08,-5.5,STOP_LOSS,1,88.08,551.5,Shiv Aum Steels Limited
SHIVAUM,2026-08-19,2026-08-20,2026-08-24,447.0,440.3,-1.5,STOP_LOSS,3,99.21,3.42,Shiv Aum Steels Limited
SHK,2025-05-14,2025-05-15,2025-05-16,205.0,198.62,-3.11,STOP_LOSS,2,63.9,3.66,S H Kelkar and Company Limited
SHOPERSTOP,2025-09-16,2025-09-17,2025-09-29,559.0,530.85,-5.04,STOP_LOSS,9,62.8,3.22,Shoppers Stop Limited
SHRADHA,2025-06-17,2025-06-18,2025-06-18,74.69,72.2,-3.33,STOP_LOSS,1,97.46,7.41,Shradha Realty Limited
SHRADHA,2025-06-19,2025-06-20,2025-06-20,77.98,73.69,-5.5,STOP_LOSS,1,94.31,3.06,Shradha Realty Limited
SHREYANIND,2025-05-26,2025-05-27,2025-05-27,237.99,224.9,-5.5,STOP_LOSS,1,74.76,12.37,Shreyans Industries Limited
SHRIPISTON,2026-07-20,2026-07-21,2026-07-21,4242.0,4520.0,6.55,TARGET_HIT,1,80.04,8.16,SPR Auto Technologies Limited
SHRIRAMFIN,2025-06-26,2025-06-27,2025-07-03,703.05,674.25,-4.1,STOP_LOSS,5,62.88,4.99,Shriram Finance Limited
SHRIRAMFIN,2026-01-16,2026-01-19,2026-01-21,1002.0,981.0,-2.1,STOP_LOSS,3,61.56,3.13,Shriram Finance Limited
SIGNPOST,2026-05-25,2026-05-26,2026-06-01,308.7,291.72,-5.5,STOP_LOSS,5,69.77,3.73,Signpost India Limited
SILGO,2026-05-06,2026-05-07,2026-05-08,79.35,77.26,-2.63,STOP_LOSS,2,60.35,7.46,Silgo Retail Limited
SILVERTUC,2025-06-27,2025-06-30,2025-07-09,765.0,722.92,-5.5,STOP_LOSS,8,72.19,3.66,Silver Touch Technologies Limited
SILVERTUC,2025-11-17,2025-11-18,2025-11-20,823.4,805.8,-2.14,STOP_LOSS,3,71.94,2.62,Silver Touch Technologies Limited
SIMPLEXINF,2026-05-27,2026-05-29,2026-05-29,260.67,248.48,-4.68,STOP_LOSS,1,63.35,4.48,Simplex Infrastructures Limited
SIMPLEXINF,2026-05-27,2026-05-29,2026-05-29,260.67,248.48,-4.68,STOP_LOSS,1,63.35,3.14,Simplex Infrastructures Limited
SIMPLEXINF,2026-06-17,2026-06-18,2026-06-19,284.0,273.0,-3.87,STOP_LOSS,2,66.2,2.58,Simplex Infrastructures Limited
SIMPLEXINF,2026-07-10,2026-07-13,2026-07-13,271.5,266.35,-1.9,STOP_LOSS,1,76.42,5.33,Simplex Infrastructures Limited
SINTERCOM,2026-07-16,2026-07-17,2026-07-28,79.4,83.73,5.45,TARGET_HIT,8,98.26,8.2,Sintercom India Limited
SIS,2025-05-22,2025-05-23,2025-06-09,358.25,369.5,3.14,TIME_EXIT,12,81.91,20.78,SIS LIMITED
SIS,2025-06-05,2025-06-06,2025-06-13,369.0,363.46,-1.5,STOP_LOSS,6,77.19,4.39,SIS LIMITED
SIYSIL,2026-08-03,2026-08-04,2026-08-19,629.7,632.8,0.49,TIME_EXIT,12,64.07,3.97,Siyaram Silk Mills Limited
SJS,2025-07-03,2025-07-04,2025-07-09,1305.0,1243.0,-4.75,STOP_LOSS,4,62.37,3.51,S.J.S. Enterprises Limited
SJS,2026-05-07,2026-05-08,2026-05-12,1990.0,1955.1,-1.75,STOP_LOSS,3,69.45,3.71,S.J.S. Enterprises Limited
SKFINDIA,2025-06-30,2025-07-01,2025-07-16,4860.0,4819.8,-0.83,TIME_EXIT,12,69.38,6.72,SKF India Limited
SKFINDUS,2026-01-28,2026-01-29,2026-02-02,2728.0,2577.96,-5.5,STOP_LOSS,3,90.12,7.18,SKF India (Industrial) Limited
SKFINDUS,2026-02-03,2026-02-04,2026-02-04,2715.0,2565.68,-5.5,STOP_LOSS,1,80.35,2.51,SKF India (Industrial) Limited
SKFINDUS,2026-06-19,2026-06-22,2026-07-07,2630.0,2859.0,8.71,TIME_EXIT,12,67.53,3.03,SKF India (Industrial) Limited
SKFINDUS,2026-06-22,2026-06-23,2026-07-08,2762.0,2896.7,4.88,TIME_EXIT,12,63.42,2.93,SKF India (Industrial) Limited
SKFINDUS,2026-06-23,2026-06-24,2026-07-09,2856.2,2836.6,-0.69,TIME_EXIT,12,61.04,6.53,SKF India (Industrial) Limited
SKFINDUS,2026-08-17,2026-08-18,2026-08-31,2745.0,2981.25,8.61,TARGET_HIT,10,93.2,9.59,SKF India (Industrial) Limited
SKMEGGPROD,2025-05-28,2025-05-29,2025-05-29,218.45,227.07,3.95,TARGET_HIT,1,61.91,2.67,SKM Egg Products Export (India) Limited
SKYGOLD,2025-11-17,2025-11-18,2025-11-24,361.0,343.05,-4.97,STOP_LOSS,5,64.24,3.92,SKY GOLD AND DIAMONDS LIMITED
SMCGLOBAL,2025-06-09,2025-06-10,2025-06-12,127.4,144.92,13.75,TARGET_HIT,3,61.34,2.86,SMC Global Securities Limited
SMCGLOBAL,2025-06-23,2025-06-24,2025-07-09,147.26,153.16,4.01,TIME_EXIT,12,78.91,3.27,SMC Global Securities Limited
SNOWMAN,2024-12-24,2024-12-26,2024-12-27,76.68,72.46,-5.5,STOP_LOSS,2,68.97,5.86,Snowman Logistics Limited
SNOWMAN,2024-12-24,2024-12-26,2024-12-27,76.68,72.46,-5.5,STOP_LOSS,2,68.97,3.87,Snowman Logistics Limited
SOBHA,2025-06-02,2025-06-03,2025-06-03,1465.9,1567.9,6.96,TARGET_HIT,1,63.0,3.86,Sobha Limited
SOBHA,2025-11-06,2025-11-07,2025-11-11,1654.4,1610.0,-2.68,STOP_LOSS,3,70.95,3.04,Sobha Limited
SOLARA,2024-11-29,2024-12-02,2024-12-04,866.0,818.37,-5.5,STOP_LOSS,3,68.54,2.99,Solara Active Pharma Sciences Limited
SOLARINDS,2025-06-27,2025-06-30,2025-07-02,17571.0,17151.0,-2.39,STOP_LOSS,3,74.54,8.36,Solar Industries India Limited
SOLEX,2025-11-14,2025-11-17,2025-12-02,1750.0,1653.75,-5.5,STOP_LOSS,12,69.6,3.03,Solex Energy Limited
SOMANYCERA,2026-02-27,2026-03-02,2026-03-02,381.0,395.29,3.75,TARGET_HIT,1,90.25,15.6,Somany Ceramics Limited
SOMANYCERA,2026-04-24,2026-04-27,2026-05-12,472.7,447.6,-5.31,STOP_LOSS,12,60.45,3.98,Somany Ceramics Limited
SOMANYCERA,2026-06-30,2026-07-01,2026-07-08,538.0,514.2,-4.42,STOP_LOSS,6,60.45,3.75,Somany Ceramics Limited
SONACOMS,2025-12-19,2025-12-22,2025-12-26,499.0,482.45,-3.32,STOP_LOSS,5,67.93,3.6,Sona BLW Precision Forgings Limited
SONAMLTD,2026-08-18,2026-08-19,2026-08-28,62.3,70.87,13.75,TARGET_HIT,8,73.81,16.08,SONAM LIMITED
SOUTHWEST,2024-12-09,2024-12-10,2024-12-10,165.8,157.39,-5.07,STOP_LOSS,1,70.22,5.43,South West Pinnacle Exploration Limited
SPECIALITY,2026-05-21,2026-05-22,2026-05-22,115.78,109.41,-5.5,STOP_LOSS,1,72.07,7.12,Speciality Restaurants Limited
SPECIALITY,2026-08-10,2026-08-11,2026-08-13,158.99,150.25,-5.5,STOP_LOSS,3,67.36,3.32,Speciality Restaurants Limited
SPECTRUM,2026-03-25,2026-03-27,2026-03-30,1440.8,1556.8,8.05,TARGET_HIT,2,67.18,3.37,Spectrum Electrical Industries Limited
SPECTRUM,2026-03-25,2026-03-27,2026-03-30,1440.8,1556.8,8.05,TARGET_HIT,2,67.18,2.67,Spectrum Electrical Industries Limited
SPLPETRO,2025-04-11,2025-04-15,2025-05-02,623.25,648.2,4.0,TIME_EXIT,12,83.6,4.98,Supreme Petrochem Limited
SPLPETRO,2025-04-23,2025-04-24,2025-05-12,632.0,718.9,13.75,TARGET_HIT,12,70.66,7.5,Supreme Petrochem Limited
SPLPETRO,2025-06-11,2025-06-12,2025-06-13,768.15,738.0,-3.93,STOP_LOSS,2,65.51,2.99,Supreme Petrochem Limited
SPLPETRO,2025-06-17,2025-06-18,2025-07-03,810.05,837.25,3.36,TIME_EXIT,12,69.7,6.39,Supreme Petrochem Limited
SPLPETRO,2026-04-22,2026-04-23,2026-04-27,816.1,771.21,-5.5,STOP_LOSS,3,66.07,5.33,Supreme Petrochem Limited
SREEL,2026-09-07,2026-09-08,2026-09-09,279.4,317.82,13.75,TARGET_HIT,2,73.32,3.22,Sreeleathers Limited
SREEL,2026-09-09,2026-09-10,2026-09-10,350.5,398.69,13.75,TARGET_HIT,1,63.77,22.16,Sreeleathers Limited
SRF,2025-06-27,2025-06-30,2025-07-15,3184.8,3223.6,1.22,TIME_EXIT,12,80.7,5.26,SRF Limited
SRM,2025-06-20,2025-06-23,2025-06-23,443.1,465.85,5.13,TARGET_HIT,1,62.48,2.94,SRM Contractors Limited
SSWL,2025-05-14,2025-05-15,2025-05-16,243.05,229.81,-5.45,STOP_LOSS,2,60.01,3.07,Steel Strips Wheels Limited
STANLEY,2025-05-26,2025-05-27,2025-05-27,353.8,348.49,-1.5,STOP_LOSS,1,76.44,2.84,Stanley Lifestyles Limited
STARHEALTH,2025-09-16,2025-09-17,2025-09-29,454.0,438.45,-3.43,STOP_LOSS,9,71.09,15.97,Star Health and Allied Insurance Company Limited
STARHEALTH,2026-04-21,2026-04-22,2026-04-29,514.0,544.12,5.86,TARGET_HIT,6,73.97,2.6,Star Health and Allied Insurance Company Limited
STARHEALTH,2026-05-21,2026-05-22,2026-05-22,528.0,520.0,-1.52,STOP_LOSS,1,78.98,2.91,Star Health and Allied Insurance Company Limited
STARHEALTH,2026-07-29,2026-07-30,2026-08-06,615.35,581.51,-5.5,STOP_LOSS,6,70.87,4.28,Star Health and Allied Insurance Company Limited
STARPAPER,2026-09-10,2026-09-11,2026-09-15,170.0,160.65,-5.5,STOP_LOSS,3,76.3,5.0,Star Paper Mills Limited
STEELCAS,2024-10-16,2024-10-17,2024-10-17,784.7,764.05,-2.63,STOP_LOSS,1,84.09,3.54,Steelcast Limited
STEELCAS,2025-01-08,2025-01-09,2025-01-10,916.0,866.05,-5.45,STOP_LOSS,2,71.94,3.12,Steelcast Limited
STEELCAS,2026-08-04,2026-08-05,2026-08-11,345.2,326.21,-5.5,STOP_LOSS,5,64.37,8.48,Steelcast Limited
STEL,2025-12-17,2025-12-18,2025-12-19,560.0,551.6,-1.5,STOP_LOSS,2,63.94,2.69,Stel Holdings Limited
STYL,2026-06-15,2026-06-16,2026-06-30,289.5,316.88,9.46,TARGET_HIT,11,61.77,5.49,Seshaasai Technologies Limited
STYL,2026-07-07,2026-07-08,2026-07-14,348.0,395.85,13.75,TARGET_HIT,5,63.34,4.34,Seshaasai Technologies Limited
STYLAMIND,2025-05-15,2025-05-16,2025-05-26,1768.0,1705.7,-3.52,STOP_LOSS,7,81.9,3.08,Stylam Industries Limited
STYLAMIND,2025-10-07,2025-10-08,2025-10-08,1828.8,1939.3,6.04,TARGET_HIT,1,62.89,4.66,Stylam Industries Limited
STYLAMIND,2025-11-19,2025-11-20,2025-11-21,2053.2,1994.0,-2.88,STOP_LOSS,2,67.68,4.42,Stylam Industries Limited
STYLAMIND,2025-12-22,2025-12-23,2025-12-26,2280.0,2178.0,-4.47,STOP_LOSS,4,66.36,3.73,Stylam Industries Limited
STYLAMIND,2026-05-06,2026-05-07,2026-05-07,2350.0,2645.75,12.59,TARGET_HIT,1,66.13,2.88,Stylam Industries Limited
STYLAMIND,2026-07-20,2026-07-21,2026-07-22,3436.1,3876.35,12.81,TARGET_HIT,2,62.02,2.6,Stylam Industries Limited
STYLEBAAZA,2026-08-18,2026-08-19,2026-08-24,414.0,400.0,-3.38,STOP_LOSS,4,66.02,4.67,Baazar Style Retail Limited
STYRENIX,2026-03-10,2026-03-11,2026-03-23,1952.9,1874.7,-4.0,STOP_LOSS,9,90.58,14.73,Styrenix Performance Materials Limited
STYRENIX,2026-07-20,2026-07-21,2026-08-05,2378.0,2478.3,4.22,TIME_EXIT,12,67.11,10.44,Styrenix Performance Materials Limited
SUBROS,2025-05-14,2025-05-15,2025-05-22,649.0,707.75,9.05,TARGET_HIT,6,64.41,3.17,Subros Limited
SUDARSCHEM,2025-07-15,2025-07-16,2025-07-23,1267.5,1238.8,-2.26,STOP_LOSS,6,68.92,3.14,Sudarshan Chemical Industries Limited
SUDARSCHEM,2026-08-06,2026-08-07,2026-08-12,1119.0,1080.2,-3.47,STOP_LOSS,4,61.26,2.88,Sudarshan Chemical Industries Limited
SUDEEPPHRM,2026-03-20,2026-03-23,2026-03-23,600.0,591.0,-1.5,STOP_LOSS,1,87.56,4.04,Sudeep Pharma Limited
SUDEEPPHRM,2026-06-15,2026-06-16,2026-07-01,824.0,844.35,2.47,TIME_EXIT,12,64.79,5.94,Sudeep Pharma Limited
SUMICHEM,2026-05-25,2026-05-26,2026-06-08,482.95,466.9,-3.32,STOP_LOSS,10,65.63,3.28,Sumitomo Chemical India Limited
SUMIT,2025-05-19,2025-05-20,2025-05-20,109.94,103.89,-5.5,STOP_LOSS,1,64.69,5.01,Sumit Woods Limited
SUNCLAY,2025-01-07,2025-01-08,2025-01-21,2735.0,2592.8,-5.2,STOP_LOSS,10,63.79,3.52,Sundaram Clayton Limited
SUNDARMFIN,2025-12-19,2025-12-22,2026-01-06,4951.5,5295.5,6.95,TIME_EXIT,12,68.6,2.71,Sundaram Finance Limited
SUNDARMFIN,2025-12-24,2025-12-26,2025-12-30,5140.0,5040.1,-1.94,STOP_LOSS,3,77.65,5.08,Sundaram Finance Limited
SUNDARMFIN,2025-12-24,2025-12-26,2025-12-30,5140.0,5040.1,-1.94,STOP_LOSS,3,77.65,3.45,Sundaram Finance Limited
SUNDARMFIN,2026-07-31,2026-08-03,2026-08-11,4641.6,4461.1,-3.89,STOP_LOSS,7,68.56,4.32,Sundaram Finance Limited
SUNDRMFAST,2024-10-16,2024-10-17,2024-10-17,1486.9,1421.0,-4.43,STOP_LOSS,1,69.45,2.53,Sundram Fasteners Limited
SUNDRMFAST,2025-05-14,2025-05-15,2025-05-30,989.8,1026.5,3.71,TIME_EXIT,12,77.13,2.96,Sundram Fasteners Limited
SUNDRMFAST,2026-05-22,2026-05-25,2026-06-01,852.05,834.1,-2.11,STOP_LOSS,6,85.71,3.68,Sundram Fasteners Limited
SUNDRMFAST,2026-06-18,2026-06-19,2026-06-25,869.0,916.88,5.51,TARGET_HIT,5,74.02,2.79,Sundram Fasteners Limited
SUNDRMFAST,2026-08-05,2026-08-06,2026-08-06,1037.05,1093.68,5.46,TARGET_HIT,1,72.7,2.89,Sundram Fasteners Limited
SUNDRMFAST,2026-08-06,2026-08-07,2026-08-13,1091.0,1241.01,13.75,TARGET_HIT,5,73.13,2.95,Sundram Fasteners Limited
SUNDROP,2025-05-22,2025-05-23,2025-06-09,854.0,886.55,3.81,TIME_EXIT,12,61.11,3.66,Sundrop Brands Limited
SUNDROP,2026-05-06,2026-05-07,2026-05-11,669.95,712.58,6.36,TARGET_HIT,3,72.08,3.86,Sundrop Brands Limited
SUNPHARMA,2026-07-27,2026-07-28,2026-08-06,1978.8,1933.0,-2.31,STOP_LOSS,8,83.07,3.72,Sun Pharmaceutical Industries Limited
SUNTECK,2026-07-09,2026-07-10,2026-07-22,321.5,309.3,-3.79,STOP_LOSS,9,90.95,13.17,Sunteck Realty Limited
SUNTV,2025-04-11,2025-04-15,2025-04-21,670.0,654.0,-2.39,STOP_LOSS,4,70.99,2.67,Sun TV Network Limited
SUNTV,2026-03-23,2026-03-24,2026-03-24,600.0,583.2,-2.8,STOP_LOSS,1,66.83,18.73,Sun TV Network Limited
SUPRAJIT,2025-06-03,2025-06-04,2025-06-04,418.0,437.12,4.58,TARGET_HIT,1,93.99,3.15,Suprajit Engineering Limited
SUPREMEIND,2025-05-23,2025-05-26,2025-05-28,3918.0,4241.75,8.26,TARGET_HIT,3,67.24,3.24,Supreme Industries Limited
SUPREMEIND,2025-06-17,2025-06-18,2025-06-19,4620.0,4550.0,-1.52,STOP_LOSS,2,61.17,5.88,Supreme Industries Limited
SURAJEST,2026-08-05,2026-08-06,2026-08-07,207.0,201.11,-2.85,STOP_LOSS,2,70.08,6.56,Suraj Estate Developers Limited
SURAJEST,2026-08-10,2026-08-11,2026-08-17,208.0,222.5,6.97,TARGET_HIT,5,63.09,2.5,Suraj Estate Developers Limited
SURAJEST,2026-08-13,2026-08-14,2026-08-17,215.97,209.33,-3.07,STOP_LOSS,2,79.16,3.75,Suraj Estate Developers Limited
SWARAJENG,2025-04-15,2025-04-16,2025-05-05,4075.2,4025.0,-1.23,TIME_EXIT,12,64.47,2.55,Swaraj Engines Limited
SWARAJENG,2026-07-01,2026-07-02,2026-07-03,4059.0,3990.3,-1.69,STOP_LOSS,2,61.3,2.87,Swaraj Engines Limited
SWARAJENG,2026-07-02,2026-07-03,2026-07-03,3990.0,3930.15,-1.5,STOP_LOSS,1,63.61,3.43,Swaraj Engines Limited
SWIGGY,2025-08-20,2025-08-21,2025-08-29,427.0,406.35,-4.84,STOP_LOSS,6,62.86,3.84,Swiggy Limited
SWIGGY,2025-08-26,2025-08-28,2025-08-29,430.55,419.0,-2.68,STOP_LOSS,2,70.8,11.81,Swiggy Limited
TAALTECH,2026-07-13,2026-07-14,2026-07-17,4140.0,3912.3,-5.5,STOP_LOSS,4,73.78,3.41,Taal Tech Limited
TAALTECH,2026-08-25,2026-08-26,2026-09-02,4534.7,4352.1,-4.03,STOP_LOSS,6,68.4,2.64,Taal Tech Limited
TARSONS,2024-12-27,2024-12-30,2025-01-02,420.05,396.95,-5.5,STOP_LOSS,4,76.99,26.52,Tarsons Products Limited
TARSONS,2026-05-22,2026-05-25,2026-05-25,217.7,239.3,9.92,TARGET_HIT,1,61.42,4.9,Tarsons Products Limited
TATACOMM,2025-10-08,2025-10-09,2025-10-10,1677.0,1739.89,3.75,TARGET_HIT,2,63.47,2.66,Tata Communications Limited
TBOTEK,2025-09-19,2025-09-22,2025-09-25,1638.9,1564.2,-4.56,STOP_LOSS,4,64.42,9.26,TBO Tek Limited
TBOTEK,2025-10-27,2025-10-28,2025-10-28,1620.0,1590.0,-1.85,STOP_LOSS,1,73.22,2.72,TBO Tek Limited
TBOTEK,2025-11-24,2025-11-25,2025-11-25,1725.2,1698.0,-1.58,STOP_LOSS,1,62.81,5.27,TBO Tek Limited
TCI,2025-06-24,2025-06-25,2025-06-27,1145.0,1119.9,-2.19,STOP_LOSS,3,75.89,3.85,Transport Corporation of India Limited
TCI,2026-07-07,2026-07-08,2026-07-09,954.2,923.1,-3.26,STOP_LOSS,2,65.96,2.96,Transport Corporation of India Limited
TCIEXP,2025-05-13,2025-05-14,2025-05-19,699.9,739.65,5.68,TARGET_HIT,4,88.03,12.59,TCI Express Limited
TDPOWERSYS,2025-05-12,2025-05-13,2025-05-15,437.95,489.95,11.87,TARGET_HIT,3,62.09,2.53,TD Power Systems Limited
TEAMLEASE,2025-01-02,2025-01-03,2025-01-06,3066.6,2988.85,-2.54,STOP_LOSS,2,76.23,6.55,Teamlease Services Limited
TEAMLEASE,2026-05-05,2026-05-06,2026-05-12,1320.0,1474.75,11.72,TARGET_HIT,5,63.67,6.06,Teamlease Services Limited
TEAMLEASE,2026-06-11,2026-06-12,2026-06-29,1429.7,1447.2,1.22,TIME_EXIT,12,80.96,2.8,Teamlease Services Limited
TEAMLEASE,2026-06-18,2026-06-19,2026-07-03,1457.2,1435.34,-1.5,STOP_LOSS,11,62.37,2.58,Teamlease Services Limited
TEGA,2025-05-30,2025-06-02,2025-06-02,1640.1,1615.5,-1.5,STOP_LOSS,1,72.65,2.83,Tega Industries Limited
TEGA,2025-07-02,2025-07-03,2025-07-07,1603.5,1752.75,9.31,TARGET_HIT,3,60.61,3.55,Tega Industries Limited
TEGA,2025-07-15,2025-07-16,2025-07-16,1840.0,1957.5,6.39,TARGET_HIT,1,61.92,9.04,Tega Industries Limited
TEXINFRA,2024-11-27,2024-11-28,2024-12-04,126.21,140.16,11.05,TARGET_HIT,5,64.32,3.68,Texmaco Infrastructure & Holdings Limited
TEXINFRA,2026-04-15,2026-04-16,2026-04-21,103.4,99.0,-4.26,STOP_LOSS,4,64.61,4.63,Texmaco Infrastructure & Holdings Limited
TEXINFRA,2026-05-05,2026-05-06,2026-05-12,104.9,99.13,-5.5,STOP_LOSS,5,62.43,6.38,Texmaco Infrastructure & Holdings Limited
TEXINFRA,2026-05-11,2026-05-12,2026-05-12,101.6,99.41,-2.16,STOP_LOSS,1,86.24,8.59,Texmaco Infrastructure & Holdings Limited
TFCILTD,2024-12-12,2024-12-13,2024-12-19,181.44,171.46,-5.5,STOP_LOSS,5,60.47,2.59,Tourism Finance Corporation of India Limited
TFCILTD,2025-05-27,2025-05-28,2025-06-12,220.8,220.51,-0.13,TIME_EXIT,12,68.75,4.51,Tourism Finance Corporation of India Limited
TFCILTD,2025-09-05,2025-09-08,2025-09-19,347.75,339.05,-2.5,STOP_LOSS,10,75.65,2.63,Tourism Finance Corporation of India Limited
THANGAMAYL,2025-12-09,2025-12-10,2025-12-17,3200.0,3474.0,8.56,TARGET_HIT,6,78.73,8.97,Thangamayil Jewellery Limited
THEJO,2025-05-15,2025-05-16,2025-05-20,2080.0,1965.6,-5.5,STOP_LOSS,3,78.76,5.88,Thejo Engineering Limited
THEJO,2026-07-20,2026-07-21,2026-07-23,1920.0,1855.1,-3.38,STOP_LOSS,3,70.34,3.91,Thejo Engineering Limited
THELEELA,2026-02-27,2026-03-02,2026-03-02,433.1,449.34,3.75,TARGET_HIT,1,65.23,4.75,Leela Palaces Hotels & Resorts Limited
THELEELA,2026-08-20,2026-08-21,2026-08-24,539.5,567.88,5.26,TARGET_HIT,2,68.04,3.18,Leela Palaces Hotels & Resorts Limited
THERMAX,2025-06-04,2025-06-05,2025-06-20,3550.0,3384.9,-4.65,STOP_LOSS,12,75.7,5.35,Thermax Limited
THYROCARE,2024-10-29,2024-10-30,2024-10-30,936.95,972.09,3.75,TARGET_HIT,1,76.78,3.49,Thyrocare Technologies Limited
THYROCARE,2025-05-29,2025-05-30,2025-06-02,1026.0,1010.61,-1.5,STOP_LOSS,2,73.08,2.69,Thyrocare Technologies Limited
THYROCARE,2025-09-04,2025-09-05,2025-09-10,1335.2,1285.8,-3.7,STOP_LOSS,4,69.29,4.22,Thyrocare Technologies Limited
TIIL,2025-07-18,2025-07-21,2025-07-31,3250.0,3108.6,-4.35,STOP_LOSS,9,60.21,4.71,Technocraft Industries (India) Limited
TIIL,2026-06-23,2026-06-24,2026-06-25,2598.1,2559.13,-1.5,STOP_LOSS,2,61.34,2.57,Technocraft Industries (India) Limited
TIINDIA,2024-10-22,2024-10-23,2024-10-23,4441.15,4664.02,5.02,TARGET_HIT,1,62.33,3.7,Tube Investments of India Limited
TIINDIA,2026-03-02,2026-03-04,2026-03-09,2803.5,2649.31,-5.5,STOP_LOSS,4,70.39,4.19,Tube Investments of India Limited
TIINDIA,2026-03-02,2026-03-04,2026-03-09,2803.5,2649.31,-5.5,STOP_LOSS,4,70.39,3.0,Tube Investments of India Limited
TIINDIA,2026-04-20,2026-04-21,2026-05-06,2896.5,2917.0,0.71,TIME_EXIT,12,60.36,3.28,Tube Investments of India Limited
TIINDIA,2026-06-09,2026-06-10,2026-06-10,3127.0,3060.1,-2.14,STOP_LOSS,1,69.32,2.55,Tube Investments of India Limited
TIMKEN,2026-02-25,2026-02-26,2026-03-04,3350.0,3245.3,-3.13,STOP_LOSS,5,65.98,2.83,Timken India Limited
TIMKEN,2026-02-27,2026-03-02,2026-03-04,3351.0,3300.74,-1.5,STOP_LOSS,3,68.95,6.61,Timken India Limited
TIMKEN,2026-05-19,2026-05-20,2026-06-04,3550.0,3571.3,0.6,TIME_EXIT,12,75.61,2.74,Timken India Limited
TIMKEN,2026-05-20,2026-05-21,2026-06-02,3690.0,3506.5,-4.97,STOP_LOSS,9,67.95,9.0,Timken India Limited
TIMKEN,2026-06-16,2026-06-17,2026-06-22,3631.4,3888.4,7.08,TARGET_HIT,4,65.61,6.45,Timken India Limited
TIRUMALCHM,2026-05-20,2026-05-21,2026-05-29,214.0,202.23,-5.5,STOP_LOSS,7,69.55,3.0,Thirumalai Chemicals Limited
TITAN,2025-12-16,2025-12-17,2026-01-01,3930.0,4049.3,3.04,TIME_EXIT,12,65.95,2.51,Titan Company Limited
TMCV,2026-02-27,2026-03-02,2026-03-02,485.0,503.19,3.75,TARGET_HIT,1,61.42,3.08,Tata Motors Limited
TMCV,2026-08-31,2026-09-01,2026-09-01,472.0,459.5,-2.65,STOP_LOSS,1,60.37,2.64,Tata Motors Limited
TNPETRO,2025-05-02,2025-05-05,2025-05-16,76.19,83.79,9.98,TARGET_HIT,10,60.72,2.55,Tamilnadu PetroProducts Limited
TNPL,2025-05-19,2025-05-20,2025-05-20,168.7,160.37,-4.94,STOP_LOSS,1,60.86,2.9,Tamil Nadu Newsprint & Papers Limited
TORNTPHARM,2025-12-04,2025-12-05,2025-12-09,3805.1,3720.0,-2.24,STOP_LOSS,3,84.24,4.54,Torrent Pharmaceuticals Limited
TORNTPHARM,2026-06-29,2026-06-30,2026-07-15,4668.9,5017.8,7.47,TIME_EXIT,12,61.98,5.08,Torrent Pharmaceuticals Limited
TRAVELFOOD,2025-09-04,2025-09-05,2025-09-11,1319.9,1263.5,-4.27,STOP_LOSS,5,76.95,2.93,Travel Food Services Limited
TRAVELFOOD,2026-08-03,2026-08-04,2026-08-19,1354.0,1321.7,-2.39,TIME_EXIT,12,60.61,2.91,Travel Food Services Limited
TRENT,2025-06-20,2025-06-23,2025-06-23,5850.0,6175.0,5.56,TARGET_HIT,1,72.18,20.22,Trent Limited
TRITURBINE,2025-12-22,2025-12-23,2026-01-07,536.0,532.95,-0.57,TIME_EXIT,12,82.37,3.32,Triveni Turbine Limited
TRITURBINE,2025-12-31,2026-01-01,2026-01-07,538.3,530.23,-1.5,STOP_LOSS,5,91.52,8.75,Triveni Turbine Limited
TRUALT,2026-03-20,2026-03-23,2026-03-23,409.0,397.75,-2.75,STOP_LOSS,1,62.98,2.53,TruAlt Bioenergy Limited
TRUALT,2026-06-08,2026-06-09,2026-06-11,521.0,495.1,-4.97,STOP_LOSS,3,66.67,3.28,TruAlt Bioenergy Limited
TTKHLTCARE,2025-07-14,2025-07-15,2025-07-21,1350.5,1308.4,-3.12,STOP_LOSS,5,60.72,3.36,TTK Healthcare Limited
TTKHLTCARE,2026-08-28,2026-08-31,2026-09-15,1144.0,1081.08,-5.5,STOP_LOSS,12,62.86,4.25,TTK Healthcare Limited
TTKPRESTIG,2025-05-05,2025-05-06,2025-05-09,650.1,614.34,-5.5,STOP_LOSS,4,83.38,3.55,TTK Prestige Limited
TTKPRESTIG,2025-08-06,2025-08-07,2025-08-25,639.0,656.15,2.68,TIME_EXIT,12,93.42,3.44,TTK Prestige Limited
TTL,2024-11-01,2024-11-04,2024-11-04,163.0,154.04,-5.5,STOP_LOSS,1,62.21,2.95,T T Limited
TVSHLTD,2025-10-03,2025-10-06,2025-10-20,13211.0,14456.0,9.42,TARGET_HIT,11,72.55,7.87,TVS Holdings Limited
TVSMOTOR,2025-10-15,2025-10-16,2025-10-29,3585.0,3505.1,-2.23,STOP_LOSS,10,62.83,2.66,TVS Motor Company Limited
TVSSRICHAK,2026-06-22,2026-06-23,2026-06-25,4284.0,4110.0,-4.06,STOP_LOSS,3,60.89,2.82,TVS Srichakra Limited
TVTODAY,2025-01-17,2025-01-20,2025-01-22,210.02,201.5,-4.06,STOP_LOSS,3,77.45,4.89,TV Today Network Limited
UCAL,2026-08-14,2026-08-17,2026-08-17,140.0,158.62,13.3,TARGET_HIT,1,60.26,10.06,UCAL LIMITED
UDS,2026-05-07,2026-05-08,2026-05-25,169.0,179.79,6.38,TIME_EXIT,12,66.07,23.37,Updater Services Limited
UDS,2026-06-05,2026-06-08,2026-06-08,193.9,183.24,-5.5,STOP_LOSS,1,84.57,17.51,Updater Services Limited
UDS,2026-08-19,2026-08-20,2026-09-04,219.0,239.03,9.15,TIME_EXIT,12,66.88,5.77,Updater Services Limited
UDS,2026-09-03,2026-09-04,2026-09-07,240.0,230.42,-3.99,STOP_LOSS,2,63.54,6.45,Updater Services Limited
UFLEX,2026-07-10,2026-07-13,2026-07-15,448.0,436.25,-2.62,STOP_LOSS,3,64.5,4.6,UFLEX Limited
UGROCAP,2025-05-19,2025-05-20,2025-05-20,192.0,188.41,-1.87,STOP_LOSS,1,70.53,2.53,Ugro Capital Limited
UJJIVANSFB,2025-06-10,2025-06-11,2025-06-11,51.4,49.08,-4.51,STOP_LOSS,1,67.89,4.39,Ujjivan Small Finance Bank Limited
UJJIVANSFB,2025-10-20,2025-10-21,2025-11-04,51.43,51.96,1.03,TIME_EXIT,12,61.69,4.24,Ujjivan Small Finance Bank Limited
UJJIVANSFB,2025-11-26,2025-11-27,2025-12-04,55.5,53.3,-3.96,STOP_LOSS,6,61.43,3.78,Ujjivan Small Finance Bank Limited
ULTRACEMCO,2025-08-18,2025-08-19,2025-08-25,12787.0,12556.0,-1.81,STOP_LOSS,5,69.6,3.64,UltraTech Cement Limited
UNIPARTS,2026-07-10,2026-07-13,2026-07-24,707.0,668.12,-5.5,STOP_LOSS,10,66.28,3.12,Uniparts India Limited
UNITDSPR,2024-12-30,2024-12-31,2025-01-08,1615.05,1567.2,-2.96,STOP_LOSS,7,76.64,7.53,United Spirits Limited
UNIVASTU,2025-08-20,2025-08-21,2025-08-25,272.1,299.85,10.2,TARGET_HIT,3,81.04,6.63,Univastu India Limited
UNOMINDA,2025-05-22,2025-05-23,2025-05-30,1040.0,982.8,-5.5,STOP_LOSS,6,60.46,3.21,UNO Minda Limited
UNOMINDA,2025-11-26,2025-11-27,2025-12-03,1326.7,1274.9,-3.9,STOP_LOSS,5,69.61,3.46,UNO Minda Limited
UPL,2025-03-21,2025-03-24,2025-03-26,667.95,645.65,-3.34,STOP_LOSS,3,62.67,3.44,UPL Limited
UPL,2025-12-30,2025-12-31,2026-01-09,793.3,768.9,-3.08,STOP_LOSS,8,72.67,3.61,UPL Limited
USHAMART,2025-08-19,2025-08-20,2025-08-20,371.0,364.5,-1.75,STOP_LOSS,1,69.44,3.58,Usha Martin Limited
USHAMART,2025-08-25,2025-08-26,2025-09-11,382.3,383.55,0.33,TIME_EXIT,12,74.46,5.0,Usha Martin Limited
USHAMART,2026-04-27,2026-04-28,2026-05-13,462.9,475.5,2.72,TIME_EXIT,12,66.44,17.6,Usha Martin Limited
UTLSOLAR,2026-02-04,2026-02-05,2026-02-16,211.55,203.5,-3.81,STOP_LOSS,8,79.47,2.62,Fujiyama Power Systems Limited
VALIANTLAB,2025-07-16,2025-07-17,2025-07-17,122.45,116.41,-4.93,STOP_LOSS,1,62.88,9.01,Valiant Laboratories Limited
VALIANTLAB,2026-08-18,2026-08-19,2026-08-19,95.1,89.87,-5.5,STOP_LOSS,1,88.16,5.56,Valiant Laboratories Limited
VALIANTLAB,2026-08-19,2026-08-20,2026-08-20,94.8,89.59,-5.5,STOP_LOSS,1,62.17,3.62,Valiant Laboratories Limited
VALIANTORG,2025-05-16,2025-05-19,2025-05-29,390.0,443.62,13.75,TARGET_HIT,9,62.22,3.98,Valiant Organics Limited
VALIANTORG,2025-05-29,2025-05-30,2025-06-06,458.0,440.0,-3.93,STOP_LOSS,6,64.18,3.21,Valiant Organics Limited
VARROC,2025-07-15,2025-07-16,2025-07-18,568.4,557.4,-1.94,STOP_LOSS,3,62.27,4.57,Varroc Engineering Limited
VBL,2024-12-30,2024-12-31,2025-01-07,637.9,621.0,-2.65,STOP_LOSS,6,71.32,5.41,Varun Beverages Limited
VENTIVE,2025-11-13,2025-11-14,2025-11-19,748.05,728.0,-2.68,STOP_LOSS,4,60.32,3.54,Ventive Hospitality Limited
VENTIVE,2026-06-15,2026-06-16,2026-06-29,660.0,624.5,-5.38,STOP_LOSS,10,81.15,11.61,Ventive Hospitality Limited
VENTIVE,2026-06-16,2026-06-17,2026-06-18,665.4,653.65,-1.77,STOP_LOSS,2,73.11,5.17,Ventive Hospitality Limited
VENUSREM,2025-05-16,2025-05-19,2025-05-27,349.0,396.99,13.75,TARGET_HIT,7,74.97,5.79,Venus Remedies Limited
VENUSREM,2025-11-10,2025-11-11,2025-11-12,548.0,517.86,-5.5,STOP_LOSS,2,60.52,4.5,Venus Remedies Limited
VENUSREM,2026-06-02,2026-06-03,2026-06-08,1481.8,1685.55,13.75,TARGET_HIT,4,70.45,3.45,Venus Remedies Limited
VENUSREM,2026-06-04,2026-06-05,2026-06-12,1593.8,1783.05,11.87,TARGET_HIT,6,62.34,2.66,Venus Remedies Limited
VERANDA,2026-06-15,2026-06-16,2026-06-18,244.7,231.24,-5.5,STOP_LOSS,3,62.85,2.55,Veranda Learning Solutions Limited
VETO,2026-05-29,2026-06-01,2026-06-01,124.61,122.6,-1.61,STOP_LOSS,1,60.19,3.34,Veto Switchgears And Cables Limited
VGUARD,2025-04-22,2025-04-23,2025-04-28,360.8,349.85,-3.03,STOP_LOSS,4,66.43,2.67,V-Guard Industries Limited
VGUARD,2025-06-25,2025-06-26,2025-07-04,384.0,400.5,4.3,TARGET_HIT,7,79.24,3.05,V-Guard Industries Limited
VGUARD,2026-04-27,2026-04-28,2026-04-30,333.0,328.0,-1.5,STOP_LOSS,3,80.48,3.08,V-Guard Industries Limited
VHL,2025-10-23,2025-10-24,2025-11-20,4202.0,4022.0,-4.28,STOP_LOSS,4,72.27,7.57,Vardhman Holdings Limited
VIDHIING,2026-07-30,2026-07-31,2026-08-17,313.8,319.2,1.72,TIME_EXIT,12,86.32,9.66,Vidhi Specialty Food Ingredients Limited
VIDHIING,2026-08-17,2026-08-18,2026-08-19,322.7,310.0,-3.94,STOP_LOSS,2,77.59,3.53,Vidhi Specialty Food Ingredients Limited
VIDHIING,2026-08-27,2026-08-28,2026-09-08,352.65,338.4,-4.04,STOP_LOSS,8,87.08,2.99,Vidhi Specialty Food Ingredients Limited
VIJAYA,2026-04-30,2026-05-04,2026-05-08,1139.0,1261.5,10.76,TARGET_HIT,5,85.39,5.35,Vijaya Diagnostic Centre Limited
VIJAYA,2026-04-30,2026-05-04,2026-05-08,1139.0,1261.5,10.76,TARGET_HIT,5,85.39,3.81,Vijaya Diagnostic Centre Limited
VINATIORGA,2025-05-16,2025-05-19,2025-06-03,1794.9,1837.2,2.36,TIME_EXIT,12,70.16,9.49,Vinati Organics Limited
VINATIORGA,2025-05-19,2025-05-20,2025-06-04,1878.9,1849.6,-1.56,TIME_EXIT,12,73.18,3.76,Vinati Organics Limited
VINATIORGA,2025-05-22,2025-05-23,2025-06-09,1900.0,1883.4,-0.87,TIME_EXIT,12,84.16,2.66,Vinati Organics Limited
VINATIORGA,2025-07-16,2025-07-17,2025-07-21,1980.0,1950.3,-1.5,STOP_LOSS,3,84.6,4.88,Vinati Organics Limited
VINATIORGA,2026-07-06,2026-07-07,2026-07-08,1347.0,1318.1,-2.15,STOP_LOSS,2,74.07,2.61,Vinati Organics Limited
VISAKAIND,2026-05-11,2026-05-12,2026-05-12,77.4,74.25,-4.07,STOP_LOSS,1,62.23,3.45,Visaka Industries Limited
VISHNU,2026-07-20,2026-07-21,2026-07-24,648.0,612.36,-5.5,STOP_LOSS,4,66.76,2.91,Vishnu Chemicals Limited
VMART,2025-06-09,2025-06-10,2025-06-12,3480.0,3702.5,6.39,TARGET_HIT,3,62.78,2.51,V-Mart Retail Limited
VMM,2025-06-17,2025-06-18,2025-06-18,130.0,122.85,-5.5,STOP_LOSS,1,78.68,151.51,Vishal Mega Mart Limited
VMM,2025-08-26,2025-08-28,2025-09-02,151.29,146.51,-3.16,STOP_LOSS,4,65.44,16.72,Vishal Mega Mart Limited
VOLTAMP,2025-12-19,2025-12-22,2025-12-23,8071.5,7860.0,-2.62,STOP_LOSS,2,60.98,2.53,Voltamp Transformers Limited
VOLTAS,2024-12-30,2024-12-31,2025-01-10,1736.8,1675.0,-3.56,STOP_LOSS,9,65.02,7.33,Voltas Limited
VOLTAS,2026-01-07,2026-01-08,2026-01-08,1507.7,1482.4,-1.68,STOP_LOSS,1,65.98,3.03,Voltas Limited
VSTIND,2026-07-03,2026-07-06,2026-07-10,270.95,261.35,-3.54,STOP_LOSS,5,62.31,2.91,VST Industries Limited
WABAG,2024-10-18,2024-10-21,2024-10-21,1892.3,1788.22,-5.5,STOP_LOSS,1,60.13,3.94,VA Tech Wabag Limited
WABAG,2026-04-24,2026-04-27,2026-04-30,1505.8,1450.2,-3.69,STOP_LOSS,4,69.27,3.14,VA Tech Wabag Limited
WELCORP,2024-10-17,2024-10-18,2024-10-18,720.15,709.35,-1.5,STOP_LOSS,1,68.34,2.52,Welspun Corp Limited
WELCORP,2026-06-25,2026-06-29,2026-07-03,1465.0,1410.1,-3.75,STOP_LOSS,5,62.94,5.34,Welspun Corp Limited
WELCORP,2026-06-25,2026-06-29,2026-07-03,1465.0,1410.1,-3.75,STOP_LOSS,5,62.94,3.71,Welspun Corp Limited
WELCORP,2026-08-05,2026-08-06,2026-08-19,1800.0,1953.25,8.51,TARGET_HIT,10,61.28,2.69,Welspun Corp Limited
WELENT,2025-04-24,2025-04-25,2025-04-25,512.0,491.0,-4.1,STOP_LOSS,1,67.54,3.43,Welspun Enterprises Limited
WELINV,2025-06-05,2025-10-27,2025-10-27,1224.0,1392.3,13.75,TARGET_HIT,1,81.64,16.22,Welspun Investments and Commercials Limited
WELINV,2025-12-01,2025-12-02,2025-12-02,1479.9,1398.51,-5.5,STOP_LOSS,1,70.72,32.34,Welspun Investments and Commercials Limited
WESTLIFE,2026-05-05,2026-05-06,2026-05-14,490.75,476.5,-2.9,STOP_LOSS,7,90.19,5.88,WESTLIFE FOODWORLD LIMITED
WESTLIFE,2026-08-20,2026-08-21,2026-08-26,594.5,572.3,-3.73,STOP_LOSS,4,63.17,2.56,WESTLIFE FOODWORLD LIMITED
WHEELS,2025-05-19,2025-05-20,2025-05-20,782.0,738.99,-5.5,STOP_LOSS,1,69.06,4.01,Wheels India Limited
WHEELS,2026-04-28,2026-04-29,2026-04-29,1077.25,1161.62,7.83,TARGET_HIT,1,73.56,7.12,Wheels India Limited
WHIRLPOOL,2025-04-22,2025-04-23,2025-04-24,1110.0,1207.25,8.76,TARGET_HIT,2,67.73,2.73,Whirlpool of India Limited
WINDLAS,2026-01-30,2026-02-02,2026-02-02,818.8,863.3,5.43,TARGET_HIT,1,67.4,2.72,Windlas Biotech Limited
WINDMACHIN,2025-05-12,2025-05-13,2025-05-28,358.8,359.75,0.26,TIME_EXIT,12,69.85,3.76,Windsor Machines Limited
WIPRO,2026-08-31,2026-09-01,2026-09-03,181.0,176.17,-2.67,STOP_LOSS,3,63.43,3.37,Wipro Limited
WSTCSTPAPR,2025-05-26,2025-05-27,2025-06-11,494.6,528.9,6.93,TIME_EXIT,12,60.43,2.64,West Coast Paper Mills Limited
WSTCSTPAPR,2026-04-22,2026-04-23,2026-05-08,495.0,523.7,5.8,TIME_EXIT,12,75.7,5.42,West Coast Paper Mills Limited
YASHO,2025-01-02,2025-01-03,2025-01-10,2081.0,1971.5,-5.26,STOP_LOSS,6,89.5,4.88,Yasho Industries Limited
YATHARTH,2025-05-21,2025-05-22,2025-06-06,509.0,539.8,6.05,TIME_EXIT,12,68.13,4.82,Yatharth Hospital & Trauma Care Services Limited
YATHARTH,2025-08-04,2025-08-05,2025-08-08,657.0,722.12,9.91,TARGET_HIT,4,76.15,4.96,Yatharth Hospital & Trauma Care Services Limited
YATRA,2024-12-31,2025-01-01,2025-01-06,116.54,113.0,-3.04,STOP_LOSS,4,60.42,4.94,Yatra Online Limited
YUKEN,2025-07-08,2025-07-09,2025-07-24,1124.1,1116.9,-0.64,TIME_EXIT,12,61.78,2.88,Yuken India Limited
YUKEN,2026-08-05,2026-08-06,2026-08-12,749.55,852.61,13.75,TARGET_HIT,5,88.9,10.12,Yuken India Limited
YUKEN,2026-08-19,2026-08-20,2026-09-04,949.0,1010.8,6.51,TIME_EXIT,12,61.15,3.81,Yuken India Limited
ZENTEC,2024-11-25,2024-11-26,2024-12-03,1848.85,1794.65,-2.93,STOP_LOSS,6,63.4,2.56,Zen Technologies Limited
ZENTEC,2025-05-19,2025-05-20,2025-05-20,1978.6,1884.5,-4.76,STOP_LOSS,1,66.44,3.02,Zen Technologies Limited
ZFCVINDIA,2025-05-30,2025-06-02,2025-06-17,13412.0,13207.0,-1.53,TIME_EXIT,12,67.24,3.01,ZF Commercial Vehicle Control Systems India Limited
ZFCVINDIA,2025-12-16,2025-12-17,2026-01-01,14881.0,14729.0,-1.02,TIME_EXIT,12,76.73,5.95,ZF Commercial Vehicle Control Systems India Limited
ZFCVINDIA,2026-06-15,2026-06-16,2026-06-16,15090.0,14836.0,-1.68,STOP_LOSS,1,68.9,3.35,ZF Commercial Vehicle Control Systems India Limited
ZIMLAB,2025-07-17,2025-07-18,2025-07-21,122.6,115.86,-5.5,STOP_LOSS,2,79.86,45.47,Zim Laboratories Limited
ZYDUSWELL,2025-04-29,2025-04-30,2025-05-02,1802.4,1751.0,-2.85,STOP_LOSS,2,72.95,4.47,Zydus Wellness Limited
ZYDUSWELL,2025-06-06,2025-06-09,2025-06-16,1958.0,1896.1,-3.16,STOP_LOSS,6,85.08,5.36,Zydus Wellness Limited
