symbol,signal_date,entry_date,exit_date,entry_price,exit_price,ret_pct,exit_reason,holding_days,deliv_per,deliv_spike_x,company_name
360ONE,2025-04-23,2025-04-24,2025-04-24,1058.0,1020.97,-3.5,STOP_LOSS,1,57.92,2.06,360 ONE WAM LIMITED
360ONE,2025-10-20,2025-10-21,2025-10-29,1200.1,1158.1,-3.5,STOP_LOSS,7,57.96,3.71,360 ONE WAM LIMITED
3MINDIA,2025-11-03,2025-11-04,2025-11-04,33060.0,36035.4,9.0,TARGET_HIT,1,73.22,13.86,3M India Limited
3MINDIA,2026-04-22,2026-04-23,2026-05-06,32800.0,32525.0,-0.84,TIME_EXIT,10,59.55,4.62,3M India Limited
AADHARHFC,2026-06-19,2026-06-22,2026-06-22,516.0,497.94,-3.5,STOP_LOSS,1,69.63,9.21,Aadhar Housing Finance Limited
AAREYDRUGS,2025-12-16,2025-12-17,2025-12-17,67.0,64.66,-3.5,STOP_LOSS,1,65.61,3.61,Aarey Drugs & Pharmaceuticals Limited
AAREYDRUGS,2026-04-17,2026-04-20,2026-04-24,82.7,90.14,9.0,TARGET_HIT,5,57.89,6.29,Aarey Drugs & Pharmaceuticals Limited
AARTECH,2025-01-02,2025-01-03,2025-01-06,87.5,95.38,9.0,TARGET_HIT,2,63.07,4.27,Aartech Solonics Limited
AARTISURF,2026-08-03,2026-08-04,2026-08-04,529.95,511.4,-3.5,STOP_LOSS,1,67.28,9.09,Aarti Surfactants Limited
AAVAS,2026-04-10,2026-04-13,2026-04-17,1215.1,1324.46,9.0,TARGET_HIT,5,85.38,2.25,Aavas Financiers Limited
ABB,2026-02-03,2026-02-04,2026-02-17,5661.0,5836.0,3.09,TIME_EXIT,10,58.36,2.07,ABB India Limited
ABCAPITAL,2025-06-20,2025-06-23,2025-07-01,258.8,282.09,9.0,TARGET_HIT,7,70.74,3.78,Aditya Birla Capital Limited
ABCAPITAL,2025-11-28,2025-12-01,2025-12-12,358.0,362.95,1.38,TIME_EXIT,10,62.62,3.23,Aditya Birla Capital Limited
ABDL,2024-12-02,2024-12-03,2024-12-09,346.45,377.63,9.0,TARGET_HIT,5,58.62,3.91,Allied Blenders and Distillers Limited
ABDL,2024-12-06,2024-12-09,2024-12-20,374.4,386.6,3.26,TIME_EXIT,10,59.02,3.0,Allied Blenders and Distillers Limited
ABDL,2024-12-24,2024-12-26,2025-01-08,417.45,433.5,3.84,TIME_EXIT,10,62.87,3.82,Allied Blenders and Distillers Limited
ABDL,2025-05-13,2025-05-14,2025-05-16,383.9,418.45,9.0,TARGET_HIT,3,62.73,4.98,Allied Blenders and Distillers Limited
ABINFRA,2025-05-19,2025-05-20,2025-05-21,112.8,122.95,9.0,TARGET_HIT,2,59.16,3.92,A B Infrabuild Limited
ABREL,2025-05-16,2025-05-19,2025-05-22,2150.5,2075.23,-3.5,STOP_LOSS,4,59.14,3.74,Aditya Birla Real Estate Limited
ABSLAMC,2025-05-16,2025-05-19,2025-05-30,707.95,747.05,5.52,TIME_EXIT,10,75.37,3.85,Aditya Birla Sun Life AMC Limited
ABSLAMC,2025-05-19,2025-05-20,2025-05-20,732.0,706.38,-3.5,STOP_LOSS,1,66.94,2.18,Aditya Birla Sun Life AMC Limited
ABSLAMC,2026-06-15,2026-06-16,2026-06-17,1156.4,1115.93,-3.5,STOP_LOSS,2,66.37,2.52,Aditya Birla Sun Life AMC Limited
ABSLAMC,2026-09-11,2026-09-15,2026-09-15,1102.0,1063.43,-3.5,STOP_LOSS,1,66.37,2.66,Aditya Birla Sun Life AMC Limited
ACCELYA,2026-01-14,2026-01-16,2026-01-29,1345.0,1320.3,-1.84,TIME_EXIT,10,73.79,2.04,Accelya Solutions India Limited
ACI,2024-11-25,2024-11-26,2024-11-27,720.0,694.8,-3.5,STOP_LOSS,2,65.94,3.03,Archean Chemical Industries Limited
ACL,2025-08-26,2025-08-28,2025-08-28,93.17,89.91,-3.5,STOP_LOSS,1,63.61,7.71,Andhra Cements Limited
ACMESOLAR,2025-05-30,2025-06-02,2025-06-03,261.25,252.11,-3.5,STOP_LOSS,2,61.25,5.3,Acme Solar Holdings Limited
ACMESOLAR,2026-04-17,2026-04-20,2026-04-20,309.0,298.18,-3.5,STOP_LOSS,1,57.95,2.79,Acme Solar Holdings Limited
ACSTECH,2026-08-10,2026-08-11,2026-08-11,51.9,50.08,-3.5,STOP_LOSS,1,62.62,2.84,ACS Technologies Limited
ACUTAAS,2026-06-29,2026-06-30,2026-06-30,3585.0,3459.52,-3.5,STOP_LOSS,1,59.27,8.53,Acutaas Chemicals Limited
ADANIPORTS,2025-10-16,2025-10-17,2025-10-24,1479.5,1427.72,-3.5,STOP_LOSS,6,63.3,4.58,Adani Ports and Special Economic Zone Limited
ADANIPORTS,2026-04-16,2026-04-17,2026-04-30,1559.0,1657.3,6.31,TIME_EXIT,10,62.12,3.15,Adani Ports and Special Economic Zone Limited
ADANIPORTS,2026-04-17,2026-04-20,2026-04-30,1572.4,1657.3,5.4,TIME_EXIT,10,63.25,2.12,Adani Ports and Special Economic Zone Limited
ADANIPOWER,2026-04-06,2026-04-07,2026-04-10,163.0,177.67,9.0,TARGET_HIT,4,65.61,6.05,Adani Power Limited
ADFFOODS,2025-11-07,2025-11-10,2025-11-10,237.6,229.28,-3.5,STOP_LOSS,1,64.71,3.93,ADF Foods Limited
ADFFOODS,2026-04-24,2026-04-27,2026-05-08,262.0,273.35,4.33,TIME_EXIT,10,68.05,7.85,ADF Foods Limited
ADOR,2025-06-10,2025-06-11,2025-06-13,1049.0,1012.28,-3.5,STOP_LOSS,3,65.95,6.21,Ador Welding Limited
ADOR,2025-07-03,2025-07-04,2025-07-09,1107.5,1068.74,-3.5,STOP_LOSS,4,56.52,2.97,Ador Welding Limited
ADOR,2026-04-16,2026-04-17,2026-04-29,995.2,1084.77,9.0,TARGET_HIT,9,81.87,2.44,Ador Welding Limited
ADOR,2026-05-26,2026-05-27,2026-06-01,1160.0,1119.4,-3.5,STOP_LOSS,4,64.14,4.77,Ador Welding Limited
ADVANCE,2026-08-05,2026-08-06,2026-08-06,137.5,132.69,-3.5,STOP_LOSS,1,56.65,2.88,Advance Agrolife Limited
ADVANIHOTR,2026-01-23,2026-01-27,2026-02-09,55.0,56.94,3.53,TIME_EXIT,10,59.34,4.87,Advani Hotels & Resorts (India) Limited
AEROPLANE,2026-09-07,2026-09-08,2026-09-16,197.0,190.1,-3.5,STOP_LOSS,7,71.03,2.71,Amir Chand Jagdish Kumar (Exports) Limited
AFFORDABLE,2025-07-03,2025-07-04,2025-07-08,509.9,492.05,-3.5,STOP_LOSS,3,55.17,2.53,Affordable Robotic & Automation Limited
AGARIND,2025-05-23,2025-05-26,2025-05-27,1012.05,976.63,-3.5,STOP_LOSS,2,66.02,3.16,Agarwal Industrial Corporation Limited
AGARWALEYE,2025-06-19,2025-06-20,2025-06-23,407.0,392.76,-3.5,STOP_LOSS,2,65.74,2.67,Dr. Agarwal's Health Care Limited
AGI,2025-07-16,2025-07-17,2025-07-22,864.95,942.8,9.0,TARGET_HIT,4,58.47,3.55,AGI Greenpac Limited
AGI,2026-06-12,2026-06-15,2026-06-17,653.0,711.77,9.0,TARGET_HIT,3,66.52,3.16,AGI Greenpac Limited
AGIIL,2024-10-31,2024-11-01,2024-11-01,1175.0,1280.75,9.0,TARGET_HIT,1,73.7,24.09,Agi Infra Limited
AGIIL,2024-11-19,2024-11-21,2024-11-22,1640.0,1582.6,-3.5,STOP_LOSS,2,66.39,2.61,Agi Infra Limited
AGIIL,2025-02-06,2025-02-07,2025-02-10,905.0,873.32,-3.5,STOP_LOSS,2,81.0,2.78,Agi Infra Limited
AIAENG,2025-01-20,2025-01-21,2025-02-03,3535.0,3646.75,3.16,TIME_EXIT,10,77.56,5.19,AIA Engineering Limited
AIAENG,2025-11-10,2025-11-11,2025-11-20,3484.5,3798.11,9.0,TARGET_HIT,8,63.36,7.7,AIA Engineering Limited
AIAENG,2026-04-15,2026-04-16,2026-04-29,3950.0,3937.2,-0.32,TIME_EXIT,10,80.77,3.95,AIA Engineering Limited
AIAENG,2026-06-22,2026-06-23,2026-07-06,4860.0,4689.9,-3.5,STOP_LOSS,10,60.41,3.04,AIA Engineering Limited
AIIL,2025-03-27,2025-03-28,2025-04-02,1651.1,1799.7,9.0,TARGET_HIT,3,62.63,5.4,Authum Investment & Infrastructure Limited
AIIL,2025-04-21,2025-04-22,2025-04-25,1834.6,1770.39,-3.5,STOP_LOSS,4,79.5,5.42,Authum Investment & Infrastructure Limited
AIIL,2025-05-13,2025-05-14,2025-05-15,1974.9,2152.64,9.0,TARGET_HIT,2,57.81,11.02,Authum Investment & Infrastructure Limited
AIIL,2025-05-30,2025-06-02,2025-06-13,2398.2,2448.8,2.11,TIME_EXIT,10,60.25,10.82,Authum Investment & Infrastructure Limited
AIIL,2025-08-26,2025-08-28,2025-09-04,3129.0,3019.48,-3.5,STOP_LOSS,6,69.67,4.56,Authum Investment & Infrastructure Limited
AIIL,2025-09-15,2025-09-16,2025-09-18,3295.0,3179.68,-3.5,STOP_LOSS,3,64.59,2.5,Authum Investment & Infrastructure Limited
AJANTPHARM,2025-12-22,2025-12-23,2026-01-02,2724.8,2970.03,9.0,TARGET_HIT,9,69.9,3.28,Ajanta Pharma Limited
AJANTPHARM,2026-03-12,2026-03-13,2026-03-13,3136.8,3027.01,-3.5,STOP_LOSS,1,59.24,2.8,Ajanta Pharma Limited
AJAXENGG,2026-04-21,2026-04-22,2026-05-05,515.0,533.4,3.57,TIME_EXIT,10,70.27,3.27,Ajax Engineering Limited
AKUMS,2026-07-10,2026-07-13,2026-07-17,694.0,669.71,-3.5,STOP_LOSS,5,57.19,2.78,Akums Drugs and Pharmaceuticals Limited
ALBERTDAVD,2026-05-06,2026-05-07,2026-05-07,813.95,785.46,-3.5,STOP_LOSS,1,71.24,15.05,Albert David Limited
ALICON,2025-09-23,2025-09-24,2025-09-24,910.9,879.02,-3.5,STOP_LOSS,1,58.83,2.51,Alicon Castalloy Limited
ALICON,2026-08-06,2026-08-07,2026-08-07,744.4,718.35,-3.5,STOP_LOSS,1,84.68,9.94,Alicon Castalloy Limited
ALKEM,2026-04-15,2026-04-16,2026-04-23,5639.0,5441.64,-3.5,STOP_LOSS,6,60.22,2.03,Alkem Laboratories Limited
ALLDIGI,2024-11-27,2024-11-28,2024-11-28,1027.75,991.78,-3.5,STOP_LOSS,1,77.63,2.22,Alldigi Tech Limited
ALLDIGI,2025-01-07,2025-01-08,2025-01-13,1020.15,984.44,-3.5,STOP_LOSS,4,68.23,2.58,Alldigi Tech Limited
ALLDIGI,2025-07-30,2025-07-31,2025-07-31,1000.0,965.0,-3.5,STOP_LOSS,1,63.65,2.92,Alldigi Tech Limited
ALLDIGI,2026-01-29,2026-01-30,2026-02-03,905.0,986.45,9.0,TARGET_HIT,3,57.7,7.4,Alldigi Tech Limited
AMAGI,2026-04-28,2026-04-29,2026-05-05,408.25,444.99,9.0,TARGET_HIT,5,60.6,4.64,Amagi Media Labs Limited
AMANTA,2026-04-02,2026-04-06,2026-04-07,109.0,105.18,-3.5,STOP_LOSS,2,87.35,3.01,Amanta Healthcare Limited
AMBIKCO,2025-06-04,2025-06-05,2025-06-13,1635.4,1578.16,-3.5,STOP_LOSS,7,63.08,2.96,Ambika Cotton Mills Limited
AMBIKCO,2026-04-28,2026-04-29,2026-05-06,1502.0,1637.18,9.0,TARGET_HIT,6,59.37,3.71,Ambika Cotton Mills Limited
AMBIKCO,2026-08-07,2026-08-10,2026-08-10,1855.0,1790.08,-3.5,STOP_LOSS,1,61.85,5.92,Ambika Cotton Mills Limited
AMBUJACEM,2025-03-21,2025-03-24,2025-04-07,516.9,498.81,-3.5,STOP_LOSS,10,60.75,2.43,Ambuja Cements Limited
AMRUTANJAN,2025-08-18,2025-08-19,2025-09-02,703.05,730.1,3.85,TIME_EXIT,10,73.43,3.55,Amrutanjan Health Care Limited
AMRUTANJAN,2025-10-28,2025-10-29,2025-10-31,747.1,720.95,-3.5,STOP_LOSS,3,60.11,6.97,Amrutanjan Health Care Limited
ANANDRATHI,2025-02-20,2025-02-21,2025-03-04,3882.0,4231.38,9.0,TARGET_HIT,7,63.52,2.95,Anand Rathi Wealth Limited
ANDHRAPAP,2026-02-09,2026-02-10,2026-02-23,68.3,68.51,0.31,TIME_EXIT,10,91.89,10.4,ANDHRA PAPER LIMITED
ANDHRAPAP,2026-02-12,2026-02-13,2026-02-26,68.75,69.07,0.47,TIME_EXIT,10,70.72,3.22,ANDHRA PAPER LIMITED
ANTHEM,2026-02-11,2026-02-12,2026-02-25,691.55,704.1,1.81,TIME_EXIT,10,63.69,2.46,Anthem Biosciences Limited
ANTHEM,2026-04-08,2026-04-09,2026-04-21,688.05,749.97,9.0,TARGET_HIT,9,85.79,4.14,Anthem Biosciences Limited
ANTHEM,2026-04-27,2026-04-28,2026-05-11,775.05,784.2,1.18,TIME_EXIT,10,70.81,2.73,Anthem Biosciences Limited
ANUHPHR,2025-05-19,2025-05-20,2025-06-02,206.01,224.55,9.0,TARGET_HIT,10,59.3,6.62,Anuh Pharma Limited
ANUHPHR,2026-08-27,2026-08-28,2026-08-31,83.57,80.65,-3.5,STOP_LOSS,2,59.56,7.53,Anuh Pharma Limited
ANUP,2025-03-21,2025-03-24,2025-03-27,3299.0,3595.91,9.0,TARGET_HIT,4,61.99,15.11,The Anup Engineering Limited
ANURAS,2025-03-06,2025-03-07,2025-03-21,761.0,770.65,1.27,TIME_EXIT,10,61.36,4.41,Anupam Rasayan India Limited
ANURAS,2025-05-15,2025-05-16,2025-05-29,958.1,989.75,3.3,TIME_EXIT,10,56.92,2.71,Anupam Rasayan India Limited
ANURAS,2025-06-10,2025-06-11,2025-06-24,1091.0,1147.1,5.14,TIME_EXIT,10,58.85,3.97,Anupam Rasayan India Limited
APCOTEXIND,2026-04-21,2026-04-22,2026-04-27,402.55,388.46,-3.5,STOP_LOSS,4,72.48,3.37,Apcotex Industries Limited
APCOTEXIND,2026-05-06,2026-05-07,2026-05-08,489.95,534.05,9.0,TARGET_HIT,2,55.04,4.76,Apcotex Industries Limited
APLAPOLLO,2024-09-25,2024-09-26,2024-10-09,1520.0,1536.0,1.05,TIME_EXIT,10,58.3,2.51,APL Apollo Tubes Limited
APLAPOLLO,2026-08-28,2026-08-31,2026-09-03,2260.0,2180.9,-3.5,STOP_LOSS,4,55.01,2.27,APL Apollo Tubes Limited
APLLTD,2026-06-30,2026-07-01,2026-07-01,843.2,813.69,-3.5,STOP_LOSS,1,64.82,18.81,Alembic Pharmaceuticals Limited
APOLLOHOSP,2026-06-09,2026-06-10,2026-06-23,8527.0,8487.5,-0.46,TIME_EXIT,10,69.87,2.29,Apollo Hospitals Enterprise Limited
APTUS,2025-01-31,2025-02-03,2025-02-13,313.0,302.04,-3.5,STOP_LOSS,9,57.7,2.2,Aptus Value Housing Finance India Limited
APTUS,2025-04-21,2025-04-22,2025-04-30,335.0,323.27,-3.5,STOP_LOSS,7,77.26,6.12,Aptus Value Housing Finance India Limited
APTUS,2025-07-08,2025-07-09,2025-07-22,336.8,346.5,2.88,TIME_EXIT,10,69.52,2.81,Aptus Value Housing Finance India Limited
ARCHIDPLY,2026-08-24,2026-08-25,2026-08-26,116.5,112.42,-3.5,STOP_LOSS,2,65.17,4.32,Archidply Industries Limited
ARIES,2026-02-17,2026-02-18,2026-02-19,371.5,358.5,-3.5,STOP_LOSS,2,55.39,2.22,Aries Agro Limited
ARIES,2026-04-15,2026-04-16,2026-04-16,397.9,383.97,-3.5,STOP_LOSS,1,59.72,2.48,Aries Agro Limited
ARIHANTSUP,2024-12-06,2024-12-09,2024-12-12,422.9,460.96,9.0,TARGET_HIT,4,67.07,2.23,Arihant Superstructures Limited
ARIHANTSUP,2024-12-09,2024-12-10,2024-12-23,440.0,444.2,0.95,TIME_EXIT,10,68.02,6.8,Arihant Superstructures Limited
ARIHANTSUP,2025-06-06,2025-06-09,2025-06-12,385.0,371.52,-3.5,STOP_LOSS,4,55.54,3.72,Arihant Superstructures Limited
ARMANFIN,2025-10-10,2025-10-13,2025-10-17,1625.0,1568.12,-3.5,STOP_LOSS,5,57.58,2.04,Arman Financial Services Limited
ARMANFIN,2025-11-14,2025-11-17,2025-11-24,1720.0,1659.8,-3.5,STOP_LOSS,6,63.23,12.45,Arman Financial Services Limited
ARMANFIN,2026-02-16,2026-02-17,2026-02-20,1693.0,1633.74,-3.5,STOP_LOSS,4,57.29,3.76,Arman Financial Services Limited
ARROWGREEN,2024-11-05,2024-11-06,2024-11-07,909.95,991.85,9.0,TARGET_HIT,2,63.63,3.8,Arrow Greentech Limited
ARTEMISMED,2026-04-27,2026-04-28,2026-05-07,245.17,267.24,9.0,TARGET_HIT,8,69.03,2.21,Artemis Medicare Services Limited
ARVIND,2024-12-03,2024-12-04,2024-12-10,386.75,421.56,9.0,TARGET_HIT,5,58.69,3.37,Arvind Limited
ARVINDFASN,2026-04-02,2026-04-06,2026-04-10,435.7,474.91,9.0,TARGET_HIT,5,75.72,3.15,Arvind Fashions Limited
ARVSMART,2025-09-16,2025-09-17,2025-09-26,648.25,625.56,-3.5,STOP_LOSS,8,57.59,3.04,Arvind SmartSpaces Limited
ARVSMART,2026-04-27,2026-04-28,2026-05-11,633.0,626.1,-1.09,TIME_EXIT,10,61.5,2.84,Arvind SmartSpaces Limited
ASAHISONG,2026-07-23,2026-07-24,2026-07-27,322.0,350.98,9.0,TARGET_HIT,2,55.12,4.54,Asahi Songwon Colors Limited
ASALCBR,2025-10-15,2025-10-16,2025-10-20,1060.0,1022.9,-3.5,STOP_LOSS,3,64.89,2.91,Associated Alcohols & Breweries Ltd.
ASHIANA,2024-12-16,2024-12-17,2024-12-17,350.05,337.8,-3.5,STOP_LOSS,1,56.38,4.51,Ashiana Housing Limited
ASHOKLEY,2024-11-25,2024-11-26,2024-12-02,235.0,226.78,-3.5,STOP_LOSS,5,56.91,3.12,Ashok Leyland Limited
ASHOKLEY,2025-06-26,2025-06-27,2025-07-10,250.39,249.8,-0.24,TIME_EXIT,10,55.13,2.36,Ashok Leyland Limited
ASHOKLEY,2025-12-30,2025-12-31,2026-01-13,178.48,185.7,4.05,TIME_EXIT,10,65.82,6.69,Ashok Leyland Limited
ASIANENE,2025-05-15,2025-05-16,2025-05-16,343.05,331.04,-3.5,STOP_LOSS,1,57.66,2.69,Asian Energy Services Limited
ASIANHOTNR,2026-07-03,2026-07-06,2026-07-06,320.65,349.51,9.0,TARGET_HIT,1,75.9,30.83,Asian Hotels (North) Limited
ASIANTILES,2025-11-03,2025-11-04,2025-11-17,66.5,68.93,3.65,TIME_EXIT,10,56.6,2.57,Asian Granito India Limited
ASIANTILES,2025-11-12,2025-11-13,2025-11-13,69.2,66.78,-3.5,STOP_LOSS,1,57.13,2.01,Asian Granito India Limited
ASIANTILES,2025-12-18,2025-12-19,2025-12-24,69.0,75.21,9.0,TARGET_HIT,4,55.96,5.06,Asian Granito India Limited
ASIANTILES,2025-12-19,2025-12-22,2026-01-02,72.69,76.65,5.45,TIME_EXIT,10,56.84,5.2,Asian Granito India Limited
ASKAUTOLTD,2024-12-04,2024-12-05,2024-12-06,472.1,455.58,-3.5,STOP_LOSS,2,59.17,3.7,ASK Automotive Limited
ASKAUTOLTD,2024-12-09,2024-12-10,2024-12-13,485.6,468.6,-3.5,STOP_LOSS,4,57.86,2.83,ASK Automotive Limited
ASPINWALL,2025-01-23,2025-01-24,2025-01-24,331.0,319.41,-3.5,STOP_LOSS,1,72.96,3.63,Aspinwall and Company Limited
ASTERDM,2025-05-07,2025-05-08,2025-05-15,537.5,585.88,9.0,TARGET_HIT,6,62.7,2.11,Aster DM Quality Care Limited
ASTRAL,2025-04-23,2025-04-24,2025-04-25,1408.0,1358.72,-3.5,STOP_LOSS,2,55.87,2.25,Astral Limited
ASTRAMICRO,2025-04-15,2025-04-16,2025-04-22,750.0,817.5,9.0,TARGET_HIT,4,65.04,3.88,Astra Microwave Products Limited
ATAM,2025-01-20,2025-01-21,2025-01-21,146.0,140.89,-3.5,STOP_LOSS,1,55.41,6.34,Atam Valves Limited
ATUL,2025-05-22,2025-05-23,2025-05-27,7225.5,6972.61,-3.5,STOP_LOSS,3,65.37,5.38,Atul Limited
AUBANK,2025-06-02,2025-06-03,2025-06-16,725.0,781.45,7.79,TIME_EXIT,10,70.71,3.75,AU Small Finance Bank Limited
AUBANK,2025-12-10,2025-12-11,2025-12-24,981.0,974.05,-0.71,TIME_EXIT,10,55.01,4.05,AU Small Finance Bank Limited
AUBANK,2026-06-24,2026-06-25,2026-06-25,1079.15,1041.38,-3.5,STOP_LOSS,1,64.45,3.56,AU Small Finance Bank Limited
AUROPHARMA,2025-03-21,2025-03-24,2025-03-26,1209.0,1166.68,-3.5,STOP_LOSS,3,61.52,3.01,Aurobindo Pharma Limited
AUROPHARMA,2025-11-03,2025-11-04,2025-11-17,1158.6,1236.9,6.76,TIME_EXIT,10,55.46,2.85,Aurobindo Pharma Limited
AURUM,2025-12-11,2025-12-12,2025-12-24,176.4,192.28,9.0,TARGET_HIT,9,71.85,2.31,Aurum PropTech Limited
AURUM,2025-12-23,2025-12-24,2026-01-06,188.4,185.67,-1.45,TIME_EXIT,10,63.58,3.17,Aurum PropTech Limited
AURUM,2026-04-20,2026-04-21,2026-04-23,180.91,197.19,9.0,TARGET_HIT,3,56.17,2.87,Aurum PropTech Limited
AURUM,2026-06-04,2026-06-05,2026-06-08,190.2,183.54,-3.5,STOP_LOSS,2,70.45,3.94,Aurum PropTech Limited
AUTOAXLES,2025-07-24,2025-07-25,2025-08-06,1873.2,1807.64,-3.5,STOP_LOSS,9,62.19,3.4,Automotive Axles Limited
AUTOIND,2025-12-23,2025-12-24,2025-12-29,81.84,78.98,-3.5,STOP_LOSS,4,63.64,4.54,Autoline Industries Limited
AVALON,2025-10-03,2025-10-06,2025-10-07,1061.8,1157.36,9.0,TARGET_HIT,2,58.78,2.31,Avalon Technologies Limited
AVALON,2026-02-03,2026-02-04,2026-02-05,1014.05,978.56,-3.5,STOP_LOSS,2,75.74,4.09,Avalon Technologies Limited
AVL,2026-06-15,2026-06-16,2026-06-19,571.8,623.26,9.0,TARGET_HIT,4,55.67,2.37,Aditya Vision Limited
AVL,2026-06-17,2026-06-18,2026-06-25,612.0,667.08,9.0,TARGET_HIT,6,56.49,3.92,Aditya Vision Limited
AVL,2026-06-19,2026-06-22,2026-06-23,640.0,617.6,-3.5,STOP_LOSS,2,64.19,2.57,Aditya Vision Limited
AWFIS,2025-11-11,2025-11-12,2025-11-12,629.05,607.03,-3.5,STOP_LOSS,1,61.73,3.89,Awfis Space Solutions Limited
AWL,2025-03-21,2025-03-24,2025-03-25,267.7,258.33,-3.5,STOP_LOSS,2,57.7,2.11,AWL Agri Business Limited
AWL,2025-09-03,2025-09-04,2025-09-08,269.7,260.26,-3.5,STOP_LOSS,3,58.27,2.84,AWL Agri Business Limited
AXISBANK,2025-09-23,2025-09-24,2025-09-29,1168.0,1127.12,-3.5,STOP_LOSS,4,74.55,2.86,Axis Bank Limited
AXISBANK,2025-10-06,2025-10-07,2025-10-09,1212.0,1169.58,-3.5,STOP_LOSS,3,73.74,2.06,Axis Bank Limited
AXISBANK,2025-10-23,2025-10-24,2025-11-06,1254.2,1228.5,-2.05,TIME_EXIT,10,65.3,2.42,Axis Bank Limited
AXISCADES,2024-12-24,2024-12-26,2024-12-27,645.05,622.47,-3.5,STOP_LOSS,2,57.6,2.11,AXISCADES Technologies Limited
AXISCADES,2026-02-13,2026-02-16,2026-02-23,1421.0,1371.26,-3.5,STOP_LOSS,6,55.65,2.27,AXISCADES Technologies Limited
AYMSYNTEX,2025-06-05,2025-06-06,2025-06-12,246.0,268.14,9.0,TARGET_HIT,5,78.01,3.04,AYM Syntex Limited
AZAD,2025-09-09,2025-09-10,2025-09-10,1673.0,1614.44,-3.5,STOP_LOSS,1,63.04,3.05,Azad Engineering Limited
BAJAJ-AUTO,2025-08-18,2025-08-19,2025-09-02,8609.0,9030.5,4.9,TIME_EXIT,10,56.61,3.69,Bajaj Auto Limited
BAJAJ-AUTO,2026-07-13,2026-07-14,2026-07-23,10212.5,11131.62,9.0,TARGET_HIT,8,64.2,4.51,Bajaj Auto Limited
BAJAJHCARE,2024-11-07,2024-11-08,2024-11-12,395.0,381.18,-3.5,STOP_LOSS,3,59.46,3.85,Bajaj Healthcare Limited
BAJAJHLDNG,2024-12-30,2024-12-31,2024-12-31,12488.0,12050.92,-3.5,STOP_LOSS,1,59.36,16.86,Bajaj Holdings & Investment Limited
BAJEL,2024-10-03,2024-10-04,2024-10-07,285.0,275.02,-3.5,STOP_LOSS,2,64.47,3.11,Bajel Projects Limited
BAJFINANCE,2025-01-28,2025-01-29,2025-02-03,7657.25,8346.4,9.0,TARGET_HIT,4,56.56,3.57,Bajaj Finance Limited
BAJFINANCE,2025-02-03,2025-02-04,2025-02-12,8425.0,8130.12,-3.5,STOP_LOSS,7,62.98,3.26,Bajaj Finance Limited
BAJFINANCE,2026-02-13,2026-02-16,2026-02-27,1023.05,995.9,-2.65,TIME_EXIT,10,65.08,2.24,Bajaj Finance Limited
BAJFINANCE,2026-07-31,2026-08-03,2026-08-07,1176.3,1135.13,-3.5,STOP_LOSS,5,58.25,4.02,Bajaj Finance Limited
BANDHANBNK,2025-04-21,2025-04-22,2025-04-28,167.94,162.06,-3.5,STOP_LOSS,5,55.28,3.96,Bandhan Bank Limited
BANDHANBNK,2026-02-10,2026-02-11,2026-02-24,166.7,181.7,9.0,TARGET_HIT,10,64.4,3.12,Bandhan Bank Limited
BANKBARODA,2024-09-27,2024-09-30,2024-10-11,247.5,242.42,-2.05,TIME_EXIT,10,56.83,2.22,Bank of Baroda
BANSALWIRE,2026-05-07,2026-05-08,2026-05-11,326.85,315.41,-3.5,STOP_LOSS,2,57.64,3.63,Bansal Wire Industries Limited
BANSWRAS,2024-12-04,2024-12-05,2024-12-09,150.8,164.37,9.0,TARGET_HIT,3,74.76,7.56,Banswara Syntex Limited
BANSWRAS,2024-12-05,2024-12-06,2024-12-09,153.8,167.64,9.0,TARGET_HIT,2,82.44,2.98,Banswara Syntex Limited
BANSWRAS,2025-05-15,2025-05-16,2025-05-16,148.9,143.69,-3.5,STOP_LOSS,1,64.04,2.64,Banswara Syntex Limited
BANSWRAS,2025-07-03,2025-07-04,2025-07-07,162.7,157.01,-3.5,STOP_LOSS,2,67.07,12.52,Banswara Syntex Limited
BASF,2026-06-22,2026-06-23,2026-07-06,3628.0,3640.8,0.35,TIME_EXIT,10,71.31,7.29,BASF India Limited
BAYERCROP,2024-10-01,2024-10-03,2024-10-04,6600.0,6369.0,-3.5,STOP_LOSS,2,81.85,4.01,Bayer Cropscience Limited
BAYERCROP,2025-06-27,2025-06-30,2025-07-11,6148.0,6196.0,0.78,TIME_EXIT,10,75.12,8.56,Bayer Cropscience Limited
BAYERCROP,2025-06-30,2025-07-01,2025-07-14,6270.0,6224.5,-0.73,TIME_EXIT,10,59.01,2.45,Bayer Cropscience Limited
BBL,2026-04-20,2026-04-21,2026-04-24,2836.0,3091.24,9.0,TARGET_HIT,4,55.71,2.03,Bharat Bijlee Limited
BBL,2026-06-22,2026-06-23,2026-06-25,2922.0,2819.73,-3.5,STOP_LOSS,3,72.19,7.72,Bharat Bijlee Limited
BBOX,2024-11-06,2024-11-07,2024-11-07,558.0,538.47,-3.5,STOP_LOSS,1,62.42,3.72,Black Box Limited
BECTORFOOD,2025-07-16,2025-07-17,2025-07-28,1503.1,1450.49,-3.5,STOP_LOSS,8,63.76,3.74,Mrs. Bectors Food Specialities Limited
BEL,2025-06-20,2025-06-23,2025-07-04,411.0,427.55,4.03,TIME_EXIT,10,78.96,10.28,Bharat Electronics Limited
BHAGCHEM,2026-06-09,2026-06-10,2026-06-19,260.5,251.38,-3.5,STOP_LOSS,8,65.41,2.09,Bhagiradha Chemicals & Industries Limited
BHAGERIA,2026-04-24,2026-04-27,2026-04-27,179.0,172.74,-3.5,STOP_LOSS,1,72.91,9.86,Bhageria Industries Limited
BHAGYANGR,2025-07-17,2025-07-18,2025-07-18,94.7,103.22,9.0,TARGET_HIT,1,63.21,2.64,Bhagyanagar India Limited
BHARTIARTL,2025-06-20,2025-06-23,2025-07-04,1930.0,2017.2,4.52,TIME_EXIT,10,76.44,2.94,Bharti Airtel Limited
BHARTIARTL,2025-11-04,2025-11-06,2025-11-07,2115.0,2040.98,-3.5,STOP_LOSS,2,61.72,2.95,Bharti Airtel Limited
BHARTIARTL,2026-06-19,2026-06-22,2026-06-25,1915.8,1848.75,-3.5,STOP_LOSS,4,77.05,3.1,Bharti Airtel Limited
BHARTIHEXA,2025-05-12,2025-05-13,2025-05-13,1757.0,1695.5,-3.5,STOP_LOSS,1,61.48,2.42,Bharti Hexacom Limited
BIGBLOC,2026-05-11,2026-05-12,2026-05-12,60.8,58.67,-3.5,STOP_LOSS,1,62.06,6.07,Bigbloc Construction Limited
BIL,2025-07-10,2025-07-11,2025-07-14,751.0,818.59,9.0,TARGET_HIT,2,98.87,5.03,Bhartiya International Limited
BIL,2025-07-11,2025-07-14,2025-07-22,827.0,901.43,9.0,TARGET_HIT,7,86.87,3.56,Bhartiya International Limited
BIL,2026-02-03,2026-02-04,2026-02-04,925.5,893.11,-3.5,STOP_LOSS,1,73.26,4.29,Bhartiya International Limited
BIL,2026-08-04,2026-08-05,2026-08-18,813.8,831.25,2.14,TIME_EXIT,10,79.41,9.37,Bhartiya International Limited
BIRLACABLE,2026-02-09,2026-02-10,2026-02-11,154.9,149.48,-3.5,STOP_LOSS,2,62.52,5.85,Birla Cable Limited
BIRLACORPN,2025-05-12,2025-05-13,2025-05-26,1311.9,1429.97,9.0,TARGET_HIT,10,90.65,9.77,Birla Corporation Limited
BIRLACORPN,2025-07-22,2025-07-23,2025-07-25,1473.0,1421.44,-3.5,STOP_LOSS,3,55.8,13.12,Birla Corporation Limited
BLACKBUCK,2025-02-05,2025-02-06,2025-02-10,466.2,508.16,9.0,TARGET_HIT,3,73.8,2.18,BLACKBUCK LIMITED
BLACKBUCK,2025-02-10,2025-02-11,2025-02-11,519.0,500.84,-3.5,STOP_LOSS,1,65.04,5.09,BLACKBUCK LIMITED
BLACKBUCK,2025-07-16,2025-07-17,2025-07-17,455.0,439.08,-3.5,STOP_LOSS,1,59.15,2.51,BLACKBUCK LIMITED
BLACKBUCK,2025-07-25,2025-07-28,2025-08-01,464.95,448.68,-3.5,STOP_LOSS,5,70.09,3.58,BLACKBUCK LIMITED
BLACKBUCK,2025-08-05,2025-08-06,2025-08-06,500.55,545.6,9.0,TARGET_HIT,1,56.33,4.6,BLACKBUCK LIMITED
BLACKBUCK,2026-01-02,2026-01-05,2026-01-06,704.95,680.28,-3.5,STOP_LOSS,2,55.46,3.37,BLACKBUCK LIMITED
BLACKBUCK,2026-06-19,2026-06-22,2026-06-23,581.9,561.53,-3.5,STOP_LOSS,2,66.95,3.9,BLACKBUCK LIMITED
BLAL,2025-08-25,2025-08-26,2025-09-09,213.51,232.73,9.0,TARGET_HIT,10,58.18,3.41,BEML Land Assets Limited
BLAL,2026-04-15,2026-04-16,2026-04-22,198.0,191.07,-3.5,STOP_LOSS,5,58.72,5.34,BEML Land Assets Limited
BLIL,2026-05-07,2026-05-08,2026-05-11,78.9,76.14,-3.5,STOP_LOSS,2,56.14,6.67,Balmer Lawrie Investments Limited
BLKASHYAP,2025-07-31,2025-08-01,2025-08-01,79.9,77.1,-3.5,STOP_LOSS,1,55.35,2.93,B. L. Kashyap and Sons Limited
BLKASHYAP,2026-02-05,2026-02-06,2026-02-11,53.75,58.59,9.0,TARGET_HIT,4,57.74,2.45,B. L. Kashyap and Sons Limited
BLKASHYAP,2026-02-09,2026-02-10,2026-02-11,57.95,55.92,-3.5,STOP_LOSS,2,66.16,2.92,B. L. Kashyap and Sons Limited
BLUEJET,2025-01-29,2025-01-30,2025-01-31,693.2,755.59,9.0,TARGET_HIT,2,56.6,3.37,Blue Jet Healthcare Limited
BLUESTARCO,2024-12-05,2024-12-06,2024-12-11,1979.8,2157.98,9.0,TARGET_HIT,4,65.01,2.4,Blue Star Limited
BLUESTARCO,2025-07-02,2025-07-03,2025-07-16,1764.7,1860.6,5.43,TIME_EXIT,10,57.7,2.89,Blue Star Limited
BLUESTARCO,2026-02-09,2026-02-10,2026-02-23,1951.0,1961.8,0.55,TIME_EXIT,10,64.19,3.09,Blue Star Limited
BMWVENTLTD,2026-02-03,2026-02-04,2026-02-04,59.27,57.2,-3.5,STOP_LOSS,1,70.74,4.38,BMW Ventures Limited
BMWVENTLTD,2026-02-09,2026-02-10,2026-02-10,60.4,58.29,-3.5,STOP_LOSS,1,58.64,2.28,BMW Ventures Limited
BODALCHEM,2026-05-07,2026-05-08,2026-05-11,74.48,71.87,-3.5,STOP_LOSS,2,57.62,3.62,Bodal Chemicals Limited
BORANA,2026-08-06,2026-08-07,2026-08-11,346.35,334.23,-3.5,STOP_LOSS,3,58.92,3.83,Borana Weaves Limited
BOROLTD,2025-11-03,2025-11-04,2025-11-06,352.9,340.55,-3.5,STOP_LOSS,3,63.29,2.93,Borosil Limited
BOROLTD,2026-08-20,2026-08-21,2026-08-24,258.0,248.97,-3.5,STOP_LOSS,2,56.45,3.03,Borosil Limited
BOSCH-HCIL,2026-07-31,2026-08-03,2026-08-05,1398.0,1523.82,9.0,TARGET_HIT,3,67.23,14.16,BOSCH HOME COMFORT INDIA LIMITED
BOSCH-HCIL,2026-08-05,2026-08-06,2026-08-07,1541.2,1679.91,9.0,TARGET_HIT,2,68.67,4.51,BOSCH HOME COMFORT INDIA LIMITED
BOSCHLTD,2026-08-31,2026-09-01,2026-09-02,49400.0,47671.0,-3.5,STOP_LOSS,2,65.52,2.14,Bosch Limited
BPCL,2025-03-21,2025-03-24,2025-03-26,282.0,272.13,-3.5,STOP_LOSS,3,61.43,4.68,Bharat Petroleum Corporation Limited
BPL,2024-12-04,2024-12-05,2024-12-05,128.9,124.39,-3.5,STOP_LOSS,1,63.1,5.24,BPL Limited
BRIGADE,2024-09-27,2024-09-30,2024-10-08,1400.0,1351.0,-3.5,STOP_LOSS,7,59.12,2.16,Brigade Enterprises Limited
BYKE,2024-11-01,2024-11-04,2024-11-04,78.99,76.23,-3.5,STOP_LOSS,1,61.94,2.91,The Byke Hospitality Ltd
BYKE,2025-05-29,2025-05-30,2025-05-30,100.0,96.5,-3.5,STOP_LOSS,1,66.01,4.91,The Byke Hospitality Ltd
BYKE,2026-01-05,2026-01-06,2026-01-06,60.89,58.76,-3.5,STOP_LOSS,1,55.6,6.46,The Byke Hospitality Ltd
CAMLINFINE,2026-02-03,2026-02-04,2026-02-04,174.0,189.66,9.0,TARGET_HIT,1,65.43,8.12,Camlin Fine Sciences Limited
CAMPUS,2026-02-10,2026-02-11,2026-02-12,283.45,273.53,-3.5,STOP_LOSS,2,82.81,5.35,Campus Activewear Limited
CAMPUS,2026-04-15,2026-04-16,2026-04-29,250.48,254.11,1.45,TIME_EXIT,10,56.8,2.54,Campus Activewear Limited
CANBK,2024-09-27,2024-09-30,2024-10-03,113.0,109.04,-3.5,STOP_LOSS,4,67.64,7.2,Canara Bank
CANBK,2025-03-24,2025-03-25,2025-03-25,92.2,88.97,-3.5,STOP_LOSS,1,55.65,2.3,Canara Bank
CANFINHOME,2025-06-09,2025-06-10,2025-06-13,817.7,789.08,-3.5,STOP_LOSS,4,59.49,2.82,Can Fin Homes Limited
CANFINHOME,2026-08-20,2026-08-21,2026-08-24,852.0,822.18,-3.5,STOP_LOSS,2,59.31,2.84,Can Fin Homes Limited
CANTABIL,2024-12-05,2024-12-06,2024-12-12,241.55,263.29,9.0,TARGET_HIT,5,55.88,2.5,Cantabil Retail India Limited
CANTABIL,2024-12-11,2024-12-12,2024-12-20,257.5,280.68,9.0,TARGET_HIT,7,57.12,2.69,Cantabil Retail India Limited
CANTABIL,2025-06-04,2025-06-05,2025-06-05,256.05,247.09,-3.5,STOP_LOSS,1,56.13,7.67,Cantabil Retail India Limited
CANTABIL,2026-06-18,2026-06-19,2026-07-02,228.9,249.5,9.0,TARGET_HIT,10,61.68,3.32,Cantabil Retail India Limited
CAPITALSFB,2025-06-09,2025-06-10,2025-06-19,306.0,295.29,-3.5,STOP_LOSS,8,67.68,6.1,Capital Small Finance Bank Limited
CAPITALSFB,2026-06-16,2026-06-17,2026-06-19,297.15,286.75,-3.5,STOP_LOSS,3,65.78,4.14,Capital Small Finance Bank Limited
CAPITALSFB,2026-07-17,2026-07-20,2026-07-24,305.0,294.32,-3.5,STOP_LOSS,5,71.36,2.29,Capital Small Finance Bank Limited
CAPLIPOINT,2026-04-15,2026-04-16,2026-04-29,1749.0,1727.6,-1.22,TIME_EXIT,10,57.51,2.66,Caplin Point Laboratories Limited
CARBORUNIV,2026-02-11,2026-02-12,2026-02-16,845.0,815.42,-3.5,STOP_LOSS,3,88.77,2.6,Carborundum Universal Limited
CARBORUNIV,2026-04-17,2026-04-20,2026-04-30,939.3,951.75,1.33,TIME_EXIT,10,66.22,4.0,Carborundum Universal Limited
CARBORUNIV,2026-05-08,2026-05-11,2026-05-15,1020.0,1111.8,9.0,TARGET_HIT,5,64.7,2.32,Carborundum Universal Limited
CARERATING,2026-07-23,2026-07-24,2026-07-24,1737.3,1676.49,-3.5,STOP_LOSS,1,56.91,3.94,CARE Ratings Limited
CARRARO,2026-02-09,2026-02-10,2026-02-13,579.0,558.74,-3.5,STOP_LOSS,4,77.89,6.99,Carraro India Limited
CARRARO,2026-08-28,2026-08-31,2026-09-01,557.8,538.28,-3.5,STOP_LOSS,2,80.62,8.41,Carraro India Limited
CARTRADE,2025-03-18,2025-03-19,2025-03-21,1714.75,1869.08,9.0,TARGET_HIT,3,56.54,3.38,Cartrade Tech Limited
CARTRADE,2025-03-21,2025-03-24,2025-03-25,1840.0,1775.6,-3.5,STOP_LOSS,2,57.46,6.17,Cartrade Tech Limited
CEIGALL,2026-04-21,2026-04-22,2026-05-04,319.05,347.76,9.0,TARGET_HIT,9,59.59,2.57,Ceigall India Limited
CELLO,2025-10-27,2025-10-28,2025-10-28,645.0,622.42,-3.5,STOP_LOSS,1,60.19,5.3,Cello World Limited
CEMPRO,2026-07-02,2026-07-03,2026-07-03,1460.0,1408.9,-3.5,STOP_LOSS,1,58.19,2.94,Cemindia Projects Limited
CENTUM,2025-08-19,2025-08-20,2025-08-21,2670.0,2910.3,9.0,TARGET_HIT,2,62.77,2.1,Centum Electronics Limited
CENTUM,2026-05-21,2026-05-22,2026-05-29,3220.6,3510.45,9.0,TARGET_HIT,6,57.64,5.59,Centum Electronics Limited
CENTURYPLY,2025-02-05,2025-02-06,2025-02-10,868.2,837.81,-3.5,STOP_LOSS,3,71.33,23.11,Century Plyboards (India) Limited
CENTURYPLY,2026-07-10,2026-07-13,2026-07-24,789.0,792.2,0.41,TIME_EXIT,10,56.64,3.69,Century Plyboards (India) Limited
CESC,2025-10-24,2025-10-27,2025-11-07,180.2,174.75,-3.02,TIME_EXIT,10,59.67,2.52,CESC Limited
CEWATER,2026-02-09,2026-02-10,2026-02-11,440.0,424.6,-3.5,STOP_LOSS,2,55.14,2.73,Concord Enviro Systems Limited
CGPOWER,2026-08-31,2026-09-01,2026-09-02,901.95,870.38,-3.5,STOP_LOSS,2,68.92,2.52,CG Power and Industrial Solutions Limited
CHEMBONDCH,2026-05-05,2026-05-06,2026-05-06,178.01,194.03,9.0,TARGET_HIT,1,61.01,12.19,Chembond Chemicals Limited
CHEMBONDCH,2026-05-07,2026-05-08,2026-05-08,205.0,197.82,-3.5,STOP_LOSS,1,60.53,3.71,Chembond Chemicals Limited
CHEMCON,2025-05-14,2025-05-15,2025-05-15,212.1,204.68,-3.5,STOP_LOSS,1,57.08,3.71,Chemcon Speciality Chemicals Limited
CHEMPLASTS,2025-07-21,2025-07-22,2025-07-24,468.9,452.49,-3.5,STOP_LOSS,3,62.38,3.68,Chemplast Sanmar Limited
CHEVIOT,2026-05-04,2026-05-05,2026-05-07,1219.0,1328.71,9.0,TARGET_HIT,3,61.09,4.0,Cheviot Company Limited
CHEVIOT,2026-05-07,2026-05-08,2026-05-11,1343.0,1295.99,-3.5,STOP_LOSS,2,75.68,3.05,Cheviot Company Limited
CHOLAFIN,2025-02-04,2025-02-05,2025-02-10,1400.0,1351.0,-3.5,STOP_LOSS,4,60.65,2.82,Cholamandalam Investment and Finance Company Limited
CHOLAFIN,2025-05-21,2025-05-22,2025-05-30,1652.5,1594.66,-3.5,STOP_LOSS,7,67.38,2.49,Cholamandalam Investment and Finance Company Limited
CHOLAFIN,2025-09-22,2025-09-23,2025-09-26,1629.9,1572.85,-3.5,STOP_LOSS,4,64.15,2.61,Cholamandalam Investment and Finance Company Limited
CHOLAFIN,2026-06-15,2026-06-16,2026-06-24,1649.9,1798.39,9.0,TARGET_HIT,7,62.56,3.5,Cholamandalam Investment and Finance Company Limited
CHOLAHLDNG,2025-04-21,2025-04-22,2025-04-28,1970.0,1901.05,-3.5,STOP_LOSS,5,74.24,3.27,Cholamandalam Financial Holdings Limited
CIEINDIA,2024-12-10,2024-12-11,2024-12-13,515.0,496.98,-3.5,STOP_LOSS,3,64.78,8.22,CIE Automotive India Limited
CLEAN,2024-10-01,2024-10-03,2024-10-04,1616.85,1560.26,-3.5,STOP_LOSS,2,61.11,3.96,Clean Science and Technology Limited
CLEAN,2025-05-30,2025-06-02,2025-06-02,1555.0,1500.58,-3.5,STOP_LOSS,1,57.71,2.56,Clean Science and Technology Limited
CLEANMAX,2026-05-13,2026-05-14,2026-05-15,1340.0,1293.1,-3.5,STOP_LOSS,2,64.25,4.22,Clean Max Enviro Energy Solutions Limited
CLEDUCATE,2025-08-11,2025-08-12,2025-08-12,105.0,114.45,9.0,TARGET_HIT,1,84.77,19.48,CL Educate Limited
CNL,2026-05-11,2026-05-12,2026-05-12,688.0,663.92,-3.5,STOP_LOSS,1,66.1,4.32,Creative Newtech Limited
COALINDIA,2024-09-27,2024-09-30,2024-10-04,513.0,495.04,-3.5,STOP_LOSS,5,61.14,2.55,Coal India Limited
COALINDIA,2025-03-21,2025-03-24,2025-03-26,407.95,393.67,-3.5,STOP_LOSS,3,60.2,3.39,Coal India Limited
COFORGE,2024-12-30,2024-12-31,2025-01-09,9700.05,9360.55,-3.5,STOP_LOSS,8,65.7,5.56,Coforge Limited
COHANCE,2025-07-15,2025-07-16,2025-07-25,1059.0,1021.94,-3.5,STOP_LOSS,8,63.49,2.35,Cohance Lifesciences Limited
COHANCE,2025-07-17,2025-07-18,2025-07-23,1090.0,1051.85,-3.5,STOP_LOSS,4,84.22,3.41,Cohance Lifesciences Limited
COLPAL,2024-09-27,2024-09-30,2024-10-10,3780.0,3647.7,-3.5,STOP_LOSS,9,71.63,7.44,Colgate Palmolive (India) Limited
COLPAL,2026-02-25,2026-02-26,2026-03-02,2283.0,2203.09,-3.5,STOP_LOSS,3,63.36,3.89,Colgate Palmolive (India) Limited
CONCOR,2025-05-16,2025-05-19,2025-05-23,737.95,712.12,-3.5,STOP_LOSS,5,55.41,8.13,Container Corporation of India Limited
CONCOR,2026-07-03,2026-07-06,2026-07-07,490.0,472.85,-3.5,STOP_LOSS,2,61.96,5.33,Container Corporation of India Limited
CONFIPET,2026-05-29,2026-06-01,2026-06-01,67.5,65.14,-3.5,STOP_LOSS,1,55.22,2.56,Confidence Petroleum India Limited
CONSOFINVT,2024-12-10,2024-12-11,2024-12-11,245.0,236.42,-3.5,STOP_LOSS,1,59.56,10.07,Consolidated Finvest & Holdings Limited
CONSOFINVT,2026-02-10,2026-02-11,2026-02-12,236.0,227.74,-3.5,STOP_LOSS,2,79.47,2.04,Consolidated Finvest & Holdings Limited
CONSOFINVT,2026-07-08,2026-07-09,2026-07-14,252.0,274.68,9.0,TARGET_HIT,4,71.91,18.21,Consolidated Finvest & Holdings Limited
CONSOFINVT,2026-07-09,2026-07-10,2026-07-10,267.0,257.65,-3.5,STOP_LOSS,1,64.35,9.13,Consolidated Finvest & Holdings Limited
CONSOFINVT,2026-07-14,2026-07-15,2026-07-15,285.0,275.02,-3.5,STOP_LOSS,1,76.15,4.51,Consolidated Finvest & Holdings Limited
CPPLUS,2026-05-29,2026-06-01,2026-06-03,3074.7,3351.42,9.0,TARGET_HIT,3,68.7,5.77,Aditya Infotech Limited
CRAFTSMAN,2026-06-19,2026-06-22,2026-06-22,9750.0,9408.75,-3.5,STOP_LOSS,1,63.88,4.22,Craftsman Automation Limited
CREDITACC,2026-01-05,2026-01-06,2026-01-13,1334.9,1288.18,-3.5,STOP_LOSS,6,61.95,2.64,CREDITACCESS GRAMEEN LIMITED
CREST,2026-04-10,2026-04-13,2026-04-15,340.0,370.6,9.0,TARGET_HIT,3,97.75,14.31,Crest Ventures Limited
CRISIL,2025-06-10,2025-06-11,2025-06-13,5525.0,5331.62,-3.5,STOP_LOSS,3,74.73,3.49,Crisil Limited
CRISIL,2026-07-21,2026-07-22,2026-08-04,4400.2,4357.2,-0.98,TIME_EXIT,10,63.6,2.17,Crisil Limited
CROWN,2026-02-12,2026-02-13,2026-02-13,139.5,134.62,-3.5,STOP_LOSS,1,62.12,10.92,Crown Lifters Limited
CSBBANK,2025-03-19,2025-03-20,2025-04-02,297.2,323.95,9.0,TARGET_HIT,9,77.65,2.83,CSB Bank Limited
CSBBANK,2025-06-09,2025-06-10,2025-06-13,394.95,381.13,-3.5,STOP_LOSS,4,62.29,4.06,CSB Bank Limited
CSBBANK,2025-07-04,2025-07-07,2025-07-18,415.3,430.8,3.73,TIME_EXIT,10,64.0,4.74,CSB Bank Limited
CSLFINANCE,2025-06-02,2025-06-03,2025-06-09,333.9,363.95,9.0,TARGET_HIT,5,61.79,4.52,CSL Finance Limited
CSLFINANCE,2026-08-31,2026-09-01,2026-09-02,240.0,231.6,-3.5,STOP_LOSS,2,80.76,3.79,CSL Finance Limited
CTE,2024-12-06,2024-12-09,2024-12-17,103.99,113.35,9.0,TARGET_HIT,7,69.65,7.41,Cambridge Technology Enterprises Limited
CUB,2025-06-02,2025-06-03,2025-06-13,199.5,192.52,-3.5,STOP_LOSS,9,70.34,2.85,City Union Bank Limited
CUB,2025-06-03,2025-06-04,2025-06-05,203.99,196.85,-3.5,STOP_LOSS,2,67.83,3.14,City Union Bank Limited
CUB,2025-10-06,2025-10-07,2025-10-09,220.0,212.3,-3.5,STOP_LOSS,3,73.04,3.05,City Union Bank Limited
CUB,2025-10-28,2025-10-29,2025-10-31,240.0,231.6,-3.5,STOP_LOSS,3,57.09,3.03,City Union Bank Limited
CUB,2026-01-30,2026-02-02,2026-02-02,284.1,274.16,-3.5,STOP_LOSS,1,60.81,2.15,City Union Bank Limited
CUBEXTUB,2025-01-20,2025-01-21,2025-01-21,130.0,125.45,-3.5,STOP_LOSS,1,57.76,2.01,Cubex Tubings Limited
CUBEXTUB,2025-06-06,2025-06-09,2025-06-10,109.7,119.57,9.0,TARGET_HIT,2,56.91,3.45,Cubex Tubings Limited
CUBEXTUB,2025-06-09,2025-06-10,2025-06-12,115.09,111.06,-3.5,STOP_LOSS,3,56.34,2.65,Cubex Tubings Limited
CUMMINSIND,2025-05-30,2025-06-02,2025-06-13,3267.0,3310.0,1.32,TIME_EXIT,10,59.88,3.98,Cummins India Limited
CUMMINSIND,2025-10-23,2025-10-24,2025-11-06,4079.9,4316.1,5.79,TIME_EXIT,10,59.51,3.05,Cummins India Limited
CUMMINSIND,2025-10-24,2025-10-27,2025-11-07,4220.0,4291.8,1.7,TIME_EXIT,10,55.93,3.38,Cummins India Limited
CUPID,2025-05-05,2025-05-06,2025-05-07,83.19,80.28,-3.5,STOP_LOSS,2,61.04,2.64,Cupid Limited
CYBERTECH,2025-09-19,2025-09-22,2025-09-29,162.44,177.06,9.0,TARGET_HIT,6,62.18,2.39,Cybertech Systems And Software Limited
DAICHI,2026-06-17,2026-06-18,2026-06-22,304.89,332.33,9.0,TARGET_HIT,3,56.29,5.89,Dai-Ichi Karkaria Limited
DALBHARAT,2024-12-02,2024-12-03,2024-12-16,1879.75,1945.95,3.52,TIME_EXIT,10,57.49,4.48,Dalmia Bharat Limited
DALBHARAT,2025-09-17,2025-09-18,2025-09-22,2488.9,2401.79,-3.5,STOP_LOSS,3,73.96,4.4,Dalmia Bharat Limited
DALBHARAT,2025-12-26,2025-12-29,2026-01-08,2174.0,2097.91,-3.5,STOP_LOSS,9,61.18,4.44,Dalmia Bharat Limited
DALMIASUG,2026-02-09,2026-02-10,2026-02-11,306.8,296.06,-3.5,STOP_LOSS,2,58.87,2.46,Dalmia Bharat Sugar and Industries Limited
DALMIASUG,2026-02-10,2026-02-11,2026-02-11,308.0,297.22,-3.5,STOP_LOSS,1,59.47,2.01,Dalmia Bharat Sugar and Industries Limited
DATAMATICS,2025-07-04,2025-07-07,2025-07-11,657.0,716.13,9.0,TARGET_HIT,5,64.7,3.49,Datamatics Global Services Limited
DBEIL,2025-05-30,2025-06-02,2025-06-02,140.0,135.1,-3.5,STOP_LOSS,1,57.15,2.33,Deepak Builders & Engineers India Limited
DBEIL,2025-09-08,2025-09-09,2025-09-15,147.94,142.76,-3.5,STOP_LOSS,5,64.43,3.72,Deepak Builders & Engineers India Limited
DBEIL,2025-09-09,2025-09-10,2025-09-12,151.4,146.1,-3.5,STOP_LOSS,3,56.35,3.59,Deepak Builders & Engineers India Limited
DCAL,2025-09-22,2025-09-23,2025-09-23,317.0,305.9,-3.5,STOP_LOSS,1,62.88,3.3,Dishman Carbogen Amcis Limited
DCBBANK,2024-12-02,2024-12-03,2024-12-16,127.69,127.15,-0.42,TIME_EXIT,10,57.24,2.95,DCB Bank Limited
DCBBANK,2025-05-29,2025-05-30,2025-06-05,146.8,141.66,-3.5,STOP_LOSS,5,61.0,2.61,DCB Bank Limited
DCI,2024-12-31,2025-01-01,2025-01-01,442.5,427.01,-3.5,STOP_LOSS,1,75.24,5.68,Dc Infotech And Communication Limited
DCI,2025-01-01,2025-01-02,2025-01-02,440.0,424.6,-3.5,STOP_LOSS,1,67.48,4.58,Dc Infotech And Communication Limited
DCMNVL,2026-05-04,2026-05-05,2026-05-05,169.58,163.64,-3.5,STOP_LOSS,1,68.31,13.08,DCM Nouvelle Limited
DCMNVL,2026-08-12,2026-08-13,2026-08-13,181.0,174.66,-3.5,STOP_LOSS,1,59.44,14.18,DCM Nouvelle Limited
DCMSHRIRAM,2025-06-12,2025-06-13,2025-06-13,1140.0,1100.1,-3.5,STOP_LOSS,1,63.6,4.14,DCM Shriram Limited
DCXINDIA,2024-10-31,2024-11-01,2024-11-01,358.0,345.47,-3.5,STOP_LOSS,1,56.63,3.18,DCX Systems Limited
DECCANCE,2025-01-03,2025-01-06,2025-01-06,743.0,717.0,-3.5,STOP_LOSS,1,57.15,8.74,Deccan Cements Limited
DEEPAKNTR,2026-05-07,2026-05-08,2026-05-12,1854.4,1789.5,-3.5,STOP_LOSS,3,59.76,2.42,Deepak Nitrite Limited
DENORA,2026-06-24,2026-06-25,2026-06-25,956.9,923.41,-3.5,STOP_LOSS,1,56.42,2.53,De Nora India Limited
DEVYANI,2025-05-16,2025-05-19,2025-05-21,187.0,180.46,-3.5,STOP_LOSS,3,71.3,11.24,Devyani International Limited
DHARMAJ,2026-08-10,2026-08-11,2026-08-12,285.0,275.02,-3.5,STOP_LOSS,2,64.12,2.43,Dharmaj Crop Guard Limited
DIAMONDYD,2025-04-11,2025-04-15,2025-04-29,1225.0,1219.9,-0.42,TIME_EXIT,10,61.97,3.56,Prataap Snacks Limited
DIAMONDYD,2026-01-01,2026-01-02,2026-01-06,1221.0,1178.26,-3.5,STOP_LOSS,3,72.24,2.49,Prataap Snacks Limited
DIAMONDYD,2026-08-07,2026-08-10,2026-08-11,1229.8,1186.76,-3.5,STOP_LOSS,2,77.96,6.63,Prataap Snacks Limited
DIFFNKG,2024-12-04,2024-12-05,2024-12-10,350.0,337.75,-3.5,STOP_LOSS,4,65.92,2.36,Diffusion Engineers Limited
DIFFNKG,2025-12-22,2025-12-23,2025-12-23,331.6,319.99,-3.5,STOP_LOSS,1,71.71,5.45,Diffusion Engineers Limited
DIGJAMLMTD,2026-09-10,2026-09-11,2026-09-11,64.5,62.24,-3.5,STOP_LOSS,1,66.51,103.83,Digjam Limited
DIVGIITTS,2025-06-06,2025-06-09,2025-06-13,597.15,576.25,-3.5,STOP_LOSS,5,69.97,6.78,Divgi Torqtransfer Systems Limited
DIVISLAB,2026-07-29,2026-07-30,2026-08-12,7885.5,8595.2,9.0,TARGET_HIT,10,60.04,2.88,Divi's Laboratories Limited
DIVISLAB,2026-08-28,2026-08-31,2026-09-11,9239.0,9322.0,0.9,TIME_EXIT,10,58.56,2.28,Divi's Laboratories Limited
DIVISLAB,2026-08-31,2026-09-01,2026-09-11,9251.5,9322.0,0.76,TIME_EXIT,10,70.24,2.15,Divi's Laboratories Limited
DJML,2024-11-28,2024-11-29,2024-12-02,143.0,155.87,9.0,TARGET_HIT,2,64.23,2.95,DJ Mediaprint & Logistics Limited
DJML,2024-11-29,2024-12-02,2024-12-02,161.0,155.36,-3.5,STOP_LOSS,1,68.76,4.06,DJ Mediaprint & Logistics Limited
DJML,2024-12-02,2024-12-03,2024-12-05,156.0,170.04,9.0,TARGET_HIT,3,64.13,3.55,DJ Mediaprint & Logistics Limited
DJML,2024-12-06,2024-12-09,2024-12-10,184.5,178.04,-3.5,STOP_LOSS,2,72.64,3.19,DJ Mediaprint & Logistics Limited
DLF,2026-06-18,2026-06-19,2026-06-23,639.0,616.64,-3.5,STOP_LOSS,3,57.25,3.01,DLF Limited
DLF,2026-08-24,2026-08-25,2026-09-02,688.0,663.92,-3.5,STOP_LOSS,7,67.32,2.81,DLF Limited
DMART,2025-03-27,2025-03-28,2025-04-07,4065.0,3922.72,-3.5,STOP_LOSS,6,61.53,2.16,Avenue Supermarts Limited
DMART,2025-04-17,2025-04-21,2025-04-30,4357.0,4204.5,-3.5,STOP_LOSS,8,62.42,2.78,Avenue Supermarts Limited
DMART,2025-04-23,2025-04-24,2025-04-25,4509.8,4351.96,-3.5,STOP_LOSS,2,63.59,2.34,Avenue Supermarts Limited
DMART,2025-08-18,2025-08-19,2025-09-02,4584.9,4680.0,2.07,TIME_EXIT,10,60.97,5.58,Avenue Supermarts Limited
DMART,2025-08-20,2025-08-21,2025-09-04,4737.9,4829.3,1.93,TIME_EXIT,10,60.57,2.75,Avenue Supermarts Limited
DMART,2026-06-17,2026-06-18,2026-07-01,4300.0,4328.6,0.67,TIME_EXIT,10,61.42,3.29,Avenue Supermarts Limited
DMCC,2024-11-06,2024-11-07,2024-11-11,318.0,306.87,-3.5,STOP_LOSS,3,67.31,6.97,DMCC SPECIALITY CHEMICALS LIMITED
DODLA,2024-12-04,2024-12-05,2024-12-17,1274.95,1230.33,-3.5,STOP_LOSS,9,63.85,2.29,Dodla Dairy Limited
DODLA,2025-08-26,2025-08-28,2025-09-10,1380.0,1435.5,4.02,TIME_EXIT,10,63.8,3.65,Dodla Dairy Limited
DODLA,2026-04-28,2026-04-29,2026-04-30,1150.0,1109.75,-3.5,STOP_LOSS,2,79.46,10.44,Dodla Dairy Limited
DOLATALGO,2026-08-19,2026-08-20,2026-08-25,76.64,73.96,-3.5,STOP_LOSS,4,58.64,4.87,Dolat Algotech Limited
DOLLAR,2024-10-01,2024-10-03,2024-10-07,537.1,518.3,-3.5,STOP_LOSS,3,59.68,2.5,Dollar Industries Limited
DOLLAR,2024-10-03,2024-10-04,2024-10-04,549.0,529.78,-3.5,STOP_LOSS,1,58.66,3.17,Dollar Industries Limited
DOLLAR,2025-05-14,2025-05-15,2025-05-15,409.9,395.55,-3.5,STOP_LOSS,1,65.39,2.75,Dollar Industries Limited
DOLLAR,2026-08-06,2026-08-07,2026-08-10,287.0,276.96,-3.5,STOP_LOSS,2,62.23,2.93,Dollar Industries Limited
DOLPHIN,2025-12-16,2025-12-17,2025-12-18,418.25,403.61,-3.5,STOP_LOSS,2,84.45,3.99,Dolphin Offshore Enterprises (India) Limited
DOLPHIN,2026-08-11,2026-08-12,2026-08-12,446.0,486.14,9.0,TARGET_HIT,1,57.21,3.01,Dolphin Offshore Enterprises (India) Limited
DOLPHIN,2026-08-12,2026-08-13,2026-08-13,502.0,484.43,-3.5,STOP_LOSS,1,83.71,34.78,Dolphin Offshore Enterprises (India) Limited
DPABHUSHAN,2025-05-15,2025-05-16,2025-05-20,1579.0,1523.74,-3.5,STOP_LOSS,3,66.99,3.38,D. P. Abhushan Limited
DRREDDY,2025-06-10,2025-06-11,2025-06-17,1350.0,1302.75,-3.5,STOP_LOSS,5,63.8,2.04,Dr. Reddy's Laboratories Limited
DYCL,2024-10-21,2024-10-22,2024-10-22,580.0,559.7,-3.5,STOP_LOSS,1,55.98,3.96,Dynamic Cables Limited
DYNAMATECH,2025-05-14,2025-05-15,2025-05-20,7117.0,6867.9,-3.5,STOP_LOSS,4,56.3,3.98,Dynamatic Technologies Limited
DYNPRO,2025-08-18,2025-08-19,2025-08-20,386.5,372.97,-3.5,STOP_LOSS,2,64.25,2.68,Dynemic Products Limited
ECLERX,2025-07-17,2025-07-18,2025-07-31,3696.0,3767.2,1.93,TIME_EXIT,10,61.02,4.68,eClerx Services Limited
ECLERX,2025-12-03,2025-12-04,2025-12-08,4905.0,4733.32,-3.5,STOP_LOSS,3,56.81,4.17,eClerx Services Limited
EDELWEISS,2024-11-28,2024-11-29,2024-11-29,125.0,120.62,-3.5,STOP_LOSS,1,60.08,3.66,Edelweiss Financial Services Limited
EICHERMOT,2025-11-24,2025-11-25,2025-11-27,7258.5,7004.45,-3.5,STOP_LOSS,3,62.82,2.34,Eicher Motors Limited
EICHERMOT,2026-08-03,2026-08-04,2026-08-17,8024.0,8050.0,0.32,TIME_EXIT,10,58.14,2.07,Eicher Motors Limited
EIDPARRY,2024-11-25,2024-11-26,2024-12-09,870.0,896.05,2.99,TIME_EXIT,10,55.06,2.12,EID Parry India Limited
EIDPARRY,2025-07-29,2025-07-30,2025-08-06,1212.0,1169.58,-3.5,STOP_LOSS,6,57.75,7.6,EID Parry India Limited
EIFFL,2025-04-23,2025-04-24,2025-04-24,199.01,216.92,9.0,TARGET_HIT,1,84.94,4.43,Euro India Fresh Foods Limited
ELIN,2025-04-24,2025-04-25,2025-04-25,153.95,148.56,-3.5,STOP_LOSS,1,56.33,2.61,Elin Electronics Limited
ELLEN,2025-09-09,2025-09-10,2025-09-18,555.0,535.57,-3.5,STOP_LOSS,7,56.71,2.93,Ellenbarrie Industrial Gases Limited
ELLEN,2026-04-10,2026-04-13,2026-04-16,233.3,254.3,9.0,TARGET_HIT,4,64.7,2.23,Ellenbarrie Industrial Gases Limited
ELPROINTL,2026-05-07,2026-05-08,2026-05-08,127.1,138.54,9.0,TARGET_HIT,1,87.71,3.91,Elpro International Limited
ELPROINTL,2026-05-08,2026-05-11,2026-05-22,160.08,172.3,7.63,TIME_EXIT,10,58.54,5.55,Elpro International Limited
EMAMIREAL,2024-12-05,2024-12-06,2024-12-10,135.78,148.0,9.0,TARGET_HIT,3,100.0,6.92,Emami Realty Limited
EMAMIREAL,2024-12-09,2024-12-10,2025-03-25,149.68,144.44,-3.5,STOP_LOSS,2,93.82,11.32,Emami Realty Limited
EMAMIREAL,2026-04-24,2026-04-27,2026-04-28,99.99,96.49,-3.5,STOP_LOSS,2,86.87,6.17,Emami Realty Limited
EMCURE,2025-07-22,2025-07-23,2025-08-01,1425.7,1375.8,-3.5,STOP_LOSS,8,58.63,2.38,Emcure Pharmaceuticals Limited
EMCURE,2025-11-10,2025-11-11,2025-11-11,1430.2,1380.14,-3.5,STOP_LOSS,1,56.73,3.7,Emcure Pharmaceuticals Limited
EMKAY,2026-09-01,2026-09-02,2026-09-02,266.75,257.41,-3.5,STOP_LOSS,1,57.63,2.98,Emkay Global Financial Services Limited
EMMVEE,2026-05-29,2026-06-01,2026-06-01,329.5,317.97,-3.5,STOP_LOSS,1,55.27,4.27,Emmvee Photovoltaic Power Limited
EMSLIMITED,2024-10-16,2024-10-17,2024-10-18,861.7,831.54,-3.5,STOP_LOSS,2,55.14,4.21,EMS Limited
EMUDHRA,2025-07-14,2025-07-15,2025-07-28,786.05,808.2,2.82,TIME_EXIT,10,57.48,2.12,eMudhra Limited
ENTERO,2025-02-04,2025-02-05,2025-02-07,1526.0,1472.59,-3.5,STOP_LOSS,3,66.63,3.48,Entero Healthcare Solutions Limited
ENTERO,2026-05-21,2026-05-22,2026-05-26,1319.4,1273.22,-3.5,STOP_LOSS,3,67.18,3.67,Entero Healthcare Solutions Limited
ENTERO,2026-07-27,2026-07-28,2026-07-29,1273.4,1228.83,-3.5,STOP_LOSS,2,68.29,2.78,Entero Healthcare Solutions Limited
EPACK,2025-05-26,2025-05-27,2025-05-27,405.0,390.82,-3.5,STOP_LOSS,1,55.11,2.25,EPACK Durable Limited
EPL,2025-05-19,2025-05-20,2025-05-21,238.2,229.86,-3.5,STOP_LOSS,2,55.72,2.49,EPL Limited
EPL,2026-02-09,2026-02-10,2026-02-16,219.36,211.68,-3.5,STOP_LOSS,5,55.5,2.12,EPL Limited
EPL,2026-07-06,2026-07-07,2026-07-08,243.0,234.5,-3.5,STOP_LOSS,2,56.21,2.85,EPL Limited
EQUITASBNK,2025-04-21,2025-04-22,2025-04-22,68.8,66.39,-3.5,STOP_LOSS,1,57.56,2.8,Equitas Small Finance Bank Limited
EQUITASBNK,2025-06-09,2025-06-10,2025-06-18,68.81,66.4,-3.5,STOP_LOSS,7,59.53,3.54,Equitas Small Finance Bank Limited
EQUITASBNK,2025-09-24,2025-09-25,2025-10-09,58.3,56.26,-3.5,STOP_LOSS,10,70.35,4.28,Equitas Small Finance Bank Limited
EQUITASBNK,2026-01-05,2026-01-06,2026-01-19,66.9,69.03,3.18,TIME_EXIT,10,57.03,3.77,Equitas Small Finance Bank Limited
EQUITASBNK,2026-06-05,2026-06-08,2026-06-16,73.2,79.79,9.0,TARGET_HIT,7,79.63,6.45,Equitas Small Finance Bank Limited
ERIS,2024-11-25,2024-11-26,2024-11-28,1496.7,1444.32,-3.5,STOP_LOSS,3,67.59,11.88,Eris Lifesciences Limited
ERIS,2025-11-20,2025-11-21,2025-11-26,1667.5,1609.14,-3.5,STOP_LOSS,4,64.87,2.45,Eris Lifesciences Limited
ERIS,2026-04-15,2026-04-16,2026-04-21,1460.0,1408.9,-3.5,STOP_LOSS,4,59.8,2.42,Eris Lifesciences Limited
ETERNAL,2026-08-20,2026-08-21,2026-08-31,330.0,318.45,-3.5,STOP_LOSS,7,64.15,2.1,ETERNAL LIMITED
ETHOSLTD,2025-07-22,2025-07-23,2025-07-24,2952.7,2849.36,-3.5,STOP_LOSS,2,91.14,7.29,Ethos Limited
ETHOSLTD,2025-10-10,2025-10-13,2025-10-24,2750.0,2896.8,5.34,TIME_EXIT,10,77.13,2.59,Ethos Limited
ETHOSLTD,2025-11-25,2025-11-26,2025-12-02,3056.0,2949.04,-3.5,STOP_LOSS,5,70.38,2.95,Ethos Limited
ETHOSLTD,2026-04-08,2026-04-09,2026-04-13,2444.4,2358.85,-3.5,STOP_LOSS,3,61.13,2.41,Ethos Limited
EUROPRATIK,2026-07-01,2026-07-02,2026-07-03,300.05,327.05,9.0,TARGET_HIT,2,57.29,4.02,Euro Pratik Sales Limited
EVEREADY,2026-09-10,2026-09-11,2026-09-15,366.2,353.38,-3.5,STOP_LOSS,3,55.09,7.18,Eveready Industries India Limited
EVERESTIND,2024-10-30,2024-10-31,2024-10-31,1068.75,1164.94,9.0,TARGET_HIT,1,61.52,2.79,Everest Industries Limited
EXCELINDUS,2025-07-04,2025-07-07,2025-07-18,1324.0,1386.9,4.75,TIME_EXIT,10,55.23,3.91,Excel Industries Limited
EXCELINDUS,2025-07-29,2025-07-30,2025-07-31,1415.0,1365.48,-3.5,STOP_LOSS,2,59.99,2.06,Excel Industries Limited
EXCELINDUS,2026-05-07,2026-05-08,2026-05-11,1044.0,1007.46,-3.5,STOP_LOSS,2,72.27,5.12,Excel Industries Limited
EXIDEIND,2025-04-21,2025-04-22,2025-04-25,387.0,373.46,-3.5,STOP_LOSS,4,59.85,2.21,Exide Industries Limited
EXPLEOSOL,2024-11-21,2024-11-22,2024-12-05,1359.5,1388.35,2.12,TIME_EXIT,10,61.61,6.84,Expleo Solutions Limited
EXPLEOSOL,2024-12-03,2024-12-04,2024-12-05,1432.6,1382.46,-3.5,STOP_LOSS,2,57.21,2.24,Expleo Solutions Limited
FAIRCHEMOR,2025-12-31,2026-01-01,2026-01-09,733.5,707.83,-3.5,STOP_LOSS,7,60.68,2.62,Fairchem Organics Limited
FAIRCHEMOR,2026-01-01,2026-01-02,2026-01-05,781.8,754.44,-3.5,STOP_LOSS,2,58.04,10.54,Fairchem Organics Limited
FAZE3Q,2025-05-12,2025-05-13,2025-05-15,620.45,598.73,-3.5,STOP_LOSS,3,62.34,2.01,Faze Three Limited
FAZE3Q,2026-02-03,2026-02-04,2026-02-04,529.9,511.35,-3.5,STOP_LOSS,1,100.0,3.01,Faze Three Limited
FAZE3Q,2026-06-19,2026-06-22,2026-06-25,587.5,640.38,9.0,TARGET_HIT,4,57.22,2.05,Faze Three Limited
FEDERALBNK,2025-03-19,2025-03-20,2025-04-03,186.8,194.14,3.93,TIME_EXIT,10,64.37,2.15,The Federal Bank  Limited
FEDERALBNK,2025-03-27,2025-03-28,2025-04-03,196.99,190.1,-3.5,STOP_LOSS,4,58.72,4.23,The Federal Bank  Limited
FEDFINA,2025-06-09,2025-06-10,2025-06-23,112.71,113.62,0.81,TIME_EXIT,10,56.58,4.77,Fedbank Financial Services Limited
FEDFINA,2025-07-17,2025-07-18,2025-07-21,126.3,121.88,-3.5,STOP_LOSS,2,55.81,2.75,Fedbank Financial Services Limited
FIBERWEB,2024-12-02,2024-12-03,2024-12-03,64.45,62.19,-3.5,STOP_LOSS,1,61.93,3.51,Fiberweb (India) Limited
FIBERWEB,2024-12-03,2024-12-04,2024-12-04,65.0,62.72,-3.5,STOP_LOSS,1,57.71,3.17,Fiberweb (India) Limited
FIEMIND,2025-12-19,2025-12-22,2025-12-26,2428.0,2343.02,-3.5,STOP_LOSS,5,63.43,2.72,Fiem Industries Limited
FINCABLES,2025-12-19,2025-12-22,2025-12-24,795.05,767.22,-3.5,STOP_LOSS,3,76.35,2.52,Finolex Cables Limited
FINEORG,2026-02-03,2026-02-04,2026-02-17,4500.0,4547.0,1.04,TIME_EXIT,10,60.67,6.57,Fine Organic Industries Limited
FINEORG,2026-08-12,2026-08-13,2026-08-17,5265.1,5080.82,-3.5,STOP_LOSS,3,57.22,2.05,Fine Organic Industries Limited
FINKURVE,2026-08-14,2026-08-17,2026-08-17,76.8,74.11,-3.5,STOP_LOSS,1,68.4,10.49,Finkurve Financial Services Limited
FINPIPE,2024-10-18,2024-10-21,2024-10-22,330.0,318.45,-3.5,STOP_LOSS,2,61.75,4.33,Finolex Industries Limited
FIVESTAR,2025-04-17,2025-04-21,2025-04-28,794.75,766.93,-3.5,STOP_LOSS,6,58.67,2.34,Five-Star Business Finance Limited
FLAIR,2024-12-09,2024-12-10,2024-12-18,323.05,311.74,-3.5,STOP_LOSS,7,59.57,7.82,Flair Writing Industries Limited
FLUOROCHEM,2025-03-20,2025-03-21,2025-03-24,4000.0,3860.0,-3.5,STOP_LOSS,2,58.81,2.95,Gujarat Fluorochemicals Limited
FMGOETZE,2024-12-11,2024-12-12,2024-12-17,430.0,414.95,-3.5,STOP_LOSS,4,74.59,4.33,Federal-Mogul Goetze (India) Limited.
FMGOETZE,2025-02-07,2025-02-10,2025-02-11,408.3,394.01,-3.5,STOP_LOSS,2,72.02,3.91,Federal-Mogul Goetze (India) Limited.
FMGOETZE,2025-05-28,2025-05-29,2025-05-29,411.95,449.03,9.0,TARGET_HIT,1,58.13,6.51,Federal-Mogul Goetze (India) Limited.
FMGOETZE,2025-11-13,2025-11-14,2025-11-21,532.2,513.57,-3.5,STOP_LOSS,6,56.22,2.61,Federal-Mogul Goetze (India) Limited.
FORTIS,2026-01-06,2026-01-07,2026-01-08,950.0,916.75,-3.5,STOP_LOSS,2,62.13,2.72,Fortis Healthcare Limited
FUSION,2025-09-19,2025-09-22,2025-10-06,189.95,189.9,-0.03,TIME_EXIT,10,57.48,2.09,Fusion Finance Limited
FUSION,2026-02-26,2026-02-27,2026-02-27,195.0,188.18,-3.5,STOP_LOSS,1,57.28,6.88,Fusion Finance Limited
FUSION,2026-04-22,2026-04-23,2026-05-05,182.3,198.71,9.0,TARGET_HIT,9,72.82,2.64,Fusion Finance Limited
GABRIEL,2025-07-01,2025-07-02,2025-07-02,1011.3,975.9,-3.5,STOP_LOSS,1,100.0,2.14,Gabriel India Limited
GAIL,2025-03-21,2025-03-24,2025-03-27,178.76,172.5,-3.5,STOP_LOSS,4,59.43,3.79,GAIL (India) Limited
GAIL,2026-01-02,2026-01-05,2026-01-06,175.4,169.26,-3.5,STOP_LOSS,2,62.24,3.46,GAIL (India) Limited
GAIL,2026-06-15,2026-06-16,2026-06-29,176.45,170.27,-3.5,STOP_LOSS,10,59.24,2.29,GAIL (India) Limited
GALAXYSURF,2026-04-29,2026-04-30,2026-04-30,1927.9,1860.42,-3.5,STOP_LOSS,1,83.63,5.15,Galaxy Surfactants Limited
GALLANTT,2025-03-24,2025-03-25,2025-03-27,367.0,354.16,-3.5,STOP_LOSS,3,90.42,14.27,Gallantt Ispat Limited
GANDHITUBE,2026-02-10,2026-02-11,2026-02-11,850.0,820.25,-3.5,STOP_LOSS,1,63.42,8.65,Gandhi Special Tubes Limited
GANDHITUBE,2026-05-25,2026-05-26,2026-05-26,880.0,849.2,-3.5,STOP_LOSS,1,61.86,2.97,Gandhi Special Tubes Limited
GANDHITUBE,2026-08-04,2026-08-05,2026-08-18,900.55,887.3,-1.47,TIME_EXIT,10,69.82,5.21,Gandhi Special Tubes Limited
GANDHITUBE,2026-08-11,2026-08-12,2026-08-13,933.0,900.34,-3.5,STOP_LOSS,2,55.58,6.56,Gandhi Special Tubes Limited
GANDHITUBE,2026-08-12,2026-08-13,2026-08-26,900.0,901.5,0.17,TIME_EXIT,10,74.09,3.71,Gandhi Special Tubes Limited
GANESHBE,2026-02-20,2026-02-23,2026-02-24,88.5,85.4,-3.5,STOP_LOSS,2,57.64,2.36,Ganesh Benzoplast Limited
GARFIBRES,2025-07-22,2025-07-23,2025-07-24,965.0,931.22,-3.5,STOP_LOSS,2,79.36,8.29,Garware Technical Fibres Limited
GARFIBRES,2026-06-09,2026-06-10,2026-06-11,691.75,667.54,-3.5,STOP_LOSS,2,56.24,2.4,Garware Technical Fibres Limited
GATEWAY,2026-02-09,2026-02-10,2026-02-12,64.9,62.63,-3.5,STOP_LOSS,3,59.84,4.36,Gateway Distriparks Limited
GEECEE,2024-11-07,2024-11-08,2024-11-08,439.5,424.12,-3.5,STOP_LOSS,1,62.26,5.25,GeeCee Ventures Limited
GEECEE,2025-05-19,2025-05-20,2025-05-21,443.7,428.17,-3.5,STOP_LOSS,2,75.61,4.32,GeeCee Ventures Limited
GENUSPOWER,2024-12-02,2024-12-03,2024-12-03,475.0,458.38,-3.5,STOP_LOSS,1,56.19,3.64,Genus Power Infrastructures Limited
GEOJITFSL,2026-06-05,2026-06-08,2026-06-08,76.24,73.57,-3.5,STOP_LOSS,1,60.88,2.66,Geojit Financial Services Limited
GFLLIMITED,2024-10-01,2024-10-03,2024-10-04,90.69,87.52,-3.5,STOP_LOSS,2,56.02,3.11,GFL Limited
GFLLIMITED,2026-09-02,2026-09-03,2026-09-09,59.89,57.79,-3.5,STOP_LOSS,5,55.78,2.42,GFL Limited
GFLLIMITED,2026-09-04,2026-09-07,2026-09-07,63.99,61.75,-3.5,STOP_LOSS,1,66.26,5.51,GFL Limited
GHCL,2025-05-19,2025-05-20,2025-05-21,639.55,617.17,-3.5,STOP_LOSS,2,56.97,2.35,GHCL Limited
GHCL,2026-05-04,2026-05-05,2026-05-06,528.05,509.57,-3.5,STOP_LOSS,2,57.38,7.55,GHCL Limited
GHCLTEXTIL,2026-04-16,2026-04-17,2026-04-22,89.41,86.28,-3.5,STOP_LOSS,4,68.89,2.6,GHCL Textiles Limited
GHCLTEXTIL,2026-08-28,2026-08-31,2026-09-01,131.9,143.77,9.0,TARGET_HIT,2,62.56,2.34,GHCL Textiles Limited
GICRE,2024-12-10,2024-12-11,2024-12-20,426.2,464.56,9.0,TARGET_HIT,8,62.09,3.19,General Insurance Corporation of India
GILLANDERS,2024-11-13,2024-11-14,2024-11-14,107.0,103.26,-3.5,STOP_LOSS,1,79.17,8.98,Gillanders Arbuthnot & Company Limited
GIPCL,2026-01-02,2026-01-05,2026-01-06,162.8,157.1,-3.5,STOP_LOSS,2,57.86,2.33,Gujarat Industries Power Company Limited
GKSL,2026-04-16,2026-04-17,2026-04-29,111.95,122.03,9.0,TARGET_HIT,9,59.33,2.65,Gujarat Kidney And Super Speciality Limited
GKWLIMITED,2024-10-30,2024-10-31,2024-11-04,3515.0,3391.98,-3.5,STOP_LOSS,3,71.47,3.23,GKW Limited
GKWLIMITED,2024-11-06,2024-11-07,2024-11-08,3572.65,3447.61,-3.5,STOP_LOSS,2,82.9,2.84,GKW Limited
GLAND,2025-06-30,2025-07-01,2025-07-14,1842.3,1889.6,2.57,TIME_EXIT,10,76.52,2.29,Gland Pharma Limited
GLAND,2025-07-16,2025-07-17,2025-07-30,1987.2,2060.7,3.7,TIME_EXIT,10,63.55,3.19,Gland Pharma Limited
GLAND,2025-07-17,2025-07-18,2025-07-31,2018.1,2064.8,2.31,TIME_EXIT,10,76.36,2.22,Gland Pharma Limited
GLAXO,2026-08-18,2026-08-19,2026-09-01,2877.3,2996.1,4.13,TIME_EXIT,10,55.91,7.37,GlaxoSmithKline Pharmaceuticals Limited
GLENMARK,2025-03-21,2025-03-24,2025-03-26,1512.9,1459.95,-3.5,STOP_LOSS,3,61.24,2.31,Glenmark Pharmaceuticals Limited
GLENMARK,2025-03-27,2025-03-28,2025-04-04,1525.75,1472.35,-3.5,STOP_LOSS,5,64.57,3.87,Glenmark Pharmaceuticals Limited
GLOBAL,2024-12-09,2024-12-10,2024-12-10,90.0,86.85,-3.5,STOP_LOSS,1,73.2,2.53,Global Education Limited
GLOBAL,2025-11-21,2025-11-24,2025-12-01,80.01,87.21,9.0,TARGET_HIT,6,59.7,2.24,Global Education Limited
GLOBAL,2026-06-18,2026-06-19,2026-06-19,111.0,107.12,-3.5,STOP_LOSS,1,63.57,3.91,Global Education Limited
GLOBAL,2026-09-02,2026-09-03,2026-09-03,119.5,115.32,-3.5,STOP_LOSS,1,59.53,3.74,Global Education Limited
GLOTTIS,2026-04-10,2026-04-13,2026-04-13,59.5,57.42,-3.5,STOP_LOSS,1,66.76,3.97,Glottis Limited
GMBREW,2026-09-07,2026-09-08,2026-09-11,941.4,908.45,-3.5,STOP_LOSS,4,58.28,3.76,GM Breweries Limited
GMMPFAUDLR,2026-07-31,2026-08-03,2026-08-06,855.0,931.95,9.0,TARGET_HIT,4,59.02,2.67,GMM Pfaudler Limited
GNA,2024-12-03,2024-12-04,2024-12-13,430.5,415.43,-3.5,STOP_LOSS,8,71.17,6.33,GNA Axles Limited
GNA,2024-12-09,2024-12-10,2024-12-11,444.0,428.46,-3.5,STOP_LOSS,2,61.7,2.84,GNA Axles Limited
GNA,2025-09-23,2025-09-24,2025-09-24,332.9,321.25,-3.5,STOP_LOSS,1,55.82,2.46,GNA Axles Limited
GNRL,2026-08-11,2026-08-12,2026-08-17,111.94,108.02,-3.5,STOP_LOSS,4,58.3,6.48,Gujarat Natural Resources Limited
GNRL,2026-08-12,2026-08-13,2026-08-17,113.98,109.99,-3.5,STOP_LOSS,3,56.51,3.18,Gujarat Natural Resources Limited
GOACARBON,2026-06-18,2026-06-19,2026-06-23,425.0,410.12,-3.5,STOP_LOSS,3,63.94,4.65,Goa Carbon Limited
GOCLCORP,2025-10-27,2025-10-28,2025-11-04,365.0,352.22,-3.5,STOP_LOSS,6,65.69,3.94,GOCL Corporation Limited
GOCLCORP,2026-06-03,2026-06-04,2026-06-05,424.95,410.08,-3.5,STOP_LOSS,2,71.31,2.51,GOCL Corporation Limited
GOCOLORS,2024-09-30,2024-10-01,2024-10-04,1370.2,1322.24,-3.5,STOP_LOSS,4,85.14,6.2,Go Fashion (India) Limited
GODFRYPHLP,2025-04-23,2025-04-24,2025-05-05,8050.0,8774.5,9.0,TARGET_HIT,7,66.36,2.43,Godfrey Phillips India Limited
GODIGIT,2025-05-30,2025-06-02,2025-06-02,345.0,332.92,-3.5,STOP_LOSS,1,76.59,3.54,Go Digit General Insurance Limited
GODREJCP,2025-03-18,2025-03-19,2025-04-02,1085.1,1162.65,7.15,TIME_EXIT,10,63.57,2.93,Godrej Consumer Products Limited
GODREJCP,2025-03-25,2025-03-26,2025-03-28,1129.95,1090.4,-3.5,STOP_LOSS,3,68.45,2.12,Godrej Consumer Products Limited
GODREJIND,2026-02-09,2026-02-10,2026-02-11,1048.1,1011.42,-3.5,STOP_LOSS,2,62.9,3.08,Godrej Industries Limited
GODREJPROP,2025-03-21,2025-03-24,2025-03-26,2199.0,2122.04,-3.5,STOP_LOSS,3,70.11,4.83,Godrej Properties Limited
GODREJPROP,2025-09-19,2025-09-22,2025-09-24,2146.0,2070.89,-3.5,STOP_LOSS,3,55.13,2.54,Godrej Properties Limited
GOKEX,2024-12-12,2024-12-13,2024-12-17,1135.05,1237.2,9.0,TARGET_HIT,3,56.14,2.77,Gokaldas Exports Limited
GOKULAGRO,2024-11-08,2024-11-11,2024-11-11,308.0,297.22,-3.5,STOP_LOSS,1,55.09,3.08,Gokul Agro Resources Limited
GOLDTECH,2026-06-25,2026-06-29,2026-06-29,56.01,54.05,-3.5,STOP_LOSS,1,56.92,8.27,AION-TECH SOLUTIONS LIMITED
GOLDTECH,2026-06-25,2026-06-29,2026-06-29,56.01,54.05,-3.5,STOP_LOSS,1,56.92,4.67,AION-TECH SOLUTIONS LIMITED
GOODLUCK,2025-08-28,2025-08-29,2025-09-09,1165.1,1269.96,9.0,TARGET_HIT,8,57.16,2.0,Goodluck India Limited
GOODLUCK,2026-04-17,2026-04-20,2026-04-24,1229.05,1186.03,-3.5,STOP_LOSS,5,62.16,2.78,Goodluck India Limited
GOODYEAR,2026-08-04,2026-08-05,2026-08-05,844.0,814.46,-3.5,STOP_LOSS,1,63.55,3.93,Goodyear India Limited
GPTHEALTH,2026-07-27,2026-07-28,2026-08-07,166.0,160.19,-3.5,STOP_LOSS,9,61.8,5.01,GPT Healthcare Limited
GRANULES,2025-10-03,2025-10-06,2025-10-17,560.45,569.55,1.62,TIME_EXIT,10,56.53,2.79,Granules India Limited
GRANULES,2026-02-20,2026-02-23,2026-03-02,600.0,579.0,-3.5,STOP_LOSS,6,65.28,2.9,Granules India Limited
GRASIM,2025-06-24,2025-06-25,2025-07-08,2791.9,2820.8,1.04,TIME_EXIT,10,67.29,2.53,Grasim Industries Limited
GRASIM,2025-08-18,2025-08-19,2025-09-02,2845.9,2779.8,-2.32,TIME_EXIT,10,59.05,2.19,Grasim Industries Limited
GRASIM,2026-08-10,2026-08-11,2026-08-13,3360.0,3242.4,-3.5,STOP_LOSS,3,63.12,6.54,Grasim Industries Limited
GRAUWEIL,2026-09-17,2026-09-18,2026-09-18,83.0,86.62,4.36,TIME_EXIT,1,62.07,2.98,Grauer & Weil India Limited
GRAVITA,2025-03-21,2025-03-24,2025-03-25,1820.0,1756.3,-3.5,STOP_LOSS,2,66.07,6.85,Gravita India Limited
GREENPANEL,2025-05-26,2025-05-27,2025-06-05,255.0,277.95,9.0,TARGET_HIT,8,73.7,3.94,Greenpanel Industries Limited
GREENPANEL,2026-04-16,2026-04-17,2026-04-17,226.0,218.09,-3.5,STOP_LOSS,1,74.43,7.12,Greenpanel Industries Limited
GREENPLY,2026-04-16,2026-04-17,2026-04-28,233.0,253.97,9.0,TARGET_HIT,8,59.26,6.68,Greenply Industries Limited
GREENPLY,2026-09-04,2026-09-07,2026-09-08,309.25,298.43,-3.5,STOP_LOSS,2,62.22,4.74,Greenply Industries Limited
GRINDWELL,2024-10-16,2024-10-17,2024-10-17,2536.45,2447.67,-3.5,STOP_LOSS,1,91.81,7.38,Grindwell Norton Limited
GRINDWELL,2026-02-03,2026-02-04,2026-02-17,1644.0,1624.5,-1.19,TIME_EXIT,10,65.66,3.32,Grindwell Norton Limited
GRINDWELL,2026-02-04,2026-02-05,2026-02-16,1669.0,1610.58,-3.5,STOP_LOSS,8,67.34,3.8,Grindwell Norton Limited
GRWRHITECH,2026-02-03,2026-02-04,2026-02-04,3936.1,4290.35,9.0,TARGET_HIT,1,91.99,3.43,Garware Hi-Tech Films Limited
GRWRHITECH,2026-05-29,2026-06-01,2026-06-01,6149.0,5933.78,-3.5,STOP_LOSS,1,57.46,2.74,Garware Hi-Tech Films Limited
GUFICBIO,2025-07-30,2025-07-31,2025-08-01,402.6,388.51,-3.5,STOP_LOSS,2,75.58,7.01,Gufic Biosciences Limited
GUFICBIO,2026-05-29,2026-06-01,2026-06-03,342.0,372.78,9.0,TARGET_HIT,3,55.51,3.93,Gufic Biosciences Limited
GUFICBIO,2026-08-10,2026-08-11,2026-08-13,434.5,419.29,-3.5,STOP_LOSS,3,60.86,2.54,Gufic Biosciences Limited
GUJALKALI,2025-10-29,2025-10-30,2025-11-06,577.8,557.58,-3.5,STOP_LOSS,6,60.29,3.17,Gujarat Alkalies and Chemicals Limited
GUJAPOLLO,2025-01-16,2025-01-17,2025-01-17,391.0,377.32,-3.5,STOP_LOSS,1,79.72,4.39,Gujarat Apollo Industries Limited
GUJAPOLLO,2025-04-03,2025-04-04,2025-04-04,352.1,383.79,9.0,TARGET_HIT,1,80.41,4.04,Gujarat Apollo Industries Limited
GUJAPOLLO,2025-06-13,2025-06-16,2025-06-18,389.85,376.21,-3.5,STOP_LOSS,3,74.06,6.3,Gujarat Apollo Industries Limited
GUJTHEM,2025-07-29,2025-07-30,2025-07-31,392.0,378.28,-3.5,STOP_LOSS,2,65.48,13.87,Gujarat Themis Biosyn Limited
GULFOILLUB,2026-08-03,2026-08-04,2026-08-17,1141.7,1174.6,2.88,TIME_EXIT,10,59.03,2.02,Gulf Oil Lubricants India Limited
GULPOLY,2026-01-05,2026-01-06,2026-01-12,150.0,144.75,-3.5,STOP_LOSS,5,58.01,3.89,Gulshan Polyols Limited
GULPOLY,2026-02-10,2026-02-11,2026-02-11,169.8,163.86,-3.5,STOP_LOSS,1,56.76,2.06,Gulshan Polyols Limited
GVT&D,2025-03-21,2025-03-24,2025-03-24,1638.95,1581.59,-3.5,STOP_LOSS,1,73.45,2.64,GE Vernova T&D India Limited
GVT&D,2025-05-12,2025-05-13,2025-05-16,1710.0,1863.9,9.0,TARGET_HIT,4,77.71,2.09,GE Vernova T&D India Limited
GVT&D,2025-05-15,2025-05-16,2025-05-20,1860.0,1794.9,-3.5,STOP_LOSS,3,77.44,2.96,GE Vernova T&D India Limited
GVT&D,2025-05-27,2025-05-28,2025-06-05,2230.5,2431.25,9.0,TARGET_HIT,7,59.15,3.9,GE Vernova T&D India Limited
GVT&D,2025-08-01,2025-08-04,2025-08-04,2863.1,2762.89,-3.5,STOP_LOSS,1,70.65,2.78,GE Vernova T&D India Limited
GVT&D,2025-09-19,2025-09-22,2025-09-23,3069.0,2961.58,-3.5,STOP_LOSS,2,60.03,2.13,GE Vernova T&D India Limited
GVT&D,2025-10-03,2025-10-06,2025-10-08,3193.0,3081.24,-3.5,STOP_LOSS,3,64.54,2.12,GE Vernova T&D India Limited
HAPPYFORGE,2025-09-17,2025-09-18,2025-09-29,981.45,947.1,-3.5,STOP_LOSS,8,71.3,7.51,Happy Forgings Limited
HAPPYFORGE,2026-06-22,2026-06-23,2026-07-06,1535.8,1482.05,-3.5,STOP_LOSS,10,80.34,4.49,Happy Forgings Limited
HAPPYFORGE,2026-08-31,2026-09-01,2026-09-01,2449.0,2363.28,-3.5,STOP_LOSS,1,61.11,2.38,Happy Forgings Limited
HARRMALAYA,2026-04-23,2026-04-24,2026-04-27,229.0,220.98,-3.5,STOP_LOSS,2,57.14,4.77,Harrisons  Malayalam Limited
HATSUN,2025-05-28,2025-05-29,2025-06-11,924.85,965.6,4.41,TIME_EXIT,10,78.35,5.31,Hatsun Agro Product Limited
HAVELLS,2026-01-06,2026-01-07,2026-01-12,1503.9,1451.26,-3.5,STOP_LOSS,4,59.16,3.23,Havells India Limited
HAWKINCOOK,2026-07-01,2026-07-02,2026-07-15,8600.0,8963.0,4.22,TIME_EXIT,10,63.64,2.43,Hawkins Cookers Limited
HAWKINCOOK,2026-07-02,2026-07-03,2026-07-16,8971.5,8955.0,-0.18,TIME_EXIT,10,64.6,3.26,Hawkins Cookers Limited
HAWKINCOOK,2026-09-09,2026-09-10,2026-09-10,8637.5,8335.19,-3.5,STOP_LOSS,1,56.68,4.88,Hawkins Cookers Limited
HCG,2024-11-05,2024-11-06,2024-11-06,490.0,472.85,-3.5,STOP_LOSS,1,71.31,10.05,Healthcare Global Enterprises Limited
HCG,2024-12-17,2024-12-18,2024-12-23,527.45,508.99,-3.5,STOP_LOSS,4,56.69,2.77,Healthcare Global Enterprises Limited
HCG,2024-12-18,2024-12-19,2024-12-23,531.1,512.51,-3.5,STOP_LOSS,3,57.02,2.63,Healthcare Global Enterprises Limited
HCG,2025-10-16,2025-10-17,2025-10-24,712.0,776.08,9.0,TARGET_HIT,6,77.36,6.58,Healthcare Global Enterprises Limited
HCG,2025-10-17,2025-10-20,2025-10-24,725.0,790.25,9.0,TARGET_HIT,5,71.13,3.48,Healthcare Global Enterprises Limited
HCLTECH,2025-06-11,2025-06-12,2025-06-13,1725.0,1664.62,-3.5,STOP_LOSS,2,63.37,2.41,HCL Technologies Limited
HDBFS,2025-11-25,2025-11-26,2025-12-09,757.0,730.5,-3.5,STOP_LOSS,10,56.36,2.41,HDB Financial Services Limited
HDFCAMC,2025-05-15,2025-05-16,2025-05-29,4720.0,4844.9,2.65,TIME_EXIT,10,68.69,3.5,HDFC Asset Management Company Limited
HDFCAMC,2025-07-15,2025-07-16,2025-07-29,5284.0,5627.5,6.5,TIME_EXIT,10,65.55,2.85,HDFC Asset Management Company Limited
HDFCAMC,2026-04-15,2026-04-16,2026-04-16,2701.2,2606.66,-3.5,STOP_LOSS,1,62.87,2.06,HDFC Asset Management Company Limited
HDFCBANK,2024-11-25,2024-11-26,2024-12-09,1810.0,1870.0,3.31,TIME_EXIT,10,81.46,16.38,HDFC Bank Limited
HDFCBANK,2025-06-26,2025-06-27,2025-07-10,2013.0,2006.2,-0.34,TIME_EXIT,10,68.21,2.68,HDFC Bank Limited
HDFCLIFE,2025-04-30,2025-05-02,2025-05-08,743.7,717.67,-3.5,STOP_LOSS,5,60.5,3.0,HDFC Life Insurance Company Limited
HDFCLIFE,2025-05-23,2025-05-26,2025-06-03,784.3,756.85,-3.5,STOP_LOSS,7,58.56,2.2,HDFC Life Insurance Company Limited
HDFCLIFE,2025-11-12,2025-11-13,2025-11-20,782.9,755.5,-3.5,STOP_LOSS,6,66.21,2.14,HDFC Life Insurance Company Limited
HECPROJECT,2025-05-26,2025-05-27,2025-05-28,138.92,134.06,-3.5,STOP_LOSS,2,71.14,37.02,HEC Infra Projects Limited
HECPROJECT,2025-05-27,2025-05-28,2025-06-02,137.0,132.2,-3.5,STOP_LOSS,4,57.69,3.97,HEC Infra Projects Limited
HEIDELBERG,2025-07-03,2025-07-04,2025-07-08,218.01,210.38,-3.5,STOP_LOSS,3,63.21,2.64,HeidelbergCement India Limited
HEMIPROP,2025-09-02,2025-09-03,2025-09-03,142.0,154.78,9.0,TARGET_HIT,1,58.04,2.41,Hemisphere Properties India Limited
HERITGFOOD,2026-08-20,2026-08-21,2026-08-31,381.8,368.44,-3.5,STOP_LOSS,7,55.59,2.2,Heritage Foods Limited
HESTERBIO,2026-01-07,2026-01-08,2026-01-09,1625.6,1568.7,-3.5,STOP_LOSS,2,84.49,7.66,Hester Biosciences Limited
HEXT,2025-05-20,2025-05-21,2025-05-30,790.0,861.1,9.0,TARGET_HIT,8,66.01,2.79,Hexaware Technologies Limited
HEXT,2025-08-25,2025-08-26,2025-08-26,825.4,796.51,-3.5,STOP_LOSS,1,75.14,3.44,Hexaware Technologies Limited
HEXT,2026-05-19,2026-05-20,2026-06-02,510.6,549.65,7.65,TIME_EXIT,10,69.14,4.09,Hexaware Technologies Limited
HGS,2025-10-24,2025-10-27,2025-11-06,521.0,502.76,-3.5,STOP_LOSS,9,57.09,4.41,Hinduja Global Solutions Limited
HILINFRA,2026-04-17,2026-04-20,2026-04-20,57.21,55.21,-3.5,STOP_LOSS,1,58.07,2.21,Highway Infrastructure Limited
HILTON,2024-12-04,2024-12-05,2024-12-13,90.3,98.43,9.0,TARGET_HIT,7,66.18,9.44,Hilton Metal Forging Limited
HILTON,2025-01-03,2025-01-06,2025-01-09,115.4,111.36,-3.5,STOP_LOSS,4,62.41,4.38,Hilton Metal Forging Limited
HILTON,2025-05-20,2025-05-21,2025-05-28,80.4,77.59,-3.5,STOP_LOSS,6,59.19,2.83,Hilton Metal Forging Limited
HIMATSEIDE,2025-07-01,2025-07-02,2025-07-03,161.0,155.36,-3.5,STOP_LOSS,2,55.62,2.86,Himatsingka Seide Limited
HINDALCO,2026-01-28,2026-01-29,2026-01-30,1010.25,974.89,-3.5,STOP_LOSS,2,58.77,2.15,Hindalco Industries Limited
HINDALCO,2026-01-29,2026-01-30,2026-01-30,1000.0,965.0,-3.5,STOP_LOSS,1,59.09,2.26,Hindalco Industries Limited
HINDUNILVR,2025-07-11,2025-07-14,2025-07-25,2500.0,2412.5,-3.5,STOP_LOSS,10,57.74,4.86,Hindustan Unilever Limited
HINDUNILVR,2026-04-17,2026-04-20,2026-04-30,2240.8,2250.9,0.45,TIME_EXIT,10,58.1,2.26,Hindustan Unilever Limited
HINDUNILVR,2026-04-22,2026-04-23,2026-04-30,2336.0,2254.24,-3.5,STOP_LOSS,6,62.76,2.34,Hindustan Unilever Limited
HINDWAREAP,2026-04-21,2026-04-22,2026-04-28,229.71,221.67,-3.5,STOP_LOSS,5,59.66,12.03,Hindware Home Innovation Limited
HINDZINC,2024-10-24,2024-10-25,2024-10-25,538.5,519.65,-3.5,STOP_LOSS,1,55.87,2.63,Hindustan Zinc Limited
HIRECT,2024-10-16,2024-10-17,2024-10-18,1040.0,1133.6,9.0,TARGET_HIT,2,78.37,3.57,Hirect Limited
HIRECT,2025-10-30,2025-10-31,2025-11-07,1824.9,1761.03,-3.5,STOP_LOSS,6,60.49,3.69,Hirect Limited
HISARMETAL,2024-12-20,2024-12-23,2024-12-23,243.89,235.35,-3.5,STOP_LOSS,1,92.32,9.31,Hisar Metal Industries Limited
HITECH,2026-05-26,2026-05-27,2026-05-29,95.68,92.33,-3.5,STOP_LOSS,3,58.81,3.46,Hi-Tech Pipes Limited
HLEGLAS,2025-05-20,2025-05-21,2025-05-26,384.0,418.56,9.0,TARGET_HIT,4,84.81,6.18,HLE Glascoat Limited
HOMEFIRST,2025-03-21,2025-03-24,2025-03-25,1109.85,1071.01,-3.5,STOP_LOSS,2,55.58,9.81,Home First Finance Company India Limited
HOMEFIRST,2025-04-22,2025-04-23,2025-05-02,1237.2,1193.9,-3.5,STOP_LOSS,7,71.05,2.37,Home First Finance Company India Limited
HONASA,2025-05-20,2025-05-21,2025-05-23,273.33,297.93,9.0,TARGET_HIT,3,55.76,2.07,Honasa Consumer Limited
HONAUT,2024-10-18,2024-10-21,2024-10-25,51677.45,49868.74,-3.5,STOP_LOSS,5,59.02,3.81,Honeywell Automation India Limited
HONDAPOWER,2025-05-20,2025-05-21,2025-05-21,2866.0,2765.69,-3.5,STOP_LOSS,1,98.53,3.13,Honda India Power Products Limited
HUHTAMAKI,2025-04-21,2025-04-22,2025-04-23,202.8,221.05,9.0,TARGET_HIT,2,55.26,3.42,Huhtamaki India Limited
HUHTAMAKI,2025-05-27,2025-05-28,2025-05-28,215.5,207.96,-3.5,STOP_LOSS,1,58.17,2.22,Huhtamaki India Limited
HUHTAMAKI,2025-09-05,2025-09-08,2025-09-09,239.45,231.07,-3.5,STOP_LOSS,2,61.16,2.1,Huhtamaki India Limited
HUHTAMAKI,2026-06-22,2026-06-23,2026-07-01,193.0,210.37,9.0,TARGET_HIT,7,65.7,5.85,Huhtamaki India Limited
HUHTAMAKI,2026-07-20,2026-07-21,2026-07-22,252.89,275.65,9.0,TARGET_HIT,2,59.25,6.41,Huhtamaki India Limited
HYUNDAI,2025-02-07,2025-02-10,2025-02-11,1887.5,1821.44,-3.5,STOP_LOSS,2,60.91,2.38,Hyundai Motor India Limited
HYUNDAI,2025-06-20,2025-06-23,2025-06-27,1982.0,2160.38,9.0,TARGET_HIT,5,63.95,14.33,Hyundai Motor India Limited
ICEMAKE,2024-10-09,2024-10-10,2024-10-10,780.0,850.2,9.0,TARGET_HIT,1,64.12,3.81,Ice Make Refrigeration Limited
ICEMAKE,2025-09-12,2025-09-15,2025-09-16,805.0,776.82,-3.5,STOP_LOSS,2,55.49,6.38,Ice Make Refrigeration Limited
ICEMAKE,2025-12-11,2025-12-12,2025-12-12,753.0,820.77,9.0,TARGET_HIT,1,62.14,4.93,Ice Make Refrigeration Limited
ICEMAKE,2026-07-20,2026-07-21,2026-08-03,830.1,825.25,-0.58,TIME_EXIT,10,61.6,4.64,Ice Make Refrigeration Limited
ICICIAMC,2026-02-03,2026-02-04,2026-02-09,3119.8,3010.61,-3.5,STOP_LOSS,4,67.1,3.09,ICICI Prudential Asset Management Company Limited
ICICIAMC,2026-04-08,2026-04-09,2026-04-21,3159.4,3443.75,9.0,TARGET_HIT,9,61.22,2.4,ICICI Prudential Asset Management Company Limited
ICICIAMC,2026-04-09,2026-04-10,2026-04-22,3275.0,3569.75,9.0,TARGET_HIT,9,66.69,2.67,ICICI Prudential Asset Management Company Limited
ICICIAMC,2026-05-27,2026-05-29,2026-06-01,3450.0,3329.25,-3.5,STOP_LOSS,2,60.75,2.27,ICICI Prudential Asset Management Company Limited
ICICIBANK,2025-03-21,2025-03-24,2025-04-07,1355.95,1308.49,-3.5,STOP_LOSS,10,81.17,6.86,ICICI Bank Limited
ICICIBANK,2026-01-06,2026-01-07,2026-01-20,1408.0,1375.8,-2.29,TIME_EXIT,10,68.99,2.53,ICICI Bank Limited
ICICIBANK,2026-06-11,2026-06-12,2026-06-25,1330.0,1387.5,4.32,TIME_EXIT,10,66.91,2.46,ICICI Bank Limited
ICICIGI,2025-06-06,2025-06-09,2025-06-11,2014.9,1944.38,-3.5,STOP_LOSS,3,57.55,2.65,ICICI Lombard General Insurance Company Limited
ICICIGI,2026-04-15,2026-04-16,2026-04-23,1867.2,1801.85,-3.5,STOP_LOSS,6,64.77,2.19,ICICI Lombard General Insurance Company Limited
ICIL,2025-05-13,2025-05-14,2025-05-16,337.55,325.74,-3.5,STOP_LOSS,3,55.65,2.52,Indo Count Industries Limited
ICIL,2026-02-03,2026-02-04,2026-02-04,296.0,285.64,-3.5,STOP_LOSS,1,75.39,7.12,Indo Count Industries Limited
ICRA,2025-05-29,2025-05-30,2025-06-03,6734.0,6498.31,-3.5,STOP_LOSS,3,57.4,3.71,ICRA Limited
ICRA,2025-09-15,2025-09-16,2025-09-29,6552.5,6408.5,-2.2,TIME_EXIT,10,70.36,3.38,ICRA Limited
IDFCFIRSTB,2025-04-03,2025-04-04,2025-04-04,60.5,58.38,-3.5,STOP_LOSS,1,57.27,3.87,IDFC First Bank Limited
IDFCFIRSTB,2025-09-04,2025-09-05,2025-09-18,72.54,71.95,-0.81,TIME_EXIT,10,61.39,2.48,IDFC First Bank Limited
IDFCFIRSTB,2025-12-15,2025-12-16,2025-12-29,83.34,84.54,1.44,TIME_EXIT,10,55.92,2.26,IDFC First Bank Limited
IDFCFIRSTB,2026-09-03,2026-09-04,2026-09-16,87.81,84.74,-3.5,STOP_LOSS,9,57.69,3.87,IDFC First Bank Limited
IFGLEXPOR,2024-10-16,2024-10-17,2024-10-18,631.0,608.92,-3.5,STOP_LOSS,2,63.91,4.27,IFGL Refractories Limited
IGCL,2026-07-01,2026-07-02,2026-07-13,67.15,73.19,9.0,TARGET_HIT,8,66.63,3.76,Indogulf Cropsciences Limited
IGL,2026-04-17,2026-04-20,2026-04-20,169.9,163.95,-3.5,STOP_LOSS,1,75.24,2.38,Indraprastha Gas Limited
IGPL,2025-05-16,2025-05-19,2025-05-20,485.0,468.02,-3.5,STOP_LOSS,2,55.1,3.28,IG Petrochemicals Limited
IGPL,2025-05-19,2025-05-20,2025-05-20,488.95,471.84,-3.5,STOP_LOSS,1,58.61,5.29,IG Petrochemicals Limited
IGPL,2026-03-18,2026-03-19,2026-03-19,375.0,361.88,-3.5,STOP_LOSS,1,60.88,3.14,IG Petrochemicals Limited
IGPL,2026-04-09,2026-04-10,2026-04-23,400.1,425.3,6.3,TIME_EXIT,10,56.07,2.34,IG Petrochemicals Limited
IGPL,2026-08-03,2026-08-04,2026-08-10,500.45,482.93,-3.5,STOP_LOSS,5,62.02,5.14,IG Petrochemicals Limited
IGPL,2026-08-05,2026-08-06,2026-08-06,521.6,503.34,-3.5,STOP_LOSS,1,65.11,2.35,IG Petrochemicals Limited
IIFLCAPS,2025-06-02,2025-06-03,2025-06-05,316.4,344.88,9.0,TARGET_HIT,3,58.04,2.33,IIFL Capital Services Limited
IIFLCAPS,2025-10-27,2025-10-28,2025-10-28,382.05,368.68,-3.5,STOP_LOSS,1,57.72,2.45,IIFL Capital Services Limited
IIFLCAPS,2026-05-07,2026-05-08,2026-05-14,355.0,342.58,-3.5,STOP_LOSS,5,59.33,7.69,IIFL Capital Services Limited
IKS,2025-12-22,2025-12-23,2025-12-29,1747.5,1686.34,-3.5,STOP_LOSS,5,60.2,3.54,Inventurus Knowledge Solutions Limited
IMAGICAA,2026-08-06,2026-08-07,2026-08-07,51.99,50.17,-3.5,STOP_LOSS,1,59.76,2.66,Imagicaaworld Entertainment Limited
IMFA,2025-08-13,2025-08-14,2025-08-25,803.35,875.65,9.0,TARGET_HIT,7,59.35,4.77,Indian Metals & Ferro Alloys Limited
IMPAL,2025-06-25,2025-06-26,2025-07-09,1141.3,1147.5,0.54,TIME_EXIT,10,74.41,12.26,India Motor Parts and Accessories Limited
IMPAL,2026-05-21,2026-05-22,2026-05-29,1135.0,1095.27,-3.5,STOP_LOSS,6,78.05,20.23,India Motor Parts and Accessories Limited
IMPAL,2026-07-06,2026-07-07,2026-07-07,1206.0,1163.79,-3.5,STOP_LOSS,1,61.97,8.21,India Motor Parts and Accessories Limited
INDHOTEL,2024-12-30,2024-12-31,2025-01-06,881.0,850.16,-3.5,STOP_LOSS,5,68.03,8.08,The Indian Hotels Company Limited
INDHOTEL,2025-03-19,2025-03-20,2025-03-27,821.8,793.04,-3.5,STOP_LOSS,6,57.92,2.19,The Indian Hotels Company Limited
INDIACEM,2024-12-30,2024-12-31,2025-01-13,380.0,376.8,-0.84,TIME_EXIT,10,64.23,2.28,The India Cements Limited
INDIAGLYCO,2025-11-12,2025-11-13,2025-11-20,1042.0,1135.78,9.0,TARGET_HIT,6,56.02,2.55,India Glycols Limited
INDIAMART,2025-07-14,2025-07-15,2025-07-16,2742.0,2646.03,-3.5,STOP_LOSS,2,61.95,5.44,Indiamart Intermesh Limited
INDIAMART,2026-06-16,2026-06-17,2026-06-23,2104.0,2030.36,-3.5,STOP_LOSS,5,67.7,4.48,Indiamart Intermesh Limited
INDIAMART,2026-06-18,2026-06-19,2026-06-23,2080.9,2008.07,-3.5,STOP_LOSS,3,63.07,2.78,Indiamart Intermesh Limited
INDIANB,2025-03-21,2025-03-24,2025-04-01,553.0,533.64,-3.5,STOP_LOSS,6,67.14,2.49,Indian Bank
INDIANCARD,2024-12-09,2024-12-10,2024-12-10,328.8,317.29,-3.5,STOP_LOSS,1,69.46,7.97,Indian Card Clothing Company Limited
INDIANHUME,2025-11-10,2025-11-11,2025-11-13,382.0,368.63,-3.5,STOP_LOSS,3,66.92,5.15,Indian Hume Pipe Company Limited
INDIASHLTR,2025-02-07,2025-02-10,2025-02-11,704.0,679.36,-3.5,STOP_LOSS,2,65.05,6.16,India Shelter Finance Corporation Limited
INDIASHLTR,2025-11-18,2025-11-19,2025-11-21,914.0,882.01,-3.5,STOP_LOSS,3,56.82,2.0,India Shelter Finance Corporation Limited
INDIGO,2025-06-27,2025-06-30,2025-07-11,5840.0,5917.5,1.33,TIME_EXIT,10,73.15,3.06,InterGlobe Aviation Limited
INDIGO,2025-06-30,2025-07-01,2025-07-03,5962.5,5753.81,-3.5,STOP_LOSS,3,68.8,2.32,InterGlobe Aviation Limited
INDIGOPNTS,2026-07-02,2026-07-03,2026-07-08,1089.4,1051.27,-3.5,STOP_LOSS,4,65.52,8.98,Indigo Paints Limited
INDIGOPNTS,2026-08-06,2026-08-07,2026-08-20,1128.6,1130.7,0.19,TIME_EXIT,10,57.75,2.05,Indigo Paints Limited
INDIQUBE,2025-11-26,2025-11-27,2025-11-28,231.15,223.06,-3.5,STOP_LOSS,2,82.55,4.03,Indiqube Spaces Limited
INDNIPPON,2025-03-24,2025-03-25,2025-03-25,642.0,619.53,-3.5,STOP_LOSS,1,63.91,4.23,India Nippon Electricals Limited
INDNIPPON,2025-05-16,2025-05-19,2025-05-30,666.0,725.94,9.0,TARGET_HIT,10,58.37,4.25,India Nippon Electricals Limited
INDNIPPON,2025-05-19,2025-05-20,2025-05-30,674.95,735.7,9.0,TARGET_HIT,9,65.01,3.33,India Nippon Electricals Limited
INDNIPPON,2025-07-01,2025-07-02,2025-07-15,762.15,779.65,2.3,TIME_EXIT,10,58.84,3.71,India Nippon Electricals Limited
INDNIPPON,2025-07-22,2025-07-23,2025-07-24,811.5,783.1,-3.5,STOP_LOSS,2,59.81,2.55,India Nippon Electricals Limited
INDNIPPON,2025-09-05,2025-09-08,2025-09-17,925.0,1008.25,9.0,TARGET_HIT,8,57.31,4.53,India Nippon Electricals Limited
INDOBORAX,2025-06-02,2025-06-03,2025-06-13,199.9,192.9,-3.5,STOP_LOSS,9,62.78,5.17,Indo Borax & Chemicals Limited
INDOBORAX,2025-12-12,2025-12-15,2025-12-18,276.4,266.73,-3.5,STOP_LOSS,4,66.89,3.3,Indo Borax & Chemicals Limited
INDOBORAX,2025-12-15,2025-12-16,2025-12-16,280.1,270.3,-3.5,STOP_LOSS,1,59.22,3.37,Indo Borax & Chemicals Limited
INDOBORAX,2026-04-06,2026-04-07,2026-04-20,253.94,254.32,0.15,TIME_EXIT,10,83.4,3.13,Indo Borax & Chemicals Limited
INDOCO,2026-05-06,2026-05-07,2026-05-07,232.64,253.58,9.0,TARGET_HIT,1,61.67,5.58,Indoco Remedies Limited
INDORAMA,2025-09-29,2025-09-30,2025-10-14,58.25,57.09,-1.99,TIME_EXIT,10,66.66,6.02,Indo Rama Synthetics (India) Limited
INDORAMA,2025-09-30,2025-10-01,2025-10-01,60.45,58.33,-3.5,STOP_LOSS,1,60.02,6.43,Indo Rama Synthetics (India) Limited
INDOSTAR,2024-12-06,2024-12-09,2024-12-11,315.8,304.75,-3.5,STOP_LOSS,3,59.62,5.83,IndoStar Capital Finance Limited
INDOSTAR,2026-02-11,2026-02-12,2026-02-13,237.15,228.85,-3.5,STOP_LOSS,2,55.8,2.83,IndoStar Capital Finance Limited
INDOSTAR,2026-02-12,2026-02-13,2026-02-13,240.26,231.85,-3.5,STOP_LOSS,1,55.56,2.03,IndoStar Capital Finance Limited
INDOTHAI,2026-03-25,2026-03-27,2026-04-09,284.3,290.1,2.04,TIME_EXIT,10,74.22,3.74,Indo Thai Securities Limited
INDOUS,2026-02-17,2026-02-18,2026-02-25,145.24,140.16,-3.5,STOP_LOSS,6,63.99,3.17,Indo Us Biotech Limited
INDRAMEDCO,2025-05-16,2025-05-19,2025-05-19,449.15,433.43,-3.5,STOP_LOSS,1,62.09,2.83,Indraprastha Medical Corporation Limited
INDSWFTLAB,2026-02-04,2026-02-05,2026-02-06,119.97,130.77,9.0,TARGET_HIT,2,69.13,4.58,Ind-Swift Laboratories Limited
INDUSINDBK,2025-02-04,2025-02-05,2025-02-17,1052.4,1015.57,-3.5,STOP_LOSS,9,64.12,3.38,IndusInd Bank Limited
INDUSINDBK,2026-01-14,2026-01-16,2026-01-20,945.0,911.92,-3.5,STOP_LOSS,3,59.69,3.25,IndusInd Bank Limited
INDUSINDBK,2026-02-26,2026-02-27,2026-03-04,963.0,929.3,-3.5,STOP_LOSS,4,60.65,2.65,IndusInd Bank Limited
INDUSTOWER,2025-06-20,2025-06-23,2025-07-04,403.9,424.95,5.21,TIME_EXIT,10,58.0,3.29,Indus Towers Limited
INFOBEAN,2025-08-13,2025-08-14,2025-08-14,656.5,633.52,-3.5,STOP_LOSS,1,62.23,2.39,InfoBeans Technologies Limited
INFY,2025-06-11,2025-06-12,2025-06-25,1617.0,1614.9,-0.13,TIME_EXIT,10,71.51,2.02,Infosys Limited
INFY,2025-12-22,2025-12-23,2025-12-30,1679.0,1620.24,-3.5,STOP_LOSS,6,75.47,4.67,Infosys Limited
INFY,2026-07-29,2026-07-30,2026-07-31,1168.0,1127.12,-3.5,STOP_LOSS,2,58.52,2.66,Infosys Limited
INGERRAND,2026-02-10,2026-02-11,2026-02-16,3600.0,3924.0,9.0,TARGET_HIT,4,55.2,2.56,Ingersoll Rand (India) Limited
INOXGREEN,2025-09-22,2025-09-23,2025-09-25,199.89,192.89,-3.5,STOP_LOSS,3,58.14,3.6,Inox Green Energy Services Limited
INSECTICID,2024-11-07,2024-11-08,2024-11-11,905.0,873.32,-3.5,STOP_LOSS,2,57.82,2.02,Insecticides (India) Limited
INSECTICID,2025-04-21,2025-04-22,2025-04-28,718.75,693.59,-3.5,STOP_LOSS,5,64.9,2.5,Insecticides (India) Limited
INSECTICID,2026-05-19,2026-05-20,2026-05-21,760.85,734.22,-3.5,STOP_LOSS,2,60.36,3.0,Insecticides (India) Limited
INTERARCH,2025-11-03,2025-11-04,2025-11-07,2225.7,2426.01,9.0,TARGET_HIT,4,59.11,2.04,Interarch Building Solutions Limited
INTLCONV,2025-09-04,2025-09-05,2025-09-18,96.0,96.38,0.4,TIME_EXIT,10,78.06,3.34,International Conveyors Limited
IOC,2025-03-21,2025-03-24,2025-03-28,133.0,128.34,-3.5,STOP_LOSS,5,66.55,4.52,Indian Oil Corporation Limited
IPCALAB,2024-10-11,2024-10-14,2024-10-22,1660.15,1602.04,-3.5,STOP_LOSS,7,65.01,6.96,IPCA Laboratories Limited
IPCALAB,2026-01-09,2026-01-12,2026-01-12,1574.0,1518.91,-3.5,STOP_LOSS,1,63.97,3.06,IPCA Laboratories Limited
IPL,2026-02-09,2026-02-10,2026-02-11,181.0,174.66,-3.5,STOP_LOSS,2,55.08,2.17,India Pesticides Limited
IRIS,2025-07-01,2025-07-02,2025-07-04,329.7,359.37,9.0,TARGET_HIT,3,64.63,3.85,IRIS RegTech Solutions Limited
IRISDOREME,2026-08-10,2026-08-11,2026-08-24,56.93,54.94,-3.5,STOP_LOSS,10,68.36,13.84,Iris Clothings Limited
ISGEC,2025-03-21,2025-03-24,2025-03-28,1069.4,1031.97,-3.5,STOP_LOSS,5,60.74,6.48,Isgec Heavy Engineering Limited
ISGEC,2025-12-24,2025-12-26,2025-12-29,925.0,892.62,-3.5,STOP_LOSS,2,66.77,4.54,Isgec Heavy Engineering Limited
ISHANCH,2025-06-23,2025-06-24,2025-06-24,55.0,53.08,-3.5,STOP_LOSS,1,59.6,17.41,Ishan Dyes and Chemicals Limited
ISHANCH,2025-07-01,2025-07-02,2025-10-06,60.85,66.33,9.0,TARGET_HIT,4,58.24,2.66,Ishan Dyes and Chemicals Limited
ITCHOTELS,2025-03-21,2025-03-24,2025-04-01,193.98,211.44,9.0,TARGET_HIT,6,64.35,10.71,ITC Hotels Limited
ITCHOTELS,2026-05-06,2026-05-07,2026-05-08,170.2,164.24,-3.5,STOP_LOSS,2,55.01,2.02,ITC Hotels Limited
ITCHOTELS,2026-06-19,2026-06-22,2026-07-03,173.0,178.62,3.25,TIME_EXIT,10,58.39,8.28,ITC Hotels Limited
IVALUE,2026-04-17,2026-04-20,2026-04-24,269.02,259.6,-3.5,STOP_LOSS,5,60.44,2.96,Ivalue Infosolutions Limited
IXIGO,2024-10-15,2024-10-16,2024-10-22,162.0,156.33,-3.5,STOP_LOSS,5,56.37,2.57,Le Travenues Technology Limited
IXIGO,2025-04-17,2025-04-21,2025-04-22,158.08,152.55,-3.5,STOP_LOSS,2,70.51,4.27,Le Travenues Technology Limited
IXIGO,2025-06-11,2025-06-12,2025-06-12,189.9,183.25,-3.5,STOP_LOSS,1,55.72,2.1,Le Travenues Technology Limited
JAGRAN,2025-05-28,2025-05-29,2025-05-30,83.3,80.38,-3.5,STOP_LOSS,2,62.82,3.4,Jagran Prakashan Limited
JAGRAN,2025-07-18,2025-07-21,2025-07-25,75.0,72.38,-3.5,STOP_LOSS,5,61.57,5.5,Jagran Prakashan Limited
JAICORPLTD,2025-05-15,2025-05-16,2025-05-20,103.0,112.27,9.0,TARGET_HIT,3,57.69,2.55,Jai Corp Limited
JAICORPLTD,2025-06-04,2025-06-05,2025-06-13,119.4,115.22,-3.5,STOP_LOSS,7,57.05,2.32,Jai Corp Limited
JAMNAAUTO,2025-04-23,2025-04-24,2025-04-25,85.3,82.31,-3.5,STOP_LOSS,2,58.2,3.88,Jamna Auto Industries Limited
JASH,2024-10-14,2024-10-15,2024-10-15,2449.45,2363.72,-3.5,STOP_LOSS,1,57.16,3.98,Jash Engineering Limited
JAYAGROGN,2024-09-25,2024-09-26,2024-09-30,316.8,305.71,-3.5,STOP_LOSS,3,58.06,3.81,Jayant Agro Organics Limited
JAYAGROGN,2026-09-08,2026-09-09,2026-09-11,254.0,245.11,-3.5,STOP_LOSS,3,55.55,15.09,Jayant Agro Organics Limited
JAYAGROGN,2026-09-09,2026-09-10,2026-09-11,259.0,249.94,-3.5,STOP_LOSS,2,59.31,3.67,Jayant Agro Organics Limited
JAYBARMARU,2025-05-22,2025-05-23,2025-05-23,84.0,81.06,-3.5,STOP_LOSS,1,55.25,6.28,Jay Bharat Maruti Limited
JAYSREETEA,2025-05-16,2025-05-19,2025-05-30,104.8,104.46,-0.32,TIME_EXIT,10,55.38,3.44,Jayshree Tea & Industries Limited
JGCHEM,2026-02-09,2026-02-10,2026-02-11,369.15,402.37,9.0,TARGET_HIT,2,61.0,4.12,J.G.Chemicals Limited
JINDALPHOT,2025-08-29,2025-09-01,2025-09-04,1145.0,1248.05,9.0,TARGET_HIT,4,64.71,2.48,Jindal Photo Limited
JINDALPOLY,2026-09-01,2026-09-02,2026-09-02,714.95,689.93,-3.5,STOP_LOSS,1,71.76,21.64,Jindal Poly Films Limited
JINDALSTEL,2025-05-14,2025-05-15,2025-05-28,940.0,945.15,0.55,TIME_EXIT,10,57.14,5.95,JINDAL STEEL LIMITED
JINDRILL,2024-10-30,2024-10-31,2024-11-05,661.5,721.04,9.0,TARGET_HIT,4,60.53,2.15,Jindal Drilling And Industries Limited
JIOFIN,2026-01-07,2026-01-08,2026-01-08,303.3,292.68,-3.5,STOP_LOSS,1,57.98,3.44,Jio Financial Services Limited
JITFINFRA,2026-02-13,2026-02-16,2026-02-18,388.9,423.9,9.0,TARGET_HIT,3,80.47,2.55,JITF Infralogistics Limited
JITFINFRA,2026-02-16,2026-02-17,2026-02-18,412.55,398.11,-3.5,STOP_LOSS,2,72.9,2.28,JITF Infralogistics Limited
JITFINFRA,2026-07-13,2026-07-14,2026-07-16,378.2,364.96,-3.5,STOP_LOSS,3,63.34,6.55,JITF Infralogistics Limited
JKCEMENT,2025-04-24,2025-04-25,2025-04-29,5262.0,5077.83,-3.5,STOP_LOSS,3,63.88,3.14,JK Cement Limited
JKCEMENT,2025-08-05,2025-08-06,2025-08-07,6968.0,6724.12,-3.5,STOP_LOSS,2,57.48,2.92,JK Cement Limited
JKIL,2026-02-09,2026-02-10,2026-02-11,595.0,574.17,-3.5,STOP_LOSS,2,66.27,3.23,J.Kumar Infraprojects Limited
JKIL,2026-08-17,2026-08-18,2026-08-31,509.0,491.18,-3.5,STOP_LOSS,10,63.94,2.31,J.Kumar Infraprojects Limited
JKLAKSHMI,2025-07-02,2025-07-03,2025-07-16,983.75,971.15,-1.28,TIME_EXIT,10,57.24,4.11,JK Lakshmi Cement Limited
JLHL,2025-02-03,2025-02-04,2025-02-07,1679.6,1620.81,-3.5,STOP_LOSS,4,75.38,5.82,Jupiter Life Line Hospitals Limited
JLHL,2025-06-10,2025-06-11,2025-06-20,1537.7,1483.88,-3.5,STOP_LOSS,8,90.11,13.74,Jupiter Life Line Hospitals Limited
JLHL,2025-09-24,2025-09-25,2025-09-29,1527.0,1473.56,-3.5,STOP_LOSS,3,85.05,13.74,Jupiter Life Line Hospitals Limited
JPOLYINVST,2025-09-01,2025-09-02,2025-09-02,1069.95,1032.5,-3.5,STOP_LOSS,1,99.98,4.51,Jindal Poly Investment and Finance Company Limited
JSFB,2024-12-05,2024-12-06,2024-12-09,444.35,428.8,-3.5,STOP_LOSS,2,56.94,2.0,Jana Small Finance Bank Limited
JSLL,2026-05-05,2026-05-06,2026-05-06,757.35,730.84,-3.5,STOP_LOSS,1,60.87,5.98,Jeena Sikho Lifecare Limited
JSWDULUX,2026-05-29,2026-06-01,2026-06-04,3170.0,3059.05,-3.5,STOP_LOSS,4,59.48,11.63,JSW Dulux Limited
JSWHL,2025-03-18,2025-03-19,2025-03-19,21399.0,20650.04,-3.5,STOP_LOSS,1,68.83,3.03,JSW Holdings Limited
JSWHL,2025-03-21,2025-03-24,2025-03-26,23159.0,22348.44,-3.5,STOP_LOSS,3,86.25,10.62,JSW Holdings Limited
JSWINFRA,2025-09-16,2025-09-17,2025-09-30,328.0,316.52,-3.5,STOP_LOSS,10,61.05,4.01,JSW Infrastructure Limited
JSWINFRA,2025-09-19,2025-09-22,2025-09-26,335.8,324.05,-3.5,STOP_LOSS,5,65.41,5.87,JSW Infrastructure Limited
JSWSTEEL,2025-08-18,2025-08-19,2025-08-28,1080.0,1042.2,-3.5,STOP_LOSS,7,64.78,2.51,JSW Steel Limited
JSWSTEEL,2026-04-20,2026-04-21,2026-05-04,1284.4,1266.6,-1.39,TIME_EXIT,10,64.57,2.94,JSW Steel Limited
JTLIND,2025-06-09,2025-06-10,2025-06-23,77.0,74.3,-3.5,STOP_LOSS,10,56.93,2.47,JTL INDUSTRIES LIMITED
JUBLCPL,2025-06-11,2025-06-12,2025-06-17,1707.2,1647.45,-3.5,STOP_LOSS,4,56.56,2.51,Jubilant Agri and Consumer Products Limited
JUBLCPL,2025-07-17,2025-07-18,2025-07-21,1860.0,2027.4,9.0,TARGET_HIT,2,62.24,5.75,Jubilant Agri and Consumer Products Limited
JUBLCPL,2026-07-03,2026-07-06,2026-07-06,2200.0,2123.0,-3.5,STOP_LOSS,1,58.89,2.41,Jubilant Agri and Consumer Products Limited
JUBLFOOD,2025-04-23,2025-04-24,2025-04-25,717.95,692.82,-3.5,STOP_LOSS,2,58.79,2.41,Jubilant Foodworks Limited
JYOTICNC,2024-12-03,2024-12-04,2024-12-12,1330.0,1283.45,-3.5,STOP_LOSS,7,60.13,4.43,Jyoti CNC Automation Limited
JYOTICNC,2025-03-21,2025-03-24,2025-03-24,1150.0,1109.75,-3.5,STOP_LOSS,1,61.4,11.42,Jyoti CNC Automation Limited
KABRAEXTRU,2026-02-05,2026-02-06,2026-02-10,253.89,245.0,-3.5,STOP_LOSS,3,56.13,2.69,Kabra Extrusion Technik Limited
KAJARIACER,2025-06-24,2025-06-25,2025-07-01,1105.0,1066.32,-3.5,STOP_LOSS,5,60.13,2.61,Kajaria Ceramics Limited
KAJARIACER,2025-07-17,2025-07-18,2025-07-24,1234.0,1190.81,-3.5,STOP_LOSS,5,72.48,2.84,Kajaria Ceramics Limited
KAJARIACER,2025-10-13,2025-10-14,2025-10-15,1261.6,1217.44,-3.5,STOP_LOSS,2,66.89,6.87,Kajaria Ceramics Limited
KAJARIACER,2026-04-01,2026-04-02,2026-04-08,969.9,1057.19,9.0,TARGET_HIT,5,66.22,5.54,Kajaria Ceramics Limited
KAJARIACER,2026-06-23,2026-06-24,2026-07-07,1195.0,1211.2,1.36,TIME_EXIT,10,61.04,2.76,Kajaria Ceramics Limited
KAJARIACER,2026-07-13,2026-07-14,2026-07-24,1243.6,1200.07,-3.5,STOP_LOSS,9,60.15,3.33,Kajaria Ceramics Limited
KAMAHOLD,2026-05-06,2026-05-07,2026-05-18,2663.2,2569.99,-3.5,STOP_LOSS,8,65.2,2.37,Kama Holdings Limited
KAMAHOLD,2026-07-21,2026-07-22,2026-07-22,2720.6,2625.38,-3.5,STOP_LOSS,1,60.22,3.99,Kama Holdings Limited
KAMATHOTEL,2024-12-09,2024-12-10,2024-12-10,231.02,251.81,9.0,TARGET_HIT,1,60.24,3.69,Kamat Hotels (I) Limited
KAMATHOTEL,2026-03-11,2026-03-12,2026-03-12,194.98,188.16,-3.5,STOP_LOSS,1,60.9,4.59,Kamat Hotels (I) Limited
KAMATHOTEL,2026-08-13,2026-08-14,2026-08-21,188.8,205.79,9.0,TARGET_HIT,6,65.85,3.02,Kamat Hotels (I) Limited
KAMATHOTEL,2026-08-14,2026-08-17,2026-08-17,197.3,190.39,-3.5,STOP_LOSS,1,55.92,3.36,Kamat Hotels (I) Limited
KANPRPLA,2025-02-05,2025-02-06,2025-02-06,153.05,147.69,-3.5,STOP_LOSS,1,69.45,23.58,Kanpur Plastipack Limited
KANSAINER,2025-03-21,2025-03-24,2025-03-25,246.0,237.39,-3.5,STOP_LOSS,2,60.77,3.23,Kansai Nerolac Paints Limited
KANSAINER,2025-04-22,2025-04-23,2025-04-25,269.8,260.36,-3.5,STOP_LOSS,3,69.13,2.86,Kansai Nerolac Paints Limited
KANSAINER,2025-12-24,2025-12-26,2025-12-26,244.79,236.22,-3.5,STOP_LOSS,1,63.47,10.44,Kansai Nerolac Paints Limited
KANSAINER,2026-04-10,2026-04-13,2026-04-20,188.25,205.19,9.0,TARGET_HIT,6,73.99,3.3,Kansai Nerolac Paints Limited
KANSAINER,2026-04-15,2026-04-16,2026-04-29,197.0,197.72,0.37,TIME_EXIT,10,64.16,2.96,Kansai Nerolac Paints Limited
KARURVYSYA,2025-04-16,2025-04-17,2025-05-02,218.9,215.6,-1.51,TIME_EXIT,10,71.83,4.33,Karur Vysya Bank Limited
KARURVYSYA,2025-04-17,2025-04-21,2025-04-25,223.5,215.68,-3.5,STOP_LOSS,5,64.05,2.12,Karur Vysya Bank Limited
KAVDEFENCE,2026-02-10,2026-02-11,2026-02-12,77.8,84.8,9.0,TARGET_HIT,2,56.15,2.27,Kavveri Defence & Wireless Technologies Limited
KAVDEFENCE,2026-09-04,2026-09-07,2026-09-07,70.05,67.6,-3.5,STOP_LOSS,1,61.43,16.55,Kavveri Defence & Wireless Technologies Limited
KDDL,2024-12-19,2024-12-20,2024-12-23,3100.0,2991.5,-3.5,STOP_LOSS,2,58.66,2.04,KDDL Limited
KDDL,2025-03-21,2025-03-24,2025-03-25,3251.0,3137.21,-3.5,STOP_LOSS,2,68.43,2.16,KDDL Limited
KDDL,2026-02-03,2026-02-04,2026-02-13,2410.0,2325.65,-3.5,STOP_LOSS,8,70.95,4.21,KDDL Limited
KEI,2024-12-10,2024-12-11,2024-12-17,4570.0,4410.05,-3.5,STOP_LOSS,5,73.72,3.81,KEI Industries Limited
KENNAMET,2026-08-07,2026-08-10,2026-08-12,3309.9,3607.79,9.0,TARGET_HIT,3,55.15,2.19,Kennametal India Limited
KERNEX,2024-11-13,2024-11-14,2024-11-14,800.7,872.76,9.0,TARGET_HIT,1,61.19,2.88,Kernex Microsystems (India) Limited
KERNEX,2024-11-21,2024-11-22,2024-11-22,1017.7,982.08,-3.5,STOP_LOSS,1,60.26,2.03,Kernex Microsystems (India) Limited
KERNEX,2024-12-13,2024-12-16,2024-12-18,1498.0,1445.57,-3.5,STOP_LOSS,3,57.59,2.55,Kernex Microsystems (India) Limited
KFINTECH,2024-11-25,2024-11-26,2024-12-03,1107.8,1207.5,9.0,TARGET_HIT,6,55.48,2.52,Kfin Technologies Limited
KHADIM,2024-10-16,2024-10-17,2024-10-17,415.9,401.34,-3.5,STOP_LOSS,1,62.26,5.86,Khadim India Limited
KHAICHEM,2025-05-16,2025-05-19,2025-05-19,67.82,73.92,9.0,TARGET_HIT,1,59.64,4.2,Khaitan Chemicals & Fertilizers Limited
KHAICHEM,2025-05-19,2025-05-20,2025-05-21,74.35,71.75,-3.5,STOP_LOSS,2,57.59,3.64,Khaitan Chemicals & Fertilizers Limited
KHAICHEM,2025-05-26,2025-05-27,2025-05-27,79.0,76.24,-3.5,STOP_LOSS,1,65.88,2.35,Khaitan Chemicals & Fertilizers Limited
KICL,2026-02-25,2026-02-26,2026-03-02,5015.0,4839.47,-3.5,STOP_LOSS,3,58.18,2.56,Kalyani Investment Company Limited
KICL,2026-06-22,2026-06-23,2026-06-29,5399.0,5210.04,-3.5,STOP_LOSS,5,78.08,3.05,Kalyani Investment Company Limited
KIMS,2025-03-24,2025-03-25,2025-03-25,650.0,627.25,-3.5,STOP_LOSS,1,61.15,2.54,Krishna Institute of Medical Sciences Limited
KIMS,2026-02-12,2026-02-13,2026-02-26,685.0,746.65,9.0,TARGET_HIT,10,57.25,2.46,Krishna Institute of Medical Sciences Limited
KIMS,2026-05-06,2026-05-07,2026-05-11,700.3,763.33,9.0,TARGET_HIT,3,64.66,2.34,Krishna Institute of Medical Sciences Limited
KINGFA,2026-04-15,2026-04-16,2026-04-27,4708.0,5131.72,9.0,TARGET_HIT,8,60.54,4.15,Kingfa Science & Technology (India) Limited
KINGFA,2026-05-08,2026-05-11,2026-05-12,5425.0,5235.12,-3.5,STOP_LOSS,2,65.42,5.25,Kingfa Science & Technology (India) Limited
KINGFA,2026-05-26,2026-05-27,2026-05-29,5566.1,5371.29,-3.5,STOP_LOSS,3,61.06,4.98,Kingfa Science & Technology (India) Limited
KINGFA,2026-08-07,2026-08-10,2026-08-13,5600.0,6104.0,9.0,TARGET_HIT,4,61.3,6.16,Kingfa Science & Technology (India) Limited
KINGFA,2026-08-12,2026-08-13,2026-08-14,6038.5,5827.15,-3.5,STOP_LOSS,2,55.9,4.02,Kingfa Science & Technology (India) Limited
KIRLFER,2026-05-06,2026-05-07,2026-05-07,468.0,451.62,-3.5,STOP_LOSS,1,72.68,3.44,Kirloskar Ferrous Industries Limited
KIRLOSBROS,2024-09-27,2024-09-30,2024-10-07,1762.0,1700.33,-3.5,STOP_LOSS,6,61.26,2.23,Kirloskar Brothers Limited
KIRLOSENG,2026-05-29,2026-06-01,2026-06-02,1930.2,1862.64,-3.5,STOP_LOSS,2,55.51,2.49,Kirloskar Oil Engines Limited
KIRLOSIND,2025-09-19,2025-09-22,2025-09-23,4296.0,4145.64,-3.5,STOP_LOSS,2,55.88,2.44,Kirloskar Industries Limited
KIRLPNU,2024-10-15,2024-10-16,2024-10-17,1529.0,1475.48,-3.5,STOP_LOSS,2,58.35,7.45,Kirloskar Pneumatic Company Limited
KKCL,2025-06-09,2025-06-10,2025-06-18,502.0,484.43,-3.5,STOP_LOSS,7,55.06,2.52,Kewal Kiran Clothing Limited
KKCL,2026-04-10,2026-04-13,2026-04-24,475.0,475.15,0.03,TIME_EXIT,10,55.61,2.91,Kewal Kiran Clothing Limited
KKCL,2026-05-06,2026-05-07,2026-05-08,506.0,488.29,-3.5,STOP_LOSS,2,63.64,7.86,Kewal Kiran Clothing Limited
KKCL,2026-06-15,2026-06-16,2026-06-23,466.0,507.94,9.0,TARGET_HIT,6,76.67,2.71,Kewal Kiran Clothing Limited
KKCL,2026-07-03,2026-07-06,2026-07-08,512.1,494.18,-3.5,STOP_LOSS,3,74.76,12.47,Kewal Kiran Clothing Limited
KOKUYOCMLN,2025-03-20,2025-03-21,2025-03-21,110.05,106.2,-3.5,STOP_LOSS,1,71.55,3.25,Kokuyo Camlin Limited
KOKUYOCMLN,2026-04-15,2026-04-16,2026-04-16,90.0,86.85,-3.5,STOP_LOSS,1,64.62,6.3,Kokuyo Camlin Limited
KOPRAN,2025-04-15,2025-04-16,2025-04-23,200.0,193.0,-3.5,STOP_LOSS,5,59.96,2.22,Kopran Limited
KOTAKBANK,2024-11-25,2024-11-26,2024-12-09,1795.0,1786.25,-0.49,TIME_EXIT,10,72.66,2.55,Kotak Mahindra Bank Limited
KOTAKBANK,2025-03-21,2025-03-24,2025-04-07,2100.0,2026.5,-3.5,STOP_LOSS,10,82.73,5.1,Kotak Mahindra Bank Limited
KOTAKBANK,2025-10-16,2025-10-17,2025-10-27,2203.9,2126.76,-3.5,STOP_LOSS,7,66.67,2.29,Kotak Mahindra Bank Limited
KOTAKBANK,2026-08-26,2026-08-27,2026-09-09,415.75,414.0,-0.42,TIME_EXIT,10,62.4,2.09,Kotak Mahindra Bank Limited
KOTAKBANK,2026-08-27,2026-08-28,2026-09-10,424.6,416.55,-1.9,TIME_EXIT,10,67.78,3.38,Kotak Mahindra Bank Limited
KOTHARIPET,2025-03-21,2025-03-24,2025-03-25,172.2,166.17,-3.5,STOP_LOSS,2,74.33,5.88,Kothari Petrochemicals Limited
KOTYARK,2026-04-24,2026-04-27,2026-04-28,417.75,403.13,-3.5,STOP_LOSS,2,60.94,3.98,Kotyark Industries Limited
KOVAI,2026-06-09,2026-06-10,2026-06-23,5751.0,6268.59,9.0,TARGET_HIT,10,64.1,2.93,Kovai Medical Center & Hospital Limited
KOVAI,2026-08-10,2026-08-11,2026-08-11,6194.5,5977.69,-3.5,STOP_LOSS,1,61.47,4.76,Kovai Medical Center & Hospital Limited
KPIGREEN,2025-01-02,2025-01-03,2025-01-03,579.0,558.74,-3.5,STOP_LOSS,1,68.06,2.75,KPI Green Energy Limited
KPIL,2026-05-04,2026-05-05,2026-05-06,1291.7,1246.49,-3.5,STOP_LOSS,2,56.99,3.93,Kalpataru Projects International Limited
KRISHANA,2025-03-11,2025-03-12,2025-03-18,212.15,231.24,9.0,TARGET_HIT,4,70.29,2.47,Krishana Phoschem Limited
KRISHANA,2025-03-17,2025-03-18,2025-03-20,226.99,247.42,9.0,TARGET_HIT,3,79.93,3.09,Krishana Phoschem Limited
KRISHANA,2025-05-05,2025-05-06,2025-05-08,299.8,326.78,9.0,TARGET_HIT,3,70.22,2.91,Krishana Phoschem Limited
KRISHANA,2026-04-02,2026-04-06,2026-04-08,545.7,594.81,9.0,TARGET_HIT,3,56.86,2.64,Krishana Phoschem Limited
KRITI,2025-05-26,2025-05-27,2025-05-30,148.79,143.58,-3.5,STOP_LOSS,4,60.92,2.12,Kriti Industries (India) Limited
KRITINUT,2025-05-12,2025-05-13,2025-05-13,111.8,107.89,-3.5,STOP_LOSS,1,56.62,8.33,Kriti Nutrients Limited
KRN,2026-08-17,2026-08-18,2026-08-19,1517.7,1464.58,-3.5,STOP_LOSS,2,60.34,3.18,KRN Heat Exchanger and Refrigeration Limited
KRSNAA,2026-07-02,2026-07-03,2026-07-06,574.8,554.68,-3.5,STOP_LOSS,2,55.54,2.5,Krsnaa Diagnostics Limited
KSB,2026-04-15,2026-04-16,2026-04-29,955.95,985.3,3.07,TIME_EXIT,10,67.04,5.64,Ksb Limited
KSB,2026-06-15,2026-06-16,2026-06-22,855.0,931.95,9.0,TARGET_HIT,5,67.68,2.07,Ksb Limited
KSCL,2026-04-08,2026-04-09,2026-04-22,905.4,935.15,3.29,TIME_EXIT,10,55.72,3.36,Kaveri Seed Company Limited
KSL,2024-12-12,2024-12-13,2024-12-17,1050.0,1144.5,9.0,TARGET_HIT,3,55.67,2.93,Kalyani Steels Limited
KSL,2025-11-03,2025-11-04,2025-11-04,888.0,856.92,-3.5,STOP_LOSS,1,64.55,2.11,Kalyani Steels Limited
KSL,2026-04-21,2026-04-22,2026-05-04,787.4,858.27,9.0,TARGET_HIT,9,56.94,2.01,Kalyani Steels Limited
KSL,2026-05-04,2026-05-05,2026-05-08,885.0,854.02,-3.5,STOP_LOSS,4,57.93,2.49,Kalyani Steels Limited
KTKBANK,2025-09-15,2025-09-16,2025-09-26,177.8,171.58,-3.5,STOP_LOSS,9,70.19,2.32,The Karnataka Bank Limited
KTKBANK,2026-04-08,2026-04-09,2026-04-13,243.51,234.99,-3.5,STOP_LOSS,3,55.16,3.07,The Karnataka Bank Limited
KTKBANK,2026-07-27,2026-07-28,2026-07-28,286.95,276.91,-3.5,STOP_LOSS,1,56.82,2.07,The Karnataka Bank Limited
LANDMARK,2025-05-19,2025-05-20,2025-05-20,459.0,442.94,-3.5,STOP_LOSS,1,58.08,2.34,Landmark Cars Limited
LAURUSLABS,2026-06-29,2026-06-30,2026-07-13,1500.3,1558.6,3.89,TIME_EXIT,10,69.64,8.18,Laurus Labs Limited
LAURUSLABS,2026-08-27,2026-08-28,2026-08-31,1929.7,1862.16,-3.5,STOP_LOSS,2,64.84,2.38,Laurus Labs Limited
LAXMIDENTL,2025-06-11,2025-06-12,2025-06-18,423.4,408.58,-3.5,STOP_LOSS,5,57.07,3.07,Laxmi Dental Limited
LGBBROSLTD,2025-01-31,2025-02-03,2025-02-10,1350.0,1302.75,-3.5,STOP_LOSS,6,63.61,3.71,LG Balakrishnan & Bros Limited
LGBBROSLTD,2025-07-15,2025-07-16,2025-07-28,1322.4,1276.12,-3.5,STOP_LOSS,9,61.38,2.21,LG Balakrishnan & Bros Limited
LGBBROSLTD,2025-09-03,2025-09-04,2025-09-17,1350.9,1377.7,1.98,TIME_EXIT,10,60.01,2.08,LG Balakrishnan & Bros Limited
LGBBROSLTD,2026-08-26,2026-08-27,2026-09-09,1697.4,1729.7,1.9,TIME_EXIT,10,58.08,4.19,LG Balakrishnan & Bros Limited
LGEINDIA,2026-06-19,2026-06-22,2026-06-23,1655.7,1597.75,-3.5,STOP_LOSS,2,63.84,16.89,LG Electronics India Limited
LINC,2024-12-09,2024-12-10,2024-12-16,677.45,738.42,9.0,TARGET_HIT,5,58.86,9.71,Linc Limited
LINC,2026-06-22,2026-06-23,2026-06-23,114.0,110.01,-3.5,STOP_LOSS,1,59.87,5.36,Linc Limited
LINC,2026-06-24,2026-06-25,2026-06-25,119.5,115.32,-3.5,STOP_LOSS,1,65.89,2.88,Linc Limited
LINCOLN,2026-02-10,2026-02-11,2026-02-12,535.0,516.28,-3.5,STOP_LOSS,2,57.87,5.14,Lincoln Pharmaceuticals Limited
LLOYDSENT,2026-04-22,2026-04-23,2026-04-24,69.4,66.97,-3.5,STOP_LOSS,2,61.28,2.01,Lloyds Enterprises Limited
LLOYDSENT,2026-04-28,2026-04-29,2026-04-29,71.99,69.47,-3.5,STOP_LOSS,1,79.21,3.81,Lloyds Enterprises Limited
LLOYDSME,2025-12-16,2025-12-17,2025-12-30,1317.6,1294.3,-1.77,TIME_EXIT,10,89.01,26.73,Lloyds Metals And Energy Limited
LLOYDSME,2026-04-17,2026-04-20,2026-04-29,1631.0,1777.79,9.0,TARGET_HIT,8,57.68,2.8,Lloyds Metals And Energy Limited
LLOYDSME,2026-05-26,2026-05-27,2026-05-29,1869.8,1804.36,-3.5,STOP_LOSS,3,56.18,2.13,Lloyds Metals And Energy Limited
LMW,2025-05-13,2025-05-14,2025-05-27,17390.0,17571.0,1.04,TIME_EXIT,10,73.12,2.31,LMW Limited
LMW,2025-09-22,2025-09-23,2025-09-26,15533.0,14989.34,-3.5,STOP_LOSS,4,57.05,2.08,LMW Limited
LMW,2026-02-03,2026-02-04,2026-02-13,15600.0,15054.0,-3.5,STOP_LOSS,8,64.58,5.26,LMW Limited
LOKESHMACH,2025-08-22,2025-08-25,2025-08-25,230.0,221.95,-3.5,STOP_LOSS,1,76.8,8.57,Lokesh Machines Limited
LOKESHMACH,2026-03-05,2026-03-06,2026-03-06,200.0,218.0,9.0,TARGET_HIT,1,60.0,2.8,Lokesh Machines Limited
LORDSCHLO,2024-12-09,2024-12-10,2024-12-10,163.1,157.39,-3.5,STOP_LOSS,1,83.12,5.11,Lords Chloro Alkali Limited
LORDSCHLO,2024-12-12,2024-12-13,2024-12-13,182.5,176.11,-3.5,STOP_LOSS,1,55.06,3.13,Lords Chloro Alkali Limited
LORDSCHLO,2025-07-21,2025-07-22,2025-07-23,228.57,220.57,-3.5,STOP_LOSS,2,84.11,17.06,Lords Chloro Alkali Limited
LORDSCHLO,2026-07-27,2026-07-28,2026-07-28,169.0,163.08,-3.5,STOP_LOSS,1,67.28,8.78,Lords Chloro Alkali Limited
LOTUSEYE,2025-08-18,2025-08-19,2025-08-21,82.0,89.38,9.0,TARGET_HIT,3,58.41,11.66,Lotus Eye Hospital and Institute Limited
LOTUSEYE,2026-06-15,2026-06-16,2026-06-17,140.39,135.48,-3.5,STOP_LOSS,2,60.29,5.02,Lotus Eye Hospital and Institute Limited
LT,2024-11-25,2024-11-26,2024-12-09,3754.9,3947.3,5.12,TIME_EXIT,10,64.86,3.3,Larsen & Toubro Limited
LUMAXTECH,2024-12-09,2024-12-10,2024-12-16,586.0,638.74,9.0,TARGET_HIT,5,57.71,5.03,Lumax Auto Technologies Limited
LUMAXTECH,2025-05-13,2025-05-14,2025-05-19,599.9,653.89,9.0,TARGET_HIT,4,68.24,2.43,Lumax Auto Technologies Limited
LUMAXTECH,2026-07-31,2026-08-03,2026-08-06,1579.0,1721.11,9.0,TARGET_HIT,4,55.38,2.5,Lumax Auto Technologies Limited
LUPIN,2024-12-30,2024-12-31,2025-01-10,2310.25,2229.39,-3.5,STOP_LOSS,9,56.34,4.09,Lupin Limited
LUPIN,2026-01-06,2026-01-07,2026-01-20,2161.0,2168.3,0.34,TIME_EXIT,10,69.96,3.14,Lupin Limited
LUPIN,2026-06-29,2026-06-30,2026-07-13,2409.4,2492.6,3.45,TIME_EXIT,10,60.61,3.6,Lupin Limited
M&M,2025-06-20,2025-06-23,2025-07-04,3163.6,3162.5,-0.03,TIME_EXIT,10,69.12,5.51,Mahindra & Mahindra Limited
M&M,2025-08-18,2025-08-19,2025-08-29,3400.0,3281.0,-3.5,STOP_LOSS,8,63.92,2.53,Mahindra & Mahindra Limited
M&MFIN,2026-06-24,2026-06-25,2026-07-06,312.25,340.35,9.0,TARGET_HIT,8,59.7,6.15,Mahindra & Mahindra Financial Services Limited
MAANALU,2025-06-13,2025-06-16,2025-06-16,131.02,126.43,-3.5,STOP_LOSS,1,57.41,3.39,Maan Aluminium Limited
MAANALU,2025-10-28,2025-10-29,2025-10-31,150.4,145.14,-3.5,STOP_LOSS,3,60.67,3.36,Maan Aluminium Limited
MACPOWER,2024-11-27,2024-11-28,2024-11-28,1495.0,1442.68,-3.5,STOP_LOSS,1,72.61,2.34,Macpower CNC Machines Limited
MAFATIND,2026-06-22,2026-06-23,2026-06-23,143.0,138.0,-3.5,STOP_LOSS,1,65.47,4.36,Mafatlal Industries Limited
MAGADSUGAR,2026-04-15,2026-04-16,2026-04-29,514.8,513.5,-0.25,TIME_EXIT,10,55.06,2.45,Magadh Sugar & Energy Limited
MAGNUM,2024-11-12,2024-11-13,2024-11-13,53.5,51.63,-3.5,STOP_LOSS,1,70.94,6.28,Magnum Ventures Limited
MAHASTEEL,2026-07-31,2026-08-03,2026-08-04,1000.0,1090.0,9.0,TARGET_HIT,2,57.25,4.09,Mahamaya Steel Industries Limited
MAHEPC,2025-07-16,2025-07-17,2025-07-17,156.7,151.22,-3.5,STOP_LOSS,1,64.52,7.16,Mahindra EPC Irrigation Limited
MAHLOG,2025-06-10,2025-06-11,2025-06-11,354.0,341.61,-3.5,STOP_LOSS,1,62.69,3.02,Mahindra Logistics Limited
MAHLOG,2025-07-08,2025-07-09,2025-07-17,369.9,403.19,9.0,TARGET_HIT,7,61.94,2.37,Mahindra Logistics Limited
MAHLOG,2026-02-09,2026-02-10,2026-02-11,374.55,408.26,9.0,TARGET_HIT,2,63.78,2.04,Mahindra Logistics Limited
MAHLOG,2026-04-15,2026-04-16,2026-04-29,415.0,409.05,-1.43,TIME_EXIT,10,80.29,4.37,Mahindra Logistics Limited
MAHLOG,2026-04-17,2026-04-20,2026-04-24,431.7,416.59,-3.5,STOP_LOSS,5,63.59,2.39,Mahindra Logistics Limited
MAHLOG,2026-04-23,2026-04-24,2026-04-24,450.0,434.25,-3.5,STOP_LOSS,1,58.23,3.2,Mahindra Logistics Limited
MAITHANALL,2024-12-03,2024-12-04,2024-12-17,1125.0,1169.5,3.96,TIME_EXIT,10,63.91,4.72,Maithan Alloys Limited
MAITHANALL,2024-12-06,2024-12-09,2024-12-12,1197.0,1155.1,-3.5,STOP_LOSS,4,56.7,3.36,Maithan Alloys Limited
MAITHANALL,2025-09-15,2025-09-16,2025-09-26,1156.3,1115.83,-3.5,STOP_LOSS,9,57.77,3.37,Maithan Alloys Limited
MAJESAUT,2026-08-03,2026-08-04,2026-08-06,485.0,495.45,2.15,TIME_EXIT,3,63.34,5.37,Majestic Auto Limited
MALLCOM,2026-04-08,2026-04-09,2026-04-13,1108.45,1069.65,-3.5,STOP_LOSS,3,93.84,6.48,Mallcom (India) Limited
MALLCOM,2026-06-17,2026-06-18,2026-06-18,1120.0,1080.8,-3.5,STOP_LOSS,1,69.72,3.97,Mallcom (India) Limited
MAMATA,2026-08-05,2026-08-06,2026-08-17,428.8,413.79,-3.5,STOP_LOSS,8,55.13,4.01,Mamata Machinery Limited
MANAKCOAT,2024-12-05,2024-12-06,2024-12-06,93.8,90.52,-3.5,STOP_LOSS,1,79.25,3.25,Manaksia Coated Metals & Industries Limited
MANAKCOAT,2025-06-06,2025-06-09,2025-06-10,127.45,122.99,-3.5,STOP_LOSS,2,55.88,2.4,Manaksia Coated Metals & Industries Limited
MANAKCOAT,2026-04-28,2026-04-29,2026-04-29,117.97,113.84,-3.5,STOP_LOSS,1,56.3,2.98,Manaksia Coated Metals & Industries Limited
MANAKSTEEL,2026-08-06,2026-08-07,2026-08-07,88.84,85.73,-3.5,STOP_LOSS,1,73.56,6.27,Manaksia Steels Limited
MANAKSTEEL,2026-08-28,2026-08-31,2026-09-02,99.52,108.48,9.0,TARGET_HIT,3,87.09,7.27,Manaksia Steels Limited
MANAKSTEEL,2026-09-01,2026-09-02,2026-09-03,104.0,113.36,9.0,TARGET_HIT,2,60.79,16.02,Manaksia Steels Limited
MANAKSTEEL,2026-09-02,2026-09-03,2026-09-03,112.0,108.08,-3.5,STOP_LOSS,1,72.29,2.74,Manaksia Steels Limited
MANBA,2025-06-10,2025-06-11,2025-06-12,151.8,146.49,-3.5,STOP_LOSS,2,56.58,3.06,Manba Finance Limited
MANBA,2026-06-12,2026-06-15,2026-06-15,125.01,120.63,-3.5,STOP_LOSS,1,73.25,3.51,Manba Finance Limited
MANGLMCEM,2024-12-27,2024-12-30,2025-01-06,984.7,950.24,-3.5,STOP_LOSS,6,55.26,5.89,Mangalam Cement Limited
MANGLMCEM,2025-10-23,2025-10-24,2025-11-03,790.0,762.35,-3.5,STOP_LOSS,7,61.25,6.66,Mangalam Cement Limited
MANGLMCEM,2026-04-08,2026-04-09,2026-04-22,870.85,949.23,9.0,TARGET_HIT,10,68.84,2.72,Mangalam Cement Limited
MANGLMCEM,2026-04-15,2026-04-16,2026-04-16,929.0,896.48,-3.5,STOP_LOSS,1,77.07,4.28,Mangalam Cement Limited
MANGLMCEM,2026-06-22,2026-06-23,2026-07-06,901.1,947.75,5.18,TIME_EXIT,10,63.16,3.35,Mangalam Cement Limited
MANINDS,2024-12-04,2024-12-05,2024-12-10,342.3,373.11,9.0,TARGET_HIT,4,59.91,2.34,Man Industries (India) Limited
MANINDS,2025-07-29,2025-07-30,2025-08-01,454.8,438.88,-3.5,STOP_LOSS,3,55.07,2.55,Man Industries (India) Limited
MANKIND,2025-03-21,2025-03-24,2025-03-24,2423.55,2338.73,-3.5,STOP_LOSS,1,61.25,3.44,Mankind Pharma Limited
MANKIND,2026-01-07,2026-01-08,2026-01-09,2314.0,2233.01,-3.5,STOP_LOSS,2,58.56,4.41,Mankind Pharma Limited
MANORAMA,2024-10-09,2024-10-10,2024-10-21,884.8,964.43,9.0,TARGET_HIT,8,61.19,2.45,Manorama Industries Limited
MANORAMA,2024-10-14,2024-10-15,2024-10-15,954.0,920.61,-3.5,STOP_LOSS,1,57.35,2.77,Manorama Industries Limited
MANORAMA,2024-11-25,2024-11-26,2024-11-26,1229.95,1186.9,-3.5,STOP_LOSS,1,56.59,4.08,Manorama Industries Limited
MANORAMA,2025-10-03,2025-10-06,2025-10-06,1520.0,1466.8,-3.5,STOP_LOSS,1,60.28,2.3,Manorama Industries Limited
MANORG,2025-05-15,2025-05-16,2025-09-15,572.45,552.41,-3.5,STOP_LOSS,8,61.66,7.26,Mangalam Organics Limited
MANORG,2026-05-04,2026-05-05,2026-05-05,541.0,589.69,9.0,TARGET_HIT,1,57.97,9.33,Mangalam Organics Limited
MARALOVER,2024-12-16,2024-12-17,2024-12-20,89.7,86.56,-3.5,STOP_LOSS,4,57.92,5.7,Maral Overseas Limited
MARATHON,2025-04-21,2025-04-22,2025-04-24,556.0,536.54,-3.5,STOP_LOSS,3,63.23,2.57,Marathon Nextgen Realty Limited
MARATHON,2025-06-04,2025-06-05,2025-06-09,547.4,596.67,9.0,TARGET_HIT,3,69.82,3.85,Marathon Nextgen Realty Limited
MARATHON,2025-06-06,2025-06-09,2025-06-11,568.45,619.61,9.0,TARGET_HIT,3,59.39,4.39,Marathon Nextgen Realty Limited
MARATHON,2025-06-09,2025-06-10,2025-06-11,590.0,569.35,-3.5,STOP_LOSS,2,56.3,4.68,Marathon Nextgen Realty Limited
MARATHON,2025-06-23,2025-06-24,2025-06-24,636.0,613.74,-3.5,STOP_LOSS,1,60.47,5.04,Marathon Nextgen Realty Limited
MARATHON,2025-07-07,2025-07-08,2025-07-11,695.0,670.68,-3.5,STOP_LOSS,4,66.97,3.64,Marathon Nextgen Realty Limited
MARATHON,2025-09-19,2025-09-22,2025-09-25,655.0,632.07,-3.5,STOP_LOSS,4,67.47,2.63,Marathon Nextgen Realty Limited
MARATHON,2025-09-22,2025-09-23,2025-09-24,674.6,650.99,-3.5,STOP_LOSS,2,58.22,2.07,Marathon Nextgen Realty Limited
MARATHON,2026-05-07,2026-05-08,2026-05-11,518.0,499.87,-3.5,STOP_LOSS,2,63.48,2.63,Marathon Nextgen Realty Limited
MARICO,2025-04-04,2025-04-07,2025-04-11,650.0,708.5,9.0,TARGET_HIT,4,55.72,2.67,Marico Limited
MARICO,2025-04-11,2025-04-15,2025-04-29,716.0,711.35,-0.65,TIME_EXIT,10,69.03,2.66,Marico Limited
MARICO,2026-06-29,2026-06-30,2026-07-13,840.0,846.75,0.8,TIME_EXIT,10,76.8,4.66,Marico Limited
MARUTI,2025-02-03,2025-02-04,2025-02-11,13250.0,12786.25,-3.5,STOP_LOSS,6,61.24,2.5,Maruti Suzuki India Limited
MARUTI,2025-04-30,2025-05-02,2025-05-15,12257.0,12952.0,5.67,TIME_EXIT,10,57.66,2.26,Maruti Suzuki India Limited
MARUTI,2025-08-18,2025-08-19,2025-09-02,14070.0,14842.0,5.49,TIME_EXIT,10,58.97,9.37,Maruti Suzuki India Limited
MASFIN,2025-06-09,2025-06-10,2025-06-12,303.9,293.26,-3.5,STOP_LOSS,3,60.44,4.2,MAS Financial Services Limited
MATRIMONY,2025-09-24,2025-09-25,2025-09-30,523.35,570.45,9.0,TARGET_HIT,4,85.44,20.06,Matrimony.Com Limited
MATRIMONY,2025-09-29,2025-09-30,2025-10-01,554.65,535.24,-3.5,STOP_LOSS,2,75.25,3.66,Matrimony.Com Limited
MATRIMONY,2025-12-11,2025-12-12,2025-12-15,555.0,535.57,-3.5,STOP_LOSS,2,73.31,2.76,Matrimony.Com Limited
MATRIMONY,2026-08-07,2026-08-10,2026-08-11,480.0,523.2,9.0,TARGET_HIT,2,79.72,11.76,Matrimony.Com Limited
MAWANASUG,2025-12-26,2025-12-29,2026-01-08,88.11,85.03,-3.5,STOP_LOSS,9,60.05,6.55,Mawana Sugars Limited
MAWANASUG,2026-03-27,2026-03-30,2026-03-30,86.8,94.61,9.0,TARGET_HIT,1,63.41,8.76,Mawana Sugars Limited
MAWANASUG,2026-04-06,2026-04-07,2026-04-08,101.0,97.46,-3.5,STOP_LOSS,2,57.2,2.2,Mawana Sugars Limited
MAXHEALTH,2024-11-04,2024-11-05,2024-11-13,1030.0,993.95,-3.5,STOP_LOSS,7,62.57,2.68,Max Healthcare Institute Limited
MAXHEALTH,2025-03-21,2025-03-24,2025-03-26,1174.65,1133.54,-3.5,STOP_LOSS,3,67.08,2.78,Max Healthcare Institute Limited
MAXHEALTH,2025-05-06,2025-05-07,2025-05-20,1123.0,1164.7,3.71,TIME_EXIT,10,60.74,2.24,Max Healthcare Institute Limited
MAXHEALTH,2025-06-26,2025-06-27,2025-07-10,1270.0,1251.6,-1.45,TIME_EXIT,10,65.24,2.12,Max Healthcare Institute Limited
MAXIND,2025-07-17,2025-07-18,2025-07-21,204.9,223.34,9.0,TARGET_HIT,2,55.05,2.92,Max India Limited
MAYURUNIQ,2025-07-15,2025-07-16,2025-07-29,595.3,600.75,0.92,TIME_EXIT,10,55.07,3.11,Mayur Uniquoters Ltd
MAYURUNIQ,2025-07-18,2025-07-21,2025-07-23,624.0,602.16,-3.5,STOP_LOSS,3,56.41,2.98,Mayur Uniquoters Ltd
MAYURUNIQ,2025-10-29,2025-10-30,2025-11-12,525.1,531.75,1.27,TIME_EXIT,10,59.67,4.19,Mayur Uniquoters Ltd
MAYURUNIQ,2025-10-31,2025-11-03,2025-11-12,545.35,526.26,-3.5,STOP_LOSS,8,65.34,3.02,Mayur Uniquoters Ltd
MAYURUNIQ,2026-04-21,2026-04-22,2026-04-24,585.0,564.52,-3.5,STOP_LOSS,3,77.02,2.18,Mayur Uniquoters Ltd
MAYURUNIQ,2026-05-08,2026-05-11,2026-05-12,622.1,600.33,-3.5,STOP_LOSS,2,59.68,6.86,Mayur Uniquoters Ltd
MAZDA,2026-06-01,2026-06-02,2026-06-05,232.9,224.75,-3.5,STOP_LOSS,4,60.77,2.56,Mazda Limited
MBAPL,2025-02-20,2025-02-21,2025-02-21,313.2,302.24,-3.5,STOP_LOSS,1,63.88,4.0,Madhya Bharat Agro Products Limited
MBAPL,2025-05-09,2025-05-12,2025-05-12,306.0,295.29,-3.5,STOP_LOSS,1,62.24,4.16,Madhya Bharat Agro Products Limited
MBAPL,2025-05-30,2025-06-02,2025-06-02,350.0,381.5,9.0,TARGET_HIT,1,67.52,2.37,Madhya Bharat Agro Products Limited
MBAPL,2025-12-29,2025-12-30,2026-01-09,425.0,410.12,-3.5,STOP_LOSS,9,64.03,3.49,Madhya Bharat Agro Products Limited
MEDANTA,2024-12-03,2024-12-04,2024-12-12,1140.0,1100.1,-3.5,STOP_LOSS,7,55.6,4.73,Global Health Limited
MEDANTA,2025-02-20,2025-02-21,2025-02-28,1207.9,1165.62,-3.5,STOP_LOSS,5,64.49,2.41,Global Health Limited
MEDANTA,2025-02-21,2025-02-24,2025-02-24,1235.0,1191.77,-3.5,STOP_LOSS,1,64.54,2.32,Global Health Limited
MEDANTA,2026-04-15,2026-04-16,2026-04-29,1098.7,1142.95,4.03,TIME_EXIT,10,76.84,2.5,Global Health Limited
MEDANTA,2026-07-23,2026-07-24,2026-08-06,1379.0,1444.3,4.74,TIME_EXIT,10,62.16,7.11,Global Health Limited
MEDIASSIST,2025-06-30,2025-07-01,2025-07-02,536.05,517.29,-3.5,STOP_LOSS,2,66.64,6.37,Medi Assist Healthcare Services Limited
MEDIASSIST,2025-07-10,2025-07-11,2025-07-14,579.95,559.65,-3.5,STOP_LOSS,2,57.18,3.16,Medi Assist Healthcare Services Limited
MEDICAMEQ,2025-11-06,2025-11-07,2025-11-20,399.7,404.35,1.16,TIME_EXIT,10,55.63,2.37,Medicamen Biotech Limited
MEDICAMEQ,2025-11-07,2025-11-10,2025-11-21,400.0,400.8,0.2,TIME_EXIT,10,55.39,2.03,Medicamen Biotech Limited
MEDICAMEQ,2026-09-07,2026-09-08,2026-09-09,282.0,307.38,9.0,TARGET_HIT,2,57.19,2.45,Medicamen Biotech Limited
MEDICO,2024-12-26,2024-12-27,2025-01-01,54.2,52.3,-3.5,STOP_LOSS,4,56.77,2.54,Medico Remedies Limited
MEDPLUS,2024-11-19,2024-11-21,2024-12-02,734.1,800.17,9.0,TARGET_HIT,8,58.47,3.3,Medplus Health Services Limited
MEDPLUS,2025-04-11,2025-04-15,2025-04-29,805.0,820.35,1.91,TIME_EXIT,10,59.54,3.86,Medplus Health Services Limited
MEDPLUS,2025-04-15,2025-04-16,2025-04-30,812.25,806.15,-0.75,TIME_EXIT,10,68.9,2.68,Medplus Health Services Limited
MEDPLUS,2026-04-08,2026-04-09,2026-04-22,861.45,890.7,3.4,TIME_EXIT,10,65.01,4.41,Medplus Health Services Limited
MEGASTAR,2025-01-03,2025-01-06,2025-01-06,283.99,274.05,-3.5,STOP_LOSS,1,56.73,4.73,Megastar Foods Limited
MEGASTAR,2026-03-24,2026-03-25,2026-03-30,260.0,250.9,-3.5,STOP_LOSS,4,68.68,6.16,Megastar Foods Limited
MEGASTAR,2026-05-19,2026-05-20,2026-05-21,319.0,307.83,-3.5,STOP_LOSS,2,69.55,2.76,Megastar Foods Limited
MENNPIS,2026-09-07,2026-09-08,2026-09-09,82.99,80.09,-3.5,STOP_LOSS,2,58.0,3.86,Menon Pistons Limited
MENNPIS,2026-09-08,2026-09-09,2026-09-09,85.0,82.02,-3.5,STOP_LOSS,1,57.01,3.01,Menon Pistons Limited
MENONBE,2026-05-07,2026-05-08,2026-05-14,136.3,148.57,9.0,TARGET_HIT,5,58.23,6.57,Menon Bearings Limited
METROBRAND,2025-09-04,2025-09-05,2025-09-17,1222.2,1332.2,9.0,TARGET_HIT,9,61.22,9.98,Metro Brands Limited
MFSL,2025-04-21,2025-04-22,2025-05-06,1243.9,1269.2,2.03,TIME_EXIT,10,81.43,3.63,Max Financial Services Limited
MFSL,2025-05-19,2025-05-20,2025-06-02,1396.6,1522.29,9.0,TARGET_HIT,10,78.88,2.87,Max Financial Services Limited
MFSL,2025-05-23,2025-05-26,2025-06-06,1474.1,1508.1,2.31,TIME_EXIT,10,74.34,4.17,Max Financial Services Limited
MHLXMIRU,2026-08-12,2026-08-13,2026-08-14,180.0,196.2,9.0,TARGET_HIT,2,82.56,5.53,Mahalaxmi Rubtech Limited
MHLXMIRU,2026-08-13,2026-08-14,2026-08-14,202.4,195.32,-3.5,STOP_LOSS,1,62.74,2.79,Mahalaxmi Rubtech Limited
MHRIL,2025-05-13,2025-05-14,2025-05-26,343.0,373.87,9.0,TARGET_HIT,9,61.09,2.32,Mahindra Holidays & Resorts India Limited
MMFL,2024-12-04,2024-12-05,2024-12-18,538.5,529.45,-1.68,TIME_EXIT,10,57.03,2.55,MM Forgings Limited
MMP,2026-05-04,2026-05-05,2026-05-05,267.43,291.5,9.0,TARGET_HIT,1,64.49,7.05,MMP Industries Limited
MODISONLTD,2026-05-25,2026-05-26,2026-05-26,250.01,241.26,-3.5,STOP_LOSS,1,99.25,5.74,MODISON LIMITED
MOLDTKPAC,2024-12-10,2024-12-11,2024-12-11,768.0,741.12,-3.5,STOP_LOSS,1,59.24,19.24,Mold-Tek Packaging Limited
MOLDTKPAC,2025-05-23,2025-05-26,2025-06-06,638.95,696.46,9.0,TARGET_HIT,10,62.22,6.06,Mold-Tek Packaging Limited
MOLDTKPAC,2025-07-22,2025-07-23,2025-07-25,755.3,728.86,-3.5,STOP_LOSS,3,56.99,2.55,Mold-Tek Packaging Limited
MONARCH,2024-10-16,2024-10-17,2024-10-17,453.0,437.14,-3.5,STOP_LOSS,1,57.53,3.28,Monarch Networth Capital Limited
MONTECARLO,2025-09-16,2025-09-17,2025-09-23,657.8,634.78,-3.5,STOP_LOSS,5,61.86,2.4,Monte Carlo Fashions Limited
MOTHERSON,2026-05-27,2026-05-29,2026-06-08,144.46,139.4,-3.5,STOP_LOSS,7,59.44,2.97,Samvardhana Motherson International Limited
MPSLTD,2024-12-05,2024-12-06,2024-12-10,2250.0,2171.25,-3.5,STOP_LOSS,3,55.42,2.63,MPS Limited
MSUMI,2024-12-10,2024-12-11,2024-12-13,65.71,63.41,-3.5,STOP_LOSS,3,60.87,2.09,Motherson Sumi Wiring India Limited
MSUMI,2025-07-08,2025-07-09,2025-07-18,64.89,62.62,-3.5,STOP_LOSS,8,56.02,5.0,Motherson Sumi Wiring India Limited
MUKANDLTD,2025-04-22,2025-04-23,2025-05-02,101.8,98.24,-3.5,STOP_LOSS,7,56.24,2.64,Mukand Limited
MUKANDLTD,2025-04-23,2025-04-24,2025-04-25,105.68,101.98,-3.5,STOP_LOSS,2,56.92,2.68,Mukand Limited
MUNJALSHOW,2025-01-20,2025-01-21,2025-01-21,155.95,150.49,-3.5,STOP_LOSS,1,58.37,8.13,Munjal Showa Limited
MUNJALSHOW,2025-05-22,2025-05-23,2025-05-27,133.47,145.48,9.0,TARGET_HIT,3,67.67,4.65,Munjal Showa Limited
MUNJALSHOW,2025-05-23,2025-05-26,2025-05-28,137.0,149.33,9.0,TARGET_HIT,3,69.44,3.05,Munjal Showa Limited
MUNJALSHOW,2026-05-07,2026-05-08,2026-05-11,143.0,138.0,-3.5,STOP_LOSS,2,55.26,8.53,Munjal Showa Limited
MUTHOOTCAP,2026-08-05,2026-08-06,2026-08-10,266.0,256.69,-3.5,STOP_LOSS,3,57.73,4.43,Muthoot Capital Services Limited
MUTHOOTFIN,2024-12-12,2024-12-13,2024-12-24,2124.95,2050.58,-3.5,STOP_LOSS,8,61.84,2.73,Muthoot Finance Limited
MUTHOOTMF,2024-09-25,2024-09-26,2024-10-03,236.5,228.22,-3.5,STOP_LOSS,6,55.56,2.32,Muthoot Microfin Limited
MWL,2025-12-15,2025-12-16,2025-12-17,280.52,270.7,-3.5,STOP_LOSS,2,58.88,2.31,Mangalam Worldwide Limited
MWL,2026-04-27,2026-04-28,2026-04-29,302.65,329.89,9.0,TARGET_HIT,2,71.15,4.05,Mangalam Worldwide Limited
MWL,2026-05-04,2026-05-05,2026-05-05,361.95,349.28,-3.5,STOP_LOSS,1,68.15,2.8,Mangalam Worldwide Limited
NACLIND,2024-12-27,2024-12-30,2024-12-30,67.6,65.23,-3.5,STOP_LOSS,1,59.57,2.04,NACL Industries Limited
NAHARCAP,2026-08-06,2026-08-07,2026-08-07,279.0,269.24,-3.5,STOP_LOSS,1,66.57,13.71,Nahar Capital and Financial Services Limited
NAHARINDUS,2024-12-11,2024-12-12,2024-12-13,152.6,147.26,-3.5,STOP_LOSS,2,65.51,4.03,Nahar Industrial Enterprises Limited
NAHARINDUS,2024-12-16,2024-12-17,2024-12-18,156.65,151.17,-3.5,STOP_LOSS,2,55.57,2.26,Nahar Industrial Enterprises Limited
NAHARINDUS,2026-08-24,2026-08-25,2026-08-25,153.0,147.64,-3.5,STOP_LOSS,1,65.31,8.77,Nahar Industrial Enterprises Limited
NAHARSPING,2024-12-16,2024-12-17,2024-12-20,299.8,289.31,-3.5,STOP_LOSS,4,55.75,2.74,Nahar Spinning Mills Limited
NAHARSPING,2026-08-03,2026-08-04,2026-08-06,314.95,303.93,-3.5,STOP_LOSS,3,63.77,5.46,Nahar Spinning Mills Limited
NAHARSPING,2026-08-04,2026-08-05,2026-08-06,325.1,313.72,-3.5,STOP_LOSS,2,63.99,3.56,Nahar Spinning Mills Limited
NAHARSPING,2026-08-05,2026-08-06,2026-08-06,346.0,333.89,-3.5,STOP_LOSS,1,79.0,2.28,Nahar Spinning Mills Limited
NAM-INDIA,2025-07-10,2025-07-11,2025-07-24,820.0,828.7,1.06,TIME_EXIT,10,71.52,3.55,Nippon Life India Asset Management Limited
NAM-INDIA,2026-06-19,2026-06-22,2026-06-24,1194.0,1152.21,-3.5,STOP_LOSS,3,59.86,2.13,Nippon Life India Asset Management Limited
NATCAPSUQ,2026-08-03,2026-08-04,2026-08-04,161.0,155.36,-3.5,STOP_LOSS,1,76.59,11.41,Natural Capsules Limited
NATHBIOGEN,2025-05-14,2025-05-15,2025-05-16,174.0,189.66,9.0,TARGET_HIT,2,84.43,6.49,Nath Bio-Genes (India) Limited
NATHBIOGEN,2025-05-15,2025-05-16,2025-05-29,183.51,188.37,2.65,TIME_EXIT,10,69.47,2.92,Nath Bio-Genes (India) Limited
NATHBIOGEN,2025-06-11,2025-06-12,2025-06-13,206.5,199.27,-3.5,STOP_LOSS,2,62.61,5.49,Nath Bio-Genes (India) Limited
NATHBIOGEN,2025-07-04,2025-07-07,2025-07-08,217.05,236.58,9.0,TARGET_HIT,2,74.14,6.37,Nath Bio-Genes (India) Limited
NATHBIOGEN,2025-07-07,2025-07-08,2025-10-13,223.0,215.2,-3.5,STOP_LOSS,4,57.4,3.55,Nath Bio-Genes (India) Limited
NAVA,2024-11-25,2024-11-26,2024-11-26,1049.0,1012.28,-3.5,STOP_LOSS,1,64.63,7.96,NAVA LIMITED
NAVINFLUOR,2026-04-20,2026-04-21,2026-04-22,6520.0,6291.8,-3.5,STOP_LOSS,2,60.36,2.14,Navin Fluorine International Limited
NAVINFLUOR,2026-05-25,2026-05-26,2026-05-29,7453.5,7192.63,-3.5,STOP_LOSS,4,55.37,2.84,Navin Fluorine International Limited
NAVKARCORP,2024-11-06,2024-11-07,2024-11-08,143.1,138.09,-3.5,STOP_LOSS,2,55.16,2.12,Navkar Corporation Limited
NAVNETEDUL,2024-12-09,2024-12-10,2024-12-10,149.5,144.27,-3.5,STOP_LOSS,1,63.63,2.68,Navneet Education Limited
NAVNETEDUL,2025-04-23,2025-04-24,2025-05-02,144.6,139.54,-3.5,STOP_LOSS,6,66.17,2.92,Navneet Education Limited
NAVNETEDUL,2025-04-24,2025-04-25,2025-05-02,145.51,140.42,-3.5,STOP_LOSS,5,63.55,2.52,Navneet Education Limited
NAVNETEDUL,2025-07-14,2025-07-15,2025-07-28,148.8,150.12,0.89,TIME_EXIT,10,58.17,3.03,Navneet Education Limited
NAVNETEDUL,2026-01-05,2026-01-06,2026-01-09,153.2,147.84,-3.5,STOP_LOSS,4,63.89,3.12,Navneet Education Limited
NAVNETEDUL,2026-02-03,2026-02-04,2026-02-12,160.99,155.36,-3.5,STOP_LOSS,7,57.28,14.97,Navneet Education Limited
NAVNETEDUL,2026-04-16,2026-04-17,2026-04-17,147.25,160.5,9.0,TARGET_HIT,1,59.59,6.62,Navneet Education Limited
NAVNETEDUL,2026-04-17,2026-04-20,2026-04-20,158.75,153.19,-3.5,STOP_LOSS,1,66.15,5.54,Navneet Education Limited
NAZARA,2025-04-22,2025-04-23,2025-05-07,1010.0,1071.2,6.06,TIME_EXIT,10,66.72,5.88,Nazara Technologies Limited
NBIFIN,2024-11-28,2024-11-29,2024-11-29,3285.0,3170.02,-3.5,STOP_LOSS,1,79.28,4.67,N. B. I. Industrial Finance Company Limited
NCLIND,2026-01-02,2026-01-05,2026-01-09,208.0,200.72,-3.5,STOP_LOSS,5,55.58,2.99,NCL Industries Limited
NDLVENTURE,2025-08-12,2025-08-13,2025-08-13,96.99,93.6,-3.5,STOP_LOSS,1,64.66,14.7,NDL Ventures Limited
NDRAUTO,2025-01-09,2025-01-10,2025-01-10,862.05,831.88,-3.5,STOP_LOSS,1,55.46,2.48,Ndr Auto Components Limited
NDRAUTO,2025-03-19,2025-03-20,2025-03-25,764.2,737.45,-3.5,STOP_LOSS,4,64.95,2.28,Ndr Auto Components Limited
NELCAST,2025-05-15,2025-05-16,2025-05-19,129.98,125.43,-3.5,STOP_LOSS,2,66.11,7.06,Nelcast Limited
NELCAST,2025-05-23,2025-05-26,2025-05-27,141.99,137.02,-3.5,STOP_LOSS,2,61.77,3.05,Nelcast Limited
NEOGEN,2025-09-08,2025-09-09,2025-09-16,1581.0,1525.66,-3.5,STOP_LOSS,6,65.91,10.01,Neogen Chemicals Limited
NEPHROPLUS,2026-06-09,2026-06-10,2026-06-23,719.9,694.7,-3.5,STOP_LOSS,10,62.8,2.27,Nephrocare Health Services Limited
NESCO,2025-08-18,2025-08-19,2025-08-29,1441.0,1390.56,-3.5,STOP_LOSS,8,75.63,10.77,Nesco Limited
NESCO,2025-08-20,2025-08-21,2025-08-22,1464.9,1413.63,-3.5,STOP_LOSS,2,76.48,2.1,Nesco Limited
NESCO,2025-09-08,2025-09-09,2025-09-09,1570.0,1515.05,-3.5,STOP_LOSS,1,62.25,11.53,Nesco Limited
NESCO,2026-04-16,2026-04-17,2026-04-30,1180.0,1227.7,4.04,TIME_EXIT,10,55.53,2.06,Nesco Limited
NESCO,2026-04-17,2026-04-20,2026-04-24,1218.0,1175.37,-3.5,STOP_LOSS,5,64.47,2.89,Nesco Limited
NESTLEIND,2026-01-05,2026-01-06,2026-01-19,1319.0,1315.6,-0.26,TIME_EXIT,10,59.46,2.39,Nestle India Limited
NESTLEIND,2026-04-28,2026-04-29,2026-05-12,1445.0,1468.6,1.63,TIME_EXIT,10,72.55,2.18,Nestle India Limited
NGLFINE,2025-02-05,2025-02-06,2025-02-06,1800.0,1962.0,9.0,TARGET_HIT,1,60.25,22.09,NGL Fine-Chem Limited
NGLFINE,2025-02-06,2025-02-07,2025-02-07,1980.6,1911.28,-3.5,STOP_LOSS,1,59.95,3.1,NGL Fine-Chem Limited
NGLFINE,2026-02-04,2026-02-05,2026-02-05,2440.0,2354.6,-3.5,STOP_LOSS,1,82.03,8.29,NGL Fine-Chem Limited
NHPC,2025-09-15,2025-09-16,2025-09-26,86.79,83.75,-3.5,STOP_LOSS,9,55.27,2.72,NHPC Limited
NHPC,2026-04-17,2026-04-20,2026-04-24,83.99,81.05,-3.5,STOP_LOSS,5,59.75,4.91,NHPC Limited
NHPC,2026-06-29,2026-06-30,2026-07-07,81.0,78.16,-3.5,STOP_LOSS,6,63.68,3.58,NHPC Limited
NIBE,2025-09-17,2025-09-18,2025-09-26,1313.9,1432.15,9.0,TARGET_HIT,7,62.32,2.65,NIBE Limited
NIITLTD,2026-08-25,2026-08-26,2026-09-02,103.0,99.4,-3.5,STOP_LOSS,6,56.31,4.09,NIIT Limited
NIITMTS,2025-11-10,2025-11-11,2025-11-14,344.5,332.44,-3.5,STOP_LOSS,4,73.64,2.37,NIIT Learning Systems Limited
NIITMTS,2025-11-20,2025-11-21,2025-11-26,355.55,387.55,9.0,TARGET_HIT,4,69.27,2.24,NIIT Learning Systems Limited
NIPPOBATRY,2024-12-11,2024-12-12,2024-12-13,600.0,579.0,-3.5,STOP_LOSS,2,68.48,9.55,Indo-National Limited
NITCO,2024-10-10,2024-10-11,2024-10-11,93.5,90.23,-3.5,STOP_LOSS,1,71.31,5.59,Nitco Limited
NITCO,2025-04-22,2025-04-23,2025-04-23,127.0,122.56,-3.5,STOP_LOSS,1,82.84,25.23,Nitco Limited
NITCO,2025-04-23,2025-04-24,2025-05-05,131.0,126.42,-3.5,STOP_LOSS,7,74.55,2.72,Nitco Limited
NITCO,2025-04-24,2025-04-25,2025-04-25,135.98,131.22,-3.5,STOP_LOSS,1,70.18,3.89,Nitco Limited
NITCO,2025-06-03,2025-06-04,2025-06-05,146.49,141.36,-3.5,STOP_LOSS,2,57.49,3.42,Nitco Limited
NITCO,2025-07-01,2025-07-02,2025-07-08,154.0,148.61,-3.5,STOP_LOSS,5,55.99,5.91,Nitco Limited
NITCO,2025-12-29,2025-12-30,2026-01-06,97.4,93.99,-3.5,STOP_LOSS,6,55.58,8.82,Nitco Limited
NITCO,2025-12-30,2025-12-31,2025-12-31,103.11,99.5,-3.5,STOP_LOSS,1,56.22,3.17,Nitco Limited
NIVABUPA,2026-04-21,2026-04-22,2026-04-23,81.0,78.16,-3.5,STOP_LOSS,2,67.29,3.44,Niva Bupa Health Insurance Company Limited
NORTHARC,2026-01-06,2026-01-07,2026-01-12,268.3,258.91,-3.5,STOP_LOSS,4,59.47,2.91,Northern Arc Capital Limited
NORTHARC,2026-01-22,2026-01-23,2026-01-27,276.87,267.18,-3.5,STOP_LOSS,3,57.53,2.49,Northern Arc Capital Limited
NORTHARC,2026-04-22,2026-04-23,2026-05-05,248.02,270.34,9.0,TARGET_HIT,9,58.08,2.31,Northern Arc Capital Limited
NORTHARC,2026-07-10,2026-07-13,2026-07-15,326.45,315.02,-3.5,STOP_LOSS,3,58.21,3.76,Northern Arc Capital Limited
NRAIL,2025-05-28,2025-05-29,2025-05-29,284.2,274.25,-3.5,STOP_LOSS,1,60.74,3.25,N R Agarwal Industries Limited
NRAIL,2025-06-10,2025-06-11,2025-06-13,302.15,329.34,9.0,TARGET_HIT,3,56.37,2.55,N R Agarwal Industries Limited
NRAIL,2025-11-12,2025-11-13,2025-11-18,487.55,470.49,-3.5,STOP_LOSS,4,57.92,3.58,N R Agarwal Industries Limited
NRAIL,2025-11-14,2025-11-17,2025-11-17,501.55,484.0,-3.5,STOP_LOSS,1,79.5,3.39,N R Agarwal Industries Limited
NRAIL,2026-04-27,2026-04-28,2026-04-29,504.0,486.36,-3.5,STOP_LOSS,2,55.04,5.98,N R Agarwal Industries Limited
NRL,2026-05-26,2026-05-27,2026-05-27,59.15,64.47,9.0,TARGET_HIT,1,81.82,16.55,Nupur Recyclers Limited
NRL,2026-05-29,2026-06-01,2026-06-01,69.0,66.58,-3.5,STOP_LOSS,1,82.65,4.18,Nupur Recyclers Limited
NSIL,2026-02-09,2026-02-10,2026-02-13,6325.0,6103.62,-3.5,STOP_LOSS,4,58.41,2.47,Nalwa Sons Investments Limited
NSIL,2026-04-15,2026-04-16,2026-04-23,5890.0,5683.85,-3.5,STOP_LOSS,6,65.56,2.2,Nalwa Sons Investments Limited
NSIL,2026-05-07,2026-05-08,2026-05-12,5892.0,5685.78,-3.5,STOP_LOSS,3,57.09,2.25,Nalwa Sons Investments Limited
NTPC,2025-03-06,2025-03-07,2025-03-11,335.85,324.1,-3.5,STOP_LOSS,3,63.72,2.36,NTPC Limited
NTPC,2025-03-21,2025-03-24,2025-04-07,357.0,344.5,-3.5,STOP_LOSS,10,70.32,3.17,NTPC Limited
NTPC,2025-10-29,2025-10-30,2025-10-31,349.0,336.78,-3.5,STOP_LOSS,2,55.93,2.02,NTPC Limited
NTPC,2026-01-02,2026-01-05,2026-01-09,350.35,338.09,-3.5,STOP_LOSS,5,64.5,2.69,NTPC Limited
NTPC,2026-02-20,2026-02-23,2026-03-06,374.0,380.6,1.76,TIME_EXIT,10,70.61,2.89,NTPC Limited
NTPC,2026-02-24,2026-02-25,2026-03-02,382.75,369.35,-3.5,STOP_LOSS,4,60.09,2.3,NTPC Limited
NTPCGREEN,2025-10-29,2025-10-30,2025-11-04,105.4,101.71,-3.5,STOP_LOSS,4,57.02,4.85,NTPC Green Energy Limited
NUVAMA,2025-03-21,2025-03-24,2025-03-25,6353.35,6130.98,-3.5,STOP_LOSS,2,66.69,4.04,Nuvama Wealth Management Limited
NUVAMA,2025-05-30,2025-06-02,2025-06-13,7244.5,6990.94,-3.5,STOP_LOSS,10,60.29,5.89,Nuvama Wealth Management Limited
NUVOCO,2024-12-03,2024-12-04,2024-12-13,368.0,355.12,-3.5,STOP_LOSS,8,56.51,4.92,Nuvoco Vistas Corporation Limited
NUVOCO,2025-02-06,2025-02-07,2025-02-10,365.5,352.71,-3.5,STOP_LOSS,2,69.66,2.61,Nuvoco Vistas Corporation Limited
NYKAA,2026-08-31,2026-09-01,2026-09-02,347.15,335.0,-3.5,STOP_LOSS,2,65.4,2.15,FSN E-Commerce Ventures Limited
OAL,2026-07-29,2026-07-30,2026-07-30,399.9,385.9,-3.5,STOP_LOSS,1,68.98,3.74,Oriental Aromatics Limited
OBEROIRLTY,2025-10-31,2025-11-03,2025-11-14,1791.5,1752.4,-2.18,TIME_EXIT,10,59.99,3.88,Oberoi Realty Limited
OBEROIRLTY,2026-07-02,2026-07-03,2026-07-16,1885.0,1861.2,-1.26,TIME_EXIT,10,62.59,2.77,Oberoi Realty Limited
OCCLLTD,2025-10-29,2025-10-30,2025-10-30,135.32,130.58,-3.5,STOP_LOSS,1,69.22,4.44,OCCL Limited
OFSS,2026-08-31,2026-09-01,2026-09-07,12350.0,11917.75,-3.5,STOP_LOSS,5,58.31,3.48,Oracle Financial Services Software Limited
OILCOUNTUB,2025-06-24,2025-06-25,2025-06-26,89.99,98.09,9.0,TARGET_HIT,2,64.01,5.26,Oil Country Tubular Limited
OMAXAUTO,2026-01-28,2026-01-29,2026-01-29,125.0,120.62,-3.5,STOP_LOSS,1,88.11,13.39,Omax Autos Limited
OMAXAUTO,2026-05-04,2026-05-05,2026-05-06,171.99,187.47,9.0,TARGET_HIT,2,95.56,5.68,Omax Autos Limited
OMFREIGHT,2026-06-29,2026-06-30,2026-07-01,94.1,102.57,9.0,TARGET_HIT,2,77.91,8.98,Om Freight Forwarders Limited
ONEPOINT,2026-05-04,2026-05-05,2026-05-05,58.01,55.98,-3.5,STOP_LOSS,1,60.67,3.42,One Point One Solutions Limited
ONESOURCE,2025-05-30,2025-06-02,2025-06-11,1893.2,2063.59,9.0,TARGET_HIT,8,63.03,3.66,Onesource Specialty Pharma Limited
ONESOURCE,2025-12-19,2025-12-22,2026-01-02,1709.9,1799.5,5.24,TIME_EXIT,10,74.13,12.7,Onesource Specialty Pharma Limited
ONGC,2026-01-14,2026-01-16,2026-01-28,246.9,269.12,9.0,TARGET_HIT,9,56.21,3.25,Oil & Natural Gas Corporation Limited
OPTIEMUS,2026-05-08,2026-05-11,2026-05-11,463.55,447.33,-3.5,STOP_LOSS,1,69.8,3.32,Optiemus Infracom Limited
ORBTEXP,2026-06-09,2026-06-10,2026-06-10,218.9,211.24,-3.5,STOP_LOSS,1,63.48,11.25,Orbit Exports Limited
ORBTEXP,2026-06-23,2026-06-24,2026-06-24,259.99,250.89,-3.5,STOP_LOSS,1,66.25,7.5,Orbit Exports Limited
ORCHPHARMA,2025-08-01,2025-08-04,2025-08-04,816.25,787.68,-3.5,STOP_LOSS,1,99.72,2.02,Orchid Pharma Limited
ORICONENT,2025-07-30,2025-07-31,2025-08-07,49.12,53.54,9.0,TARGET_HIT,6,59.24,3.17,Oricon Enterprises Limited
ORICONENT,2025-08-07,2025-08-08,2025-08-11,53.76,51.88,-3.5,STOP_LOSS,2,63.72,2.01,Oricon Enterprises Limited
ORICONENT,2025-11-04,2025-11-06,2025-11-07,57.3,55.29,-3.5,STOP_LOSS,2,65.69,6.27,Oricon Enterprises Limited
ORIENTBELL,2026-08-24,2026-08-25,2026-08-31,379.6,366.31,-3.5,STOP_LOSS,5,58.75,2.74,Orient Bell Limited
ORIENTELEC,2025-02-05,2025-02-06,2025-02-10,243.47,234.95,-3.5,STOP_LOSS,3,76.16,2.53,Orient Electric Limited
ORIENTELEC,2026-04-17,2026-04-20,2026-04-30,180.0,184.16,2.31,TIME_EXIT,10,72.25,6.17,Orient Electric Limited
ORIENTHOT,2025-04-22,2025-04-23,2025-04-25,158.1,152.57,-3.5,STOP_LOSS,3,60.52,2.16,Oriental Hotels Limited
ORKLAINDIA,2026-04-15,2026-04-16,2026-04-29,634.9,646.15,1.77,TIME_EXIT,10,64.77,2.17,Orkla India Limited
ORKLAINDIA,2026-08-27,2026-08-28,2026-08-31,611.0,589.62,-3.5,STOP_LOSS,2,58.78,4.05,Orkla India Limited
PAGEIND,2025-04-15,2025-04-16,2025-04-30,45210.0,45615.0,0.9,TIME_EXIT,10,65.04,2.25,Page Industries Limited
PAGEIND,2025-06-25,2025-06-26,2025-07-09,48105.0,48590.0,1.01,TIME_EXIT,10,60.76,2.48,Page Industries Limited
PAGEIND,2026-04-17,2026-04-20,2026-04-30,37900.0,36573.5,-3.5,STOP_LOSS,9,63.84,2.75,Page Industries Limited
PAGEIND,2026-05-19,2026-05-20,2026-06-01,38620.0,37268.3,-3.5,STOP_LOSS,9,61.5,4.91,Page Industries Limited
PANACEABIO,2025-03-20,2025-03-21,2025-03-21,464.9,448.63,-3.5,STOP_LOSS,1,66.26,7.72,Panacea Biotec Limited
PANACHE,2025-09-23,2025-09-24,2025-09-26,366.56,399.55,9.0,TARGET_HIT,3,74.49,4.87,Panache Digilife Limited
PANACHE,2025-09-24,2025-09-25,2026-01-05,384.88,371.41,-3.5,STOP_LOSS,4,82.47,8.26,Panache Digilife Limited
PANACHE,2025-09-26,2025-09-29,2025-09-29,414.0,399.51,-3.5,STOP_LOSS,1,58.74,8.11,Panache Digilife Limited
PANACHE,2026-06-17,2026-06-18,2026-06-18,423.35,408.53,-3.5,STOP_LOSS,1,59.0,4.37,Panache Digilife Limited
PANACHE,2026-06-18,2026-06-19,2026-06-19,423.8,408.97,-3.5,STOP_LOSS,1,66.4,4.36,Panache Digilife Limited
PANAMAPET,2026-05-08,2026-05-11,2026-05-12,303.9,293.26,-3.5,STOP_LOSS,2,59.64,2.35,Panama Petrochem Limited
PAR,2024-10-23,2024-10-24,2024-10-24,305.0,294.32,-3.5,STOP_LOSS,1,100.0,4.32,Par Drugs And Chemicals Limited
PARAGMILK,2024-10-01,2024-10-03,2024-10-03,196.5,214.18,9.0,TARGET_HIT,1,58.94,4.64,Parag Milk Foods Limited
PARKHOSPS,2026-04-17,2026-04-20,2026-04-28,221.0,240.89,9.0,TARGET_HIT,7,60.18,2.38,Park Medi World Limited
PARKHOTELS,2024-11-27,2024-11-28,2024-12-02,168.0,183.12,9.0,TARGET_HIT,3,61.11,3.02,Apeejay Surrendra Park Hotels Limited
PASUPTAC,2025-10-29,2025-10-30,2025-10-30,52.7,50.86,-3.5,STOP_LOSS,1,75.32,25.94,Pasupati Acrylon Limited
PATELRMART,2026-08-19,2026-08-20,2026-08-24,238.0,229.67,-3.5,STOP_LOSS,3,55.54,5.41,Patel Retail Limited
PAUSHAKLTD,2026-07-02,2026-07-03,2026-07-06,560.0,540.4,-3.5,STOP_LOSS,2,59.93,4.87,Paushak Limited
PCBL,2025-09-19,2025-09-22,2025-09-24,405.0,390.82,-3.5,STOP_LOSS,3,58.8,9.94,PCBL Chemical Limited
PDSL,2026-06-04,2026-06-05,2026-06-08,321.8,310.54,-3.5,STOP_LOSS,2,65.72,2.71,PDS Limited
PERSISTENT,2024-11-25,2024-11-26,2024-12-09,5940.0,6234.25,4.95,TIME_EXIT,10,65.57,3.45,Persistent Systems Limited
PETRONET,2026-02-25,2026-02-26,2026-03-04,314.0,303.01,-3.5,STOP_LOSS,5,61.63,2.14,Petronet LNG Limited
PETRONET,2026-02-27,2026-03-02,2026-03-04,315.0,303.97,-3.5,STOP_LOSS,3,61.19,3.97,Petronet LNG Limited
PFC,2026-01-28,2026-01-29,2026-02-05,385.0,419.65,9.0,TARGET_HIT,6,61.38,2.85,Power Finance Corporation Limited
PFOCUS,2025-04-28,2025-04-29,2025-04-30,104.0,113.36,9.0,TARGET_HIT,2,84.99,7.35,Prime Focus Limited
PFOCUS,2025-04-30,2025-05-02,2025-05-06,111.45,107.55,-3.5,STOP_LOSS,3,67.21,2.6,Prime Focus Limited
PGEL,2025-03-21,2025-03-24,2025-03-25,942.7,909.71,-3.5,STOP_LOSS,2,63.86,4.38,PG Electroplast Limited
PGHH,2025-09-19,2025-09-22,2025-10-06,13778.0,14380.0,4.37,TIME_EXIT,10,71.63,6.45,Procter & Gamble Hygiene and Health Care Limited
PGHH,2025-09-29,2025-09-30,2025-10-14,13942.0,14246.0,2.18,TIME_EXIT,10,62.01,6.13,Procter & Gamble Hygiene and Health Care Limited
PGHL,2024-09-27,2024-09-30,2024-10-04,5527.0,5333.55,-3.5,STOP_LOSS,5,68.68,5.16,Procter & Gamble Health Limited
PGHL,2025-03-21,2025-03-24,2025-03-26,5506.05,5313.34,-3.5,STOP_LOSS,3,59.13,4.16,Procter & Gamble Health Limited
PGHL,2025-05-27,2025-05-28,2025-06-10,5577.0,5809.0,4.16,TIME_EXIT,10,71.62,2.58,Procter & Gamble Health Limited
PGHL,2025-05-28,2025-05-29,2025-06-05,5784.0,5581.56,-3.5,STOP_LOSS,6,58.1,2.83,Procter & Gamble Health Limited
PGHL,2025-08-22,2025-08-25,2025-08-25,6581.5,6351.15,-3.5,STOP_LOSS,1,55.24,4.31,Procter & Gamble Health Limited
PGHL,2026-01-05,2026-01-06,2026-01-09,5840.0,5635.6,-3.5,STOP_LOSS,4,59.24,2.52,Procter & Gamble Health Limited
PGHL,2026-05-21,2026-05-22,2026-05-27,5455.0,5945.95,9.0,TARGET_HIT,4,85.14,3.49,Procter & Gamble Health Limited
PGHL,2026-05-22,2026-05-25,2026-05-27,5649.0,6157.41,9.0,TARGET_HIT,3,65.84,5.59,Procter & Gamble Health Limited
PGHL,2026-07-10,2026-07-13,2026-07-24,6829.0,6714.0,-1.68,TIME_EXIT,10,62.14,4.8,Procter & Gamble Health Limited
PHOENIXLTD,2024-11-22,2024-11-25,2024-12-04,1649.05,1797.46,9.0,TARGET_HIT,8,60.04,2.01,The Phoenix Mills Limited
PHOENIXLTD,2024-11-25,2024-11-26,2024-12-09,1675.05,1797.15,7.29,TIME_EXIT,10,64.35,3.91,The Phoenix Mills Limited
PHOENIXLTD,2025-10-15,2025-10-16,2025-10-29,1674.1,1707.9,2.02,TIME_EXIT,10,58.57,2.74,The Phoenix Mills Limited
PHOENIXLTD,2026-04-08,2026-04-09,2026-04-22,1712.9,1809.4,5.63,TIME_EXIT,10,60.9,2.42,The Phoenix Mills Limited
PHOENIXLTD,2026-07-06,2026-07-07,2026-07-08,2120.0,2045.8,-3.5,STOP_LOSS,2,61.31,2.52,The Phoenix Mills Limited
PIDILITIND,2024-09-27,2024-09-30,2024-10-03,3384.0,3265.56,-3.5,STOP_LOSS,4,64.94,3.11,Pidilite Industries Limited
PIDILITIND,2026-06-15,2026-06-16,2026-06-29,1587.0,1599.6,0.79,TIME_EXIT,10,65.26,2.72,Pidilite Industries Limited
PIIND,2025-05-16,2025-05-19,2025-05-21,3795.0,3662.18,-3.5,STOP_LOSS,3,57.66,3.16,PI Industries Limited
PILANIINVS,2025-09-18,2025-09-19,2025-09-29,5418.4,5228.76,-3.5,STOP_LOSS,7,74.38,4.95,Pilani Investment and Industries Corporation Limited
PILANIINVS,2025-09-19,2025-09-22,2025-09-23,5495.0,5302.68,-3.5,STOP_LOSS,2,84.49,6.01,Pilani Investment and Industries Corporation Limited
PILANIINVS,2025-12-26,2025-12-29,2025-12-29,5363.0,5175.3,-3.5,STOP_LOSS,1,71.61,2.38,Pilani Investment and Industries Corporation Limited
PILANIINVS,2026-03-18,2026-03-19,2026-03-23,4705.0,4540.32,-3.5,STOP_LOSS,3,79.93,4.02,Pilani Investment and Industries Corporation Limited
PIRAMALFIN,2026-01-06,2026-01-07,2026-01-20,1800.0,1806.2,0.34,TIME_EXIT,10,60.11,2.17,Piramal Finance Limited
PITTIENG,2025-03-19,2025-03-20,2025-03-20,1050.0,1013.25,-3.5,STOP_LOSS,1,84.32,4.94,Pitti Engineering Limited
PITTIENG,2025-09-19,2025-09-22,2025-10-06,1000.0,976.0,-2.4,TIME_EXIT,10,61.51,5.45,Pitti Engineering Limited
PITTIENG,2026-04-20,2026-04-21,2026-04-21,955.25,921.82,-3.5,STOP_LOSS,1,64.64,2.71,Pitti Engineering Limited
PITTIENG,2026-06-12,2026-06-15,2026-06-15,1010.0,974.65,-3.5,STOP_LOSS,1,65.42,3.65,Pitti Engineering Limited
PNBHOUSING,2025-06-06,2025-06-09,2025-06-13,1117.0,1077.9,-3.5,STOP_LOSS,5,63.96,9.09,PNB Housing Finance Limited
PNBHOUSING,2025-09-25,2025-09-26,2025-09-26,905.8,874.1,-3.5,STOP_LOSS,1,63.52,2.82,PNB Housing Finance Limited
PNBHOUSING,2026-07-07,2026-07-08,2026-07-08,1103.4,1064.78,-3.5,STOP_LOSS,1,58.81,2.41,PNB Housing Finance Limited
PNCINFRA,2026-06-19,2026-06-22,2026-07-03,226.9,236.0,4.01,TIME_EXIT,10,58.78,5.26,PNC Infratech Limited
PNGJL,2026-04-07,2026-04-08,2026-04-17,624.0,680.16,9.0,TARGET_HIT,8,55.45,2.48,P N Gadgil Jewellers Limited
PNGJL,2026-05-08,2026-05-11,2026-05-11,701.0,676.46,-3.5,STOP_LOSS,1,58.8,2.9,P N Gadgil Jewellers Limited
PNGJL,2026-07-06,2026-07-07,2026-07-07,590.2,569.54,-3.5,STOP_LOSS,1,66.3,2.65,P N Gadgil Jewellers Limited
POKARNA,2026-02-03,2026-02-04,2026-02-04,900.0,981.0,9.0,TARGET_HIT,1,100.0,4.78,Pokarna Limited
POLICYBZR,2025-12-09,2025-12-10,2025-12-15,1957.3,1888.79,-3.5,STOP_LOSS,4,64.96,2.03,PB Fintech Limited
POLICYBZR,2026-04-16,2026-04-17,2026-04-24,1557.7,1697.89,9.0,TARGET_HIT,6,58.42,3.66,PB Fintech Limited
POLICYBZR,2026-05-19,2026-05-20,2026-05-29,1771.2,1709.21,-3.5,STOP_LOSS,8,64.22,2.39,PB Fintech Limited
POLYCAB,2025-08-18,2025-08-19,2025-09-02,7094.0,7178.5,1.19,TIME_EXIT,10,58.7,2.1,Polycab India Limited
POLYCAB,2026-02-24,2026-02-25,2026-03-10,8120.5,7836.28,-3.5,STOP_LOSS,10,57.54,4.73,Polycab India Limited
POLYCAB,2026-02-25,2026-02-26,2026-03-10,8348.5,8056.3,-3.5,STOP_LOSS,9,63.28,3.82,Polycab India Limited
POLYPLEX,2024-12-06,2024-12-09,2024-12-20,1380.0,1331.7,-3.5,STOP_LOSS,10,55.95,2.65,Polyplex Corporation Limited
POLYPLEX,2026-08-10,2026-08-11,2026-08-24,1193.4,1170.0,-1.96,TIME_EXIT,10,55.14,5.39,Polyplex Corporation Limited
PONNIERODE,2026-08-18,2026-08-19,2026-08-20,363.9,396.65,9.0,TARGET_HIT,2,60.56,2.23,Ponni Sugars (Erode) Limited
POONAWALLA,2026-08-06,2026-08-07,2026-08-07,492.9,475.65,-3.5,STOP_LOSS,1,59.51,3.15,Poonawalla Fincorp Limited
POWERGRID,2024-11-22,2024-11-25,2024-11-29,341.85,329.89,-3.5,STOP_LOSS,5,70.34,2.34,Power Grid Corporation of India Limited
POWERGRID,2026-02-03,2026-02-04,2026-02-17,288.8,300.75,4.14,TIME_EXIT,10,66.06,2.66,Power Grid Corporation of India Limited
POWERICA,2026-06-23,2026-06-24,2026-06-29,658.95,635.89,-3.5,STOP_LOSS,4,69.18,2.67,Powerica Limited
POWERMECH,2026-01-07,2026-01-08,2026-01-12,2395.0,2311.17,-3.5,STOP_LOSS,3,69.85,11.92,Power Mech Projects Limited
PRABHA,2025-06-11,2025-06-12,2025-06-13,246.02,237.41,-3.5,STOP_LOSS,2,73.16,12.28,Prabha Energy Limited
PRECOT,2024-11-13,2024-11-14,2024-11-18,536.95,585.28,9.0,TARGET_HIT,2,85.76,11.92,Precot Limited
PRECOT,2026-02-04,2026-02-05,2026-02-05,490.0,472.85,-3.5,STOP_LOSS,1,64.14,36.91,Precot Limited
PRECOT,2026-02-09,2026-02-10,2026-02-10,528.25,509.76,-3.5,STOP_LOSS,1,69.23,3.63,Precot Limited
PREMIERENE,2026-04-17,2026-04-20,2026-04-20,1038.4,1002.06,-3.5,STOP_LOSS,1,62.13,7.37,Premier Energies Limited
PRESTIGE,2024-11-25,2024-11-26,2024-11-27,1744.3,1683.25,-3.5,STOP_LOSS,2,55.7,2.46,Prestige Estates Projects Limited
PRESTIGE,2025-06-03,2025-06-04,2025-06-09,1594.9,1738.44,9.0,TARGET_HIT,4,65.56,4.09,Prestige Estates Projects Limited
PRESTIGE,2025-10-27,2025-10-28,2025-11-06,1784.8,1722.33,-3.5,STOP_LOSS,8,65.71,2.31,Prestige Estates Projects Limited
PRESTIGE,2026-05-08,2026-05-11,2026-05-12,1491.8,1439.59,-3.5,STOP_LOSS,2,57.85,2.54,Prestige Estates Projects Limited
PRICOLLTD,2025-03-21,2025-03-24,2025-03-25,452.0,436.18,-3.5,STOP_LOSS,2,65.24,17.93,Pricol Limited
PRICOLLTD,2025-09-04,2025-09-05,2025-09-18,500.85,545.93,9.0,TARGET_HIT,10,57.31,2.03,Pricol Limited
PRICOLLTD,2026-06-24,2026-06-25,2026-07-08,598.55,608.8,1.71,TIME_EXIT,10,56.7,2.4,Pricol Limited
PRIMESECU,2025-04-21,2025-04-22,2025-04-23,257.9,248.87,-3.5,STOP_LOSS,2,57.64,3.36,Prime Securities Limited
PRIMESECU,2025-06-23,2025-06-24,2025-07-07,274.35,292.05,6.45,TIME_EXIT,10,66.85,4.42,Prime Securities Limited
PRIMESECU,2025-07-10,2025-07-11,2025-07-21,298.0,287.57,-3.5,STOP_LOSS,7,86.48,3.83,Prime Securities Limited
PRIMESECU,2026-01-07,2026-01-08,2026-01-08,301.5,290.95,-3.5,STOP_LOSS,1,62.98,2.2,Prime Securities Limited
PRIMESECU,2026-06-05,2026-06-08,2026-06-08,306.0,295.29,-3.5,STOP_LOSS,1,71.54,8.39,Prime Securities Limited
PRIMESECU,2026-08-10,2026-08-11,2026-08-12,303.0,292.4,-3.5,STOP_LOSS,2,71.11,2.47,Prime Securities Limited
PRINCEPIPE,2026-08-26,2026-08-27,2026-09-01,300.0,289.5,-3.5,STOP_LOSS,4,55.1,3.2,Prince Pipes And Fittings Limited
PRIVISCL,2025-04-15,2025-04-16,2025-04-17,1870.0,1804.55,-3.5,STOP_LOSS,2,59.66,2.08,Privi Speciality Chemicals Limited
PRIVISCL,2025-05-02,2025-05-05,2025-05-05,2114.9,2040.88,-3.5,STOP_LOSS,1,60.91,3.5,Privi Speciality Chemicals Limited
PRIVISCL,2025-10-07,2025-10-08,2025-10-17,2530.0,2757.7,9.0,TARGET_HIT,8,66.67,2.52,Privi Speciality Chemicals Limited
PRIVISCL,2026-06-12,2026-06-15,2026-06-25,3500.0,3550.5,1.44,TIME_EXIT,10,58.9,3.64,Privi Speciality Chemicals Limited
PRUDENT,2025-03-21,2025-03-24,2025-03-26,2349.75,2267.51,-3.5,STOP_LOSS,3,67.48,11.06,Prudent Corporate Advisory Services Limited
PRUDENT,2025-12-09,2025-12-10,2025-12-23,2660.0,2628.9,-1.17,TIME_EXIT,10,88.42,7.63,Prudent Corporate Advisory Services Limited
PRUDENT,2026-08-31,2026-09-01,2026-09-01,3700.0,3570.5,-3.5,STOP_LOSS,1,55.76,2.08,Prudent Corporate Advisory Services Limited
PSPPROJECT,2025-05-16,2025-05-19,2025-05-23,669.75,646.31,-3.5,STOP_LOSS,5,55.69,4.17,PSP Projects Limited
PSPPROJECT,2025-09-09,2025-09-10,2025-09-23,755.0,783.2,3.74,TIME_EXIT,10,64.78,2.63,PSP Projects Limited
PTC,2025-07-15,2025-07-16,2025-07-29,193.0,191.64,-0.7,TIME_EXIT,10,57.37,2.92,PTC India Limited
PTC,2025-10-27,2025-10-28,2025-11-04,171.98,165.96,-3.5,STOP_LOSS,6,55.35,2.18,PTC India Limited
PTC,2026-04-16,2026-04-17,2026-04-28,185.0,201.65,9.0,TARGET_HIT,8,55.4,3.52,PTC India Limited
PTC,2026-08-03,2026-08-04,2026-08-05,181.6,197.94,9.0,TARGET_HIT,2,55.93,5.47,PTC India Limited
PTC,2026-08-07,2026-08-10,2026-08-11,180.0,173.7,-3.5,STOP_LOSS,2,57.27,4.24,PTC India Limited
PTCIL,2024-12-27,2024-12-30,2024-12-30,13999.7,13509.71,-3.5,STOP_LOSS,1,74.76,4.4,PTC Industries Limited
PTCIL,2025-03-21,2025-03-24,2025-03-26,13476.2,14689.06,9.0,TARGET_HIT,3,69.17,3.11,PTC Industries Limited
PUNJABCHEM,2024-09-30,2024-10-01,2024-10-03,1283.7,1238.77,-3.5,STOP_LOSS,3,61.48,2.16,Punjab Chemicals & Crop Protection Limited
PURVA,2024-12-16,2024-12-17,2024-12-18,451.1,435.31,-3.5,STOP_LOSS,2,57.39,3.39,Puravankara Limited
PURVA,2025-10-23,2025-10-24,2025-10-28,280.0,270.2,-3.5,STOP_LOSS,3,62.74,2.46,Puravankara Limited
PVSL,2025-09-10,2025-09-11,2025-09-23,137.5,149.88,9.0,TARGET_HIT,9,60.66,2.76,Popular Vehicles and Services Limited
PYRAMID,2025-11-21,2025-11-24,2025-11-26,168.0,162.12,-3.5,STOP_LOSS,3,59.38,2.77,Pyramid Technoplast Limited
PYRAMID,2026-04-27,2026-04-28,2026-04-28,181.79,175.43,-3.5,STOP_LOSS,1,81.41,7.49,Pyramid Technoplast Limited
RADIANTCMS,2024-12-09,2024-12-10,2024-12-10,80.78,77.95,-3.5,STOP_LOSS,1,68.7,3.61,Radiant Cash Management Services Limited
RADICO,2025-04-22,2025-04-23,2025-04-25,2520.0,2431.8,-3.5,STOP_LOSS,3,55.71,2.45,Radico Khaitan Limited
RADICO,2025-09-15,2025-09-16,2025-09-26,2986.6,2882.07,-3.5,STOP_LOSS,9,61.59,3.17,Radico Khaitan Limited
RADICO,2026-04-16,2026-04-17,2026-04-20,3040.1,3313.71,9.0,TARGET_HIT,2,57.77,2.73,Radico Khaitan Limited
RAIN,2025-07-23,2025-07-24,2025-08-06,155.5,152.13,-2.17,TIME_EXIT,10,63.49,2.3,Rain Industries Limited
RAIN,2025-11-03,2025-11-04,2025-11-04,139.69,134.8,-3.5,STOP_LOSS,1,56.37,2.27,Rain Industries Limited
RAINBOW,2024-10-28,2024-10-29,2024-10-31,1497.65,1632.44,9.0,TARGET_HIT,3,59.71,9.66,Rainbow Childrens Medicare Limited
RAINBOW,2025-03-24,2025-03-25,2025-03-25,1387.75,1339.18,-3.5,STOP_LOSS,1,80.81,3.37,Rainbow Childrens Medicare Limited
RAINBOW,2026-08-04,2026-08-05,2026-08-11,1575.0,1519.88,-3.5,STOP_LOSS,5,60.7,2.23,Rainbow Childrens Medicare Limited
RAJESHEXPO,2025-12-19,2025-12-22,2025-12-22,205.38,223.86,9.0,TARGET_HIT,1,62.78,10.18,Rajesh Exports Limited
RAJRATAN,2026-06-09,2026-06-10,2026-06-23,446.1,449.95,0.86,TIME_EXIT,10,57.54,2.75,Rajratan Global Wire Limited
RALLIS,2026-04-17,2026-04-20,2026-04-23,268.45,259.05,-3.5,STOP_LOSS,4,77.7,7.17,Rallis India Limited
RAMCOCEM,2025-07-22,2025-07-23,2025-07-25,1190.0,1148.35,-3.5,STOP_LOSS,3,65.24,2.54,The Ramco Cements Limited
RAMCOCEM,2025-12-12,2025-12-15,2025-12-26,1062.0,1063.2,0.11,TIME_EXIT,10,63.11,3.61,The Ramco Cements Limited
RAMCOCEM,2026-01-30,2026-02-02,2026-02-09,1087.7,1185.59,9.0,TARGET_HIT,6,75.95,3.13,The Ramco Cements Limited
RAMCOIND,2024-11-06,2024-11-07,2024-11-08,266.01,289.95,9.0,TARGET_HIT,2,66.91,3.55,Ramco Industries Limited
RAMCOIND,2025-05-14,2025-05-15,2025-05-28,250.6,255.08,1.79,TIME_EXIT,10,69.05,2.23,Ramco Industries Limited
RAMCOIND,2025-05-19,2025-05-20,2025-05-23,258.39,249.35,-3.5,STOP_LOSS,4,55.2,2.02,Ramco Industries Limited
RAMCOSYS,2025-09-16,2025-09-17,2025-09-18,500.35,545.38,9.0,TARGET_HIT,2,62.14,2.96,Ramco Systems Limited
RAMRAT,2025-05-13,2025-05-14,2025-05-21,569.9,621.19,9.0,TARGET_HIT,6,60.71,2.17,Ram Ratna Wires Limited
RAMRAT,2025-05-14,2025-05-15,2025-05-21,585.35,638.03,9.0,TARGET_HIT,5,63.6,4.38,Ram Ratna Wires Limited
RAMRAT,2025-07-29,2025-07-30,2025-08-01,760.0,733.4,-3.5,STOP_LOSS,3,61.03,3.97,Ram Ratna Wires Limited
RAMRAT,2026-07-29,2026-07-30,2026-07-31,456.5,440.52,-3.5,STOP_LOSS,2,66.64,5.24,Ram Ratna Wires Limited
RAMRAT,2026-08-12,2026-08-13,2026-08-17,479.8,463.01,-3.5,STOP_LOSS,3,71.1,3.25,Ram Ratna Wires Limited
RANEHOLDIN,2025-09-23,2025-09-24,2025-09-24,1601.8,1745.96,9.0,TARGET_HIT,1,58.06,3.8,Rane Holdings Limited
RANEHOLDIN,2026-02-11,2026-02-12,2026-02-13,1495.6,1443.25,-3.5,STOP_LOSS,2,70.61,3.04,Rane Holdings Limited
RATEGAIN,2024-12-17,2024-12-18,2024-12-20,735.8,710.05,-3.5,STOP_LOSS,3,58.08,2.42,Rategain Travel Technologies Limited
RATEGAIN,2025-05-19,2025-05-20,2025-05-21,508.8,490.99,-3.5,STOP_LOSS,2,75.43,3.4,Rategain Travel Technologies Limited
RATNAMANI,2025-05-26,2025-05-27,2025-05-29,2947.0,2843.86,-3.5,STOP_LOSS,3,88.54,7.4,Ratnamani Metals & Tubes Limited
RATNAMANI,2025-07-07,2025-07-08,2025-07-08,3006.9,2901.66,-3.5,STOP_LOSS,1,76.91,10.55,Ratnamani Metals & Tubes Limited
RAYMONDREL,2025-09-19,2025-09-22,2025-09-24,665.0,641.72,-3.5,STOP_LOSS,3,68.69,2.58,Raymond Realty Limited
RAYMONDREL,2025-10-24,2025-10-27,2025-10-29,670.1,646.65,-3.5,STOP_LOSS,3,59.58,5.21,Raymond Realty Limited
RAYMONDREL,2025-10-27,2025-10-28,2025-10-28,686.5,662.47,-3.5,STOP_LOSS,1,55.07,4.9,Raymond Realty Limited
RBA,2025-12-12,2025-12-15,2025-12-15,67.91,65.53,-3.5,STOP_LOSS,1,55.28,2.76,Restaurant Brands Asia Limited
RBA,2026-04-29,2026-04-30,2026-05-13,65.1,66.67,2.41,TIME_EXIT,10,68.26,3.93,Restaurant Brands Asia Limited
RBA,2026-05-04,2026-05-05,2026-05-18,66.4,67.91,2.27,TIME_EXIT,10,81.61,2.07,Restaurant Brands Asia Limited
RBA,2026-05-27,2026-05-29,2026-06-11,69.5,68.05,-2.09,TIME_EXIT,10,80.82,2.81,Restaurant Brands Asia Limited
RBLBANK,2025-12-31,2026-01-01,2026-01-12,313.95,302.96,-3.5,STOP_LOSS,8,55.44,2.88,RBL Bank Limited
RBLBANK,2026-02-17,2026-02-18,2026-03-02,323.75,312.42,-3.5,STOP_LOSS,9,57.52,4.32,RBL Bank Limited
RBLBANK,2026-06-15,2026-06-16,2026-06-29,374.0,363.8,-2.73,TIME_EXIT,10,56.19,2.64,RBL Bank Limited
REDTAPE,2026-08-07,2026-08-10,2026-08-10,141.14,136.2,-3.5,STOP_LOSS,1,56.01,3.26,Redtape Limited
RELIABLE,2025-08-25,2025-08-26,2025-08-28,126.49,137.87,9.0,TARGET_HIT,2,56.43,3.73,Reliable Data Services Limited
RELIANCE,2025-04-28,2025-04-29,2025-05-13,1371.0,1415.7,3.26,TIME_EXIT,10,57.67,2.5,Reliance Industries Limited
RELIANCE,2025-04-29,2025-04-30,2025-05-14,1402.0,1424.4,1.6,TIME_EXIT,10,66.65,2.59,Reliance Industries Limited
RELIANCE,2025-10-20,2025-10-21,2025-11-03,1468.0,1484.7,1.14,TIME_EXIT,10,55.42,2.46,Reliance Industries Limited
RELIANCE,2025-11-20,2025-11-21,2025-12-04,1541.0,1535.6,-0.35,TIME_EXIT,10,67.46,2.34,Reliance Industries Limited
RELIANCE,2026-04-28,2026-04-29,2026-05-12,1392.0,1364.0,-2.01,TIME_EXIT,10,65.53,2.88,Reliance Industries Limited
RELIGARE,2024-12-05,2024-12-06,2024-12-10,269.0,293.21,9.0,TARGET_HIT,3,56.83,3.35,Religare Enterprises Limited
RELIGARE,2025-05-23,2025-05-26,2025-05-30,239.76,231.37,-3.5,STOP_LOSS,5,55.25,3.07,Religare Enterprises Limited
RELIGARE,2026-01-05,2026-01-06,2026-01-08,263.0,253.8,-3.5,STOP_LOSS,3,55.3,3.24,Religare Enterprises Limited
RELIGARE,2026-02-10,2026-02-11,2026-02-11,266.6,257.27,-3.5,STOP_LOSS,1,55.62,2.09,Religare Enterprises Limited
RELTD,2025-03-20,2025-03-21,2025-03-21,133.48,128.81,-3.5,STOP_LOSS,1,56.73,3.17,Ravindra Energy Limited
REMSONSIND,2026-02-09,2026-02-10,2026-02-10,121.5,117.25,-3.5,STOP_LOSS,1,59.15,2.59,Remsons Industries Limited
REMSONSIND,2026-04-27,2026-04-28,2026-04-29,109.5,105.67,-3.5,STOP_LOSS,2,55.81,4.35,Remsons Industries Limited
REPCOHOME,2024-11-28,2024-11-29,2024-12-02,506.0,488.29,-3.5,STOP_LOSS,2,56.92,3.33,Repco Home Finance Limited
REPCOHOME,2025-04-21,2025-04-22,2025-04-23,412.25,397.82,-3.5,STOP_LOSS,2,58.76,2.07,Repco Home Finance Limited
REPCOHOME,2025-11-03,2025-11-04,2025-11-07,439.0,423.64,-3.5,STOP_LOSS,4,61.59,2.13,Repco Home Finance Limited
REPCOHOME,2026-04-21,2026-04-22,2026-04-30,417.8,403.18,-3.5,STOP_LOSS,7,63.51,4.37,Repco Home Finance Limited
REPL,2024-12-02,2024-12-03,2024-12-13,222.1,242.09,9.0,TARGET_HIT,9,59.96,6.02,Rudrabhishek Enterprises Limited
REPL,2024-12-03,2024-12-04,2024-12-04,225.9,217.99,-3.5,STOP_LOSS,1,57.67,4.38,Rudrabhishek Enterprises Limited
RHIM,2024-12-11,2024-12-12,2024-12-12,575.95,555.79,-3.5,STOP_LOSS,1,67.01,2.38,RHI MAGNESITA INDIA LIMITED
RHL,2025-05-27,2025-05-28,2025-05-28,254.99,246.07,-3.5,STOP_LOSS,1,70.6,21.55,Robust Hotels Limited
RICOAUTO,2025-05-19,2025-05-20,2025-05-21,73.39,70.82,-3.5,STOP_LOSS,2,57.18,3.16,Rico Auto Industries Limited
RITCO,2025-11-13,2025-11-14,2025-11-24,276.0,266.34,-3.5,STOP_LOSS,7,61.93,5.95,Ritco Logistics Limited
RKFORGE,2026-06-12,2026-06-15,2026-06-16,606.0,584.79,-3.5,STOP_LOSS,2,57.97,2.58,Ramkrishna Forgings Limited
RKSWAMY,2024-12-11,2024-12-12,2024-12-13,267.4,258.04,-3.5,STOP_LOSS,2,63.75,7.93,R K Swamy Limited
RML,2026-01-02,2026-01-05,2026-01-06,848.8,819.09,-3.5,STOP_LOSS,2,61.98,3.97,Rane (Madras) Limited
RNBDENIMS,2026-01-16,2026-01-19,2026-01-19,144.8,157.83,9.0,TARGET_HIT,1,93.9,14.86,R&B Denims Limited
ROHLTD,2025-02-19,2025-02-20,2025-02-27,372.3,359.27,-3.5,STOP_LOSS,5,58.14,3.1,Royal Orchid Hotels Limited
ROLEXRINGS,2024-09-27,2024-09-30,2024-09-30,2655.05,2562.12,-3.5,STOP_LOSS,1,56.97,5.25,Rolex Rings Limited
ROSSARI,2025-09-19,2025-09-22,2025-09-22,683.9,659.96,-3.5,STOP_LOSS,1,80.27,7.13,Rossari Biotech Limited
ROSSELLIND,2026-08-26,2026-08-27,2026-08-27,66.0,63.69,-3.5,STOP_LOSS,1,62.65,10.47,Rossell India Limited
ROSSTECH,2026-04-08,2026-04-09,2026-04-10,798.2,870.04,9.0,TARGET_HIT,2,63.33,2.27,Rossell Techsys Limited
RPEL,2025-04-22,2025-04-23,2025-04-25,653.95,631.06,-3.5,STOP_LOSS,3,60.99,2.02,Raghav Productivity Enhancers Limited
RPEL,2025-05-13,2025-05-14,2025-05-20,681.0,742.29,9.0,TARGET_HIT,5,62.74,2.67,Raghav Productivity Enhancers Limited
RPEL,2025-09-05,2025-09-08,2025-09-19,660.55,677.05,2.5,TIME_EXIT,10,57.74,4.6,Raghav Productivity Enhancers Limited
RPEL,2025-10-07,2025-10-08,2025-10-17,711.2,686.31,-3.5,STOP_LOSS,8,56.95,3.4,Raghav Productivity Enhancers Limited
RPEL,2026-05-07,2026-05-08,2026-05-12,773.4,746.33,-3.5,STOP_LOSS,3,71.61,3.3,Raghav Productivity Enhancers Limited
RPEL,2026-05-08,2026-05-11,2026-05-12,784.0,756.56,-3.5,STOP_LOSS,2,65.34,3.35,Raghav Productivity Enhancers Limited
RPGLIFE,2025-09-19,2025-09-22,2025-09-26,2440.9,2355.47,-3.5,STOP_LOSS,5,69.8,2.54,RPG Life Sciences Limited
RPGLIFE,2026-04-17,2026-04-20,2026-04-30,2023.8,2205.94,9.0,TARGET_HIT,9,77.38,24.58,RPG Life Sciences Limited
RPSGVENT,2024-10-15,2024-10-16,2024-10-16,1164.35,1123.6,-3.5,STOP_LOSS,1,57.44,2.05,RPSG VENTURES LIMITED
RPSGVENT,2025-07-23,2025-07-24,2025-08-04,959.0,925.44,-3.5,STOP_LOSS,8,66.47,2.23,RPSG VENTURES LIMITED
RPSGVENT,2026-07-29,2026-07-30,2026-08-10,939.85,906.96,-3.5,STOP_LOSS,8,61.53,4.11,RPSG VENTURES LIMITED
RPTECH,2026-04-10,2026-04-13,2026-04-13,398.0,433.82,9.0,TARGET_HIT,1,56.61,2.68,Rashi Peripherals Limited
RPTECH,2026-04-15,2026-04-16,2026-04-16,449.4,433.67,-3.5,STOP_LOSS,1,56.18,2.09,Rashi Peripherals Limited
RPTECH,2026-05-05,2026-05-06,2026-05-19,510.2,543.25,6.48,TIME_EXIT,10,57.28,3.24,Rashi Peripherals Limited
RSL,2026-07-28,2026-07-29,2026-08-05,141.89,154.66,9.0,TARGET_HIT,6,58.09,2.07,Rajputana Stainless Limited
RSL,2026-08-28,2026-08-31,2026-09-11,178.97,190.1,6.22,TIME_EXIT,10,62.0,5.97,Rajputana Stainless Limited
RSWM,2025-11-12,2025-11-13,2025-11-18,164.8,159.03,-3.5,STOP_LOSS,4,55.31,3.5,RSWM Limited
RSWM,2026-02-03,2026-02-04,2026-02-17,153.95,159.21,3.42,TIME_EXIT,10,59.24,4.93,RSWM Limited
RSWM,2026-05-04,2026-05-05,2026-05-07,172.26,166.23,-3.5,STOP_LOSS,3,68.48,3.26,RSWM Limited
RSWM,2026-05-06,2026-05-07,2026-05-08,170.0,164.05,-3.5,STOP_LOSS,2,63.41,4.07,RSWM Limited
RSWM,2026-05-26,2026-05-27,2026-06-01,180.27,173.96,-3.5,STOP_LOSS,4,56.53,4.03,RSWM Limited
RUBFILA,2025-05-29,2025-05-30,2025-06-12,80.53,79.73,-0.99,TIME_EXIT,10,57.43,5.58,Rubfila International Limited
RUBFILA,2025-06-27,2025-06-30,2025-06-30,87.6,84.53,-3.5,STOP_LOSS,1,60.22,3.71,Rubfila International Limited
RUBICON,2025-12-22,2025-12-23,2025-12-29,690.0,665.85,-3.5,STOP_LOSS,5,56.49,4.72,Rubicon Research Limited
RUCHIRA,2026-09-08,2026-09-09,2026-09-15,112.15,108.22,-3.5,STOP_LOSS,5,59.6,5.43,Ruchira Papers Limited
RUSTOMJEE,2025-06-11,2025-06-12,2025-06-12,580.0,559.7,-3.5,STOP_LOSS,1,59.98,3.69,Keystone Realtors Limited
RUSTOMJEE,2025-06-30,2025-07-01,2025-07-01,612.4,667.52,9.0,TARGET_HIT,1,63.61,2.87,Keystone Realtors Limited
RVHL,2024-12-13,2024-12-16,2024-12-16,80.5,77.68,-3.5,STOP_LOSS,1,73.89,3.44,Ravinder Heights Limited
RVHL,2024-12-16,2024-12-17,2024-12-18,76.98,74.29,-3.5,STOP_LOSS,2,60.29,2.18,Ravinder Heights Limited
SAGCEM,2025-07-18,2025-07-21,2025-07-21,267.21,257.86,-3.5,STOP_LOSS,1,55.73,11.56,Sagar Cements Limited
SAGCEM,2025-09-03,2025-09-04,2025-09-15,277.95,268.22,-3.5,STOP_LOSS,8,60.31,3.56,Sagar Cements Limited
SAGCEM,2026-05-07,2026-05-08,2026-05-08,195.0,188.18,-3.5,STOP_LOSS,1,57.78,5.48,Sagar Cements Limited
SAHLIBHFI,2026-09-02,2026-09-03,2026-09-03,88.1,85.02,-3.5,STOP_LOSS,1,58.85,13.01,Shalibhadra Finance Limited
SAHYADRI,2026-08-17,2026-08-18,2026-08-18,388.0,374.42,-3.5,STOP_LOSS,1,57.71,3.08,Sahyadri Industries Limited
SAILIFE,2025-12-19,2025-12-22,2026-01-02,914.0,921.7,0.84,TIME_EXIT,10,64.83,2.51,Sai Life Sciences Limited
SAILIFE,2026-02-27,2026-03-02,2026-03-04,992.5,957.76,-3.5,STOP_LOSS,3,61.49,5.66,Sai Life Sciences Limited
SAILIFE,2026-06-05,2026-06-08,2026-06-19,1174.3,1216.4,3.59,TIME_EXIT,10,68.17,2.15,Sai Life Sciences Limited
SAILIFE,2026-07-10,2026-07-13,2026-07-23,1269.0,1224.58,-3.5,STOP_LOSS,9,57.45,2.36,Sai Life Sciences Limited
SAKAR,2025-12-11,2025-12-12,2025-12-15,431.0,415.92,-3.5,STOP_LOSS,2,67.64,6.33,Sakar Healthcare Limited
SALSTEEL,2026-04-15,2026-04-16,2026-04-16,56.3,54.33,-3.5,STOP_LOSS,1,62.7,3.82,S.A.L. Steel Limited
SAMBHV,2025-11-07,2025-11-10,2025-11-10,119.11,114.94,-3.5,STOP_LOSS,1,59.4,3.4,Sambhv Steel Tubes Limited
SAMHI,2026-01-07,2026-01-08,2026-01-12,198.88,191.92,-3.5,STOP_LOSS,3,56.0,2.32,Samhi Hotels Limited
SAMHI,2026-07-30,2026-07-31,2026-07-31,186.25,179.73,-3.5,STOP_LOSS,1,56.16,2.13,Samhi Hotels Limited
SANATHAN,2026-07-22,2026-07-23,2026-07-23,504.4,486.75,-3.5,STOP_LOSS,1,59.32,2.56,Sanathan Textiles Limited
SANGAMIND,2024-09-25,2024-09-26,2024-10-01,473.0,456.44,-3.5,STOP_LOSS,4,56.38,2.28,Sangam (India) Limited
SANGAMIND,2025-11-06,2025-11-07,2025-11-11,467.4,451.04,-3.5,STOP_LOSS,3,71.73,5.32,Sangam (India) Limited
SANGAMIND,2025-12-30,2025-12-31,2026-01-09,469.3,452.87,-3.5,STOP_LOSS,8,73.37,4.36,Sangam (India) Limited
SANGAMIND,2025-12-31,2026-01-01,2026-01-02,498.8,481.34,-3.5,STOP_LOSS,2,57.27,6.96,Sangam (India) Limited
SANOFICONR,2025-01-02,2025-01-03,2025-01-13,4989.0,4814.38,-3.5,STOP_LOSS,7,87.08,4.24,Sanofi Consumer Healthcare India Limited
SANOFICONR,2025-05-30,2025-06-02,2025-06-05,5268.5,5084.1,-3.5,STOP_LOSS,4,68.19,8.25,Sanofi Consumer Healthcare India Limited
SANOFICONR,2026-05-14,2026-05-15,2026-05-15,4980.0,4805.7,-3.5,STOP_LOSS,1,58.7,10.22,Sanofi Consumer Healthcare India Limited
SANOFICONR,2026-06-18,2026-06-19,2026-06-19,4921.9,4749.63,-3.5,STOP_LOSS,1,80.15,5.11,Sanofi Consumer Healthcare India Limited
SANSERA,2025-03-21,2025-03-24,2025-03-24,1262.0,1217.83,-3.5,STOP_LOSS,1,64.17,2.13,Sansera Engineering Limited
SANSERA,2025-05-28,2025-05-29,2025-06-11,1356.9,1376.6,1.45,TIME_EXIT,10,56.98,3.26,Sansera Engineering Limited
SANSERA,2025-09-17,2025-09-18,2025-09-19,1522.0,1468.73,-3.5,STOP_LOSS,2,60.59,6.92,Sansera Engineering Limited
SANSERA,2025-11-25,2025-11-26,2025-12-08,1678.8,1620.04,-3.5,STOP_LOSS,9,67.09,3.26,Sansera Engineering Limited
SANSERA,2026-04-22,2026-04-23,2026-05-04,2523.0,2434.69,-3.5,STOP_LOSS,8,62.11,3.8,Sansera Engineering Limited
SARLAPOLY,2026-04-22,2026-04-23,2026-04-27,90.0,86.85,-3.5,STOP_LOSS,3,60.26,4.33,Sarla Performance Fibers Limited
SARLAPOLY,2026-07-06,2026-07-07,2026-07-08,107.0,103.26,-3.5,STOP_LOSS,2,59.42,3.06,Sarla Performance Fibers Limited
SATIA,2025-05-22,2025-05-23,2025-05-30,81.25,78.41,-3.5,STOP_LOSS,6,56.54,2.4,Satia Industries Limited
SATIA,2025-06-11,2025-06-12,2025-06-12,85.71,82.71,-3.5,STOP_LOSS,1,61.06,2.56,Satia Industries Limited
SATIA,2026-09-07,2026-09-08,2026-09-16,68.01,65.63,-3.5,STOP_LOSS,7,55.96,3.86,Satia Industries Limited
SATIN,2025-05-07,2025-05-08,2025-05-08,167.83,161.96,-3.5,STOP_LOSS,1,61.11,2.41,Satin Creditcare Network Limited
SATIN,2026-05-07,2026-05-08,2026-05-11,200.73,218.8,9.0,TARGET_HIT,2,58.57,2.43,Satin Creditcare Network Limited
SATIN,2026-05-08,2026-05-11,2026-05-12,210.51,229.46,9.0,TARGET_HIT,2,58.84,2.59,Satin Creditcare Network Limited
SBGLP,2024-10-15,2024-10-16,2024-10-16,137.94,133.11,-3.5,STOP_LOSS,1,71.4,3.62,Suratwwala Business Group Limited
SBICARD,2026-07-17,2026-07-20,2026-07-21,658.0,634.97,-3.5,STOP_LOSS,2,60.77,3.2,SBI Cards and Payment Services Limited
SBILIFE,2025-03-21,2025-03-24,2025-04-07,1550.0,1495.75,-3.5,STOP_LOSS,10,70.52,2.47,SBI Life Insurance Company Limited
SBILIFE,2025-10-29,2025-10-30,2025-11-12,1970.4,1996.7,1.33,TIME_EXIT,10,64.78,3.17,SBI Life Insurance Company Limited
SBIN,2025-05-30,2025-06-02,2025-06-13,812.85,792.35,-2.52,TIME_EXIT,10,66.44,3.24,State Bank of India
SBIN,2026-02-11,2026-02-12,2026-02-25,1183.0,1200.1,1.45,TIME_EXIT,10,60.02,2.02,State Bank of India
SCHAEFFLER,2025-03-20,2025-03-21,2025-03-27,3540.0,3416.1,-3.5,STOP_LOSS,5,59.62,3.01,Schaeffler India Limited
SCHAEFFLER,2025-03-21,2025-03-24,2025-03-27,3575.0,3449.88,-3.5,STOP_LOSS,4,56.33,2.03,Schaeffler India Limited
SCHAEFFLER,2025-06-05,2025-06-06,2025-06-10,4344.9,4192.83,-3.5,STOP_LOSS,3,60.05,2.33,Schaeffler India Limited
SCHAEFFLER,2025-10-03,2025-10-06,2025-10-10,4275.0,4125.38,-3.5,STOP_LOSS,5,73.89,3.57,Schaeffler India Limited
SCHAEFFLER,2026-06-19,2026-06-22,2026-06-24,4350.0,4197.75,-3.5,STOP_LOSS,3,57.81,5.43,Schaeffler India Limited
SCHAND,2024-12-06,2024-12-09,2024-12-19,228.95,220.94,-3.5,STOP_LOSS,9,66.88,2.37,S Chand And Company Limited
SCPL,2026-06-15,2026-06-16,2026-06-16,520.0,501.8,-3.5,STOP_LOSS,1,67.82,9.8,Sheetal Cool Products Limited
SEAMECLTD,2025-12-03,2025-12-04,2025-12-11,980.0,1068.2,9.0,TARGET_HIT,6,69.09,2.09,Seamec Limited
SEAMECLTD,2026-01-29,2026-01-30,2026-01-30,1291.7,1246.49,-3.5,STOP_LOSS,1,56.79,3.07,Seamec Limited
SEDEMAC,2026-08-10,2026-08-11,2026-08-17,2945.0,3210.05,9.0,TARGET_HIT,5,56.16,5.69,SEDEMAC Mechatronics Limited
SEIL,2026-05-08,2026-05-11,2026-05-12,211.63,204.22,-3.5,STOP_LOSS,2,70.67,2.11,Shanti Educational Initiatives Limited
SEJALLTD,2025-05-28,2025-05-29,2025-09-10,514.95,561.3,9.0,TARGET_HIT,4,73.39,7.56,Sejal Glass Limited
SEJALLTD,2025-09-18,2025-09-19,2025-09-22,804.0,775.86,-3.5,STOP_LOSS,2,79.24,6.43,Sejal Glass Limited
SESHAPAPER,2025-05-22,2025-05-23,2025-05-29,295.1,284.77,-3.5,STOP_LOSS,5,62.6,5.67,Seshasayee Paper and Boards Limited
SESHAPAPER,2026-02-17,2026-02-18,2026-02-18,293.11,282.85,-3.5,STOP_LOSS,1,70.2,2.38,Seshasayee Paper and Boards Limited
SETL,2026-06-15,2026-06-16,2026-06-19,170.0,185.3,9.0,TARGET_HIT,4,68.16,4.14,Standard Engineering Technology Limited
SETL,2026-06-18,2026-06-19,2026-06-22,180.18,196.4,9.0,TARGET_HIT,2,62.13,2.35,Standard Engineering Technology Limited
SETL,2026-08-11,2026-08-12,2026-08-12,301.9,291.33,-3.5,STOP_LOSS,1,60.27,6.28,Standard Engineering Technology Limited
SETL,2026-08-17,2026-08-18,2026-08-18,310.0,299.15,-3.5,STOP_LOSS,1,57.54,2.85,Standard Engineering Technology Limited
SETL,2026-08-26,2026-08-27,2026-08-31,336.75,367.06,9.0,TARGET_HIT,3,76.55,2.5,Standard Engineering Technology Limited
SFL,2024-12-06,2024-12-09,2024-12-20,909.9,947.05,4.08,TIME_EXIT,10,66.45,4.42,Sheela Foam Limited
SFL,2025-01-02,2025-01-03,2025-01-03,1041.95,1005.48,-3.5,STOP_LOSS,1,59.33,4.37,Sheela Foam Limited
SFL,2025-11-03,2025-11-04,2025-11-04,726.5,701.07,-3.5,STOP_LOSS,1,55.55,3.0,Sheela Foam Limited
SGFIN,2026-03-25,2026-03-27,2026-03-30,429.5,414.47,-3.5,STOP_LOSS,2,55.53,2.19,SG Finserve Limited
SGIL,2025-04-24,2025-04-25,2025-04-25,507.5,489.74,-3.5,STOP_LOSS,1,60.1,3.36,Synergy Green Industries Limited
SGIL,2025-11-13,2025-11-14,2025-11-14,545.6,526.5,-3.5,STOP_LOSS,1,55.9,4.66,Synergy Green Industries Limited
SGMART,2025-12-24,2025-12-26,2025-12-29,383.55,370.13,-3.5,STOP_LOSS,2,61.87,2.58,SG Mart Limited
SGMART,2026-02-09,2026-02-10,2026-02-11,405.55,442.05,9.0,TARGET_HIT,2,61.09,6.2,SG Mart Limited
SGMART,2026-02-11,2026-02-12,2026-02-25,427.05,438.75,2.74,TIME_EXIT,10,61.38,3.95,SG Mart Limited
SGRL,2026-08-31,2026-09-01,2026-09-01,610.45,665.39,9.0,TARGET_HIT,1,55.51,18.79,Shree Ganesh Remedies Limited
SHADOWFAX,2026-04-08,2026-04-09,2026-04-10,123.66,134.79,9.0,TARGET_HIT,2,65.78,4.26,Shadowfax Technologies Limited
SHADOWFAX,2026-04-15,2026-04-16,2026-04-16,143.0,138.0,-3.5,STOP_LOSS,1,59.31,2.21,Shadowfax Technologies Limited
SHAHALLOYS,2025-09-08,2025-09-09,2025-09-10,72.0,78.48,9.0,TARGET_HIT,2,60.6,9.02,Shah Alloys Limited
SHAHALLOYS,2025-09-09,2025-09-10,2025-09-10,78.5,75.75,-3.5,STOP_LOSS,1,65.76,7.09,Shah Alloys Limited
SHAILY,2025-05-20,2025-05-21,2025-05-30,1802.1,1964.29,9.0,TARGET_HIT,8,59.94,3.42,Shaily Engineering Plastics Limited
SHAILY,2025-05-30,2025-06-02,2025-06-02,2034.5,1963.29,-3.5,STOP_LOSS,1,61.36,3.26,Shaily Engineering Plastics Limited
SHALBY,2024-12-04,2024-12-05,2024-12-18,243.0,234.5,-3.5,STOP_LOSS,10,69.82,2.1,Shalby Limited
SHALPAINTS,2025-04-15,2025-04-16,2025-04-21,114.7,110.69,-3.5,STOP_LOSS,3,65.48,2.42,Shalimar Paints Limited
SHANKARA,2024-12-03,2024-12-04,2024-12-13,676.95,653.26,-3.5,STOP_LOSS,8,64.35,2.99,Shankara Building Products Limited
SHANKARA,2024-12-17,2024-12-18,2024-12-19,713.9,688.91,-3.5,STOP_LOSS,2,66.81,2.4,Shankara Building Products Limited
SHANKARA,2025-05-15,2025-05-16,2025-05-19,739.0,805.51,9.0,TARGET_HIT,2,58.47,2.24,Shankara Building Products Limited
SHANKARA,2025-06-04,2025-06-05,2025-06-09,909.95,991.85,9.0,TARGET_HIT,3,68.44,2.03,Shankara Building Products Limited
SHANKARA,2026-07-13,2026-07-14,2026-07-16,137.0,149.33,9.0,TARGET_HIT,3,60.18,6.18,Shankara Building Products Limited
SHARDAMOTR,2026-06-30,2026-07-01,2026-07-14,876.95,856.3,-2.35,TIME_EXIT,10,66.08,2.36,Sharda Motor Industries Limited
SHILPAMED,2025-11-11,2025-11-12,2025-11-14,393.45,379.68,-3.5,STOP_LOSS,3,62.29,2.02,Shilpa Medicare Limited
SHOPERSTOP,2025-07-15,2025-07-16,2025-07-24,552.3,532.97,-3.5,STOP_LOSS,7,81.93,4.25,Shoppers Stop Limited
SHREDIGCEM,2026-05-07,2026-05-08,2026-05-11,78.6,75.85,-3.5,STOP_LOSS,2,60.49,2.15,Shree Digvijay Cement Co.Ltd
SHREECEM,2024-11-29,2024-12-02,2024-12-13,26000.0,27591.45,6.12,TIME_EXIT,10,62.95,2.29,SHREE CEMENT LIMITED
SHREECEM,2025-06-27,2025-06-30,2025-07-11,30895.0,31210.0,1.02,TIME_EXIT,10,68.7,3.28,SHREE CEMENT LIMITED
SHREECEM,2026-04-15,2026-04-16,2026-04-29,25200.0,24555.0,-2.56,TIME_EXIT,10,65.49,2.26,SHREE CEMENT LIMITED
SHREEJISPG,2026-07-10,2026-07-13,2026-07-20,550.4,599.94,9.0,TARGET_HIT,6,57.68,2.44,Shreeji Shipping Global Limited
SHREEPUSHK,2025-05-15,2025-05-16,2025-05-19,279.35,304.49,9.0,TARGET_HIT,2,55.43,3.04,Shree Pushkar Chemicals & Fertilisers Limited
SHREYANIND,2025-05-26,2025-05-27,2025-05-27,237.99,229.66,-3.5,STOP_LOSS,1,74.76,12.37,Shreyans Industries Limited
SHRIPISTON,2025-08-19,2025-08-20,2025-08-28,2609.7,2518.36,-3.5,STOP_LOSS,6,55.0,4.74,SPR Auto Technologies Limited
SHRIPISTON,2026-08-24,2026-08-25,2026-08-25,4785.8,4618.3,-3.5,STOP_LOSS,1,56.89,2.93,SPR Auto Technologies Limited
SHRIRAMFIN,2025-10-23,2025-10-24,2025-11-03,711.05,775.04,9.0,TARGET_HIT,7,59.74,3.08,Shriram Finance Limited
SHRIRAMFIN,2025-10-29,2025-10-30,2025-11-04,738.5,804.96,9.0,TARGET_HIT,4,67.33,2.4,Shriram Finance Limited
SHRIRAMFIN,2026-06-15,2026-06-16,2026-06-29,998.0,1032.65,3.47,TIME_EXIT,10,56.23,2.24,Shriram Finance Limited
SHRIRAMFIN,2026-08-06,2026-08-07,2026-08-20,1134.0,1128.2,-0.51,TIME_EXIT,10,64.14,2.23,Shriram Finance Limited
SHYAMMETL,2025-07-16,2025-07-17,2025-07-29,904.45,985.85,9.0,TARGET_HIT,9,60.36,3.93,Shyam Metalics and Energy Limited
SIEMENS,2024-09-27,2024-09-30,2024-10-07,7294.5,7039.19,-3.5,STOP_LOSS,6,59.94,2.23,Siemens Limited
SIGMAADV,2026-04-17,2026-04-20,2026-04-22,203.0,221.27,9.0,TARGET_HIT,3,60.13,3.1,SIGMA ADVANCED SYSTEMS LIMITED
SIGMAADV,2026-04-21,2026-04-22,2026-04-27,226.99,247.42,9.0,TARGET_HIT,4,76.24,2.38,SIGMA ADVANCED SYSTEMS LIMITED
SIGMAADV,2026-04-22,2026-04-23,2026-04-23,237.0,228.7,-3.5,STOP_LOSS,1,70.5,2.74,SIGMA ADVANCED SYSTEMS LIMITED
SIGMAADV,2026-08-26,2026-08-27,2026-08-27,730.95,763.65,4.47,TIME_EXIT,1,69.7,2.38,SIGMA ADVANCED SYSTEMS LIMITED
SIGNPOST,2025-06-30,2025-07-01,2025-07-03,214.5,233.8,9.0,TARGET_HIT,3,76.52,139.24,Signpost India Limited
SIGNPOST,2026-05-06,2026-05-07,2026-05-12,296.15,285.78,-3.5,STOP_LOSS,4,55.3,5.53,Signpost India Limited
SILVERTUC,2024-11-07,2024-11-08,2024-11-11,750.0,723.75,-3.5,STOP_LOSS,2,65.2,3.9,Silver Touch Technologies Limited
SILVERTUC,2026-04-27,2026-04-28,2026-04-30,149.0,162.41,9.0,TARGET_HIT,3,80.76,2.12,Silver Touch Technologies Limited
SIMPLEXINF,2025-03-20,2025-03-21,2025-03-21,295.0,284.68,-3.5,STOP_LOSS,1,84.14,2.29,Simplex Infrastructures Limited
SIMPLEXINF,2025-03-21,2025-04-01,2025-04-08,311.0,300.12,-3.5,STOP_LOSS,6,70.06,2.74,Simplex Infrastructures Limited
SIMPLEXINF,2025-07-17,2025-07-18,2025-07-31,299.05,319.3,6.77,TIME_EXIT,10,75.6,3.12,Simplex Infrastructures Limited
SIMPLEXINF,2025-07-18,2025-07-21,2025-07-22,316.05,304.99,-3.5,STOP_LOSS,2,55.57,2.07,Simplex Infrastructures Limited
SIMPLEXINF,2025-11-04,2025-11-06,2025-11-07,306.65,295.92,-3.5,STOP_LOSS,2,81.66,37.33,Simplex Infrastructures Limited
SIMPLEXINF,2026-05-27,2026-05-29,2026-05-29,260.67,251.55,-3.5,STOP_LOSS,1,63.35,4.48,Simplex Infrastructures Limited
SIMPLEXINF,2026-08-28,2026-08-31,2026-08-31,279.99,270.19,-3.5,STOP_LOSS,1,68.31,4.94,Simplex Infrastructures Limited
SINCLAIR,2024-11-27,2024-11-28,2024-11-28,108.1,104.32,-3.5,STOP_LOSS,1,70.18,11.25,Sinclairs Hotels Limited
SINCLAIR,2024-12-09,2024-12-10,2024-12-10,115.49,111.45,-3.5,STOP_LOSS,1,67.94,2.28,Sinclairs Hotels Limited
SINCLAIR,2025-09-08,2025-09-09,2025-09-16,112.0,108.08,-3.5,STOP_LOSS,6,56.31,3.47,Sinclairs Hotels Limited
SINGERIND,2026-08-11,2026-08-12,2026-08-12,76.0,82.84,9.0,TARGET_HIT,1,66.51,14.52,Singer India Limited
SINGERIND,2026-08-12,2026-08-13,2026-08-13,88.91,85.8,-3.5,STOP_LOSS,1,61.7,16.58,Singer India Limited
SINTERCOM,2025-12-01,2025-12-02,2025-12-02,119.9,115.7,-3.5,STOP_LOSS,1,98.2,96.06,Sintercom India Limited
SIRCA,2025-04-21,2025-04-22,2025-04-24,306.61,295.88,-3.5,STOP_LOSS,3,57.54,2.88,Sirca Paints India Limited
SIS,2025-05-22,2025-05-23,2025-05-23,358.25,345.71,-3.5,STOP_LOSS,1,81.91,20.78,SIS LIMITED
SIS,2025-06-05,2025-06-06,2025-06-19,369.0,365.6,-0.92,TIME_EXIT,10,77.19,4.39,SIS LIMITED
SIS,2026-02-05,2026-02-06,2026-02-13,345.45,333.36,-3.5,STOP_LOSS,6,55.84,3.39,SIS LIMITED
SIS,2026-04-21,2026-04-22,2026-04-29,337.0,367.33,9.0,TARGET_HIT,6,60.31,3.43,SIS LIMITED
SIYSIL,2024-10-16,2024-10-17,2024-10-18,543.0,524.0,-3.5,STOP_LOSS,2,65.75,2.69,Siyaram Silk Mills Limited
SJS,2025-09-23,2025-09-24,2025-09-25,1534.0,1480.31,-3.5,STOP_LOSS,2,58.9,2.95,S.J.S. Enterprises Limited
SJS,2026-04-08,2026-04-09,2026-04-22,1713.5,1715.5,0.12,TIME_EXIT,10,58.9,2.36,S.J.S. Enterprises Limited
SJS,2026-05-06,2026-05-07,2026-05-18,1955.1,1886.67,-3.5,STOP_LOSS,8,56.81,3.72,S.J.S. Enterprises Limited
SJS,2026-05-07,2026-05-08,2026-05-14,1990.0,1920.35,-3.5,STOP_LOSS,5,69.45,3.71,S.J.S. Enterprises Limited
SJS,2026-05-29,2026-06-01,2026-06-01,2103.0,2029.4,-3.5,STOP_LOSS,1,55.82,2.59,S.J.S. Enterprises Limited
SKFINDIA,2026-04-10,2026-04-13,2026-04-20,1620.0,1765.8,9.0,TARGET_HIT,6,77.88,2.61,SKF India Limited
SKFINDUS,2026-06-04,2026-06-05,2026-06-09,2437.0,2351.7,-3.5,STOP_LOSS,3,67.09,2.65,SKF India (Industrial) Limited
SKFINDUS,2026-06-19,2026-06-22,2026-06-23,2630.0,2866.7,9.0,TARGET_HIT,2,67.53,3.03,SKF India (Industrial) Limited
SKFINDUS,2026-06-22,2026-06-23,2026-07-06,2762.0,2869.0,3.87,TIME_EXIT,10,63.42,2.93,SKF India (Industrial) Limited
SKFINDUS,2026-06-23,2026-06-24,2026-07-07,2856.2,2859.0,0.1,TIME_EXIT,10,61.04,6.53,SKF India (Industrial) Limited
SKMEGGPROD,2026-04-08,2026-04-09,2026-04-13,176.0,169.84,-3.5,STOP_LOSS,3,55.39,2.61,SKM Egg Products Export (India) Limited
SKYGOLD,2025-05-29,2025-05-30,2025-05-30,400.0,386.0,-3.5,STOP_LOSS,1,57.66,2.47,SKY GOLD AND DIAMONDS LIMITED
SKYGOLD,2025-07-21,2025-07-22,2025-07-23,343.0,331.0,-3.5,STOP_LOSS,2,58.86,2.4,SKY GOLD AND DIAMONDS LIMITED
SMARTLINK,2026-05-13,2026-05-14,2026-05-14,187.0,180.46,-3.5,STOP_LOSS,1,59.06,10.08,Smartlink Holdings Limited
SMARTWORKS,2025-12-31,2026-01-01,2026-01-08,498.7,481.25,-3.5,STOP_LOSS,6,75.0,5.43,Smartworks Coworking Spaces Limited
SMARTWORKS,2026-04-16,2026-04-17,2026-04-30,420.5,458.34,9.0,TARGET_HIT,10,57.38,2.72,Smartworks Coworking Spaces Limited
SMARTWORKS,2026-04-17,2026-04-20,2026-04-24,438.9,423.54,-3.5,STOP_LOSS,5,63.56,2.28,Smartworks Coworking Spaces Limited
SMARTWORKS,2026-06-15,2026-06-16,2026-06-29,473.5,492.3,3.97,TIME_EXIT,10,57.32,3.1,Smartworks Coworking Spaces Limited
SMCGLOBAL,2025-06-09,2025-06-10,2025-06-11,127.4,138.87,9.0,TARGET_HIT,2,61.34,2.86,SMC Global Securities Limited
SMCGLOBAL,2026-06-09,2026-06-10,2026-06-11,66.53,72.52,9.0,TARGET_HIT,2,59.77,6.17,SMC Global Securities Limited
SMCGLOBAL,2026-06-22,2026-06-23,2026-06-29,73.42,70.85,-3.5,STOP_LOSS,5,65.3,2.24,SMC Global Securities Limited
SMCGLOBAL,2026-07-13,2026-07-14,2026-07-20,76.01,82.85,9.0,TARGET_HIT,5,56.66,2.22,SMC Global Securities Limited
SNOWMAN,2024-12-04,2024-12-05,2024-12-09,79.9,77.1,-3.5,STOP_LOSS,3,60.07,3.4,Snowman Logistics Limited
SNOWMAN,2025-09-12,2025-09-15,2025-09-17,59.23,57.16,-3.5,STOP_LOSS,3,55.49,3.19,Snowman Logistics Limited
SOBHA,2026-04-23,2026-04-24,2026-05-05,1422.6,1550.63,9.0,TARGET_HIT,8,61.88,4.04,Sobha Limited
SOLARA,2024-11-29,2024-12-02,2024-12-02,866.0,835.69,-3.5,STOP_LOSS,1,68.54,2.99,Solara Active Pharma Sciences Limited
SOMANYCERA,2025-05-12,2025-05-13,2025-05-26,465.55,475.35,2.11,TIME_EXIT,10,59.05,3.71,Somany Ceramics Limited
SOMANYCERA,2026-04-24,2026-04-27,2026-04-28,472.7,456.16,-3.5,STOP_LOSS,2,60.45,3.98,Somany Ceramics Limited
SONACOMS,2026-02-03,2026-02-04,2026-02-06,530.0,511.45,-3.5,STOP_LOSS,3,56.52,7.48,Sona BLW Precision Forgings Limited
SONAMLTD,2026-08-19,2026-08-20,2026-08-25,66.0,63.69,-3.5,STOP_LOSS,4,56.41,11.04,SONAM LIMITED
SOTL,2025-05-16,2025-05-19,2025-05-22,408.8,394.49,-3.5,STOP_LOSS,4,55.72,2.7,Savita Oil Technologies Limited
SOUTHWEST,2024-12-04,2024-12-05,2024-12-05,151.0,145.72,-3.5,STOP_LOSS,1,57.61,3.32,South West Pinnacle Exploration Limited
SOUTHWEST,2024-12-09,2024-12-10,2024-12-10,165.8,160.0,-3.5,STOP_LOSS,1,70.22,5.43,South West Pinnacle Exploration Limited
SPECIALITY,2026-05-21,2026-05-22,2026-05-22,115.78,111.73,-3.5,STOP_LOSS,1,72.07,7.12,Speciality Restaurants Limited
SPECIALITY,2026-08-10,2026-08-11,2026-08-13,158.99,153.43,-3.5,STOP_LOSS,3,67.36,3.32,Speciality Restaurants Limited
SPECTRUM,2026-03-30,2026-04-01,2026-04-01,1555.0,1500.58,-3.5,STOP_LOSS,1,57.81,2.14,Spectrum Electrical Industries Limited
SPECTRUM,2026-05-11,2026-05-12,2026-05-13,1417.5,1367.89,-3.5,STOP_LOSS,2,67.35,9.68,Spectrum Electrical Industries Limited
SPLPETRO,2025-03-25,2025-03-26,2025-03-27,662.15,638.97,-3.5,STOP_LOSS,2,57.1,2.63,Supreme Petrochem Limited
SPLPETRO,2025-06-11,2025-06-12,2025-06-13,768.15,741.26,-3.5,STOP_LOSS,2,65.51,2.99,Supreme Petrochem Limited
SPLPETRO,2025-06-17,2025-06-18,2025-06-19,810.05,781.7,-3.5,STOP_LOSS,2,69.7,6.39,Supreme Petrochem Limited
SPMLINFRA,2025-05-29,2025-05-30,2025-05-30,195.0,188.18,-3.5,STOP_LOSS,1,60.31,3.01,SPML Infra Limited
SPORTKING,2026-02-03,2026-02-04,2026-02-04,98.4,107.26,9.0,TARGET_HIT,1,58.35,5.22,Sportking India Limited
SRD,2025-04-16,2025-04-17,2025-04-22,68.6,74.77,9.0,TARGET_HIT,3,75.66,2.22,Shankar Lal Rampal Dye-Chem Limited
SREEL,2026-09-07,2026-09-08,2026-09-09,279.4,304.55,9.0,TARGET_HIT,2,73.32,3.22,Sreeleathers Limited
SREEL,2026-09-09,2026-09-10,2026-09-10,350.5,382.04,9.0,TARGET_HIT,1,63.77,22.16,Sreeleathers Limited
SRF,2025-12-12,2025-12-15,2025-12-26,3023.6,3101.6,2.58,TIME_EXIT,10,62.02,2.41,SRF Limited
SRM,2025-09-08,2025-09-09,2025-09-11,505.0,487.32,-3.5,STOP_LOSS,3,65.92,2.11,SRM Contractors Limited
SRM,2026-04-10,2026-04-13,2026-04-13,450.0,490.5,9.0,TARGET_HIT,1,58.48,2.89,SRM Contractors Limited
SSWL,2025-03-18,2025-03-19,2025-04-02,183.0,190.58,4.14,TIME_EXIT,10,65.32,2.52,Steel Strips Wheels Limited
SSWL,2025-05-14,2025-05-15,2025-05-15,243.05,234.54,-3.5,STOP_LOSS,1,60.01,3.07,Steel Strips Wheels Limited
SSWL,2025-06-10,2025-06-11,2025-06-11,256.39,247.42,-3.5,STOP_LOSS,1,56.31,2.23,Steel Strips Wheels Limited
STAR,2025-03-21,2025-03-24,2025-03-26,704.05,679.41,-3.5,STOP_LOSS,3,58.67,2.26,Strides Pharma Science Limited
STAR,2026-05-07,2026-05-08,2026-05-18,1150.8,1110.52,-3.5,STOP_LOSS,7,55.63,2.14,Strides Pharma Science Limited
STARCEMENT,2025-07-21,2025-07-22,2025-08-04,230.0,250.7,9.0,TARGET_HIT,10,60.92,3.07,Star Cement Limited
STARCEMENT,2025-07-22,2025-07-23,2025-07-25,239.2,230.83,-3.5,STOP_LOSS,3,72.26,13.15,Star Cement Limited
STARCEMENT,2026-04-21,2026-04-22,2026-05-05,225.9,234.35,3.74,TIME_EXIT,10,59.2,2.08,Star Cement Limited
STARHEALTH,2026-04-21,2026-04-22,2026-04-29,514.0,560.26,9.0,TARGET_HIT,6,73.97,2.6,Star Health and Allied Insurance Company Limited
STARPAPER,2026-09-10,2026-09-11,2026-09-15,170.0,164.05,-3.5,STOP_LOSS,3,76.3,5.0,Star Paper Mills Limited
STEELCAS,2024-12-09,2024-12-10,2024-12-10,897.95,866.52,-3.5,STOP_LOSS,1,57.53,10.92,Steelcast Limited
STEELCAS,2026-08-04,2026-08-05,2026-08-05,345.2,333.12,-3.5,STOP_LOSS,1,64.37,8.48,Steelcast Limited
STLTECH,2025-08-18,2025-08-19,2025-08-20,137.45,132.64,-3.5,STOP_LOSS,2,66.45,2.14,Sterlite Technologies Limited
STOVEKRAFT,2026-06-25,2026-06-29,2026-07-01,789.5,761.87,-3.5,STOP_LOSS,3,66.75,2.13,Stove Kraft Limited
STYL,2026-07-07,2026-07-08,2026-07-08,348.0,335.82,-3.5,STOP_LOSS,1,63.34,4.34,Seshaasai Technologies Limited
STYLAMIND,2025-12-22,2025-12-23,2025-12-26,2280.0,2200.2,-3.5,STOP_LOSS,4,66.36,3.73,Stylam Industries Limited
STYLAMIND,2026-05-06,2026-05-07,2026-05-07,2350.0,2561.5,9.0,TARGET_HIT,1,66.13,2.88,Stylam Industries Limited
STYLAMIND,2026-07-20,2026-07-21,2026-07-22,3436.1,3315.84,-3.5,STOP_LOSS,2,62.02,2.6,Stylam Industries Limited
STYRENIX,2026-04-13,2026-04-15,2026-04-27,2181.0,2377.29,9.0,TARGET_HIT,9,58.88,2.66,Styrenix Performance Materials Limited
STYRENIX,2026-07-21,2026-07-22,2026-08-04,2452.9,2488.6,1.46,TIME_EXIT,10,58.93,8.04,Styrenix Performance Materials Limited
SUBROS,2025-05-14,2025-05-15,2025-05-22,649.0,707.41,9.0,TARGET_HIT,6,64.41,3.17,Subros Limited
SUDARSCHEM,2025-05-30,2025-06-02,2025-06-02,1181.0,1139.66,-3.5,STOP_LOSS,1,56.49,5.22,Sudarshan Chemical Industries Limited
SUDARSCHEM,2026-07-10,2026-07-13,2026-07-15,990.0,1079.1,9.0,TARGET_HIT,3,55.88,2.49,Sudarshan Chemical Industries Limited
SUDARSCHEM,2026-08-06,2026-08-07,2026-08-12,1119.0,1079.84,-3.5,STOP_LOSS,4,61.26,2.88,Sudarshan Chemical Industries Limited
SUDEEPPHRM,2026-06-15,2026-06-16,2026-06-29,824.0,821.1,-0.35,TIME_EXIT,10,64.79,5.94,Sudeep Pharma Limited
SUDEEPPHRM,2026-09-03,2026-09-04,2026-09-10,1300.1,1254.6,-3.5,STOP_LOSS,5,55.21,2.06,Sudeep Pharma Limited
SUKHJITS,2025-12-30,2025-12-31,2025-12-31,189.6,182.96,-3.5,STOP_LOSS,1,56.29,2.28,Sukhjit Starch & Chemicals Limited
SUKHJITS,2026-02-27,2026-03-02,2026-03-02,207.65,200.38,-3.5,STOP_LOSS,1,63.48,12.43,Sukhjit Starch & Chemicals Limited
SULA,2024-12-10,2024-12-11,2024-12-12,450.0,434.25,-3.5,STOP_LOSS,2,56.07,2.32,Sula Vineyards Limited
SUNCLAY,2024-12-04,2024-12-05,2024-12-05,2570.95,2480.97,-3.5,STOP_LOSS,1,59.67,3.86,Sundaram Clayton Limited
SUNDARMFIN,2024-09-27,2024-09-30,2024-10-03,5339.0,5152.14,-3.5,STOP_LOSS,4,62.24,3.96,Sundaram Finance Limited
SUNDARMFIN,2025-12-19,2025-12-22,2026-01-02,4951.5,5293.0,6.9,TIME_EXIT,10,68.6,2.71,Sundaram Finance Limited
SUNDARMFIN,2025-12-23,2025-12-24,2026-01-06,5125.8,5295.5,3.31,TIME_EXIT,10,63.91,2.02,Sundaram Finance Limited
SUNDRMFAST,2025-05-14,2025-05-15,2025-05-28,989.8,1024.45,3.5,TIME_EXIT,10,77.13,2.96,Sundram Fasteners Limited
SUNDRMFAST,2026-06-25,2026-06-29,2026-07-10,933.55,940.8,0.78,TIME_EXIT,10,62.05,2.12,Sundram Fasteners Limited
SUNDRMFAST,2026-08-05,2026-08-06,2026-08-11,1037.05,1130.38,9.0,TARGET_HIT,4,72.7,2.89,Sundram Fasteners Limited
SUNDRMFAST,2026-08-06,2026-08-07,2026-08-11,1091.0,1189.19,9.0,TARGET_HIT,3,73.13,2.95,Sundram Fasteners Limited
SUNDROP,2025-05-22,2025-05-23,2025-06-02,854.0,930.86,9.0,TARGET_HIT,7,61.11,3.66,Sundrop Brands Limited
SUNFLAG,2026-08-06,2026-08-07,2026-08-07,392.4,378.67,-3.5,STOP_LOSS,1,59.96,4.63,Sunflag Iron And Steel Company Limited
SUNPHARMA,2026-07-27,2026-07-28,2026-08-10,1978.8,1944.4,-1.74,TIME_EXIT,10,83.07,3.72,Sun Pharmaceutical Industries Limited
SUPREME,2025-04-15,2025-04-16,2025-04-16,107.8,104.03,-3.5,STOP_LOSS,1,56.0,30.04,Supreme Holdings & Hospitality (India) Limited
SUPREMEIND,2025-05-23,2025-05-26,2025-05-28,3918.0,4270.62,9.0,TARGET_HIT,3,67.24,3.24,Supreme Industries Limited
SUPREMEIND,2025-06-17,2025-06-18,2025-06-19,4620.0,4458.3,-3.5,STOP_LOSS,2,61.17,5.88,Supreme Industries Limited
SUPRIYA,2026-08-05,2026-08-06,2026-08-06,918.15,886.01,-3.5,STOP_LOSS,1,55.44,2.0,Supriya Lifescience Limited
SURAKSHA,2025-10-27,2025-10-28,2025-11-04,325.05,313.67,-3.5,STOP_LOSS,6,58.61,3.75,Suraksha Diagnostic Limited
SURAKSHA,2026-05-21,2026-05-22,2026-05-22,320.1,308.9,-3.5,STOP_LOSS,1,58.83,2.93,Suraksha Diagnostic Limited
SURANASOL,2024-09-26,2024-09-27,2024-10-01,56.49,61.57,9.0,TARGET_HIT,3,64.18,2.16,Surana Solar Limited
SURYODAY,2025-05-28,2025-05-29,2025-06-11,139.58,150.44,7.78,TIME_EXIT,10,55.87,3.27,Suryoday Small Finance Bank Limited
SURYODAY,2026-04-16,2026-04-17,2026-04-30,143.45,152.89,6.58,TIME_EXIT,10,57.45,2.15,Suryoday Small Finance Bank Limited
SUYOG,2026-07-02,2026-07-03,2026-07-03,885.0,854.02,-3.5,STOP_LOSS,1,61.2,2.81,Suyog Telematics Limited
SWARAJENG,2025-03-17,2025-03-18,2025-03-19,3260.0,3553.4,9.0,TARGET_HIT,2,70.08,5.68,Swaraj Engines Limited
SWARAJENG,2026-07-02,2026-07-03,2026-07-06,3990.0,3850.35,-3.5,STOP_LOSS,2,63.61,3.43,Swaraj Engines Limited
SWELECTES,2026-08-06,2026-08-07,2026-08-14,655.0,632.07,-3.5,STOP_LOSS,6,58.24,4.43,Swelect Energy Systems Limited
SWELECTES,2026-08-10,2026-08-11,2026-08-14,691.25,667.06,-3.5,STOP_LOSS,4,55.78,4.5,Swelect Energy Systems Limited
SWIGGY,2025-06-20,2025-06-23,2025-07-04,385.85,383.5,-0.61,TIME_EXIT,10,56.1,4.24,Swiggy Limited
SYNGENE,2024-11-06,2024-11-07,2024-11-13,912.7,880.76,-3.5,STOP_LOSS,5,60.27,2.85,Syngene International Limited
SYNGENE,2025-04-03,2025-04-04,2025-04-04,750.0,723.75,-3.5,STOP_LOSS,1,75.72,8.47,Syngene International Limited
SYNGENE,2025-12-15,2025-12-16,2025-12-29,658.0,655.55,-0.37,TIME_EXIT,10,63.74,2.03,Syngene International Limited
TAALTECH,2026-09-10,2026-09-11,2026-09-15,5190.0,5008.35,-3.5,STOP_LOSS,3,56.27,2.43,Taal Tech Limited
TARACHAND,2024-10-24,2024-10-25,2024-10-25,443.8,428.27,-3.5,STOP_LOSS,1,57.85,12.38,Tara Chand InfraLogistic Solutions Limited
TARIL,2025-03-21,2025-03-24,2025-03-27,498.0,480.57,-3.5,STOP_LOSS,4,66.68,8.11,Transformers And Rectifiers (India) Limited
TARMAT,2026-01-13,2026-01-14,2026-01-14,54.45,52.54,-3.5,STOP_LOSS,1,69.88,20.34,Tarmat Limited
TARMAT,2026-08-13,2026-08-14,2026-08-14,68.5,66.1,-3.5,STOP_LOSS,1,56.98,16.66,Tarmat Limited
TARSONS,2025-04-02,2025-04-03,2025-04-07,361.65,348.99,-3.5,STOP_LOSS,3,70.1,4.2,Tarsons Products Limited
TARSONS,2025-05-23,2025-05-26,2025-05-28,424.75,409.88,-3.5,STOP_LOSS,3,55.26,5.71,Tarsons Products Limited
TATACAP,2026-01-02,2026-01-05,2026-01-12,360.0,347.4,-3.5,STOP_LOSS,6,59.62,2.17,Tata Capital Limited
TATACAP,2026-06-15,2026-06-16,2026-06-19,345.0,376.05,9.0,TARGET_HIT,4,66.25,2.71,Tata Capital Limited
TATACAP,2026-06-19,2026-06-22,2026-06-22,367.55,354.69,-3.5,STOP_LOSS,1,55.31,15.55,Tata Capital Limited
TATACHEM,2026-09-15,2026-09-16,2026-09-16,715.0,779.35,9.0,TARGET_HIT,1,96.17,8.61,Tata Chemicals Limited
TATACONSUM,2025-06-26,2025-06-27,2025-06-30,1144.0,1103.96,-3.5,STOP_LOSS,2,61.12,2.26,TATA CONSUMER PRODUCTS LIMITED
TATACONSUM,2025-12-29,2025-12-30,2026-01-12,1200.7,1192.3,-0.7,TIME_EXIT,10,55.58,2.21,TATA CONSUMER PRODUCTS LIMITED
TATACONSUM,2026-04-22,2026-04-23,2026-05-06,1178.0,1152.2,-2.19,TIME_EXIT,10,58.95,2.78,TATA CONSUMER PRODUCTS LIMITED
TATAPOWER,2026-01-02,2026-01-05,2026-01-08,392.5,378.76,-3.5,STOP_LOSS,4,71.86,5.76,Tata Power Company Limited
TCIEXP,2025-09-03,2025-09-04,2025-09-15,720.35,695.14,-3.5,STOP_LOSS,8,59.35,2.41,TCI Express Limited
TCIEXP,2026-02-05,2026-02-06,2026-02-12,578.35,558.11,-3.5,STOP_LOSS,5,83.92,13.82,TCI Express Limited
TCPLPACK,2025-01-16,2025-01-17,2025-01-20,3532.0,3408.38,-3.5,STOP_LOSS,2,60.23,7.37,TCPL Packaging Limited
TCPLPACK,2025-10-16,2025-10-17,2025-10-24,3495.0,3372.68,-3.5,STOP_LOSS,6,56.43,4.62,TCPL Packaging Limited
TCS,2024-11-25,2024-11-26,2024-12-09,4321.05,4452.15,3.03,TIME_EXIT,10,71.53,2.45,Tata Consultancy Services Limited
TCS,2025-11-12,2025-11-13,2025-11-26,3131.8,3162.9,0.99,TIME_EXIT,10,67.6,2.23,Tata Consultancy Services Limited
TCS,2026-07-29,2026-07-30,2026-07-31,2440.0,2354.6,-3.5,STOP_LOSS,2,55.11,2.19,Tata Consultancy Services Limited
TDPOWERSYS,2025-03-21,2025-03-24,2025-03-25,398.0,433.82,9.0,TARGET_HIT,2,66.28,5.87,TD Power Systems Limited
TEAMLEASE,2025-01-02,2025-01-03,2025-01-06,3066.6,2959.27,-3.5,STOP_LOSS,2,76.23,6.55,Teamlease Services Limited
TEAMLEASE,2025-09-15,2025-09-16,2025-09-19,1938.8,1870.94,-3.5,STOP_LOSS,4,66.95,3.12,Teamlease Services Limited
TEAMLEASE,2026-05-05,2026-05-06,2026-05-12,1320.0,1438.8,9.0,TARGET_HIT,5,63.67,6.06,Teamlease Services Limited
TEAMLEASE,2026-06-18,2026-06-19,2026-07-02,1457.2,1467.8,0.73,TIME_EXIT,10,62.37,2.58,Teamlease Services Limited
TECHM,2026-01-19,2026-01-20,2026-02-02,1715.0,1724.0,0.52,TIME_EXIT,10,56.67,6.87,Tech Mahindra Limited
TECHNOE,2024-10-10,2024-10-11,2024-10-18,1744.4,1683.35,-3.5,STOP_LOSS,6,77.27,3.03,Techno Electric & Engineering Company Limited
TECHNOE,2024-12-20,2024-12-23,2024-12-23,1675.0,1616.38,-3.5,STOP_LOSS,1,56.17,2.61,Techno Electric & Engineering Company Limited
TECHNOE,2025-05-15,2025-05-16,2025-05-28,1225.0,1335.25,9.0,TARGET_HIT,9,55.1,2.54,Techno Electric & Engineering Company Limited
TEGA,2025-07-15,2025-07-16,2025-07-21,1840.0,2005.6,9.0,TARGET_HIT,4,61.92,9.04,Tega Industries Limited
TEGA,2025-12-22,2025-12-23,2025-12-26,2009.0,1938.68,-3.5,STOP_LOSS,4,56.66,2.53,Tega Industries Limited
TEMBO,2025-10-31,2025-11-03,2025-11-06,650.5,627.73,-3.5,STOP_LOSS,4,60.93,4.2,Tembo Global Industries Limited
TEMBO,2025-11-07,2025-11-10,2025-11-11,704.5,767.91,9.0,TARGET_HIT,2,58.59,4.3,Tembo Global Industries Limited
TERASOFT,2026-06-01,2026-06-02,2026-06-02,419.7,405.01,-3.5,STOP_LOSS,1,57.51,2.85,Tera Software Limited
TERASOFT,2026-06-02,2026-06-03,2026-06-03,439.7,424.31,-3.5,STOP_LOSS,1,59.7,2.02,Tera Software Limited
TEXINFRA,2024-11-06,2024-11-07,2024-11-07,127.4,122.94,-3.5,STOP_LOSS,1,61.59,2.71,Texmaco Infrastructure & Holdings Limited
TEXINFRA,2026-05-05,2026-05-06,2026-05-07,104.9,101.23,-3.5,STOP_LOSS,2,62.43,6.38,Texmaco Infrastructure & Holdings Limited
TEXINFRA,2026-09-03,2026-09-04,2026-09-11,116.32,112.25,-3.5,STOP_LOSS,6,59.47,6.09,Texmaco Infrastructure & Holdings Limited
TFCILTD,2024-11-01,2024-11-04,2024-11-04,164.0,158.26,-3.5,STOP_LOSS,1,64.76,2.18,Tourism Finance Corporation of India Limited
TFCILTD,2024-11-25,2024-11-26,2024-12-09,177.0,174.64,-1.33,TIME_EXIT,10,60.03,3.06,Tourism Finance Corporation of India Limited
TFCILTD,2024-12-16,2024-12-17,2024-12-18,183.0,176.6,-3.5,STOP_LOSS,2,57.16,3.33,Tourism Finance Corporation of India Limited
TFCILTD,2025-05-27,2025-05-28,2025-06-10,220.8,233.6,5.8,TIME_EXIT,10,68.75,4.51,Tourism Finance Corporation of India Limited
TFCILTD,2025-09-05,2025-09-08,2025-09-19,347.75,335.58,-3.5,STOP_LOSS,10,75.65,2.63,Tourism Finance Corporation of India Limited
THEJO,2025-05-15,2025-05-16,2025-05-16,2080.0,2007.2,-3.5,STOP_LOSS,1,78.76,5.88,Thejo Engineering Limited
THEJO,2026-06-19,2026-06-22,2026-07-01,1820.0,1983.8,9.0,TARGET_HIT,8,79.15,2.98,Thejo Engineering Limited
THEJO,2026-06-30,2026-07-01,2026-07-07,1913.3,1846.33,-3.5,STOP_LOSS,5,57.44,3.61,Thejo Engineering Limited
THEJO,2026-08-07,2026-08-10,2026-08-12,2161.1,2085.46,-3.5,STOP_LOSS,3,57.56,2.14,Thejo Engineering Limited
THELEELA,2025-07-10,2025-07-11,2025-07-24,439.15,447.3,1.86,TIME_EXIT,10,55.71,2.66,Leela Palaces Hotels & Resorts Limited
THELEELA,2025-07-16,2025-07-17,2025-07-22,452.05,436.23,-3.5,STOP_LOSS,4,62.74,2.77,Leela Palaces Hotels & Resorts Limited
THELEELA,2025-10-10,2025-10-13,2025-10-14,449.9,434.15,-3.5,STOP_LOSS,2,57.12,2.54,Leela Palaces Hotels & Resorts Limited
THELEELA,2026-01-02,2026-01-05,2026-01-06,445.15,429.57,-3.5,STOP_LOSS,2,63.16,2.73,Leela Palaces Hotels & Resorts Limited
THOMASCOOK,2025-12-31,2026-01-01,2026-01-02,150.0,144.75,-3.5,STOP_LOSS,2,62.57,3.57,Thomas Cook  (India)  Limited
THOMASCOTT,2024-12-05,2024-12-06,2024-12-06,279.9,270.1,-3.5,STOP_LOSS,1,66.37,2.6,Thomas Scott (India) Limited
THYROCARE,2024-10-16,2024-10-17,2024-10-17,900.9,869.37,-3.5,STOP_LOSS,1,68.87,13.15,Thyrocare Technologies Limited
TI,2026-08-04,2026-08-05,2026-08-12,492.1,536.39,9.0,TARGET_HIT,6,56.35,3.34,Tilaknagar Industries Limited
TIIL,2025-10-23,2025-10-24,2025-10-28,2531.0,2442.42,-3.5,STOP_LOSS,3,55.87,2.47,Technocraft Industries (India) Limited
TIINDIA,2024-10-23,2024-10-24,2024-11-04,4522.0,4363.73,-3.5,STOP_LOSS,8,68.23,2.44,Tube Investments of India Limited
TIINDIA,2026-03-02,2026-03-04,2026-03-09,2803.5,2705.38,-3.5,STOP_LOSS,4,70.39,4.19,Tube Investments of India Limited
TIINDIA,2026-04-20,2026-04-21,2026-05-04,2896.5,2906.0,0.33,TIME_EXIT,10,60.36,3.28,Tube Investments of India Limited
TIL,2025-03-25,2025-03-26,2025-04-02,227.9,248.41,9.0,TARGET_HIT,5,60.69,3.61,TIL Limited
TIL,2025-03-26,2025-03-27,2025-03-27,231.31,223.21,-3.5,STOP_LOSS,1,85.33,2.48,TIL Limited
TIL,2025-05-19,2025-05-20,2025-05-20,275.01,265.38,-3.5,STOP_LOSS,1,59.54,11.44,TIL Limited
TIMEX,2026-05-22,2026-05-25,2026-05-26,383.9,370.46,-3.5,STOP_LOSS,2,64.92,4.07,Timex Group India Limited
TIMKEN,2025-10-31,2025-11-03,2025-11-04,3144.1,3034.06,-3.5,STOP_LOSS,2,55.45,4.06,Timken India Limited
TIMKEN,2026-02-03,2026-02-04,2026-02-05,3165.1,3054.32,-3.5,STOP_LOSS,2,66.2,8.97,Timken India Limited
TIMKEN,2026-02-27,2026-03-02,2026-03-04,3351.0,3233.71,-3.5,STOP_LOSS,3,68.95,6.61,Timken India Limited
TIPSMUSIC,2026-07-09,2026-07-10,2026-07-15,717.0,691.9,-3.5,STOP_LOSS,4,55.57,5.68,Tips Music Limited
TIRUMALCHM,2025-03-21,2025-03-24,2025-03-25,248.74,240.03,-3.5,STOP_LOSS,2,66.99,2.64,Thirumalai Chemicals Limited
TITAN,2025-08-18,2025-08-19,2025-09-02,3555.0,3620.6,1.85,TIME_EXIT,10,66.58,2.58,Titan Company Limited
TITAN,2025-12-31,2026-01-01,2026-01-14,4063.7,4221.5,3.88,TIME_EXIT,10,65.88,2.05,Titan Company Limited
TITAN,2026-04-08,2026-04-09,2026-04-22,4475.0,4454.6,-0.46,TIME_EXIT,10,55.31,2.86,Titan Company Limited
TMB,2024-11-27,2024-11-28,2024-12-05,457.6,498.78,9.0,TARGET_HIT,6,64.56,2.3,Tamilnad Mercantile Bank Limited
TMB,2024-11-28,2024-11-29,2024-12-12,479.0,490.25,2.35,TIME_EXIT,10,57.94,2.23,Tamilnad Mercantile Bank Limited
TMB,2024-12-03,2024-12-04,2024-12-17,489.0,471.88,-3.5,STOP_LOSS,10,70.48,2.0,Tamilnad Mercantile Bank Limited
TMCV,2026-02-27,2026-03-02,2026-03-04,485.0,468.02,-3.5,STOP_LOSS,3,61.42,3.08,Tata Motors Limited
TNPL,2025-05-19,2025-05-20,2025-05-20,168.7,162.8,-3.5,STOP_LOSS,1,60.86,2.9,Tamil Nadu Newsprint & Papers Limited
TOLINS,2024-11-26,2024-11-27,2024-12-02,220.0,212.3,-3.5,STOP_LOSS,4,55.31,5.81,Tolins Tyres Limited
TORNTPHARM,2024-11-29,2024-12-02,2024-12-13,3301.0,3345.85,1.36,TIME_EXIT,10,66.17,3.06,Torrent Pharmaceuticals Limited
TORNTPOWER,2025-03-21,2025-03-24,2025-04-07,1509.0,1456.18,-3.5,STOP_LOSS,10,61.28,3.24,Torrent Power Limited
TORNTPOWER,2025-11-03,2025-11-04,2025-11-06,1344.8,1297.73,-3.5,STOP_LOSS,3,55.34,2.38,Torrent Power Limited
TORNTPOWER,2026-04-17,2026-04-20,2026-04-23,1564.0,1704.76,9.0,TARGET_HIT,4,63.23,2.53,Torrent Power Limited
TRACXN,2025-10-16,2025-10-17,2025-10-17,55.9,53.94,-3.5,STOP_LOSS,1,59.97,3.15,Tracxn Technologies Limited
TRAVELFOOD,2025-09-04,2025-09-05,2025-09-09,1319.9,1273.7,-3.5,STOP_LOSS,3,76.95,2.93,Travel Food Services Limited
TRAVELFOOD,2026-02-10,2026-02-11,2026-02-23,1172.6,1278.13,9.0,TARGET_HIT,9,82.41,5.63,Travel Food Services Limited
TREJHARA,2025-04-11,2025-04-15,2025-04-15,237.0,258.33,9.0,TARGET_HIT,1,60.27,8.32,TREJHARA SOLUTIONS LIMITED
TREJHARA,2026-08-06,2026-08-07,2026-08-07,165.75,180.67,9.0,TARGET_HIT,1,57.89,9.58,TREJHARA SOLUTIONS LIMITED
TRIGYN,2025-09-19,2025-09-22,2025-09-22,98.5,95.05,-3.5,STOP_LOSS,1,55.4,11.54,Trigyn Technologies Limited
TRITURBINE,2026-02-03,2026-02-04,2026-02-04,540.0,521.1,-3.5,STOP_LOSS,1,58.98,6.91,Triveni Turbine Limited
TRIVENI,2025-03-21,2025-03-24,2025-03-26,404.35,390.2,-3.5,STOP_LOSS,3,58.85,15.5,Triveni Engineering & Industries Limited
TRUALT,2026-04-20,2026-04-21,2026-04-21,461.9,445.73,-3.5,STOP_LOSS,1,59.94,2.09,TruAlt Bioenergy Limited
TRUALT,2026-06-08,2026-06-09,2026-06-10,521.0,502.76,-3.5,STOP_LOSS,2,66.67,3.28,TruAlt Bioenergy Limited
TRUALT,2026-08-13,2026-08-14,2026-08-18,493.0,475.74,-3.5,STOP_LOSS,3,75.64,5.17,TruAlt Bioenergy Limited
TTKPRESTIG,2025-04-15,2025-04-16,2025-04-23,666.45,643.12,-3.5,STOP_LOSS,5,69.92,2.84,TTK Prestige Limited
TTL,2024-10-21,2024-10-22,2024-10-22,127.0,122.56,-3.5,STOP_LOSS,1,58.72,11.9,T T Limited
TTL,2024-11-01,2024-11-04,2024-11-04,163.0,157.29,-3.5,STOP_LOSS,1,62.21,2.95,T T Limited
TVSHLTD,2025-05-14,2025-05-15,2025-05-28,10750.0,11717.5,9.0,TARGET_HIT,10,58.0,8.71,TVS Holdings Limited
TVSMOTOR,2024-12-03,2024-12-04,2024-12-05,2569.75,2479.81,-3.5,STOP_LOSS,2,63.28,2.84,TVS Motor Company Limited
TVSMOTOR,2025-02-03,2025-02-04,2025-02-10,2659.9,2566.8,-3.5,STOP_LOSS,5,61.8,4.38,TVS Motor Company Limited
TVSMOTOR,2025-10-17,2025-10-20,2025-10-28,3699.0,3569.54,-3.5,STOP_LOSS,7,66.31,2.37,TVS Motor Company Limited
TVSMOTOR,2026-07-28,2026-07-29,2026-08-03,4013.0,4374.17,9.0,TARGET_HIT,4,65.47,2.11,TVS Motor Company Limited
TVSMOTOR,2026-07-30,2026-07-31,2026-08-13,4208.4,4342.2,3.18,TIME_EXIT,10,62.29,2.26,TVS Motor Company Limited
TVSMOTOR,2026-07-31,2026-08-03,2026-08-14,4336.5,4307.0,-0.68,TIME_EXIT,10,67.07,2.23,TVS Motor Company Limited
TVSSCS,2026-06-12,2026-06-15,2026-06-25,135.8,131.05,-3.5,STOP_LOSS,9,60.89,2.1,TVS Supply Chain Solutions Limited
TVSSRICHAK,2025-04-16,2025-04-17,2025-05-02,2895.0,2847.0,-1.66,TIME_EXIT,10,68.78,3.8,TVS Srichakra Limited
TVSSRICHAK,2025-09-19,2025-09-22,2025-10-01,3172.0,3457.48,9.0,TARGET_HIT,8,65.09,2.38,TVS Srichakra Limited
TVSSRICHAK,2025-09-22,2025-09-23,2025-09-30,3268.1,3153.72,-3.5,STOP_LOSS,6,55.95,2.13,TVS Srichakra Limited
TVSSRICHAK,2026-06-22,2026-06-23,2026-06-24,4284.0,4134.06,-3.5,STOP_LOSS,2,60.89,2.82,TVS Srichakra Limited
UBL,2025-04-15,2025-04-16,2025-04-30,2106.6,2160.0,2.53,TIME_EXIT,10,59.42,2.67,United Breweries Limited
UBL,2025-10-23,2025-10-24,2025-10-30,1828.8,1764.79,-3.5,STOP_LOSS,5,61.04,2.44,United Breweries Limited
UCAL,2026-08-14,2026-08-17,2026-08-17,140.0,152.6,9.0,TARGET_HIT,1,60.26,10.06,UCAL LIMITED
UDS,2026-06-05,2026-06-08,2026-06-08,193.9,187.11,-3.5,STOP_LOSS,1,84.57,17.51,Updater Services Limited
UDS,2026-08-19,2026-08-20,2026-08-20,219.0,211.33,-3.5,STOP_LOSS,1,66.88,5.77,Updater Services Limited
UDS,2026-09-03,2026-09-04,2026-09-04,240.0,231.6,-3.5,STOP_LOSS,1,63.54,6.45,Updater Services Limited
UFBL,2026-04-10,2026-04-13,2026-04-13,270.0,294.3,9.0,TARGET_HIT,1,59.66,2.45,United Foodbrands Limited
UFBL,2026-04-15,2026-04-16,2026-04-16,316.0,304.94,-3.5,STOP_LOSS,1,65.13,2.07,United Foodbrands Limited
UFLEX,2026-02-09,2026-02-10,2026-02-13,509.0,491.18,-3.5,STOP_LOSS,4,70.81,3.11,UFLEX Limited
UFLEX,2026-07-10,2026-07-13,2026-07-17,448.0,432.32,-3.5,STOP_LOSS,5,64.5,4.6,UFLEX Limited
UFO,2024-12-03,2024-12-04,2024-12-10,117.9,113.77,-3.5,STOP_LOSS,5,62.28,3.95,UFO Moviez India Limited
UGROCAP,2025-04-16,2025-04-17,2025-04-28,191.0,184.32,-3.5,STOP_LOSS,7,57.47,2.25,Ugro Capital Limited
UGROCAP,2025-12-29,2025-12-30,2025-12-31,180.68,174.36,-3.5,STOP_LOSS,2,60.37,8.08,Ugro Capital Limited
UJJIVANSFB,2025-06-10,2025-06-11,2025-06-11,51.4,49.6,-3.5,STOP_LOSS,1,67.89,4.39,Ujjivan Small Finance Bank Limited
UJJIVANSFB,2025-10-20,2025-10-21,2025-10-21,51.43,49.63,-3.5,STOP_LOSS,1,61.69,4.24,Ujjivan Small Finance Bank Limited
UJJIVANSFB,2025-10-27,2025-10-28,2025-10-29,54.09,52.2,-3.5,STOP_LOSS,2,58.06,2.37,Ujjivan Small Finance Bank Limited
UJJIVANSFB,2025-11-26,2025-11-27,2025-12-03,55.5,53.56,-3.5,STOP_LOSS,5,61.43,3.78,Ujjivan Small Finance Bank Limited
UJJIVANSFB,2026-07-01,2026-07-02,2026-07-03,61.31,59.16,-3.5,STOP_LOSS,2,55.78,2.52,Ujjivan Small Finance Bank Limited
ULTRACEMCO,2025-08-18,2025-08-19,2025-09-02,12787.0,12730.0,-0.45,TIME_EXIT,10,69.6,3.64,UltraTech Cement Limited
UNIDT,2024-12-06,2024-12-09,2024-12-10,284.5,274.54,-3.5,STOP_LOSS,2,56.05,6.23,United Drilling Tools Limited
UNIMECH,2026-06-04,2026-06-05,2026-06-05,1110.0,1071.15,-3.5,STOP_LOSS,1,56.79,2.89,Unimech Aerospace and Manufacturing Limited
UNIONBANK,2025-05-30,2025-06-02,2025-06-13,149.0,146.24,-1.85,TIME_EXIT,10,55.15,2.99,Union Bank of India
UNIPARTS,2025-06-06,2025-06-09,2025-06-11,375.3,409.08,9.0,TARGET_HIT,3,66.3,2.5,Uniparts India Limited
UNIPARTS,2026-04-07,2026-04-08,2026-04-21,503.1,504.35,0.25,TIME_EXIT,10,60.93,2.1,Uniparts India Limited
UNITDSPR,2024-12-30,2024-12-31,2025-01-10,1615.05,1558.52,-3.5,STOP_LOSS,9,76.64,7.53,United Spirits Limited
UNITDSPR,2025-03-20,2025-03-21,2025-03-25,1420.0,1370.3,-3.5,STOP_LOSS,3,64.33,2.06,United Spirits Limited
UNITEDTEA,2024-12-12,2024-12-13,2024-12-13,505.0,550.45,9.0,TARGET_HIT,1,60.54,7.03,The United Nilgiri Tea Estates Company Limited
UNIVCABLES,2025-06-25,2025-06-26,2025-07-07,743.5,810.42,9.0,TARGET_HIT,8,60.93,2.23,Universal Cables Limited
UNOMINDA,2025-05-22,2025-05-23,2025-05-26,1040.0,1003.6,-3.5,STOP_LOSS,2,60.46,3.21,UNO Minda Limited
UNOMINDA,2026-01-02,2026-01-05,2026-01-08,1335.4,1288.66,-3.5,STOP_LOSS,4,71.93,5.38,UNO Minda Limited
UPL,2025-03-21,2025-03-24,2025-03-26,667.95,644.57,-3.5,STOP_LOSS,3,62.67,3.44,UPL Limited
UPL,2025-10-28,2025-10-29,2025-11-11,708.2,752.35,6.23,TIME_EXIT,10,58.47,4.13,UPL Limited
UPL,2025-12-30,2025-12-31,2026-01-12,793.3,765.53,-3.5,STOP_LOSS,9,72.67,3.61,UPL Limited
UTIAMC,2025-05-19,2025-05-20,2025-06-02,1185.7,1194.2,0.72,TIME_EXIT,10,58.8,3.09,UTI Asset Management Company Limited
UTIAMC,2025-06-09,2025-06-10,2025-06-11,1281.9,1237.03,-3.5,STOP_LOSS,2,55.35,2.63,UTI Asset Management Company Limited
UTIAMC,2026-04-15,2026-04-16,2026-04-24,1025.0,989.12,-3.5,STOP_LOSS,7,58.82,2.49,UTI Asset Management Company Limited
UTLSOLAR,2026-04-06,2026-04-07,2026-04-15,215.21,234.58,9.0,TARGET_HIT,7,70.8,4.08,Fujiyama Power Systems Limited
UTLSOLAR,2026-04-07,2026-04-08,2026-04-13,224.49,216.63,-3.5,STOP_LOSS,4,58.4,2.37,Fujiyama Power Systems Limited
UTLSOLAR,2026-05-29,2026-06-01,2026-06-01,335.0,323.27,-3.5,STOP_LOSS,1,57.11,2.56,Fujiyama Power Systems Limited
UTTAMSUGAR,2025-04-21,2025-04-22,2025-04-25,293.0,282.74,-3.5,STOP_LOSS,4,64.14,2.02,Uttam Sugar Mills Limited
V2RETAIL,2025-09-22,2025-09-23,2025-09-25,1990.0,1920.35,-3.5,STOP_LOSS,3,62.45,2.81,V2 Retail Limited
V2RETAIL,2025-11-03,2025-11-04,2025-11-06,2529.0,2440.48,-3.5,STOP_LOSS,3,55.18,2.45,V2 Retail Limited
V2RETAIL,2025-12-31,2026-01-01,2026-01-05,2447.8,2362.13,-3.5,STOP_LOSS,3,66.47,2.09,V2 Retail Limited
VADILALIND,2025-09-09,2025-09-10,2025-09-23,5510.0,6005.9,9.0,TARGET_HIT,10,61.36,4.37,Vadilal Industries Limited
VALIANTLAB,2026-08-18,2026-08-19,2026-08-19,95.1,91.77,-3.5,STOP_LOSS,1,88.16,5.56,Valiant Laboratories Limited
VALIANTLAB,2026-08-21,2026-08-24,2026-08-26,97.9,106.71,9.0,TARGET_HIT,3,77.52,2.49,Valiant Laboratories Limited
VALIANTORG,2025-05-19,2025-05-20,2025-05-22,403.0,388.9,-3.5,STOP_LOSS,3,72.98,2.19,Valiant Organics Limited
VALIANTORG,2025-05-29,2025-05-30,2025-06-02,458.0,441.97,-3.5,STOP_LOSS,2,64.18,3.21,Valiant Organics Limited
VALIANTORG,2026-02-05,2026-02-06,2026-02-13,272.0,262.48,-3.5,STOP_LOSS,6,63.16,4.56,Valiant Organics Limited
VALIANTORG,2026-05-06,2026-05-07,2026-05-07,310.0,299.15,-3.5,STOP_LOSS,1,55.94,4.96,Valiant Organics Limited
VASWANI,2025-11-12,2025-11-13,2025-11-13,69.99,67.54,-3.5,STOP_LOSS,1,55.7,3.9,Vaswani Industries Limited
VBL,2025-07-16,2025-07-17,2025-07-30,481.6,524.94,9.0,TARGET_HIT,10,69.83,2.69,Varun Beverages Limited
VBL,2025-07-17,2025-07-18,2025-07-28,491.75,474.54,-3.5,STOP_LOSS,7,65.19,2.33,Varun Beverages Limited
VBL,2026-04-22,2026-04-23,2026-04-29,490.0,534.1,9.0,TARGET_HIT,5,60.17,2.07,Varun Beverages Limited
VEEDOL,2025-09-11,2025-09-12,2025-09-15,1748.7,1906.08,9.0,TARGET_HIT,2,59.87,7.49,Veedol Corporation Limited
VEEDOL,2025-09-12,2025-09-15,2025-09-26,1880.0,1814.2,-3.5,STOP_LOSS,10,58.31,4.11,Veedol Corporation Limited
VEEDOL,2025-09-15,2025-09-16,2025-09-16,1973.0,1903.94,-3.5,STOP_LOSS,1,58.08,29.83,Veedol Corporation Limited
VEEDOL,2026-08-10,2026-08-11,2026-08-11,1565.0,1510.22,-3.5,STOP_LOSS,1,60.95,3.13,Veedol Corporation Limited
VENTIVE,2025-03-21,2025-03-24,2025-03-24,806.15,777.93,-3.5,STOP_LOSS,1,81.3,3.28,Ventive Hospitality Limited
VENTIVE,2026-05-06,2026-05-07,2026-05-12,639.2,696.73,9.0,TARGET_HIT,4,85.16,3.9,Ventive Hospitality Limited
VENTIVE,2026-05-07,2026-05-08,2026-05-18,654.65,631.74,-3.5,STOP_LOSS,7,79.73,2.95,Ventive Hospitality Limited
VENTIVE,2026-06-15,2026-06-16,2026-06-23,660.0,636.9,-3.5,STOP_LOSS,6,81.15,11.61,Ventive Hospitality Limited
VENUSREM,2025-02-05,2025-02-06,2025-02-06,361.0,348.36,-3.5,STOP_LOSS,1,75.92,11.27,Venus Remedies Limited
VENUSREM,2025-05-26,2025-05-27,2025-05-30,393.5,428.92,9.0,TARGET_HIT,4,66.21,2.01,Venus Remedies Limited
VENUSREM,2025-11-10,2025-11-11,2025-11-11,548.0,528.82,-3.5,STOP_LOSS,1,60.52,4.5,Venus Remedies Limited
VENUSREM,2026-04-09,2026-04-10,2026-04-15,998.0,1087.82,9.0,TARGET_HIT,4,57.9,2.24,Venus Remedies Limited
VENUSREM,2026-05-26,2026-05-27,2026-06-01,1219.1,1328.82,9.0,TARGET_HIT,4,58.37,4.43,Venus Remedies Limited
VENUSREM,2026-06-02,2026-06-03,2026-06-05,1481.8,1615.16,9.0,TARGET_HIT,3,70.45,3.45,Venus Remedies Limited
VENUSREM,2026-06-04,2026-06-05,2026-06-12,1593.8,1737.24,9.0,TARGET_HIT,6,62.34,2.66,Venus Remedies Limited
VERANDA,2025-07-09,2025-07-10,2025-07-16,244.0,265.96,9.0,TARGET_HIT,5,60.79,2.2,Veranda Learning Solutions Limited
VERANDA,2025-07-15,2025-07-16,2025-07-16,263.8,254.57,-3.5,STOP_LOSS,1,86.19,2.22,Veranda Learning Solutions Limited
VETO,2025-07-31,2025-08-01,2025-08-04,137.0,132.2,-3.5,STOP_LOSS,2,56.36,7.44,Veto Switchgears And Cables Limited
VETO,2026-05-29,2026-06-01,2026-06-05,124.61,135.82,9.0,TARGET_HIT,5,60.19,3.34,Veto Switchgears And Cables Limited
VHL,2025-10-23,2025-10-24,2025-11-20,4202.0,4054.93,-3.5,STOP_LOSS,4,72.27,7.57,Vardhman Holdings Limited
VIDHIING,2024-12-13,2024-12-16,2024-12-17,563.55,543.83,-3.5,STOP_LOSS,2,58.45,2.38,Vidhi Specialty Food Ingredients Limited
VIDHIING,2026-07-14,2026-07-15,2026-07-16,315.0,303.97,-3.5,STOP_LOSS,2,70.14,7.68,Vidhi Specialty Food Ingredients Limited
VIDYAWIRES,2026-08-10,2026-08-11,2026-08-12,98.8,95.34,-3.5,STOP_LOSS,2,58.19,2.33,Vidya Wires Limited
VINATIORGA,2025-05-16,2025-05-19,2025-05-30,1794.9,1843.4,2.7,TIME_EXIT,10,70.16,9.49,Vinati Organics Limited
VINATIORGA,2025-05-19,2025-05-20,2025-05-21,1878.9,1813.14,-3.5,STOP_LOSS,2,73.18,3.76,Vinati Organics Limited
VINATIORGA,2025-07-07,2025-07-08,2025-07-11,2022.1,1951.33,-3.5,STOP_LOSS,4,56.42,3.83,Vinati Organics Limited
VINDHYATEL,2025-05-13,2025-05-14,2025-05-19,1477.3,1610.26,9.0,TARGET_HIT,4,55.54,2.86,Vindhya Telelinks Limited
VINYLINDIA,2024-12-16,2024-12-17,2024-12-18,379.65,366.36,-3.5,STOP_LOSS,2,62.48,4.11,Vinyl Chemicals (India) Limited
VINYLINDIA,2026-05-21,2026-05-22,2026-05-22,281.0,271.16,-3.5,STOP_LOSS,1,67.89,2.37,Vinyl Chemicals (India) Limited
VISAKAIND,2026-05-11,2026-05-12,2026-05-12,77.4,74.69,-3.5,STOP_LOSS,1,62.23,3.45,Visaka Industries Limited
VISHNU,2024-10-10,2024-10-11,2024-10-11,427.25,412.3,-3.5,STOP_LOSS,1,57.68,2.09,Vishnu Chemicals Limited
VISHNU,2025-01-20,2025-01-21,2025-01-24,415.55,452.95,9.0,TARGET_HIT,4,68.61,2.59,Vishnu Chemicals Limited
VISHNU,2025-01-23,2025-01-24,2025-02-03,420.2,405.49,-3.5,STOP_LOSS,7,55.65,2.27,Vishnu Chemicals Limited
VISHNU,2025-11-03,2025-11-04,2025-11-04,526.0,507.59,-3.5,STOP_LOSS,1,55.72,2.31,Vishnu Chemicals Limited
VISHNU,2026-07-20,2026-07-21,2026-07-23,648.0,625.32,-3.5,STOP_LOSS,3,66.76,2.91,Vishnu Chemicals Limited
VIYASH,2026-04-08,2026-04-09,2026-04-22,209.0,209.61,0.29,TIME_EXIT,10,63.58,2.17,Viyash Scientific Limited
VOLTAMP,2025-06-05,2025-06-06,2025-06-11,9246.0,8922.39,-3.5,STOP_LOSS,4,58.8,3.97,Voltamp Transformers Limited
VOLTAMP,2026-04-16,2026-04-17,2026-04-22,9960.0,10856.4,9.0,TARGET_HIT,4,57.79,3.09,Voltamp Transformers Limited
VOLTAMP,2026-04-20,2026-04-21,2026-04-23,10307.0,11234.63,9.0,TARGET_HIT,3,61.37,2.35,Voltamp Transformers Limited
VRLLOG,2025-07-02,2025-07-03,2025-07-16,600.0,629.35,4.89,TIME_EXIT,10,59.21,3.26,VRL Logistics Limited
VSSL,2025-04-23,2025-04-24,2025-04-24,265.0,288.85,9.0,TARGET_HIT,1,66.43,5.45,Vardhman Special Steels Limited
VSTIND,2025-07-01,2025-07-02,2025-07-03,317.5,306.39,-3.5,STOP_LOSS,2,55.34,3.19,VST Industries Limited
VSTIND,2026-07-03,2026-07-06,2026-07-10,270.95,261.47,-3.5,STOP_LOSS,5,62.31,2.91,VST Industries Limited
VSTTILLERS,2025-12-22,2025-12-23,2026-01-05,5910.0,6183.5,4.63,TIME_EXIT,10,59.82,2.42,V.S.T Tillers Tractors Limited
VSTTILLERS,2025-12-23,2025-12-24,2026-01-06,6050.0,6047.5,-0.04,TIME_EXIT,10,59.63,2.02,V.S.T Tillers Tractors Limited
WABAG,2024-10-18,2024-10-21,2024-10-21,1892.3,1826.07,-3.5,STOP_LOSS,1,60.13,3.94,VA Tech Wabag Limited
WANBURY,2025-03-24,2025-03-25,2025-03-25,265.34,256.05,-3.5,STOP_LOSS,1,67.49,7.6,Wanbury Limited
WELCORP,2025-10-30,2025-10-31,2025-11-06,945.0,911.92,-3.5,STOP_LOSS,5,62.01,5.91,Welspun Corp Limited
WELCORP,2026-06-03,2026-06-04,2026-06-08,1418.5,1368.85,-3.5,STOP_LOSS,3,63.65,2.24,Welspun Corp Limited
WELCORP,2026-06-25,2026-06-29,2026-07-03,1465.0,1413.72,-3.5,STOP_LOSS,5,62.94,5.34,Welspun Corp Limited
WELCORP,2026-06-29,2026-06-30,2026-07-01,1520.0,1466.8,-3.5,STOP_LOSS,2,56.33,2.89,Welspun Corp Limited
WELCORP,2026-08-05,2026-08-06,2026-08-19,1800.0,1962.0,9.0,TARGET_HIT,10,61.28,2.69,Welspun Corp Limited
WELENT,2024-11-29,2024-12-02,2024-12-12,533.9,581.95,9.0,TARGET_HIT,9,75.14,4.21,Welspun Enterprises Limited
WELENT,2025-03-24,2025-03-25,2025-03-26,520.5,502.28,-3.5,STOP_LOSS,2,58.27,2.28,Welspun Enterprises Limited
WELENT,2026-04-22,2026-04-23,2026-04-30,505.1,550.56,9.0,TARGET_HIT,6,55.02,2.69,Welspun Enterprises Limited
WELENT,2026-04-27,2026-04-28,2026-05-11,523.35,511.85,-2.2,TIME_EXIT,10,68.44,5.18,Welspun Enterprises Limited
WELENT,2026-06-10,2026-06-11,2026-06-24,554.05,569.05,2.71,TIME_EXIT,10,59.48,2.98,Welspun Enterprises Limited
WELENT,2026-06-30,2026-07-01,2026-07-14,604.0,618.7,2.43,TIME_EXIT,10,55.05,4.07,Welspun Enterprises Limited
WELINV,2025-06-05,2025-10-27,2025-10-27,1224.0,1334.16,9.0,TARGET_HIT,1,81.64,16.22,Welspun Investments and Commercials Limited
WENDT,2025-06-30,2025-07-01,2025-07-10,9258.0,10091.22,9.0,TARGET_HIT,8,58.04,8.24,Wendt (India) Limited
WENDT,2026-04-22,2026-04-23,2026-04-23,7508.0,7245.22,-3.5,STOP_LOSS,1,57.77,2.2,Wendt (India) Limited
WEWORK,2026-04-27,2026-04-28,2026-04-28,569.0,549.08,-3.5,STOP_LOSS,1,69.28,2.07,WeWork India Management Limited
WEWORK,2026-06-05,2026-06-08,2026-06-19,641.05,630.55,-1.64,TIME_EXIT,10,59.25,2.44,WeWork India Management Limited
WHEELS,2024-12-06,2024-12-09,2024-12-18,754.75,728.33,-3.5,STOP_LOSS,8,68.06,2.63,Wheels India Limited
WHEELS,2025-05-19,2025-05-20,2025-05-20,782.0,754.63,-3.5,STOP_LOSS,1,69.06,4.01,Wheels India Limited
WHIRLPOOL,2024-09-26,2024-09-27,2024-10-04,2155.0,2348.95,9.0,TARGET_HIT,6,75.63,3.28,Whirlpool of India Limited
WINDLAS,2024-10-11,2024-10-14,2024-10-17,960.2,1046.62,9.0,TARGET_HIT,4,66.9,2.14,Windlas Biotech Limited
WINDLAS,2024-10-15,2024-10-16,2024-10-22,986.3,951.78,-3.5,STOP_LOSS,5,71.36,3.03,Windlas Biotech Limited
WINDMACHIN,2025-05-12,2025-05-13,2025-05-26,358.8,364.15,1.49,TIME_EXIT,10,69.85,3.76,Windsor Machines Limited
WINDMACHIN,2026-04-17,2026-04-20,2026-04-20,305.96,295.25,-3.5,STOP_LOSS,1,79.18,14.63,Windsor Machines Limited
WIPRO,2026-05-25,2026-05-26,2026-06-05,206.99,199.75,-3.5,STOP_LOSS,9,56.42,3.89,Wipro Limited
WPIL,2026-06-22,2026-06-23,2026-06-29,485.0,468.02,-3.5,STOP_LOSS,5,58.81,2.25,WPIL Limited
WSTCSTPAPR,2025-05-26,2025-05-27,2025-05-30,494.6,477.29,-3.5,STOP_LOSS,4,60.43,2.64,West Coast Paper Mills Limited
WSTCSTPAPR,2025-06-09,2025-06-10,2025-06-16,519.0,500.84,-3.5,STOP_LOSS,5,58.02,2.09,West Coast Paper Mills Limited
WSTCSTPAPR,2026-02-04,2026-02-05,2026-02-13,430.5,415.43,-3.5,STOP_LOSS,7,58.03,3.94,West Coast Paper Mills Limited
WSTCSTPAPR,2026-02-11,2026-02-12,2026-02-12,458.0,441.97,-3.5,STOP_LOSS,1,58.87,2.28,West Coast Paper Mills Limited
WSTCSTPAPR,2026-04-15,2026-04-16,2026-04-21,487.8,470.73,-3.5,STOP_LOSS,4,55.59,2.03,West Coast Paper Mills Limited
XPROINDIA,2024-11-25,2024-11-26,2024-11-26,1219.85,1177.16,-3.5,STOP_LOSS,1,71.03,4.69,Xpro India Limited
XPROINDIA,2025-06-05,2025-06-06,2025-06-13,1284.4,1239.45,-3.5,STOP_LOSS,6,55.97,2.59,Xpro India Limited
XPROINDIA,2025-09-01,2025-09-02,2025-09-15,1193.7,1230.0,3.04,TIME_EXIT,10,55.28,2.53,Xpro India Limited
XPROINDIA,2025-09-05,2025-09-08,2025-09-17,1235.0,1191.77,-3.5,STOP_LOSS,8,67.79,4.96,Xpro India Limited
XPROINDIA,2026-09-07,2026-09-08,2026-09-09,1362.0,1314.33,-3.5,STOP_LOSS,2,56.42,2.97,Xpro India Limited
YASHO,2025-02-05,2025-02-06,2025-02-06,2255.0,2176.07,-3.5,STOP_LOSS,1,56.91,4.11,Yasho Industries Limited
YATHARTH,2026-08-06,2026-08-07,2026-08-13,872.0,841.48,-3.5,STOP_LOSS,5,57.41,2.21,Yatharth Hospital & Trauma Care Services Limited
YUKEN,2026-08-12,2026-08-13,2026-08-13,864.0,833.76,-3.5,STOP_LOSS,1,58.25,2.17,Yuken India Limited
YUKEN,2026-08-19,2026-08-20,2026-09-02,949.0,967.25,1.92,TIME_EXIT,10,61.15,3.81,Yuken India Limited
YUKEN,2026-09-09,2026-09-10,2026-09-16,1079.7,1041.91,-3.5,STOP_LOSS,5,59.01,2.36,Yuken India Limited
ZENTEC,2025-05-19,2025-05-20,2025-05-20,1978.6,1909.35,-3.5,STOP_LOSS,1,66.44,3.02,Zen Technologies Limited
ZFCVINDIA,2026-08-04,2026-08-05,2026-08-18,2594.0,2672.7,3.03,TIME_EXIT,10,64.86,2.08,ZF Commercial Vehicle Control Systems India Limited
ZIMLAB,2025-07-17,2025-07-18,2025-07-18,122.6,118.31,-3.5,STOP_LOSS,1,79.86,45.47,Zim Laboratories Limited
ZODIACLOTH,2024-12-06,2024-12-09,2024-12-16,137.0,149.33,9.0,TARGET_HIT,6,67.02,12.45,Zodiac Clothing Company Limited
ZOTA,2024-12-03,2024-12-04,2024-12-13,624.0,680.16,9.0,TARGET_HIT,8,67.34,3.52,Zota Health Care LImited
ZOTA,2024-12-09,2024-12-10,2024-12-16,646.0,704.14,9.0,TARGET_HIT,5,76.73,3.89,Zota Health Care LImited
ZOTA,2024-12-10,2024-12-11,2024-12-16,654.7,713.62,9.0,TARGET_HIT,4,70.84,2.11,Zota Health Care LImited
ZOTA,2024-12-13,2024-12-16,2024-12-16,710.0,773.9,9.0,TARGET_HIT,1,66.51,4.03,Zota Health Care LImited
ZOTA,2025-05-13,2025-05-14,2025-05-27,949.7,998.8,5.17,TIME_EXIT,10,57.35,3.21,Zota Health Care LImited
ZOTA,2026-06-19,2026-06-22,2026-06-30,1319.9,1438.69,9.0,TARGET_HIT,7,57.46,2.87,Zota Health Care LImited
ZOTA,2026-06-22,2026-06-23,2026-07-06,1398.0,1420.9,1.64,TIME_EXIT,10,66.24,2.05,Zota Health Care LImited
ZUARI,2025-11-13,2025-11-14,2025-11-18,290.7,280.53,-3.5,STOP_LOSS,3,61.72,2.91,Zuari Agro Chemicals Limited
ZUARIIND,2026-04-17,2026-04-20,2026-04-24,273.0,263.44,-3.5,STOP_LOSS,5,61.11,2.18,ZUARI INDUSTRIES LIMITED
ZUARIIND,2026-05-05,2026-05-06,2026-05-08,283.8,273.87,-3.5,STOP_LOSS,3,56.72,4.66,ZUARI INDUSTRIES LIMITED
